Face Left Right Grid Origin whicheye 2DPoint HeadRot HeadTrans ratio FaceCorner LeftEyeCorner RightEyeCorner
p00\face\1.jpg p00\left\1.jpg p00\right\1.jpg p00\grid\1.jpg day08/0069.jpg left 1276.0,134.0 0.0267063,0.48401758 51.574177,-10.990249,491.6442 0.2238053125,0.22380524999999998 594,250,862,518 627,317,699,360 759,323,829,365
p00\face\2.jpg p00\left\2.jpg p00\right\2.jpg p00\grid\2.jpg day28/0646.jpg left 700.0,702.0 0.049378444,0.06007493 -24.62012,-17.56677,446.22775 0.2238053125,0.22380524999999998 423,226,723,526 458,307,534,352 602,295,684,344
p00\face\3.jpg p00\left\3.jpg p00\right\3.jpg p00\grid\3.jpg day04/0900.jpg left 1018.0,95.0 -0.2737854,0.11165379 -7.687919,10.266096,457.65454 0.2238053125,0.22380524999999998 464,293,750,579 497,363,576,410 638,363,713,408
p00\face\4.jpg p00\left\4.jpg p00\right\4.jpg p00\grid\4.jpg day12/0440.jpg left 606.0,510.0 0.09727721,0.103743285 18.416576,26.702894,462.21957 0.2238053125,0.22380524999999998 517,325,809,617 555,398,630,443 697,398,776,445
p00\face\5.jpg p00\left\5.jpg p00\right\5.jpg p00\grid\5.jpg day35/0247.jpg left 996.0,153.0 0.20013002,0.120388664 -8.794045,0.505324,394.15533 0.2238053125,0.22380524999999998 432,256,766,590 480,336,565,387 639,341,732,396
p00\face\6.jpg p00\left\6.jpg p00\right\6.jpg p00\grid\6.jpg day17/0602.jpg left 1063.0,594.0 0.032251205,0.0126151275 19.491264,-11.561621,387.44574 0.2238053125,0.22380524999999998 495,219,841,565 544,298,635,352 712,315,805,370
p00\face\7.jpg p00\left\7.jpg p00\right\7.jpg p00\grid\7.jpg day02/0551.jpg left 599.0,196.0 -0.087005794,0.07708784 50.98615,6.058397,389.93152 0.2238053125,0.22380524999999998 582,268,921,607 625,349,716,403 790,354,881,408
p00\face\8.jpg p00\left\8.jpg p00\right\8.jpg p00\grid\8.jpg day03/0433.jpg left 2.0,648.0 0.31304318,0.1980165 37.196922,64.27695,511.81003 0.2238053125,0.22380524999999998 569,405,827,663 602,471,668,510 725,465,797,508
p00\face\9.jpg p00\left\9.jpg p00\right\9.jpg p00\grid\9.jpg day36/0365.jpg left 941.0,672.0 0.044970043,0.2843317 26.636236,1.1194,544.6316 0.2238053125,0.22380524999999998 549,282,799,532 579,348,645,387 701,344,768,384
p00\face\10.jpg p00\left\10.jpg p00\right\10.jpg p00\grid\10.jpg day38/1180.jpg left 513.0,151.0 0.28732026,0.064679615 10.835164,11.328817,388.3958 0.2238053125,0.22380524999999998 490,284,824,618 528,370,618,424 690,359,781,413
p00\face\11.jpg p00\left\11.jpg p00\right\11.jpg p00\grid\11.jpg day22/0039.jpg left 813.0,326.0 0.094544895,0.4644224 28.0808,2.270515,422.22668 0.2238053125,0.22380524999999998 532,261,851,580 571,347,653,396 727,341,812,392
p00\face\12.jpg p00\left\12.jpg p00\right\12.jpg p00\grid\12.jpg day17/0804.jpg left 1241.0,55.0 0.27093288,0.06590841 -5.295792,3.391974,414.56918 0.2238053125,0.22380524999999998 462,272,772,582 499,355,574,400 648,339,733,390
p00\face\13.jpg p00\left\13.jpg p00\right\13.jpg p00\grid\13.jpg day20/0053.jpg left 1065.0,214.0 -0.075114876,0.2531284 -10.958772,2.561283,431.41486 0.2238053125,0.22380524999999998 446,266,759,579 480,349,565,400 633,340,717,390
p00\face\14.jpg p00\left\14.jpg p00\right\14.jpg p00\grid\14.jpg day25/0527.jpg left 209.0,437.0 0.11038953,0.0073108436 9.014442,-16.56846,410.53662 0.2238053125,0.22380524999999998 481,214,811,544 523,297,610,349 682,296,773,350
p00\face\15.jpg p00\left\15.jpg p00\right\15.jpg p00\grid\15.jpg day17/0774.jpg left 702.0,203.0 0.050604932,0.09206481 -10.886594,16.18161,460.37512 0.2238053125,0.22380524999999998 451,299,749,597 490,376,568,422 633,374,715,423
p00\face\16.jpg p00\left\16.jpg p00\right\16.jpg p00\grid\16.jpg day29/0585.jpg left 1267.0,209.0 0.039906755,0.05065059 2.941229,-35.19048,470.62943 0.2238053125,0.22380524999999998 492,196,775,479 525,271,598,314 661,262,739,308
p00\face\17.jpg p00\left\17.jpg p00\right\17.jpg p00\grid\17.jpg day35/0231.jpg left 725.0,697.0 0.09717492,0.040199164 38.15369,6.914656,443.59085 0.2238053125,0.22380524999999998 557,278,863,584 596,357,675,404 744,354,826,403
p00\face\18.jpg p00\left\18.jpg p00\right\18.jpg p00\grid\18.jpg day24/0351.jpg left 831.0,121.0 0.031308603,0.15125154 16.464025,-5.756736,412.8424 0.2238053125,0.22380524999999998 501,241,829,569 540,326,627,378 700,322,788,374
p00\face\19.jpg p00\left\19.jpg p00\right\19.jpg p00\grid\19.jpg day33/0413.jpg left 979.0,176.0 0.046025425,0.2586053 43.9243,48.93271,550.7777 0.2238053125,0.22380524999999998 577,372,820,615 612,426,676,464 730,440,796,479
p00\face\20.jpg p00\left\20.jpg p00\right\20.jpg p00\grid\20.jpg day15/0513.jpg left 183.0,459.0 0.14574468,0.27682987 17.941044,-12.878991,470.01978 0.2238053125,0.22380524999999998 519,240,808,529 556,319,628,362 695,310,774,357
p00\face\21.jpg p00\left\21.jpg p00\right\21.jpg p00\grid\21.jpg day17/0907.jpg left 916.0,325.0 0.18504493,0.10386095 28.720491,-16.409998,408.13168 0.2238053125,0.22380524999999998 531,216,858,543 574,301,655,349 732,296,820,348
p00\face\22.jpg p00\left\22.jpg p00\right\22.jpg p00\grid\22.jpg day08/0739.jpg left 837.0,532.0 0.021592893,0.46170157 13.357526,-42.093204,618.62836 0.2238053125,0.22380524999999998 541,221,757,437 565,283,620,316 672,276,727,309
p00\face\23.jpg p00\left\23.jpg p00\right\23.jpg p00\grid\23.jpg day38/1218.jpg left 727.0,478.0 -0.023065213,0.22296761 45.80534,-25.45824,414.95966 0.2238053125,0.22380524999999998 570,194,895,519 609,273,699,327 771,281,855,331
p00\face\24.jpg p00\left\24.jpg p00\right\24.jpg p00\grid\24.jpg day17/1034.jpg left 225.0,128.0 -0.006623054,0.16741022 16.606161,-20.098866,388.0733 0.2238053125,0.22380524999999998 494,199,839,544 537,284,627,338 706,287,797,341
p00\face\25.jpg p00\left\25.jpg p00\right\25.jpg p00\grid\25.jpg day12/0092.jpg left 175.0,702.0 0.014124084,0.19629048 28.644215,-66.20142,479.96692 0.2238053125,0.22380524999999998 541,133,821,413 577,200,652,245 716,209,789,252
p00\face\26.jpg p00\left\26.jpg p00\right\26.jpg p00\grid\26.jpg day14/0326.jpg left 468.0,754.0 0.08031702,0.29477102 13.133255,-18.690493,553.33234 0.2238053125,0.22380524999999998 525,247,771,493 556,313,619,350 676,309,742,348
p00\face\27.jpg p00\left\27.jpg p00\right\27.jpg p00\grid\27.jpg day04/0707.jpg left 58.0,447.0 -0.054543123,0.017553408 9.571017,-20.087091,431.22995 0.2238053125,0.22380524999999998 489,216,798,525 529,289,611,338 681,296,762,344
p00\face\28.jpg p00\left\28.jpg p00\right\28.jpg p00\grid\28.jpg day14/0380.jpg left 94.0,248.0 0.21688323,0.05577402 -7.411669,-52.0334,433.22482 0.2238053125,0.22380524999999998 453,140,766,453 492,223,580,275 630,209,733,270
p00\face\29.jpg p00\left\29.jpg p00\right\29.jpg p00\grid\29.jpg day17/0115.jpg left 594.0,688.0 0.093834005,0.40547422 7.574399,13.421628,461.13467 0.2238053125,0.22380524999999998 492,295,784,587 533,370,606,413 674,371,753,418
p00\face\30.jpg p00\left\30.jpg p00\right\30.jpg p00\grid\30.jpg day11/0505.jpg left 731.0,462.0 0.12801296,0.04382336 3.769289,-13.692095,473.7253 0.2238053125,0.22380524999999998 491,241,776,526 526,314,601,359 663,309,742,356
p00\face\31.jpg p00\left\31.jpg p00\right\31.jpg p00\grid\31.jpg day01/0293.jpg left 446.0,451.0 0.21341977,0.07800329 7.678322,42.54133,454.39218 0.2238053125,0.22380524999999998 499,362,788,651 533,436,609,481 675,431,751,476
p00\face\32.jpg p00\left\32.jpg p00\right\32.jpg p00\grid\32.jpg day09/0122.jpg left 349.0,684.0 0.24619775,0.5827289 46.838963,8.188504,413.3976 0.2238053125,0.22380524999999998 587,274,905,592 618,374,700,423 773,343,858,394
p00\face\33.jpg p00\left\33.jpg p00\right\33.jpg p00\grid\33.jpg day11/0479.jpg left 122.0,624.0 0.029781992,0.2266313 24.597807,-2.359456,490.46786 0.2238053125,0.22380524999999998 534,267,811,544 570,336,643,379 706,340,779,383
p00\face\34.jpg p00\left\34.jpg p00\right\34.jpg p00\grid\34.jpg day20/0187.jpg left 1217.0,295.0 -0.08135914,0.023349142 37.5965,-31.895805,413.32138 0.2238053125,0.22380524999999998 557,181,878,502 593,265,678,316 748,257,835,309
p00\face\35.jpg p00\left\35.jpg p00\right\35.jpg p00\grid\35.jpg day33/0328.jpg left 266.0,691.0 0.05579536,0.3926699 11.708463,4.237652,321.09253 0.2238053125,0.22380524999999998 458,238,876,656 504,355,610,418 708,336,819,402
p00\face\36.jpg p00\left\36.jpg p00\right\36.jpg p00\grid\36.jpg day33/0395.jpg left 687.0,515.0 -0.03317709,0.2927329 -17.624825,-35.046177,411.88828 0.2238053125,0.22380524999999998 418,169,746,497 459,254,544,305 617,252,707,306
p00\face\37.jpg p00\left\37.jpg p00\right\37.jpg p00\grid\37.jpg day04/0859.jpg left 1147.0,129.0 0.0745742,0.04999373 27.383722,-18.857424,446.4848 0.2238053125,0.22380524999999998 534,223,834,523 573,296,652,343 718,299,799,347
p00\face\38.jpg p00\left\38.jpg p00\right\38.jpg p00\grid\38.jpg day28/0406.jpg left 279.0,428.0 0.046356644,-0.03815853 23.685665,-2.048822,476.77905 0.2238053125,0.22380524999999998 532,263,818,549 566,339,641,384 706,335,782,380
p00\face\39.jpg p00\left\39.jpg p00\right\39.jpg p00\grid\39.jpg day25/0674.jpg left 85.0,464.0 0.23719814,0.08451723 -3.676054,-12.46109,397.78833 0.2238053125,0.22380524999999998 449,224,782,557 494,309,578,359 652,303,745,358
p00\face\40.jpg p00\left\40.jpg p00\right\40.jpg p00\grid\40.jpg day36/0118.jpg left 232.0,649.0 -0.023285137,-0.012614653 -12.166856,-29.231682,411.2922 0.2238053125,0.22380524999999998 434,185,761,512 472,271,557,322 633,264,718,315
p00\face\41.jpg p00\left\41.jpg p00\right\41.jpg p00\grid\41.jpg day15/0539.jpg left 305.0,161.0 0.0020061831,0.042165846 29.539303,-14.349705,459.18265 0.2238053125,0.22380524999999998 540,235,834,529 577,307,656,354 721,311,799,357
p00\face\42.jpg p00\left\42.jpg p00\right\42.jpg p00\grid\42.jpg day32/0514.jpg left 1081.0,771.0 -0.026946336,0.1875149 1.147234,-10.014229,455.70242 0.2238053125,0.22380524999999998 480,242,780,542 514,323,592,369 661,315,740,362
p00\face\43.jpg p00\left\43.jpg p00\right\43.jpg p00\grid\43.jpg day26/0504.jpg left 455.0,647.0 0.061285637,0.14045836 -0.625571,-27.976954,415.63113 0.2238053125,0.22380524999999998 457,187,785,515 501,271,585,321 660,273,748,325
p00\face\44.jpg p00\left\44.jpg p00\right\44.jpg p00\grid\44.jpg day16/0166.jpg left 163.0,159.0 0.002658546,0.3405558 51.225002,15.93219,430.3686 0.2238053125,0.22380524999999998 582,297,894,609 624,367,708,417 778,385,859,433
p00\face\45.jpg p00\left\45.jpg p00\right\45.jpg p00\grid\45.jpg day29/0731.jpg left 635.0,564.0 0.02463724,-0.04376768 16.906729,-26.656855,394.85983 0.2238053125,0.22380524999999998 496,183,838,525 538,269,628,323 706,270,796,324
p00\face\46.jpg p00\left\46.jpg p00\right\46.jpg p00\grid\46.jpg day02/0375.jpg left 881.0,663.0 0.30966333,0.011835583 5.94143,17.870968,394.5157 0.2238053125,0.22380524999999998 481,302,809,630 519,388,604,439 677,376,767,430
p00\face\47.jpg p00\left\47.jpg p00\right\47.jpg p00\grid\47.jpg day09/0125.jpg left 929.0,86.0 0.047843613,0.20651902 43.638397,-3.911059,415.73495 0.2238053125,0.22380524999999998 578,249,897,568 608,341,692,391 764,318,849,369
p00\face\48.jpg p00\left\48.jpg p00\right\48.jpg p00\grid\48.jpg day06/0035.jpg left 613.0,37.0 0.13503347,0.23465145 34.6245,100.88447,590.5457 0.2238053125,0.22380524999999998 567,458,796,687 597,515,655,549 710,516,770,552
p00\face\49.jpg p00\left\49.jpg p00\right\49.jpg p00\grid\49.jpg day16/0780.jpg left 242.0,89.0 0.062411703,-0.069859535 25.646408,-26.00261,440.9598 0.2238053125,0.22380524999999998 527,202,836,511 566,281,647,329 717,281,799,330
p00\face\50.jpg p00\left\50.jpg p00\right\50.jpg p00\grid\50.jpg day30/0352.jpg left 324.0,225.0 0.08951361,0.35559088 12.300655,-2.646347,368.0918 0.2238053125,0.22380524999999998 472,235,838,601 523,328,614,382 698,329,798,389
p00\face\51.jpg p00\left\51.jpg p00\right\51.jpg p00\grid\51.jpg day24/0273.jpg left 200.0,755.0 0.097026266,0.3674108 32.654945,23.280222,378.18292 0.2238053125,0.22380524999999998 533,306,893,666 575,401,669,457 751,394,847,451
p00\face\52.jpg p00\left\52.jpg p00\right\52.jpg p00\grid\52.jpg day32/0513.jpg left 773.0,219.0 -0.07124106,0.12571153 5.409097,-11.434066,449.889 0.2238053125,0.22380524999999998 486,237,790,541 520,317,602,366 669,312,750,360
p00\face\53.jpg p00\left\53.jpg p00\right\53.jpg p00\grid\53.jpg day23/0612.jpg left 49.0,458.0 0.35751724,0.056885257 29.990196,16.949017,389.1388 0.2238053125,0.22380524999999998 537,300,868,631 578,380,666,432 740,380,828,432
p00\face\54.jpg p00\left\54.jpg p00\right\54.jpg p00\grid\54.jpg day38/0998.jpg left 771.0,685.0 0.07771179,0.20469809 -5.505463,4.633762,460.28354 0.2238053125,0.22380524999999998 467,277,761,571 503,355,578,400 646,347,725,394
p00\face\55.jpg p00\left\55.jpg p00\right\55.jpg p00\grid\55.jpg day12/0352.jpg left 853.0,711.0 0.201719,0.13577496 20.721346,41.10298,528.11646 0.2238053125,0.22380524999999998 539,359,789,609 570,423,634,461 693,420,759,459
p00\face\56.jpg p00\left\56.jpg p00\right\56.jpg p00\grid\56.jpg day21/0321.jpg left 882.0,707.0 0.1105254,0.027770549 27.78465,-30.42246,422.2717 0.2238053125,0.22380524999999998 532,186,851,505 571,271,652,319 725,264,812,316
p00\face\57.jpg p00\left\57.jpg p00\right\57.jpg p00\grid\57.jpg day03/0394.jpg left 553.0,419.0 0.09369735,0.32981566 38.933804,31.766335,449.54413 0.2238053125,0.22380524999999998 560,334,861,635 598,412,676,458 743,410,825,459
p00\face\58.jpg p00\left\58.jpg p00\right\58.jpg p00\grid\58.jpg day27/0345.jpg left 132.0,257.0 -0.1268115,0.2323547 12.161833,19.721836,410.38412 0.2238053125,0.22380524999999998 489,304,817,632 527,383,617,437 692,389,774,438
p00\face\59.jpg p00\left\59.jpg p00\right\59.jpg p00\grid\59.jpg day33/0438.jpg left 314.0,603.0 -0.10894384,0.054138478 20.104366,-11.700508,474.40723 0.2238053125,0.22380524999999998 527,246,809,528 559,318,635,363 696,314,772,359
p00\face\60.jpg p00\left\60.jpg p00\right\60.jpg p00\grid\60.jpg day04/0301.jpg left 320.0,234.0 0.017642947,0.37642103 39.200947,81.11058,569.0447 0.2238053125,0.22380524999999998 573,426,811,664 602,486,666,524 719,487,782,524
p00\face\61.jpg p00\left\61.jpg p00\right\61.jpg p00\grid\61.jpg day25/0523.jpg left 96.0,450.0 -0.04200216,0.02539423 17.162361,-17.513496,409.78195 0.2238053125,0.22380524999999998 501,212,829,540 541,294,629,346 702,296,789,348
p00\face\62.jpg p00\left\62.jpg p00\right\62.jpg p00\grid\62.jpg day14/0420.jpg left 942.0,687.0 0.048622746,0.045950435 17.741364,-22.421333,460.24393 0.2238053125,0.22380524999999998 516,217,811,512 552,294,630,340 694,290,775,338
p00\face\63.jpg p00\left\63.jpg p00\right\63.jpg p00\grid\63.jpg day04/0200.jpg left 874.0,705.0 0.15272348,0.16586357 17.660389,66.30835,590.07227 0.2238053125,0.22380524999999998 541,402,766,627 570,458,628,492 680,458,740,494
p00\face\64.jpg p00\left\64.jpg p00\right\64.jpg p00\grid\64.jpg day09/0694.jpg left 1246.0,393.0 0.08750289,0.06533112 16.538212,-23.807917,493.3116 0.2238053125,0.22380524999999998 525,225,798,498 556,300,626,342 687,288,762,333
p00\face\65.jpg p00\left\65.jpg p00\right\65.jpg p00\grid\65.jpg day17/0316.jpg left 275.0,113.0 0.19235507,0.15032329 9.485914,7.740029,436.50558 0.2238053125,0.22380524999999998 494,282,798,586 534,360,612,406 680,355,764,405
p00\face\66.jpg p00\left\66.jpg p00\right\66.jpg p00\grid\66.jpg day35/0513.jpg left 907.0,503.0 0.0025070775,0.14910911 -9.005191,0.086141,466.7414 0.2238053125,0.22380524999999998 459,268,750,559 496,341,571,386 638,342,716,388
p00\face\67.jpg p00\left\67.jpg p00\right\67.jpg p00\grid\67.jpg day31/0225.jpg left 131.0,601.0 -0.023841046,-0.03710929 -5.959353,-30.107506,384.2163 0.2238053125,0.22380524999999998 436,170,785,519 476,260,569,315 649,256,740,310
p00\face\68.jpg p00\left\68.jpg p00\right\68.jpg p00\grid\68.jpg day13/0667.jpg left 248.0,86.0 0.20587017,0.113119 -1.165378,14.978338,455.94644 0.2238053125,0.22380524999999998 474,301,765,592 514,370,589,415 656,377,734,423
p00\face\69.jpg p00\left\69.jpg p00\right\69.jpg p00\grid\69.jpg day16/1028.jpg left 1185.0,139.0 0.22041968,0.0070856353 26.924667,-3.028338,418.58334 0.2238053125,0.22380524999999998 530,252,848,570 570,329,654,379 723,331,810,383
p00\face\70.jpg p00\left\70.jpg p00\right\70.jpg p00\grid\70.jpg day10/0214.jpg left 941.0,16.0 0.3234855,0.23206386 45.189007,80.09823,532.6474 0.2238053125,0.22380524999999998 586,434,832,680 619,496,680,532 735,491,804,532
p00\face\71.jpg p00\left\71.jpg p00\right\71.jpg p00\grid\71.jpg day08/0326.jpg left 856.0,526.0 0.03898445,0.25652617 11.870428,-0.570595,467.55557 0.2238053125,0.22380524999999998 504,266,793,555 541,339,616,384 682,341,760,387
p00\face\72.jpg p00\left\72.jpg p00\right\72.jpg p00\grid\72.jpg day22/0374.jpg left 1124.0,379.0 0.06264449,0.10856175 4.839248,21.737482,455.20062 0.2238053125,0.22380524999999998 489,315,783,609 525,390,601,435 666,386,747,434
p00\face\73.jpg p00\left\73.jpg p00\right\73.jpg p00\grid\73.jpg day09/0877.jpg left 1053.0,508.0 0.005221262,0.1341781 6.561215,-22.61941,426.23212 0.2238053125,0.22380524999999998 483,205,801,523 520,290,604,340 675,282,760,333
p00\face\74.jpg p00\left\74.jpg p00\right\74.jpg p00\grid\74.jpg day04/0242.jpg left 160.0,750.0 -0.17458461,0.15989442 48.420612,54.012775,443.11404 0.2238053125,0.22380524999999998 585,390,879,684 618,460,700,509 765,462,840,507
p00\face\75.jpg p00\left\75.jpg p00\right\75.jpg p00\grid\75.jpg day07/0227.jpg left 440.0,521.0 0.30272368,0.2852253 -7.360654,50.271168,348.80597 0.2238053125,0.22380524999999998 431,389,800,758 466,497,572,560 634,451,749,520
p00\face\76.jpg p00\left\76.jpg p00\right\76.jpg p00\grid\76.jpg day30/0198.jpg left 1092.0,85.0 0.20206678,0.049765997 12.814591,8.667003,439.73306 0.2238053125,0.22380524999999998 506,285,806,585 542,362,620,408 687,356,768,404
p00\face\77.jpg p00\left\77.jpg p00\right\77.jpg p00\grid\77.jpg day29/0590.jpg left 302.0,456.0 0.05880616,0.10178469 15.220278,-35.276855,469.53674 0.2238053125,0.22380524999999998 514,194,800,480 549,268,624,313 688,265,766,311
p00\face\78.jpg p00\left\78.jpg p00\right\78.jpg p00\grid\78.jpg day16/0120.jpg left 1056.0,576.0 -0.010004917,0.11237728 8.416981,-11.173779,471.2529 0.2238053125,0.22380524999999998 503,247,786,530 536,322,609,365 674,313,749,358
p00\face\79.jpg p00\left\79.jpg p00\right\79.jpg p00\grid\79.jpg day29/0478.jpg left 82.0,531.0 -0.10574668,-0.122565016 13.383869,-10.491695,392.81122 0.2238053125,0.22380524999999998 487,222,829,564 521,307,632,373 692,309,783,363
p00\face\80.jpg p00\left\80.jpg p00\right\80.jpg p00\grid\80.jpg day21/0457.jpg left 317.0,79.0 0.015863413,-0.0112037975 26.43897,-26.386726,421.7812 0.2238053125,0.22380524999999998 526,195,845,514 566,275,651,326 723,277,807,327
p00\face\81.jpg p00\left\81.jpg p00\right\81.jpg p00\grid\81.jpg day34/0737.jpg left 413.0,187.0 -0.00030864714,0.3031221 12.581552,-2.278933,376.95322 0.2238053125,0.22380524999999998 480,239,838,597 522,331,618,388 697,328,793,385
p00\face\82.jpg p00\left\82.jpg p00\right\82.jpg p00\grid\82.jpg day22/0898.jpg left 12.0,23.0 -0.093428046,0.04826411 35.61722,9.842632,415.66132 0.2238053125,0.22380524999999998 546,282,865,601 587,357,674,409 744,365,829,416
p00\face\83.jpg p00\left\83.jpg p00\right\83.jpg p00\grid\83.jpg day31/0736.jpg left 335.0,319.0 0.11406613,0.025677705 5.926625,-1.967277,381.494 0.2238053125,0.22380524999999998 464,243,813,592 510,329,601,383 679,332,773,388
p00\face\84.jpg p00\left\84.jpg p00\right\84.jpg p00\grid\84.jpg day01/0664.jpg left 529.0,404.0 -0.26564533,0.14531709 33.739246,83.77548,476.7223 0.2238053125,0.22380524999999998 557,451,828,722 587,513,671,563 719,515,794,560
p00\face\85.jpg p00\left\85.jpg p00\right\85.jpg p00\grid\85.jpg day05/0175.jpg left 1265.0,339.0 0.23774321,-0.07589901 -0.796814,-18.918053,399.19443 0.2238053125,0.22380524999999998 460,209,787,536 500,288,588,340 659,292,747,344
p00\face\86.jpg p00\left\86.jpg p00\right\86.jpg p00\grid\86.jpg day26/0497.jpg left 577.0,291.0 0.07676713,0.024337469 1.590562,-31.323044,407.6624 0.2238053125,0.22380524999999998 461,177,794,510 504,261,591,313 665,261,756,315
p00\face\87.jpg p00\left\87.jpg p00\right\87.jpg p00\grid\87.jpg day03/0928.jpg left 1066.0,295.0 0.37690696,-0.044939265 5.955278,-9.984424,446.20895 0.2238053125,0.22380524999999998 501,249,786,534 534,325,607,368 670,312,749,359
p00\face\88.jpg p00\left\88.jpg p00\right\88.jpg p00\grid\88.jpg day04/0039.jpg left 611.0,131.0 0.32444197,0.018371614 32.04943,13.978113,421.54922 0.2238053125,0.22380524999999998 547,295,857,605 585,372,667,421 735,370,820,421
p00\face\89.jpg p00\left\89.jpg p00\right\89.jpg p00\grid\89.jpg day10/0195.jpg left 544.0,528.0 0.11783802,0.2080031 65.65067,50.090977,522.83435 0.2238053125,0.22380524999999998 621,373,880,632 651,441,720,482 777,435,847,477
p00\face\90.jpg p00\left\90.jpg p00\right\90.jpg p00\grid\90.jpg day39/0409.jpg left 1106.0,690.0 0.05064853,-0.029031698 -5.86767,-32.776245,440.30908 0.2238053125,0.22380524999999998 457,187,764,494 497,266,576,313 645,265,729,315
p00\face\91.jpg p00\left\91.jpg p00\right\91.jpg p00\grid\91.jpg day36/0316.jpg left 1168.0,653.0 0.10858326,0.070751876 2.630303,1.073477,354.84302 0.2238053125,0.22380524999999998 448,244,821,617 493,341,589,398 674,333,774,393
p00\face\92.jpg p00\left\92.jpg p00\right\92.jpg p00\grid\92.jpg day20/0087.jpg left 805.0,342.0 0.23272818,0.20893054 -25.033548,28.9804,395.8222 0.2238053125,0.22380524999999998 416,332,737,653 440,431,536,488 591,384,685,440
p00\face\93.jpg p00\left\93.jpg p00\right\93.jpg p00\grid\93.jpg day35/0404.jpg left 907.0,363.0 0.08381043,0.05763728 17.606585,-8.546213,429.70395 0.2238053125,0.22380524999999998 508,240,821,553 548,320,629,368 700,318,785,369
p00\face\94.jpg p00\left\94.jpg p00\right\94.jpg p00\grid\94.jpg day17/0732.jpg left 477.0,62.0 0.07579703,-0.016070753 30.504433,10.847567,410.3775 0.2238053125,0.22380524999999998 530,279,861,610 575,362,660,413 736,368,824,420
p00\face\95.jpg p00\left\95.jpg p00\right\95.jpg p00\grid\95.jpg day24/0789.jpg left 78.0,678.0 0.2129421,0.12532572 13.332294,1.877785,522.052 0.2238053125,0.22380524999999998 525,284,780,539 556,353,620,391 678,341,748,383
p00\face\96.jpg p00\left\96.jpg p00\right\96.jpg p00\grid\96.jpg day08/0681.jpg left 301.0,226.0 0.074686155,0.17877777 3.604761,28.064936,574.85547 0.2238053125,0.22380524999999998 515,334,750,569 543,399,604,435 657,390,720,427
p00\face\97.jpg p00\left\97.jpg p00\right\97.jpg p00\grid\97.jpg day17/0814.jpg left 1061.0,139.0 0.22431238,-0.009470394 16.728773,-10.977542,373.93323 0.2238053125,0.22380524999999998 494,218,848,572 537,307,630,362 709,304,805,361
p00\face\98.jpg p00\left\98.jpg p00\right\98.jpg p00\grid\98.jpg day33/0673.jpg left 909.0,530.0 0.074268125,0.40137434 7.977207,-6.127414,354.11087 0.2238053125,0.22380524999999998 466,223,839,596 508,327,602,383 687,307,790,368
p00\face\99.jpg p00\left\99.jpg p00\right\99.jpg p00\grid\99.jpg day09/0904.jpg left 258.0,692.0 -0.026677584,0.2013707 -33.630775,1.972352,554.4838 0.2238053125,0.22380524999999998 443,286,687,530 472,351,536,389 591,346,657,385
p00\face\100.jpg p00\left\100.jpg p00\right\100.jpg p00\grid\100.jpg day09/0354.jpg left 701.0,482.0 -0.041906122,0.20218657 38.577854,27.873814,546.8694 0.2238053125,0.22380524999999998 570,333,816,579 601,392,667,431 722,398,786,436
p00\face\101.jpg p00\left\101.jpg p00\right\101.jpg p00\grid\101.jpg day36/0394.jpg left 1068.0,712.0 0.17935751,0.11962616 -24.323961,-25.520796,439.34708 0.2238053125,0.22380524999999998 424,208,724,508 456,287,543,339 597,272,685,324
p00\face\102.jpg p00\left\102.jpg p00\right\102.jpg p00\grid\102.jpg day35/0159.jpg left 478.0,707.0 -0.058876596,0.06754126 11.342126,-12.148872,424.34952 0.2238053125,0.22380524999999998 491,230,809,548 529,308,616,360 686,312,770,362
p00\face\103.jpg p00\left\103.jpg p00\right\103.jpg p00\grid\103.jpg day21/0383.jpg left 200.0,163.0 0.16603,0.03745873 20.927002,-26.308672,434.6438 0.2238053125,0.22380524999999998 520,199,833,512 558,288,636,334 707,271,794,323
p00\face\104.jpg p00\left\104.jpg p00\right\104.jpg p00\grid\104.jpg day10/0396.jpg left 732.0,107.0 -0.05924455,0.25377718 45.933006,13.365518,412.37778 0.2238053125,0.22380524999999998 569,288,896,615 608,363,701,418 771,377,856,428
p00\face\105.jpg p00\left\105.jpg p00\right\105.jpg p00\grid\105.jpg day31/0562.jpg left 1048.0,14.0 0.03768665,0.4638019 -8.368159,-20.586267,375.67297 0.2238053125,0.22380524999999998 422,189,777,544 471,282,561,336 639,280,739,340
p00\face\106.jpg p00\left\106.jpg p00\right\106.jpg p00\grid\106.jpg day31/0544.jpg left 595.0,434.0 -0.014841653,0.06648518 8.862603,-14.961288,500.35992 0.2238053125,0.22380524999999998 507,245,777,515 540,312,612,355 672,312,744,355
p00\face\107.jpg p00\left\107.jpg p00\right\107.jpg p00\grid\107.jpg day20/0005.jpg left 699.0,270.0 -0.004391892,0.043112613 33.262123,-28.514938,431.16547 0.2238053125,0.22380524999999998 545,194,858,507 582,273,667,324 735,272,819,322
p00\face\108.jpg p00\left\108.jpg p00\right\108.jpg p00\grid\108.jpg day29/0508.jpg left 21.0,584.0 0.094498515,0.027997993 9.017584,-23.286505,426.34998 0.2238053125,0.22380524999999998 487,206,800,519 528,283,610,332 681,286,765,336
p00\face\109.jpg p00\left\109.jpg p00\right\109.jpg p00\grid\109.jpg day10/0353.jpg left 357.0,255.0 -0.04521063,0.061058357 6.985944,-2.736561,360.70703 0.2238053125,0.22380524999999998 458,234,830,606 502,326,602,386 684,326,783,385
p00\face\110.jpg p00\left\110.jpg p00\right\110.jpg p00\grid\110.jpg day09/0161.jpg left 1126.0,11.0 0.02928739,0.32817593 -11.663313,49.94435,624.2647 0.2238053125,0.22380524999999998 501,372,715,586 526,432,581,465 629,422,687,456
p00\face\111.jpg p00\left\111.jpg p00\right\111.jpg p00\grid\111.jpg day16/0599.jpg left 1027.0,535.0 0.000724118,0.36220974 19.035507,-2.175968,460.3297 0.2238053125,0.22380524999999998 520,261,812,553 555,337,633,383 698,335,776,381
p00\face\112.jpg p00\left\112.jpg p00\right\112.jpg p00\grid\112.jpg day26/0754.jpg left 400.0,637.0 -0.08676333,0.15493102 14.550097,27.568285,404.89072 0.2238053125,0.22380524999999998 499,324,827,652 536,411,621,462 696,399,783,451
p00\face\113.jpg p00\left\113.jpg p00\right\113.jpg p00\grid\113.jpg day35/0926.jpg left 681.0,187.0 0.24702835,-0.01187761 7.31854,-19.109493,498.07764 0.2238053125,0.22380524999999998 508,240,770,502 541,304,610,345 669,304,739,346
p00\face\114.jpg p00\left\114.jpg p00\right\114.jpg p00\grid\114.jpg day24/0124.jpg left 233.0,4.0 0.14823355,0.1075564 19.085285,1.074846,406.89557 0.2238053125,0.22380524999999998 505,258,835,588 548,339,635,391 707,340,798,394
p00\face\115.jpg p00\left\115.jpg p00\right\115.jpg p00\grid\115.jpg day31/0686.jpg left 1056.0,765.0 0.15855244,-0.038311183 -2.936695,-2.285256,341.93973 0.2238053125,0.22380524999999998 429,231,811,613 475,332,569,388 660,323,763,384
p00\face\116.jpg p00\left\116.jpg p00\right\116.jpg p00\grid\116.jpg day16/0535.jpg left 1060.0,140.0 0.027842563,0.38988584 -8.625478,-19.264172,467.7706 0.2238053125,0.22380524999999998 465,227,750,512 500,305,573,348 637,296,715,342
p00\face\117.jpg p00\left\117.jpg p00\right\117.jpg p00\grid\117.jpg day02/0690.jpg left 505.0,416.0 0.29942727,0.06344478 12.190423,45.616657,506.08206 0.2238053125,0.22380524999999998 521,370,779,628 553,433,620,473 678,432,747,473
p00\face\118.jpg p00\left\118.jpg p00\right\118.jpg p00\grid\118.jpg day03/1044.jpg left 284.0,307.0 0.344525,-0.045925874 21.258562,-15.195695,411.13748 0.2238053125,0.22380524999999998 525,224,840,539 560,309,642,358 711,292,798,344
p00\face\119.jpg p00\left\119.jpg p00\right\119.jpg p00\grid\119.jpg day03/0011.jpg left 831.0,597.0 0.070358545,0.15384966 4.845897,24.853443,499.2025 0.2238053125,0.22380524999999998 500,324,770,594 533,394,603,436 664,390,737,433
p00\face\120.jpg p00\left\120.jpg p00\right\120.jpg p00\grid\120.jpg day18/0185.jpg left 840.0,408.0 0.13565047,0.38770205 24.650013,23.861061,474.85248 0.2238053125,0.22380524999999998 534,318,820,604 570,396,643,439 708,387,786,433
p00\face\121.jpg p00\left\121.jpg p00\right\121.jpg p00\grid\121.jpg day22/0409.jpg left 698.0,298.0 -0.4253102,0.039345827 -7.26435,31.951895,443.8276 0.2238053125,0.22380524999999998 468,346,750,628 497,417,581,467 634,405,712,451
p00\face\122.jpg p00\left\122.jpg p00\right\122.jpg p00\grid\122.jpg day15/0310.jpg left 811.0,224.0 0.04124792,0.26917595 57.86132,78.92279,582.2014 0.2238053125,0.22380524999999998 605,422,836,653 636,476,697,512 749,484,810,520
p00\face\123.jpg p00\left\123.jpg p00\right\123.jpg p00\grid\123.jpg day26/0268.jpg left 851.0,613.0 0.0737427,0.04474297 8.040936,-9.732131,393.7603 0.2238053125,0.22380524999999998 474,226,816,568 517,313,605,365 682,311,775,366
p00\face\124.jpg p00\left\124.jpg p00\right\124.jpg p00\grid\124.jpg day17/0573.jpg left 967.0,733.0 0.13659076,0.35949048 16.553087,5.156053,461.70508 0.2238053125,0.22380524999999998 517,278,808,569 553,359,625,402 693,346,772,393
p00\face\125.jpg p00\left\125.jpg p00\right\125.jpg p00\grid\125.jpg day03/0061.jpg left 1157.0,171.0 -0.49895516,0.042342294 -19.924793,56.03659,408.77512 0.2238053125,0.22380524999999998 423,406,721,704 459,478,546,530 600,469,687,521
p00\face\126.jpg p00\left\126.jpg p00\right\126.jpg p00\grid\126.jpg day05/0105.jpg left 603.0,414.0 0.176145,0.07130078 7.062229,39.48445,565.2549 0.2238053125,0.22380524999999998 520,356,755,591 548,415,611,452 663,414,726,451
p00\face\127.jpg p00\left\127.jpg p00\right\127.jpg p00\grid\127.jpg day38/0981.jpg left 768.0,782.0 0.04680026,0.31953934 -6.58723,-8.693825,455.56168 0.2238053125,0.22380524999999998 460,245,758,543 499,323,574,368 643,320,724,368
p00\face\128.jpg p00\left\128.jpg p00\right\128.jpg p00\grid\128.jpg day12/0364.jpg left 584.0,267.0 0.011485539,0.121690504 2.133873,22.847157,442.13467 0.2238053125,0.22380524999999998 475,313,782,620 513,391,595,440 663,391,745,440
p00\face\129.jpg p00\left\129.jpg p00\right\129.jpg p00\grid\129.jpg day13/0003.jpg left 135.0,273.0 -0.1252971,0.06692934 22.002506,0.041707,461.66278 0.2238053125,0.22380524999999998 528,268,819,559 561,344,640,391 702,336,781,383
p00\face\130.jpg p00\left\130.jpg p00\right\130.jpg p00\grid\130.jpg day08/0495.jpg left 451.0,441.0 -0.034020375,0.4742275 -1.335558,-41.027287,489.10013 0.2238053125,0.22380524999999998 495,191,757,453 521,264,594,307 652,255,719,295
p00\face\131.jpg p00\left\131.jpg p00\right\131.jpg p00\grid\131.jpg day22/0804.jpg left 347.0,350.0 0.06325567,0.2849003 -6.690455,-1.111454,397.65308 0.2238053125,0.22380524999999998 435,247,778,590 480,336,567,388 646,334,739,389
p00\face\132.jpg p00\left\132.jpg p00\right\132.jpg p00\grid\132.jpg day29/0060.jpg left 773.0,370.0 0.18510637,0.032755993 12.193507,-20.199469,456.90872 0.2238053125,0.22380524999999998 512,224,801,513 543,305,619,350 683,287,762,334
p00\face\133.jpg p00\left\133.jpg p00\right\133.jpg p00\grid\133.jpg day10/0398.jpg left 631.0,334.0 -0.04911258,0.3024354 48.030228,14.61263,415.85822 0.2238053125,0.22380524999999998 574,292,898,616 614,366,705,420 776,381,858,430
p00\face\134.jpg p00\left\134.jpg p00\right\134.jpg p00\grid\134.jpg day30/0299.jpg left 73.0,493.0 0.12718983,0.059124332 5.092495,-8.029377,398.40332 0.2238053125,0.22380524999999998 467,234,800,567 514,313,599,364 675,321,765,375
p00\face\135.jpg p00\left\135.jpg p00\right\135.jpg p00\grid\135.jpg day03/0305.jpg left 593.0,131.0 0.22051981,0.09298151 -4.738469,-6.579083,461.78906 0.2238053125,0.22380524999999998 474,257,759,542 510,331,582,374 646,323,725,370
p00\face\136.jpg p00\left\136.jpg p00\right\136.jpg p00\grid\136.jpg day26/0752.jpg left 324.0,538.0 -0.06843889,0.13445027 10.914559,33.155727,429.3851 0.2238053125,0.22380524999999998 496,339,806,649 533,420,612,467 685,412,766,460
p00\face\137.jpg p00\left\137.jpg p00\right\137.jpg p00\grid\137.jpg day24/0813.jpg left 9.0,334.0 0.054137856,0.3700838 25.244892,-1.409079,460.97144 0.2238053125,0.22380524999999998 529,261,824,556 568,336,644,381 713,340,791,386
p00\face\138.jpg p00\left\138.jpg p00\right\138.jpg p00\grid\138.jpg day28/0144.jpg left 75.0,121.0 -0.009351101,0.2584396 4.156374,8.646559,440.03564 0.2238053125,0.22380524999999998 479,279,791,591 516,361,598,410 668,357,752,407
p00\face\139.jpg p00\left\139.jpg p00\right\139.jpg p00\grid\139.jpg day29/0102.jpg left 750.0,253.0 -0.0050100735,0.06559263 28.780949,-26.525852,398.397 0.2238053125,0.22380524999999998 525,184,865,524 566,269,659,324 733,272,824,326
p00\face\140.jpg p00\left\140.jpg p00\right\140.jpg p00\grid\140.jpg day38/0151.jpg left 207.0,79.0 0.011980812,0.09650992 11.595613,18.079163,443.42673 0.2238053125,0.22380524999999998 497,302,804,609 534,381,616,430 684,379,766,428
p00\face\141.jpg p00\left\141.jpg p00\right\141.jpg p00\grid\141.jpg day07/0068.jpg left 187.0,706.0 0.014196429,0.035502862 9.705525,41.05963,478.7992 0.2238053125,0.22380524999999998 509,356,789,636 540,436,612,479 676,419,751,464
p00\face\142.jpg p00\left\142.jpg p00\right\142.jpg p00\grid\142.jpg day28/0620.jpg left 797.0,584.0 -0.023452464,0.08436297 11.63189,-3.102378,410.3158 0.2238053125,0.22380524999999998 493,249,818,574 530,335,615,386 688,325,775,377
p00\face\143.jpg p00\left\143.jpg p00\right\143.jpg p00\grid\143.jpg day10/0835.jpg left 1148.0,771.0 0.100955345,0.32145315 41.531845,-24.987421,522.1856 0.2238053125,0.22380524999999998 578,229,836,487 607,303,673,342 734,290,801,330
p00\face\144.jpg p00\left\144.jpg p00\right\144.jpg p00\grid\144.jpg day23/0642.jpg left 555.0,484.0 0.008110938,0.13201417 27.010086,-2.927106,459.54166 0.2238053125,0.22380524999999998 537,260,831,554 572,336,648,381 716,334,794,380
p00\face\145.jpg p00\left\145.jpg p00\right\145.jpg p00\grid\145.jpg day35/0756.jpg left 357.0,139.0 0.12037831,0.1222246 -14.777226,3.953703,453.18222 0.2238053125,0.22380524999999998 444,276,738,570 483,349,558,394 624,349,705,397
p00\face\146.jpg p00\left\146.jpg p00\right\146.jpg p00\grid\146.jpg day27/0497.jpg left 695.0,118.0 0.25829998,0.04476523 1.035402,8.927943,363.78525 0.2238053125,0.22380524999999998 449,270,810,631 494,360,588,416 668,357,767,416
p00\face\147.jpg p00\left\147.jpg p00\right\147.jpg p00\grid\147.jpg day22/0600.jpg left 311.0,615.0 0.047671277,0.33299485 -14.041513,-4.91282,382.0938 0.2238053125,0.22380524999999998 409,232,766,589 456,326,546,380 626,321,725,380
p00\face\148.jpg p00\left\148.jpg p00\right\148.jpg p00\grid\148.jpg day02/0442.jpg left 1061.0,40.0 0.19118617,0.2770127 15.72626,34.6678,553.3544 0.2238053125,0.22380524999999998 541,347,779,585 563,420,629,459 678,393,744,432
p00\face\149.jpg p00\left\149.jpg p00\right\149.jpg p00\grid\149.jpg day32/0170.jpg left 644.0,19.0 0.31515026,0.050059315 15.595506,8.177298,369.38345 0.2238053125,0.22380524999999998 491,271,843,623 538,357,629,411 705,356,804,415
p00\face\150.jpg p00\left\150.jpg p00\right\150.jpg p00\grid\150.jpg day35/0352.jpg left 708.0,7.0 0.15863937,0.026670102 7.756579,-19.047167,437.7766 0.2238053125,0.22380524999999998 488,219,794,525 529,295,608,342 676,297,760,347
p00\face\151.jpg p00\left\151.jpg p00\right\151.jpg p00\grid\151.jpg day13/0018.jpg left 1085.0,479.0 -0.062150612,0.078151986 16.088285,-3.636594,476.2359 0.2238053125,0.22380524999999998 518,262,801,545 550,337,625,382 689,330,764,375
p00\face\152.jpg p00\left\152.jpg p00\right\152.jpg p00\grid\152.jpg day38/0729.jpg left 1181.0,381.0 0.2577388,0.14874054 -2.47674,-15.021451,409.64154 0.2238053125,0.22380524999999998 459,225,775,541 504,304,580,349 654,301,742,353
p00\face\153.jpg p00\left\153.jpg p00\right\153.jpg p00\grid\153.jpg day33/0029.jpg left 529.0,439.0 -0.0031040115,-0.014698301 -0.115659,-24.193733,407.02792 0.2238053125,0.22380524999999998 458,193,792,527 498,281,586,333 661,276,751,330
p00\face\154.jpg p00\left\154.jpg p00\right\154.jpg p00\grid\154.jpg day26/0478.jpg left 130.0,50.0 0.28161195,0.041813426 10.15213,-1.68086,435.55515 0.2238053125,0.22380524999999998 500,262,800,562 537,339,615,385 682,332,763,380
p00\face\155.jpg p00\left\155.jpg p00\right\155.jpg p00\grid\155.jpg day20/0102.jpg left 422.0,516.0 0.006146532,0.18698703 21.044336,-26.474468,446.44717 0.2238053125,0.22380524999999998 519,203,825,509 555,281,637,330 705,280,786,328
p00\face\156.jpg p00\left\156.jpg p00\right\156.jpg p00\grid\156.jpg day06/0133.jpg left 625.0,740.0 0.15580557,0.11997544 37.59541,7.756061,467.67398 0.2238053125,0.22380524999999998 559,285,847,573 598,358,671,401 737,358,815,404
p00\face\157.jpg p00\left\157.jpg p00\right\157.jpg p00\grid\157.jpg day07/0020.jpg left 140.0,21.0 0.20049372,0.15676278 28.540388,18.94263,455.86417 0.2238053125,0.22380524999999998 540,309,834,603 578,383,653,428 719,380,800,428
p00\face\158.jpg p00\left\158.jpg p00\right\158.jpg p00\grid\158.jpg day36/0160.jpg left 925.0,56.0 -0.0033184653,0.21263848 -19.151115,-6.913169,390.00632 0.2238053125,0.22380524999999998 407,233,750,576 447,326,535,378 612,313,706,369
p00\face\159.jpg p00\left\159.jpg p00\right\159.jpg p00\grid\159.jpg day29/0549.jpg left 1119.0,386.0 0.15294558,0.012017831 3.128086,-46.17192,408.58768 0.2238053125,0.22380524999999998 470,143,797,470 512,230,593,278 669,222,759,276
p00\face\160.jpg p00\left\160.jpg p00\right\160.jpg p00\grid\160.jpg day30/0197.jpg left 1133.0,97.0 0.17813939,0.05029143 12.655311,8.131546,440.45248 0.2238053125,0.22380524999999998 505,283,806,584 541,361,620,408 686,354,768,403
p00\face\161.jpg p00\left\161.jpg p00\right\161.jpg p00\grid\161.jpg day30/0583.jpg left 337.0,485.0 -0.041970346,0.26813456 12.878129,-1.360389,406.88126 0.2238053125,0.22380524999999998 490,250,823,583 529,334,619,388 693,334,780,386
p00\face\162.jpg p00\left\162.jpg p00\right\162.jpg p00\grid\162.jpg day08/0074.jpg left 710.0,629.0 0.019904636,0.388569 57.53855,-8.826841,512.0966 0.2238053125,0.22380524999999998 605,258,867,520 636,324,706,366 767,328,834,368
p00\face\163.jpg p00\left\163.jpg p00\right\163.jpg p00\grid\163.jpg day37/0224.jpg left 1032.0,232.0 0.13641313,0.08177395 -3.968798,-2.217533,441.60483 0.2238053125,0.22380524999999998 465,260,766,561 504,336,582,382 648,333,732,383
p00\face\164.jpg p00\left\164.jpg p00\right\164.jpg p00\grid\164.jpg day25/0586.jpg left 134.0,796.0 0.12890297,0.17133693 18.397135,-23.127613,428.95636 0.2238053125,0.22380524999999998 514,207,826,519 549,287,639,341 697,278,787,332
p00\face\165.jpg p00\left\165.jpg p00\right\165.jpg p00\grid\165.jpg day16/0220.jpg left 99.0,489.0 0.18673474,0.18010256 16.091482,13.842728,425.73785 0.2238053125,0.22380524999999998 505,293,820,608 547,375,625,421 697,368,784,420
p00\face\166.jpg p00\left\166.jpg p00\right\166.jpg p00\grid\166.jpg day04/0445.jpg left 996.0,23.0 0.33485815,-0.0370715 22.003119,-10.665072,404.44992 0.2238053125,0.22380524999999998 521,234,839,552 559,308,646,360 716,314,800,364
p00\face\167.jpg p00\left\167.jpg p00\right\167.jpg p00\grid\167.jpg day04/0387.jpg left 802.0,410.0 -0.049710777,0.027270611 28.388536,-27.593779,475.4314 0.2238053125,0.22380524999999998 540,213,822,495 576,279,652,324 714,288,789,333
p00\face\168.jpg p00\left\168.jpg p00\right\168.jpg p00\grid\168.jpg day27/0515.jpg left 457.0,475.0 0.062150892,0.041183136 13.721995,0.508797,395.96027 0.2238053125,0.22380524999999998 487,252,827,592 531,334,621,388 697,340,788,394
p00\face\169.jpg p00\left\169.jpg p00\right\169.jpg p00\grid\169.jpg day23/0341.jpg left 87.0,347.0 -0.107374765,0.32922244 27.995367,-6.310461,470.7857 0.2238053125,0.22380524999999998 539,255,824,540 574,323,652,369 717,334,789,377
p00\face\170.jpg p00\left\170.jpg p00\right\170.jpg p00\grid\170.jpg day16/0274.jpg left 1096.0,435.0 0.14931096,0.39187714 16.962921,16.305069,448.02612 0.2238053125,0.22380524999999998 512,302,807,597 554,377,627,420 694,377,776,426
p00\face\171.jpg p00\left\171.jpg p00\right\171.jpg p00\grid\171.jpg day12/0262.jpg left 1253.0,258.0 0.051528692,0.2427815 -31.29967,31.98837,520.79706 0.2238053125,0.22380524999999998 435,340,693,598 469,406,535,445 593,403,663,445
p00\face\172.jpg p00\left\172.jpg p00\right\172.jpg p00\grid\172.jpg day05/0505.jpg left 1224.0,411.0 0.08752206,0.123770565 9.034938,24.388803,443.24017 0.2238053125,0.22380524999999998 495,319,798,622 532,398,610,444 678,391,760,440
p00\face\173.jpg p00\left\173.jpg p00\right\173.jpg p00\grid\173.jpg day38/1167.jpg left 81.0,713.0 0.33184135,0.034722675 27.480488,15.414863,391.25327 0.2238053125,0.22380524999999998 535,298,860,623 571,376,661,430 735,376,816,424
p00\face\174.jpg p00\left\174.jpg p00\right\174.jpg p00\grid\174.jpg day35/0821.jpg left 1072.0,75.0 0.13021974,0.22540827 3.367193,-40.982155,511.96576 0.2238053125,0.22380524999999998 498,194,765,461 533,267,600,307 659,259,734,304
p00\face\175.jpg p00\left\175.jpg p00\right\175.jpg p00\grid\175.jpg day23/0648.jpg left 630.0,291.0 0.025736038,0.07948267 25.865145,-2.850993,453.26288 0.2238053125,0.22380524999999998 534,260,829,555 570,336,646,381 715,332,793,378
p00\face\176.jpg p00\left\176.jpg p00\right\176.jpg p00\grid\176.jpg day38/0004.jpg left 787.0,672.0 -0.006130614,0.09424292 21.641397,-1.486799,428.23337 0.2238053125,0.22380524999999998 516,257,829,570 556,333,638,382 710,338,792,387
p00\face\177.jpg p00\left\177.jpg p00\right\177.jpg p00\grid\177.jpg day28/0603.jpg left 891.0,200.0 0.011477447,0.12591149 11.908308,-21.12524,432.7663 0.2238053125,0.22380524999999998 497,213,807,523 536,293,614,339 687,290,769,339
p00\face\178.jpg p00\left\178.jpg p00\right\178.jpg p00\grid\178.jpg day22/0683.jpg left 227.0,181.0 0.24506529,0.016404454 21.54617,-2.873797,415.28067 0.2238053125,0.22380524999999998 518,253,836,571 556,330,644,382 713,331,797,381
p00\face\179.jpg p00\left\179.jpg p00\right\179.jpg p00\grid\179.jpg day12/0024.jpg left 1106.0,331.0 0.033410866,0.14965692 22.965347,25.284986,495.7066 0.2238053125,0.22380524999999998 535,324,808,597 568,394,640,437 699,391,774,436
p00\face\180.jpg p00\left\180.jpg p00\right\180.jpg p00\grid\180.jpg day12/0323.jpg left 333.0,507.0 -0.041604795,0.35565484 17.080633,15.432503,435.30835 0.2238053125,0.22380524999999998 509,296,819,606 545,374,630,425 698,375,779,423
p00\face\181.jpg p00\left\181.jpg p00\right\181.jpg p00\grid\181.jpg day15/0031.jpg left 629.0,291.0 0.13084298,0.1378292 -3.070189,2.831959,428.42236 0.2238053125,0.22380524999999998 463,267,776,580 501,350,582,398 651,340,738,392
p00\face\182.jpg p00\left\182.jpg p00\right\182.jpg p00\grid\182.jpg day37/0205.jpg left 763.0,467.0 0.2521727,0.24790512 -14.314887,-1.392063,438.3054 0.2238053125,0.22380524999999998 444,259,750,565 479,345,564,396 621,323,712,377
p00\face\183.jpg p00\left\183.jpg p00\right\183.jpg p00\grid\183.jpg day09/0019.jpg left 789.0,185.0 0.049049567,0.0231905 26.331415,-30.576883,466.29904 0.2238053125,0.22380524999999998 534,202,825,493 571,274,649,320 712,276,791,323
p00\face\184.jpg p00\left\184.jpg p00\right\184.jpg p00\grid\184.jpg day02/0683.jpg left 813.0,383.0 0.2856963,0.119295344 10.178903,43.453365,514.1949 0.2238053125,0.22380524999999998 517,365,772,620 550,428,616,467 673,427,742,468
p00\face\185.jpg p00\left\185.jpg p00\right\185.jpg p00\grid\185.jpg day17/0761.jpg left 896.0,202.0 0.079134256,0.29922152 22.717606,13.597725,454.5612 0.2238053125,0.22380524999999998 519,293,820,594 562,365,640,411 707,376,789,425
p00\face\186.jpg p00\left\186.jpg p00\right\186.jpg p00\grid\186.jpg day38/0063.jpg left 576.0,270.0 0.21620466,0.007682485 31.201649,-9.216461,428.96445 0.2238053125,0.22380524999999998 540,240,850,550 581,315,662,363 732,319,816,369
p00\face\187.jpg p00\left\187.jpg p00\right\187.jpg p00\grid\187.jpg day22/0378.jpg left 822.0,164.0 0.08081803,0.118280925 5.605714,19.672316,450.50598 0.2238053125,0.22380524999999998 489,310,786,607 526,385,604,431 668,381,750,430
p00\face\188.jpg p00\left\188.jpg p00\right\188.jpg p00\grid\188.jpg day27/0169.jpg left 869.0,94.0 -0.0085581,0.15608114 9.412698,19.3133,370.411 0.2238053125,0.22380524999999998 473,297,834,658 513,393,609,450 689,380,786,438
p00\face\189.jpg p00\left\189.jpg p00\right\189.jpg p00\grid\189.jpg day22/0502.jpg left 1182.0,371.0 -0.43532887,-0.06685449 3.893017,7.186592,361.90393 0.2238053125,0.22380524999999998 465,279,798,612 505,361,599,417 665,349,758,404
p00\face\190.jpg p00\left\190.jpg p00\right\190.jpg p00\grid\190.jpg day30/0357.jpg left 144.0,568.0 0.07371937,0.452731 16.181566,1.94014,364.8943 0.2238053125,0.22380524999999998 480,245,850,615 531,339,624,394 710,342,810,402
p00\face\191.jpg p00\left\191.jpg p00\right\191.jpg p00\grid\191.jpg day34/0565.jpg left 1058.0,458.0 0.16210334,0.17680366 -25.187557,2.321616,400.11844 0.2238053125,0.22380524999999998 399,261,730,592 441,351,523,400 597,335,691,391
p00\face\192.jpg p00\left\192.jpg p00\right\192.jpg p00\grid\192.jpg day11/0382.jpg left 1218.0,582.0 0.26633662,0.1612222 28.607122,3.659249,479.42654 0.2238053125,0.22380524999999998 546,280,825,559 582,354,652,396 712,343,793,391
p00\face\193.jpg p00\left\193.jpg p00\right\193.jpg p00\grid\193.jpg day17/0313.jpg left 129.0,509.0 0.15243177,0.15134999 8.44948,8.90426,441.55692 0.2238053125,0.22380524999999998 492,284,795,587 532,363,607,408 678,358,760,407
p00\face\194.jpg p00\left\194.jpg p00\right\194.jpg p00\grid\194.jpg day22/0414.jpg left 830.0,367.0 0.25849366,0.11260926 -6.949842,34.249146,465.14157 0.2238053125,0.22380524999999998 473,346,753,626 507,421,577,463 641,409,719,455
p00\face\195.jpg p00\left\195.jpg p00\right\195.jpg p00\grid\195.jpg day31/0328.jpg left 725.0,309.0 0.16152032,-0.0016926627 -11.061282,-30.429098,406.4088 0.2238053125,0.22380524999999998 435,182,762,509 477,266,561,316 634,260,724,314
p00\face\196.jpg p00\left\196.jpg p00\right\196.jpg p00\grid\196.jpg day18/0158.jpg left 1009.0,741.0 0.07567607,0.12234575 24.762325,14.266096,388.10892 0.2238053125,0.22380524999999998 516,286,864,634 558,376,648,430 726,370,820,426
p00\face\197.jpg p00\left\197.jpg p00\right\197.jpg p00\grid\197.jpg day16/0602.jpg left 821.0,367.0 0.080322124,0.24058102 17.969864,-3.082028,448.4784 0.2238053125,0.22380524999999998 516,255,820,559 551,340,630,387 697,326,781,376
p00\face\198.jpg p00\left\198.jpg p00\right\198.jpg p00\grid\198.jpg day24/0755.jpg left 662.0,326.0 0.14297271,-0.0008596792 14.870675,-33.09158,414.56152 0.2238053125,0.22380524999999998 498,176,823,501 540,260,624,310 695,256,786,310
p00\face\199.jpg p00\left\199.jpg p00\right\199.jpg p00\grid\199.jpg day25/0194.jpg left 1118.0,619.0 0.023971077,-0.0415243 -9.677149,9.700446,427.3681 0.2238053125,0.22380524999999998 443,281,759,597 484,362,566,411 635,361,723,413
p00\face\200.jpg p00\left\200.jpg p00\right\200.jpg p00\grid\200.jpg day10/0283.jpg left 106.0,271.0 -0.05145158,0.24826066 37.02355,5.723924,421.31927 0.2238053125,0.22380524999999998 561,274,876,589 590,360,677,412 747,345,828,393
p00\face\201.jpg p00\left\201.jpg p00\right\201.jpg p00\grid\201.jpg day06/0316.jpg left 129.0,589.0 0.08500756,0.04539728 26.546091,11.802341,495.86682 0.2238053125,0.22380524999999998 540,296,814,570 575,365,647,408 709,367,782,410
p00\face\202.jpg p00\left\202.jpg p00\right\202.jpg p00\grid\202.jpg day32/0087.jpg left 765.0,507.0 -0.029166957,0.08104446 8.961843,10.803929,413.93393 0.2238053125,0.22380524999999998 484,282,809,607 522,364,609,416 681,363,768,415
p00\face\203.jpg p00\left\203.jpg p00\right\203.jpg p00\grid\203.jpg day24/1111.jpg left 454.0,227.0 0.23664583,0.091455534 43.10086,10.088554,387.90277 0.2238053125,0.22380524999999998 562,278,904,620 608,358,698,412 772,364,866,420
p00\face\204.jpg p00\left\204.jpg p00\right\204.jpg p00\grid\204.jpg day01/0131.jpg left 605.0,323.0 -0.015501547,0.20428284 17.419342,40.585693,557.15497 0.2238053125,0.22380524999999998 534,357,775,598 564,416,628,454 682,419,746,457
p00\face\205.jpg p00\left\205.jpg p00\right\205.jpg p00\grid\205.jpg day36/0835.jpg left 106.0,168.0 -0.008320946,0.08859331 14.782535,-6.075896,391.86365 0.2238053125,0.22380524999999998 489,236,831,578 533,319,623,373 700,323,791,377
p00\face\206.jpg p00\left\206.jpg p00\right\206.jpg p00\grid\206.jpg day39/0407.jpg left 146.0,542.0 -0.0003511303,-0.031370558 1.057304,-31.657131,436.36673 0.2238053125,0.22380524999999998 472,189,781,498 510,267,591,315 662,268,743,316
p00\face\207.jpg p00\left\207.jpg p00\right\207.jpg p00\grid\207.jpg day23/0322.jpg left 32.0,337.0 -0.12364777,0.053730123 26.982595,36.679012,551.1391 0.2238053125,0.22380524999999998 548,350,789,591 581,406,647,445 699,415,763,453
p00\face\208.jpg p00\left\208.jpg p00\right\208.jpg p00\grid\208.jpg day21/0209.jpg left 157.0,613.0 0.064748764,0.024347983 47.50885,11.919348,494.97794 0.2238053125,0.22380524999999998 582,296,858,572 616,367,688,410 752,366,824,409
p00\face\209.jpg p00\left\209.jpg p00\right\209.jpg p00\grid\209.jpg day39/0351.jpg left 998.0,418.0 0.16473876,0.10856593 -25.15311,-18.867172,442.72125 0.2238053125,0.22380524999999998 418,223,718,523 458,300,533,345 601,295,685,345
p00\face\210.jpg p00\left\210.jpg p00\right\210.jpg p00\grid\210.jpg day17/0175.jpg left 921.0,461.0 0.03838156,0.30785206 13.944433,-21.387342,400.7418 0.2238053125,0.22380524999999998 491,199,827,535 533,285,620,337 696,283,787,337
p00\face\211.jpg p00\left\211.jpg p00\right\211.jpg p00\grid\211.jpg day18/0356.jpg left 175.0,433.0 0.008360858,0.32148722 24.185469,-15.127372,379.38016 0.2238053125,0.22380524999999998 508,204,866,562 552,295,646,351 729,298,822,353
p00\face\212.jpg p00\left\212.jpg p00\right\212.jpg p00\grid\212.jpg day31/0422.jpg left 83.0,258.0 -0.1266313,0.06709288 15.169667,-15.732754,401.86502 0.2238053125,0.22380524999999998 501,216,831,546 535,304,625,358 699,293,784,344
p00\face\213.jpg p00\left\213.jpg p00\right\213.jpg p00\grid\213.jpg day34/0752.jpg left 922.0,461.0 -0.07827531,0.08370255 -19.46432,-7.082652,388.79816 0.2238053125,0.22380524999999998 406,233,749,576 445,323,532,375 613,315,704,369
p00\face\214.jpg p00\left\214.jpg p00\right\214.jpg p00\grid\214.jpg day39/0317.jpg left 48.0,768.0 0.06663365,-0.002503742 -11.279063,-29.760569,415.34097 0.2238053125,0.22380524999999998 435,185,759,509 477,267,561,317 634,267,721,319
p00\face\215.jpg p00\left\215.jpg p00\right\215.jpg p00\grid\215.jpg day18/0069.jpg left 941.0,375.0 0.054216903,0.56800103 12.119603,46.2659,404.47092 0.2238053125,0.22380524999999998 494,370,819,695 530,455,621,509 691,448,776,499
p00\face\216.jpg p00\left\216.jpg p00\right\216.jpg p00\grid\216.jpg day23/0628.jpg left 695.0,775.0 0.11081344,0.124507874 23.47131,30.319218,443.79135 0.2238053125,0.22380524999999998 530,333,831,634 565,415,640,460 711,402,792,450
p00\face\217.jpg p00\left\217.jpg p00\right\217.jpg p00\grid\217.jpg day23/0285.jpg left 131.0,63.0 0.24583074,0.08481628 15.809641,0.480559,418.67365 0.2238053125,0.22380524999999998 505,263,818,576 546,340,627,388 698,339,783,390
p00\face\218.jpg p00\left\218.jpg p00\right\218.jpg p00\grid\218.jpg day31/0045.jpg left 933.0,234.0 0.084659986,0.09606739 -9.609414,-14.395775,383.53635 0.2238053125,0.22380524999999998 424,211,775,562 470,300,560,354 636,297,735,356
p00\face\219.jpg p00\left\219.jpg p00\right\219.jpg p00\grid\219.jpg day20/0209.jpg left 963.0,392.0 0.32028073,0.062389977 -2.32236,0.37264,395.0179 0.2238053125,0.22380524999999998 456,259,783,586 500,339,584,389 653,337,747,393
p00\face\220.jpg p00\left\220.jpg p00\right\220.jpg p00\grid\220.jpg day34/0127.jpg left 865.0,286.0 0.06544835,0.13887691 -27.080912,-20.411945,399.4285 0.2238053125,0.22380524999999998 394,203,728,537 434,295,518,345 592,278,686,334
p00\face\221.jpg p00\left\221.jpg p00\right\221.jpg p00\grid\221.jpg day34/0612.jpg left 870.0,42.0 -0.03904308,0.12568575 15.354512,6.143936,415.31058 0.2238053125,0.22380524999999998 501,271,826,596 538,356,623,407 698,350,783,401
p00\face\222.jpg p00\left\222.jpg p00\right\222.jpg p00\grid\222.jpg day24/0352.jpg left 405.0,256.0 0.05664427,0.13307281 18.211206,-5.448434,415.2564 0.2238053125,0.22380524999999998 505,242,832,569 546,327,631,378 704,324,792,376
p00\face\223.jpg p00\left\223.jpg p00\right\223.jpg p00\grid\223.jpg day36/0178.jpg left 181.0,373.0 0.025776565,0.031039538 -11.580237,-17.476625,396.0047 0.2238053125,0.22380524999999998 422,207,762,547 468,290,556,342 634,297,725,351
p00\face\224.jpg p00\left\224.jpg p00\right\224.jpg p00\grid\224.jpg day01/0681.jpg left 437.0,499.0 0.09000251,1.023978 16.393631,105.8975,460.2571 0.2238053125,0.22380524999999998 504,477,811,784 541,564,635,620 686,565,777,619
p00\face\225.jpg p00\left\225.jpg p00\right\225.jpg p00\grid\225.jpg day21/0626.jpg left 1113.0,267.0 0.20201056,-0.02398336 9.532732,-17.351004,422.98047 0.2238053125,0.22380524999999998 492,220,804,532 532,299,610,345 684,298,766,347
p00\face\226.jpg p00\left\226.jpg p00\right\226.jpg p00\grid\226.jpg day38/0434.jpg left 700.0,480.0 0.051655896,0.24573827 27.292023,-28.545944,520.62024 0.2238053125,0.22380524999999998 547,222,808,483 578,290,647,331 705,287,775,329
p00\face\227.jpg p00\left\227.jpg p00\right\227.jpg p00\grid\227.jpg day21/0508.jpg left 212.0,440.0 -0.011851445,0.2135531 20.052124,-25.248772,377.2686 0.2238053125,0.22380524999999998 498,178,856,536 541,268,637,325 718,271,811,326
p00\face\228.jpg p00\left\228.jpg p00\right\228.jpg p00\grid\228.jpg day35/0571.jpg left 646.0,794.0 0.038663216,0.07005176 8.559129,5.551724,418.44135 0.2238053125,0.22380524999999998 486,270,808,592 524,356,608,406 680,348,767,400
p00\face\229.jpg p00\left\229.jpg p00\right\229.jpg p00\grid\229.jpg day31/0482.jpg left 1271.0,758.0 0.32920375,0.11473919 -19.355827,0.251738,393.44702 0.2238053125,0.22380524999999998 417,264,735,582 462,342,537,387 611,337,702,391
p00\face\230.jpg p00\left\230.jpg p00\right\230.jpg p00\grid\230.jpg day26/0080.jpg left 872.0,193.0 0.11038718,0.07689704 16.187464,-28.811457,415.17392 0.2238053125,0.22380524999999998 503,188,827,512 543,273,625,322 699,266,787,318
p00\face\231.jpg p00\left\231.jpg p00\right\231.jpg p00\grid\231.jpg day03/0297.jpg left 1143.0,388.0 0.06816616,0.09178227 -1.182907,-8.851364,475.83304 0.2238053125,0.22380524999999998 483,252,765,534 517,326,590,369 653,320,729,365
p00\face\232.jpg p00\left\232.jpg p00\right\232.jpg p00\grid\232.jpg day22/0800.jpg left 891.0,557.0 -0.03854055,0.08693394 13.687348,12.883903,374.74832 0.2238053125,0.22380524999999998 476,280,833,637 525,360,619,416 700,379,794,435
p00\face\233.jpg p00\left\233.jpg p00\right\233.jpg p00\grid\233.jpg day13/0275.jpg left 954.0,111.0 0.007958943,0.018928906 25.613125,-8.937331,480.13443 0.2238053125,0.22380524999999998 537,252,817,532 572,324,644,367 711,323,783,366
p00\face\234.jpg p00\left\234.jpg p00\right\234.jpg p00\grid\234.jpg day23/0303.jpg left 647.0,174.0 0.13966587,0.12030681 9.780551,12.614615,460.4642 0.2238053125,0.22380524999999998 499,295,791,587 537,369,612,414 679,367,758,414
p00\face\235.jpg p00\left\235.jpg p00\right\235.jpg p00\grid\235.jpg day22/0354.jpg left 15.0,223.0 0.110211626,0.19160412 0.130653,23.102818,423.76825 0.2238053125,0.22380524999999998 465,312,786,633 506,397,588,446 660,390,748,442
p00\face\236.jpg p00\left\236.jpg p00\right\236.jpg p00\grid\236.jpg day19/0402.jpg left 555.0,661.0 -0.027572818,0.18368115 14.280866,-54.81448,416.89423 0.2238053125,0.22380524999999998 493,125,817,449 535,202,622,254 695,213,780,264
p00\face\237.jpg p00\left\237.jpg p00\right\237.jpg p00\grid\237.jpg day33/0072.jpg left 378.0,607.0 0.050199807,0.12704788 5.48229,34.165733,497.22498 0.2238053125,0.22380524999999998 501,343,771,613 534,412,604,454 666,409,738,452
p00\face\238.jpg p00\left\238.jpg p00\right\238.jpg p00\grid\238.jpg day20/0017.jpg left 612.0,73.0 0.06838234,-0.03188777 33.64023,-29.273518,428.74457 0.2238053125,0.22380524999999998 544,191,859,506 584,270,666,319 738,271,822,321
p00\face\239.jpg p00\left\239.jpg p00\right\239.jpg p00\grid\239.jpg day29/0052.jpg left 1074.0,719.0 0.120153666,0.09385316 8.330773,-24.311357,470.95337 0.2238053125,0.22380524999999998 506,219,789,502 537,299,610,342 673,280,751,326
p00\face\240.jpg p00\left\240.jpg p00\right\240.jpg p00\grid\240.jpg day12/0244.jpg left 933.0,603.0 -0.111599855,0.35598093 4.962585,46.11221,559.00195 0.2238053125,0.22380524999999998 511,366,752,607 541,424,607,463 660,430,723,467
p00\face\241.jpg p00\left\241.jpg p00\right\241.jpg p00\grid\241.jpg day23/0849.jpg left 717.0,663.0 0.3290829,0.016206656 42.092632,-5.883648,381.06354 0.2238053125,0.22380524999999998 562,236,905,579 608,319,696,371 773,322,867,378
p00\face\242.jpg p00\left\242.jpg p00\right\242.jpg p00\grid\242.jpg day12/0245.jpg left 1180.0,659.0 -0.054270536,0.31959096 2.342322,48.10621,561.1007 0.2238053125,0.22380524999999998 507,369,748,610 537,428,601,466 655,432,719,470
p00\face\243.jpg p00\left\243.jpg p00\right\243.jpg p00\grid\243.jpg day34/0085.jpg left 598.0,673.0 0.13066159,0.06299402 -2.268654,-10.559925,422.79376 0.2238053125,0.22380524999999998 462,235,778,551 503,317,582,364 654,311,741,363
p00\face\244.jpg p00\left\244.jpg p00\right\244.jpg p00\grid\244.jpg day28/0545.jpg left 836.0,236.0 0.1019693,0.08845203 -4.406891,6.063803,407.60114 0.2238053125,0.22380524999999998 453,270,781,598 492,358,576,408 650,347,740,401
p00\face\245.jpg p00\left\245.jpg p00\right\245.jpg p00\grid\245.jpg day30/0030.jpg left 536.0,290.0 0.01930233,0.0777455 -3.466266,16.369152,363.68546 0.2238053125,0.22380524999999998 431,287,800,656 475,378,574,437 655,378,754,437
p00\face\246.jpg p00\left\246.jpg p00\right\246.jpg p00\grid\246.jpg day21/0488.jpg left 1240.0,293.0 0.024334341,0.25647813 26.089958,-21.4468,402.84106 0.2238053125,0.22380524999999998 521,199,857,535 562,285,650,337 726,284,816,338
p00\face\247.jpg p00\left\247.jpg p00\right\247.jpg p00\grid\247.jpg day24/0440.jpg left 230.0,226.0 0.13396637,0.08120479 -4.350556,-0.774033,369.03586 0.2238053125,0.22380524999999998 434,243,795,604 479,337,572,392 652,328,752,388
p00\face\248.jpg p00\left\248.jpg p00\right\248.jpg p00\grid\248.jpg day12/0418.jpg left 617.0,166.0 -0.04663166,0.13671005 37.657635,47.60522,460.2248 0.2238053125,0.22380524999999998 560,373,848,661 596,442,672,487 738,445,813,490
p00\face\249.jpg p00\left\249.jpg p00\right\249.jpg p00\grid\249.jpg day08/0280.jpg left 925.0,95.0 0.08677719,0.12956175 13.238428,-1.021879,456.30667 0.2238053125,0.22380524999999998 506,265,798,557 544,337,619,382 686,340,765,387
p00\face\250.jpg p00\left\250.jpg p00\right\250.jpg p00\grid\250.jpg day17/0796.jpg left 697.0,479.0 -0.11837949,0.17571272 4.497353,38.31007,473.02737 0.2238053125,0.22380524999999998 498,352,780,634 527,430,600,473 666,416,739,459
p00\face\251.jpg p00\left\251.jpg p00\right\251.jpg p00\grid\251.jpg day18/0313.jpg left 385.0,441.0 -0.02664832,0.15944639 22.942032,10.498221,506.9055 0.2238053125,0.22380524999999998 534,296,801,563 568,360,640,403 699,367,769,409
p00\face\252.jpg p00\left\252.jpg p00\right\252.jpg p00\grid\252.jpg day04/0076.jpg left 161.0,272.0 0.28855532,0.0887039 8.585655,17.929285,432.40414 0.2238053125,0.22380524999999998 494,307,797,610 533,382,612,429 678,378,762,428
p00\face\253.jpg p00\left\253.jpg p00\right\253.jpg p00\grid\253.jpg day04/0477.jpg left 785.0,270.0 0.24943936,0.07673062 6.5516,29.878294,577.4182 0.2238053125,0.22380524999999998 522,341,750,569 551,397,611,433 662,397,723,433
p00\face\254.jpg p00\left\254.jpg p00\right\254.jpg p00\grid\254.jpg day29/0236.jpg left 869.0,158.0 0.012897429,0.27890944 2.444755,-12.482714,377.3055 0.2238053125,0.22380524999999998 450,210,811,571 495,304,589,360 671,302,768,360
p00\face\255.jpg p00\left\255.jpg p00\right\255.jpg p00\grid\255.jpg day03/0523.jpg left 176.0,404.0 0.2639705,0.20704621 5.765009,80.10291,536.37585 0.2238053125,0.22380524999999998 511,432,758,679 542,491,612,533 660,491,730,533
p00\face\256.jpg p00\left\256.jpg p00\right\256.jpg p00\grid\256.jpg day13/0421.jpg left 832.0,51.0 0.2633809,0.104288235 -35.724365,-1.403974,532.152 0.2238053125,0.22380524999999998 438,283,679,524 468,344,531,381 585,339,651,378
p00\face\257.jpg p00\left\257.jpg p00\right\257.jpg p00\grid\257.jpg day06/0514.jpg left 467.0,529.0 0.016503926,0.106604606 -32.60643,17.141506,457.3931 0.2238053125,0.22380524999999998 406,303,703,600 443,381,519,426 586,375,667,423
p00\face\258.jpg p00\left\258.jpg p00\right\258.jpg p00\grid\258.jpg day01/0500.jpg left 479.0,769.0 0.1648299,0.17745155 18.092566,74.84151,469.26227 0.2238053125,0.22380524999999998 521,429,806,714 557,499,633,544 689,497,774,548
p00\face\259.jpg p00\left\259.jpg p00\right\259.jpg p00\grid\259.jpg day17/0116.jpg left 932.0,542.0 0.09073721,0.3905252 6.345329,11.954412,460.9459 0.2238053125,0.22380524999999998 491,293,782,584 531,367,603,410 671,367,750,414
p00\face\260.jpg p00\left\260.jpg p00\right\260.jpg p00\grid\260.jpg day25/0671.jpg left 636.0,737.0 0.17049496,0.0547215 -4.697333,-11.433623,404.1558 0.2238053125,0.22380524999999998 449,227,779,557 492,312,574,361 650,307,741,361
p00\face\261.jpg p00\left\261.jpg p00\right\261.jpg p00\grid\261.jpg day33/0093.jpg left 766.0,277.0 0.059468918,0.12266804 10.342078,-31.250912,472.87888 0.2238053125,0.22380524999999998 507,203,792,488 539,281,614,326 677,269,755,315
p00\face\262.jpg p00\left\262.jpg p00\right\262.jpg p00\grid\262.jpg day10/0503.jpg left 835.0,419.0 0.21463284,0.04549811 0.620302,37.944862,463.53183 0.2238053125,0.22380524999999998 489,352,772,635 520,427,595,472 657,417,735,463
p00\face\263.jpg p00\left\263.jpg p00\right\263.jpg p00\grid\263.jpg day33/0513.jpg left 371.0,264.0 0.02737348,0.2635712 -4.605598,2.232813,424.92792 0.2238053125,0.22380524999999998 460,264,776,580 495,352,577,401 647,336,734,388
p00\face\264.jpg p00\left\264.jpg p00\right\264.jpg p00\grid\264.jpg day21/0386.jpg left 1046.0,79.0 0.10354742,-0.042005863 21.761917,-25.776373,431.37665 0.2238053125,0.22380524999999998 522,199,837,514 558,288,639,336 708,270,796,322
p00\face\265.jpg p00\left\265.jpg p00\right\265.jpg p00\grid\265.jpg day30/0493.jpg left 354.0,740.0 -0.0020894336,0.010313272 -13.786523,-10.990853,423.39206 0.2238053125,0.22380524999999998 432,232,751,551 472,312,556,362 628,313,713,364
p00\face\266.jpg p00\left\266.jpg p00\right\266.jpg p00\grid\266.jpg day11/0312.jpg left 604.0,488.0 -0.15787432,0.30401558 -12.71136,11.352347,541.64044 0.2238053125,0.22380524999999998 473,302,722,551 505,358,574,399 629,372,693,410
p00\face\267.jpg p00\left\267.jpg p00\right\267.jpg p00\grid\267.jpg day38/1110.jpg left 577.0,709.0 0.0032815537,0.21568517 5.949541,-18.789524,504.32938 0.2238053125,0.22380524999999998 502,237,770,505 535,306,605,348 666,305,738,348
p00\face\268.jpg p00\left\268.jpg p00\right\268.jpg p00\grid\268.jpg day15/0325.jpg left 389.0,457.0 0.102978274,0.2343049 12.634101,22.035412,529.0041 0.2238053125,0.22380524999999998 520,320,776,576 553,387,619,426 676,383,746,425
p00\face\269.jpg p00\left\269.jpg p00\right\269.jpg p00\grid\269.jpg day16/0884.jpg left 1069.0,111.0 0.3030771,-0.010169201 38.31409,-12.417452,399.38492 0.2238053125,0.22380524999999998 554,224,884,554 597,302,684,354 757,309,847,363
p00\face\270.jpg p00\left\270.jpg p00\right\270.jpg p00\grid\270.jpg day28/0131.jpg left 945.0,170.0 0.061468087,0.18146135 -9.20987,8.712036,496.61203 0.2238053125,0.22380524999999998 470,290,744,564 504,363,574,405 635,357,711,402
p00\face\271.jpg p00\left\271.jpg p00\right\271.jpg p00\grid\271.jpg day04/1038.jpg left 106.0,158.0 0.23470835,0.03720309 43.02437,5.335354,502.6786 0.2238053125,0.22380524999999998 576,287,841,552 610,352,680,394 740,354,810,396
p00\face\272.jpg p00\left\272.jpg p00\right\272.jpg p00\grid\272.jpg day38/0807.jpg left 440.0,254.0 0.067557566,0.32900593 15.387525,-17.55174,394.63962 0.2238053125,0.22380524999999998 491,204,834,547 535,293,625,347 700,291,794,347
p00\face\273.jpg p00\left\273.jpg p00\right\273.jpg p00\grid\273.jpg day17/0499.jpg left 770.0,278.0 0.09456392,0.3918659 4.020565,-6.629134,470.74905 0.2238053125,0.22380524999999998 489,252,778,541 526,332,599,375 665,323,744,370
p00\face\274.jpg p00\left\274.jpg p00\right\274.jpg p00\grid\274.jpg day04/0829.jpg left 667.0,626.0 -0.29434136,0.1014108 -19.915089,-25.277529,477.03915 0.2238053125,0.22380524999999998 444,221,720,497 475,285,553,331 614,293,683,334
p00\face\275.jpg p00\left\275.jpg p00\right\275.jpg p00\grid\275.jpg day27/0125.jpg left 1012.0,487.0 0.08133568,0.21120314 1.895945,-18.412949,399.61038 0.2238053125,0.22380524999999998 460,205,799,544 503,293,590,345 666,289,759,344
p00\face\276.jpg p00\left\276.jpg p00\right\276.jpg p00\grid\276.jpg day04/0961.jpg left 1135.0,585.0 0.14321809,0.2556075 -9.468388,-10.119565,501.79758 0.2238053125,0.22380524999999998 475,255,742,522 508,330,574,369 634,315,709,360
p00\face\277.jpg p00\left\277.jpg p00\right\277.jpg p00\grid\277.jpg day33/0036.jpg left 551.0,97.0 0.05677772,0.20833671 -3.493176,-20.039076,404.0804 0.2238053125,0.22380524999999998 447,202,784,539 490,289,577,341 652,287,745,342
p00\face\278.jpg p00\left\278.jpg p00\right\278.jpg p00\grid\278.jpg day16/0801.jpg left 295.0,765.0 -0.014260269,0.1073569 30.444895,2.84507,405.73224 0.2238053125,0.22380524999999998 533,261,864,592 573,345,660,397 736,344,823,396
p00\face\279.jpg p00\left\279.jpg p00\right\279.jpg p00\grid\279.jpg day04/0561.jpg left 307.0,474.0 -0.11683086,0.2298729 -38.695297,49.57571,539.71783 0.2238053125,0.22380524999999998 426,373,676,623 457,433,526,474 581,438,647,477
p00\face\280.jpg p00\left\280.jpg p00\right\280.jpg p00\grid\280.jpg day38/0286.jpg left 397.0,644.0 -0.01762042,0.12053924 32.580826,-8.939126,430.4668 0.2238053125,0.22380524999999998 543,240,855,552 581,317,665,367 734,319,816,368
p00\face\281.jpg p00\left\281.jpg p00\right\281.jpg p00\grid\281.jpg day17/0954.jpg left 666.0,209.0 0.09553147,0.32150766 5.312981,-14.858629,397.2585 0.2238053125,0.22380524999999998 470,214,807,551 512,303,599,355 674,296,767,351
p00\face\282.jpg p00\left\282.jpg p00\right\282.jpg p00\grid\282.jpg day30/0464.jpg left 473.0,624.0 0.061536066,-0.011357188 -12.562402,-19.402132,396.24826 0.2238053125,0.22380524999999998 428,203,765,540 467,295,554,347 631,282,722,336
p00\face\283.jpg p00\left\283.jpg p00\right\283.jpg p00\grid\283.jpg day03/0023.jpg left 265.0,340.0 0.28222618,0.112396516 20.724817,25.743483,421.84488 0.2238053125,0.22380524999999998 517,324,826,633 558,396,640,445 710,403,791,451
p00\face\284.jpg p00\left\284.jpg p00\right\284.jpg p00\grid\284.jpg day27/0276.jpg left 799.0,714.0 0.0072653084,0.17419253 -0.807439,37.791832,433.98755 0.2238053125,0.22380524999999998 468,348,780,660 505,428,586,476 657,424,741,474
p00\face\285.jpg p00\left\285.jpg p00\right\285.jpg p00\grid\285.jpg day06/0373.jpg left 984.0,626.0 0.10991179,0.1282483 2.21214,38.346867,429.5736 0.2238053125,0.22380524999999998 474,351,784,661 513,427,594,475 665,428,747,477
p00\face\286.jpg p00\left\286.jpg p00\right\286.jpg p00\grid\286.jpg day28/0087.jpg left 64.0,778.0 -0.06487044,0.11084708 15.11648,19.047443,524.6804 0.2238053125,0.22380524999999998 522,315,780,573 554,376,624,418 683,383,749,422
p00\face\287.jpg p00\left\287.jpg p00\right\287.jpg p00\grid\287.jpg day01/0031.jpg left 126.0,598.0 -0.2420201,0.124089405 35.601425,8.832355,482.16223 0.2238053125,0.22380524999999998 561,296,828,563 593,354,668,399 729,367,795,406
p00\face\288.jpg p00\left\288.jpg p00\right\288.jpg p00\grid\288.jpg day26/0401.jpg left 1221.0,641.0 0.12221363,0.54914916 18.63063,72.092445,575.9371 0.2238053125,0.22380524999999998 545,411,774,640 571,478,628,512 683,464,744,500
p00\face\289.jpg p00\left\289.jpg p00\right\289.jpg p00\grid\289.jpg day38/0740.jpg left 240.0,513.0 0.06784752,0.08368437 9.820524,-10.078848,405.68042 0.2238053125,0.22380524999999998 481,229,814,562 525,313,610,364 686,313,776,367
p00\face\290.jpg p00\left\290.jpg p00\right\290.jpg p00\grid\290.jpg day39/0344.jpg left 1002.0,619.0 0.16737626,0.1478564 -34.15162,-19.441427,450.81033 0.2238053125,0.22380524999999998 406,225,698,517 443,306,513,348 581,290,663,339
p00\face\291.jpg p00\left\291.jpg p00\right\291.jpg p00\grid\291.jpg day17/0149.jpg left 407.0,489.0 0.05422436,0.35972527 23.357372,-33.007385,416.23193 0.2238053125,0.22380524999999998 518,175,842,499 559,260,643,310 716,259,803,311
p00\face\292.jpg p00\left\292.jpg p00\right\292.jpg p00\grid\292.jpg day31/0374.jpg left 769.0,484.0 0.026061336,0.25598717 -14.508558,-8.663995,379.22833 0.2238053125,0.22380524999999998 409,223,766,580 454,317,544,371 626,310,723,368
p00\face\293.jpg p00\left\293.jpg p00\right\293.jpg p00\grid\293.jpg day17/0017.jpg left 763.0,442.0 0.07941852,0.20545258 5.030151,-1.91279,469.4913 0.2238053125,0.22380524999999998 490,264,779,553 527,338,602,383 667,336,746,383
p00\face\294.jpg p00\left\294.jpg p00\right\294.jpg p00\grid\294.jpg day21/0499.jpg left 575.0,240.0 0.06960616,0.051089197 27.55979,-19.61526,401.95673 0.2238053125,0.22380524999999998 524,203,861,540 566,290,654,342 730,288,821,342
p00\face\295.jpg p00\left\295.jpg p00\right\295.jpg p00\grid\295.jpg day22/0251.jpg left 88.0,681.0 0.01103866,0.085961536 31.355103,25.079212,429.61237 0.2238053125,0.22380524999999998 539,319,851,631 579,394,661,443 732,400,814,449
p00\face\296.jpg p00\left\296.jpg p00\right\296.jpg p00\grid\296.jpg day04/0805.jpg left 293.0,213.0 0.056499198,0.075356744 12.700686,0.046998,525.20667 0.2238053125,0.22380524999999998 524,280,779,535 553,348,620,388 676,339,745,380
p00\face\297.jpg p00\left\297.jpg p00\right\297.jpg p00\grid\297.jpg day37/0606.jpg left 937.0,147.0 -0.043415833,0.12310652 19.768038,-3.20718,452.45596 0.2238053125,0.22380524999999998 521,258,819,556 554,336,635,384 699,329,780,377
p00\face\298.jpg p00\left\298.jpg p00\right\298.jpg p00\grid\298.jpg day26/0353.jpg left 1063.0,217.0 -0.012907691,0.2900357 43.18489,15.533692,526.5949 0.2238053125,0.22380524999999998 578,308,834,564 608,372,677,413 735,374,802,414
p00\face\299.jpg p00\left\299.jpg p00\right\299.jpg p00\grid\299.jpg day23/0615.jpg left 733.0,18.0 0.4192556,0.021353032 24.557526,15.090491,379.2141 0.2238053125,0.22380524999999998 527,297,860,630 566,378,654,430 728,374,818,428
p00\face\300.jpg p00\left\300.jpg p00\right\300.jpg p00\grid\300.jpg day19/0573.jpg left 816.0,225.0 0.033614513,0.096542835 -34.982986,-8.993885,505.4648 0.2238053125,0.22380524999999998 420,256,690,526 455,326,524,367 586,325,659,368
p00\face\301.jpg p00\left\301.jpg p00\right\301.jpg p00\grid\301.jpg day02/0042.jpg left 763.0,665.0 0.17554767,0.09377555 1.740508,24.230865,412.9954 0.2238053125,0.22380524999999998 468,317,789,638 510,396,592,445 664,397,752,449
p00\face\302.jpg p00\left\302.jpg p00\right\302.jpg p00\grid\302.jpg day26/0179.jpg left 599.0,125.0 -0.018696046,0.1771397 0.066216,12.928439,584.8081 0.2238053125,0.22380524999999998 518,311,744,537 539,378,599,414 650,357,710,393
p00\face\303.jpg p00\left\303.jpg p00\right\303.jpg p00\grid\303.jpg day28/0447.jpg left 425.0,534.0 0.021246465,0.39541006 6.382248,14.605897,415.31982 0.2238053125,0.22380524999999998 481,291,805,615 518,379,603,430 675,368,762,420
p00\face\304.jpg p00\left\304.jpg p00\right\304.jpg p00\grid\304.jpg day13/0499.jpg left 277.0,313.0 0.010722858,-0.0019879509 -8.170795,-12.389956,424.76767 0.2238053125,0.22380524999999998 449,229,767,547 486,314,568,363 642,306,726,356
p00\face\305.jpg p00\left\305.jpg p00\right\305.jpg p00\grid\305.jpg day35/0028.jpg left 235.0,210.0 -0.05018883,-0.009614389 7.028263,-19.790516,435.8516 0.2238053125,0.22380524999999998 484,215,794,525 522,292,606,342 675,295,756,343
p00\face\306.jpg p00\left\306.jpg p00\right\306.jpg p00\grid\306.jpg day04/0922.jpg left 43.0,225.0 -0.20769633,0.1575717 -2.530453,2.52715,439.42545 0.2238053125,0.22380524999999998 468,271,769,572 502,344,586,394 652,347,730,393
p00\face\307.jpg p00\left\307.jpg p00\right\307.jpg p00\grid\307.jpg day38/0018.jpg left 1212.0,658.0 0.113254555,0.09671739 13.035428,3.872649,421.7541 0.2238053125,0.22380524999999998 495,268,813,586 537,347,618,395 690,348,777,400
p00\face\308.jpg p00\left\308.jpg p00\right\308.jpg p00\grid\308.jpg day35/0043.jpg left 392.0,203.0 -0.00399764,0.163057 -7.884013,-17.00154,440.20502 0.2238053125,0.22380524999999998 455,223,764,532 490,305,572,354 640,296,724,346
p00\face\309.jpg p00\left\309.jpg p00\right\309.jpg p00\grid\309.jpg day18/0246.jpg left 825.0,505.0 0.0846233,0.2258929 3.67664,1.68971,425.69058 0.2238053125,0.22380524999999998 474,263,792,581 515,345,596,393 667,341,755,393
p00\face\310.jpg p00\left\310.jpg p00\right\310.jpg p00\grid\310.jpg day08/0757.jpg left 575.0,447.0 -0.006581772,0.29437917 33.517437,-34.130722,478.21268 0.2238053125,0.22380524999999998 554,200,833,479 589,269,661,312 727,273,799,316
p00\face\311.jpg p00\left\311.jpg p00\right\311.jpg p00\grid\311.jpg day24/0823.jpg left 436.0,362.0 0.01181862,0.10342017 50.081768,-35.958813,441.9201 0.2238053125,0.22380524999999998 581,183,882,484 622,251,704,300 769,266,850,314
p00\face\312.jpg p00\left\312.jpg p00\right\312.jpg p00\grid\312.jpg day11/0489.jpg left 138.0,385.0 -0.06459971,0.05193534 3.407762,-23.71764,499.49915 0.2238053125,0.22380524999999998 496,226,767,497 528,296,601,339 662,295,732,337
p00\face\313.jpg p00\left\313.jpg p00\right\313.jpg p00\grid\313.jpg day03/0438.jpg left 606.0,527.0 0.31664407,0.17387906 37.083336,64.21407,513.23553 0.2238053125,0.22380524999999998 570,405,826,661 602,470,668,509 724,464,796,507
p00\face\314.jpg p00\left\314.jpg p00\right\314.jpg p00\grid\314.jpg day39/0079.jpg left 845.0,786.0 0.033732463,0.21422417 -20.393986,8.211899,428.17294 0.2238053125,0.22380524999999998 420,280,733,593 461,360,540,407 612,357,697,408
p00\face\315.jpg p00\left\315.jpg p00\right\315.jpg p00\grid\315.jpg day28/0707.jpg left 1060.0,52.0 0.22297369,0.04161127 15.154215,14.013431,478.34433 0.2238053125,0.22380524999999998 518,302,795,579 553,370,625,413 687,371,762,416
p00\face\316.jpg p00\left\316.jpg p00\right\316.jpg p00\grid\316.jpg day05/0271.jpg left 1258.0,22.0 0.20683154,-0.05028193 4.811579,-20.776,397.72632 0.2238053125,0.22380524999999998 473,204,801,532 513,283,601,335 673,286,761,338
p00\face\317.jpg p00\left\317.jpg p00\right\317.jpg p00\grid\317.jpg day33/0099.jpg left 1222.0,116.0 -0.006454394,0.08355777 13.310959,-30.416878,464.78168 0.2238053125,0.22380524999999998 511,204,799,492 544,279,620,324 684,272,762,318
p00\face\318.jpg p00\left\318.jpg p00\right\318.jpg p00\grid\318.jpg day29/0586.jpg left 527.0,599.0 0.05393595,0.15321459 9.638069,-35.32897,474.7729 0.2238053125,0.22380524999999998 504,196,787,479 539,271,612,314 676,265,752,310
p00\face\319.jpg p00\left\319.jpg p00\right\319.jpg p00\grid\319.jpg day26/0305.jpg left 102.0,361.0 0.08289841,0.33025256 -3.607672,62.691624,618.5011 0.2238053125,0.22380524999999998 511,393,728,610 538,451,593,484 643,445,701,479
p00\face\320.jpg p00\left\320.jpg p00\right\320.jpg p00\grid\320.jpg day24/0759.jpg left 1261.0,324.0 0.16098455,-0.0006333609 11.434158,-32.789032,411.14047 0.2238053125,0.22380524999999998 492,178,816,502 532,261,617,312 687,254,777,308
p00\face\321.jpg p00\left\321.jpg p00\right\321.jpg p00\grid\321.jpg day09/0276.jpg left 366.0,534.0 0.05263873,-0.042080116 46.718273,44.803005,407.67706 0.2238053125,0.22380524999999998 561,355,904,698 602,430,716,498 762,451,867,514
p00\face\322.jpg p00\left\322.jpg p00\right\322.jpg p00\grid\322.jpg day19/0040.jpg left 24.0,787.0 0.10307507,0.3597554 43.48072,26.137093,470.4852 0.2238053125,0.22380524999999998 570,323,858,611 609,395,682,438 750,399,825,444
p00\face\323.jpg p00\left\323.jpg p00\right\323.jpg p00\grid\323.jpg day13/0664.jpg left 368.0,384.0 0.14934672,0.08893333 10.246434,15.279794,454.80707 0.2238053125,0.22380524999999998 496,300,790,594 537,368,615,414 681,380,759,426
p00\face\324.jpg p00\left\324.jpg p00\right\324.jpg p00\grid\324.jpg day02/0695.jpg left 821.0,139.0 0.35827497,0.06854083 2.969382,44.2987,491.1966 0.2238053125,0.22380524999999998 503,370,762,629 535,434,602,474 661,432,730,473
p00\face\325.jpg p00\left\325.jpg p00\right\325.jpg p00\grid\325.jpg day32/0398.jpg left 511.0,322.0 0.0627156,0.007317541 -0.795202,-22.158257,440.33038 0.2238053125,0.22380524999999998 471,212,777,518 509,292,588,339 656,287,740,337
p00\face\326.jpg p00\left\326.jpg p00\right\326.jpg p00\grid\326.jpg day04/0035.jpg left 294.0,367.0 0.27943078,0.024925748 36.961506,17.720621,426.7577 0.2238053125,0.22380524999999998 557,303,867,613 595,380,677,429 746,379,830,429
p00\face\327.jpg p00\left\327.jpg p00\right\327.jpg p00\grid\327.jpg day09/0345.jpg left 829.0,672.0 -0.048259366,0.25901926 41.884083,27.170938,543.42896 0.2238053125,0.22380524999999998 576,331,825,580 605,391,674,432 729,397,793,435
p00\face\328.jpg p00\left\328.jpg p00\right\328.jpg p00\grid\328.jpg day09/0670.jpg left 1051.0,147.0 -0.025558686,0.12599093 6.725388,-28.40432,510.44052 0.2238053125,0.22380524999999998 506,222,768,484 538,287,608,329 666,288,736,330
p00\face\329.jpg p00\left\329.jpg p00\right\329.jpg p00\grid\329.jpg day03/1063.jpg left 1178.0,193.0 -0.3185006,0.016343 28.137762,-18.768433,411.08588 0.2238053125,0.22380524999999998 536,218,848,530 568,290,665,348 721,292,806,343
p00\face\330.jpg p00\left\330.jpg p00\right\330.jpg p00\grid\330.jpg day11/0015.jpg left 960.0,405.0 0.011102163,-0.0034618496 31.563988,-27.356674,407.124 0.2238053125,0.22380524999999998 554,191,873,510 581,291,665,341 738,253,822,303
p00\face\331.jpg p00\left\331.jpg p00\right\331.jpg p00\grid\331.jpg day35/0111.jpg left 479.0,293.0 -0.13665922,0.08869392 21.824041,15.645611,378.12305 0.2238053125,0.22380524999999998 505,290,856,641 547,376,641,432 719,377,812,432
p00\face\332.jpg p00\left\332.jpg p00\right\332.jpg p00\grid\332.jpg day29/0529.jpg left 927.0,668.0 0.05847858,0.008666951 15.757449,-13.913363,376.50476 0.2238053125,0.22380524999999998 490,209,847,566 533,303,624,357 706,296,802,353
p00\face\333.jpg p00\left\333.jpg p00\right\333.jpg p00\grid\333.jpg day23/0657.jpg left 860.0,555.0 0.093421794,0.0749272 24.580246,-0.904452,457.25125 0.2238053125,0.22380524999999998 533,265,827,559 568,341,643,386 711,336,790,383
p00\face\334.jpg p00\left\334.jpg p00\right\334.jpg p00\grid\334.jpg day22/0491.jpg left 819.0,657.0 0.10506815,0.09051034 14.057248,-3.628491,393.80792 0.2238053125,0.22380524999999998 488,242,830,584 533,327,620,379 697,328,791,384
p00\face\335.jpg p00\left\335.jpg p00\right\335.jpg p00\grid\335.jpg day08/0465.jpg left 558.0,365.0 0.074337214,0.30284297 45.103096,-6.501613,483.777 0.2238053125,0.22380524999999998 574,259,850,535 614,322,684,364 749,336,822,379
p00\face\336.jpg p00\left\336.jpg p00\right\336.jpg p00\grid\336.jpg day06/0577.jpg left 883.0,507.0 0.6286267,0.12342593 30.478437,49.588223,420.53137 0.2238053125,0.22380524999999998 557,392,845,680 589,458,674,509 727,452,808,500
p00\face\337.jpg p00\left\337.jpg p00\right\337.jpg p00\grid\337.jpg day16/0199.jpg left 912.0,124.0 0.14849594,0.15328263 17.83367,14.838014,423.99994 0.2238053125,0.22380524999999998 508,295,824,611 549,375,630,423 701,372,788,424
p00\face\338.jpg p00\left\338.jpg p00\right\338.jpg p00\grid\338.jpg day08/0607.jpg left 316.0,525.0 0.15117797,0.03482904 -13.908578,-4.570078,486.4454 0.2238053125,0.22380524999999998 461,265,732,536 495,334,564,375 628,332,700,375
p00\face\339.jpg p00\left\339.jpg p00\right\339.jpg p00\grid\339.jpg day38/0744.jpg left 1037.0,714.0 0.10271664,0.14164968 6.436297,-5.073231,367.8224 0.2238053125,0.22380524999999998 455,231,816,592 509,315,599,369 682,329,781,388
p00\face\340.jpg p00\left\340.jpg p00\right\340.jpg p00\grid\340.jpg day27/0261.jpg left 371.0,482.0 0.015338196,0.5765512 14.612559,11.85343,439.27112 0.2238053125,0.22380524999999998 508,286,814,592 541,370,623,419 693,363,772,410
p00\face\341.jpg p00\left\341.jpg p00\right\341.jpg p00\grid\341.jpg day16/0477.jpg left 165.0,134.0 -0.0896569,0.023562701 47.738518,5.260011,355.60138 0.2238053125,0.22380524999999998 568,258,935,625 618,343,715,401 798,354,895,412
p00\face\342.jpg p00\left\342.jpg p00\right\342.jpg p00\grid\342.jpg day22/0660.jpg left 639.0,516.0 -0.0012655361,0.27632666 39.69658,10.329191,407.0537 0.2238053125,0.22380524999999998 551,278,885,612 594,357,684,411 759,369,846,421
p00\face\343.jpg p00\left\343.jpg p00\right\343.jpg p00\grid\343.jpg day05/0180.jpg left 867.0,117.0 -0.23589692,0.0052693365 2.045849,-19.805693,399.2721 0.2238053125,0.22380524999999998 462,207,790,535 503,284,593,338 663,290,751,342
p00\face\344.jpg p00\left\344.jpg p00\right\344.jpg p00\grid\344.jpg day05/0224.jpg left 253.0,80.0 0.09898446,0.06721002 -3.067796,-7.611412,438.5529 0.2238053125,0.22380524999999998 465,246,771,552 504,324,583,371 652,320,734,369
p00\face\345.jpg p00\left\345.jpg p00\right\345.jpg p00\grid\345.jpg day23/0812.jpg left 722.0,185.0 0.4348587,0.04640439 29.58707,40.257446,355.68503 0.2238053125,0.22380524999999998 534,362,891,719 572,443,680,507 743,444,845,505
p00\face\346.jpg p00\left\346.jpg p00\right\346.jpg p00\grid\346.jpg day37/0480.jpg left 54.0,138.0 0.07173336,0.17787127 -19.701298,11.147912,418.0986 0.2238053125,0.22380524999999998 417,284,739,606 458,368,542,418 612,361,702,415
p00\face\347.jpg p00\left\347.jpg p00\right\347.jpg p00\grid\347.jpg day06/0122.jpg left 557.0,430.0 0.08786274,0.09509885 41.55737,9.059451,454.4131 0.2238053125,0.22380524999999998 565,285,862,582 604,357,683,404 747,362,828,410
p00\face\348.jpg p00\left\348.jpg p00\right\348.jpg p00\grid\348.jpg day21/0558.jpg left 621.0,7.0 0.15473334,0.013126115 9.993903,-26.497307,499.25168 0.2238053125,0.22380524999999998 508,221,778,491 544,289,613,330 676,291,748,334
p00\face\349.jpg p00\left\349.jpg p00\right\349.jpg p00\grid\349.jpg day12/0118.jpg left 669.0,276.0 0.041352417,0.2303335 -9.006375,-4.437706,443.9313 0.2238053125,0.22380524999999998 451,251,758,558 489,331,570,379 637,327,722,378
p00\face\350.jpg p00\left\350.jpg p00\right\350.jpg p00\grid\350.jpg day04/1045.jpg left 327.0,208.0 0.14202158,0.04807432 44.837746,-9.744516,483.55063 0.2238053125,0.22380524999999998 576,252,853,529 613,319,686,362 747,324,822,369
p00\face\351.jpg p00\left\351.jpg p00\right\351.jpg p00\grid\351.jpg day22/0829.jpg left 875.0,519.0 0.016642021,0.34466 6.444526,-10.728475,430.36563 0.2238053125,0.22380524999999998 481,232,799,550 520,315,602,364 675,313,760,364
p00\face\352.jpg p00\left\352.jpg p00\right\352.jpg p00\grid\352.jpg day38/0261.jpg left 247.0,776.0 -0.094930254,0.27536684 32.277832,-33.884495,432.6352 0.2238053125,0.22380524999999998 544,182,854,492 579,259,664,310 735,264,813,310
p00\face\353.jpg p00\left\353.jpg p00\right\353.jpg p00\grid\353.jpg day24/1124.jpg left 174.0,751.0 0.17492646,0.09794945 36.97517,12.950528,398.41605 0.2238053125,0.22380524999999998 547,286,883,622 593,368,678,419 755,371,846,425
p00\face\354.jpg p00\left\354.jpg p00\right\354.jpg p00\grid\354.jpg day16/1049.jpg left 163.0,425.0 -0.0107106,0.19595425 17.485863,-21.300228,456.7216 0.2238053125,0.22380524999999998 514,219,811,516 550,294,629,341 697,295,773,340
p00\face\355.jpg p00\left\355.jpg p00\right\355.jpg p00\grid\355.jpg day05/0200.jpg left 82.0,389.0 0.043706138,0.031764906 -5.894238,-26.109665,446.73074 0.2238053125,0.22380524999999998 458,206,758,506 499,277,578,324 646,286,725,333
p00\face\356.jpg p00\left\356.jpg p00\right\356.jpg p00\grid\356.jpg day37/0314.jpg left 753.0,513.0 0.16185507,0.031107388 -11.394857,1.72008,408.98193 0.2238053125,0.22380524999999998 433,262,757,586 477,339,561,389 633,345,721,397
p00\face\357.jpg p00\left\357.jpg p00\right\357.jpg p00\grid\357.jpg day20/0019.jpg left 850.0,671.0 0.13510902,0.062433627 31.210299,-28.281487,440.2601 0.2238053125,0.22380524999999998 541,198,848,505 581,276,660,323 729,275,813,325
p00\face\358.jpg p00\left\358.jpg p00\right\358.jpg p00\grid\358.jpg day28/0621.jpg left 546.0,171.0 0.032625485,0.081064016 22.67445,-10.63507,451.46075 0.2238053125,0.22380524999999998 524,240,825,541 560,317,641,365 707,316,788,364
p00\face\359.jpg p00\left\359.jpg p00\right\359.jpg p00\grid\359.jpg day23/0035.jpg left 1113.0,743.0 0.16805172,-0.06885196 20.45566,-54.90719,403.7974 0.2238053125,0.22380524999999998 513,119,844,450 553,209,637,259 710,195,803,250
p00\face\360.jpg p00\left\360.jpg p00\right\360.jpg p00\grid\360.jpg day12/0501.jpg left 414.0,119.0 -0.075141594,0.12656234 34.468357,-24.699345,455.6872 0.2238053125,0.22380524999999998 554,211,851,508 585,289,667,338 732,284,810,330
p00\face\361.jpg p00\left\361.jpg p00\right\361.jpg p00\grid\361.jpg day04/0822.jpg left 336.0,763.0 -0.24847116,0.027836274 -16.254675,-22.471134,462.81427 0.2238053125,0.22380524999999998 445,221,731,507 479,291,558,338 620,293,695,338
p00\face\362.jpg p00\left\362.jpg p00\right\362.jpg p00\grid\362.jpg day23/0254.jpg left 850.0,37.0 0.19691485,0.08271354 -4.024173,13.972991,395.96484 0.2238053125,0.22380524999999998 447,291,778,622 491,369,578,421 652,375,742,429
p00\face\363.jpg p00\left\363.jpg p00\right\363.jpg p00\grid\363.jpg day02/0029.jpg left 57.0,455.0 0.14873423,0.26281 7.779804,84.37872,577.0964 0.2238053125,0.22380524999999998 522,434,753,665 552,491,612,527 663,491,726,528
p00\face\364.jpg p00\left\364.jpg p00\right\364.jpg p00\grid\364.jpg day17/0158.jpg left 68.0,417.0 0.07958229,0.48825258 17.717247,-27.708124,399.37762 0.2238053125,0.22380524999999998 502,180,836,514 543,271,630,323 706,265,796,319
p00\face\365.jpg p00\left\365.jpg p00\right\365.jpg p00\grid\365.jpg day15/0527.jpg left 775.0,512.0 -0.018596362,0.0793387 30.44339,-7.362575,449.76874 0.2238053125,0.22380524999999998 540,248,840,548 577,321,658,369 725,326,804,373
p00\face\366.jpg p00\left\366.jpg p00\right\366.jpg p00\grid\366.jpg day22/0103.jpg left 1017.0,637.0 0.052475017,-0.0062283576 -26.205044,-70.56139,404.18863 0.2238053125,0.22380524999999998 393,80,726,413 437,165,522,216 597,164,688,218
p00\face\367.jpg p00\left\367.jpg p00\right\367.jpg p00\grid\367.jpg day04/0581.jpg left 62.0,435.0 0.30240437,0.102494344 24.504356,50.888027,521.52277 0.2238053125,0.22380524999999998 546,381,793,628 577,437,646,478 700,444,764,482
p00\face\368.jpg p00\left\368.jpg p00\right\368.jpg p00\grid\368.jpg day27/0222.jpg left 87.0,360.0 0.009565173,0.40486628 19.134508,6.865302,414.47586 0.2238053125,0.22380524999999998 510,271,837,598 546,358,633,410 708,351,793,402
p00\face\369.jpg p00\left\369.jpg p00\right\369.jpg p00\grid\369.jpg day37/0303.jpg left 310.0,266.0 -0.11701145,0.09108314 13.172266,-11.562355,417.88773 0.2238053125,0.22380524999999998 493,230,814,551 532,306,620,358 691,315,775,365
p00\face\370.jpg p00\left\370.jpg p00\right\370.jpg p00\grid\370.jpg day30/0012.jpg left 1209.0,245.0 0.061466943,0.18442246 -7.230794,-14.846615,407.862 0.2238053125,0.22380524999999998 445,218,776,549 484,309,568,359 644,295,734,349
p00\face\371.jpg p00\left\371.jpg p00\right\371.jpg p00\grid\371.jpg day09/0212.jpg left 772.0,420.0 -0.00035422033,0.30010423 46.155373,8.035929,440.35968 0.2238053125,0.22380524999999998 575,280,882,587 611,356,695,406 764,360,843,407
p00\face\372.jpg p00\left\372.jpg p00\right\372.jpg p00\grid\372.jpg day25/0458.jpg left 541.0,673.0 0.055632588,0.15530391 5.849058,10.493047,445.0864 0.2238053125,0.22380524999999998 482,285,789,592 522,363,603,411 672,364,754,413
p00\face\373.jpg p00\left\373.jpg p00\right\373.jpg p00\grid\373.jpg day11/0208.jpg left 1150.0,278.0 0.04419464,0.32797715 31.91286,14.180585,463.73892 0.2238053125,0.22380524999999998 540,296,832,588 583,362,661,408 725,380,804,427
p00\face\374.jpg p00\left\374.jpg p00\right\374.jpg p00\grid\374.jpg day33/0124.jpg left 205.0,775.0 -0.06008526,0.18017773 6.661002,-12.518637,419.25336 0.2238053125,0.22380524999999998 478,227,802,551 516,307,603,359 678,311,760,360
p00\face\375.jpg p00\left\375.jpg p00\right\375.jpg p00\grid\375.jpg day19/0270.jpg left 1105.0,205.0 0.0885676,0.06907998 -4.386741,-5.288802,467.05875 0.2238053125,0.22380524999999998 470,257,759,546 507,330,582,375 648,329,726,375
p00\face\376.jpg p00\left\376.jpg p00\right\376.jpg p00\grid\376.jpg day25/0590.jpg left 408.0,771.0 0.024272488,0.19437446 18.137735,-23.016233,431.61023 0.2238053125,0.22380524999999998 514,208,824,518 548,287,638,341 694,279,785,333
p00\face\377.jpg p00\left\377.jpg p00\right\377.jpg p00\grid\377.jpg day36/0419.jpg left 1133.0,601.0 0.0277763,-0.028519545 -2.856244,-32.47638,443.48395 0.2238053125,0.22380524999999998 464,189,770,495 504,266,583,313 652,268,734,317
p00\face\378.jpg p00\left\378.jpg p00\right\378.jpg p00\grid\378.jpg day23/0058.jpg left 342.0,550.0 0.04521718,0.33619815 44.923443,49.859165,536.10516 0.2238053125,0.22380524999999998 580,372,833,625 611,435,680,476 736,437,803,477
p00\face\379.jpg p00\left\379.jpg p00\right\379.jpg p00\grid\379.jpg day16/0170.jpg left 689.0,125.0 0.014016905,0.32428232 36.971504,16.285015,440.72406 0.2238053125,0.22380524999999998 553,298,860,605 591,374,673,423 742,379,823,427
p00\face\380.jpg p00\left\380.jpg p00\right\380.jpg p00\grid\380.jpg day17/1043.jpg left 569.0,205.0 0.14824964,0.2447143 67.983574,-6.249179,394.44717 0.2238053125,0.22380524999999998 624,232,970,578 666,324,754,376 834,319,927,374
p00\face\381.jpg p00\left\381.jpg p00\right\381.jpg p00\grid\381.jpg day28/0472.jpg left 251.0,549.0 0.057355218,0.45329463 22.258394,10.838158,447.07962 0.2238053125,0.22380524999999998 523,286,824,587 561,365,640,412 707,363,788,411
p00\face\382.jpg p00\left\382.jpg p00\right\382.jpg p00\grid\382.jpg day19/0378.jpg left 136.0,267.0 0.05721139,0.14613831 35.624153,-3.388579,463.76028 0.2238053125,0.22380524999999998 557,259,851,553 590,338,668,384 734,329,812,375
p00\face\383.jpg p00\left\383.jpg p00\right\383.jpg p00\grid\383.jpg day02/0165.jpg left 350.0,549.0 0.47537667,0.07037285 45.74785,71.168564,442.1636 0.2238053125,0.22380524999999998 591,436,870,715 621,496,702,544 757,502,833,547
p00\face\384.jpg p00\left\384.jpg p00\right\384.jpg p00\grid\384.jpg day25/0055.jpg left 844.0,702.0 -0.07617331,0.07957605 15.714331,7.94912,470.21902 0.2238053125,0.22380524999999998 514,287,799,572 549,356,625,401 689,359,764,404
p00\face\385.jpg p00\left\385.jpg p00\right\385.jpg p00\grid\385.jpg day09/0020.jpg left 331.0,320.0 0.0754926,0.012114146 29.52789,-30.999418,469.4676 0.2238053125,0.22380524999999998 540,202,829,491 578,273,654,318 719,277,797,323
p00\face\386.jpg p00\left\386.jpg p00\right\386.jpg p00\grid\386.jpg day37/0282.jpg left 1252.0,524.0 0.0027449036,0.43989077 1.631224,-8.578394,434.82257 0.2238053125,0.22380524999999998 471,236,787,552 509,320,594,371 661,317,748,369
p00\face\387.jpg p00\left\387.jpg p00\right\387.jpg p00\grid\387.jpg day37/0364.jpg left 1265.0,478.0 0.06425961,0.10788619 -24.377468,-14.690253,452.8752 0.2238053125,0.22380524999999998 420,233,718,531 460,307,536,352 604,309,685,357
p00\face\388.jpg p00\left\388.jpg p00\right\388.jpg p00\grid\388.jpg day32/0447.jpg left 661.0,651.0 0.10607261,0.15477015 3.060608,37.849285,467.94534 0.2238053125,0.22380524999999998 487,349,776,638 523,423,598,468 663,419,742,466
p00\face\389.jpg p00\left\389.jpg p00\right\389.jpg p00\grid\389.jpg day09/0365.jpg left 556.0,18.0 -0.03779917,0.36692145 30.307007,-9.345954,514.54236 0.2238053125,0.22380524999999998 550,259,809,518 584,319,654,361 713,331,780,371
p00\face\390.jpg p00\left\390.jpg p00\right\390.jpg p00\grid\390.jpg day18/0237.jpg left 447.0,366.0 0.017767882,0.120787814 54.98,0.355799,426.2297 0.2238053125,0.22380524999999998 596,260,912,576 632,341,717,392 788,338,870,387
p00\face\391.jpg p00\left\391.jpg p00\right\391.jpg p00\grid\391.jpg day08/0124.jpg left 53.0,687.0 -0.10249406,0.08458474 23.885838,0.473097,504.92343 0.2238053125,0.22380524999999998 542,279,804,541 571,346,641,388 702,342,769,382
p00\face\392.jpg p00\left\392.jpg p00\right\392.jpg p00\grid\392.jpg day32/0165.jpg left 515.0,495.0 0.031064503,0.05800266 17.87906,8.329822,378.83716 0.2238053125,0.22380524999999998 492,268,847,623 538,356,634,413 710,357,807,415
p00\face\393.jpg p00\left\393.jpg p00\right\393.jpg p00\grid\393.jpg day29/0213.jpg left 403.0,329.0 0.011070101,0.49178642 8.152413,-6.631958,496.49304 0.2238053125,0.22380524999999998 505,258,775,528 539,328,611,371 671,330,743,373
p00\face\394.jpg p00\left\394.jpg p00\right\394.jpg p00\grid\394.jpg day03/1008.jpg left 152.0,630.0 0.26267266,0.038648862 20.152472,15.345165,432.4677 0.2238053125,0.22380524999999998 519,298,826,605 557,376,638,424 705,372,790,423
p00\face\395.jpg p00\left\395.jpg p00\right\395.jpg p00\grid\395.jpg day03/1033.jpg left 1181.0,143.0 0.42125896,-0.04449664 -0.75697,-13.411633,410.94757 0.2238053125,0.22380524999999998 482,236,782,536 514,318,590,363 656,294,741,345
p00\face\396.jpg p00\left\396.jpg p00\right\396.jpg p00\grid\396.jpg day34/0838.jpg left 164.0,488.0 -0.050951496,0.20937459 34.241753,9.810959,434.84537 0.2238053125,0.22380524999999998 552,284,861,593 584,366,669,417 738,358,817,405
p00\face\397.jpg p00\left\397.jpg p00\right\397.jpg p00\grid\397.jpg day26/0021.jpg left 1252.0,505.0 0.15864837,0.25811476 18.249502,-34.353226,473.4912 0.2238053125,0.22380524999999998 524,198,806,480 559,277,628,318 694,263,772,309
p00\face\398.jpg p00\left\398.jpg p00\right\398.jpg p00\grid\398.jpg day28/0514.jpg left 865.0,3.0 0.1114564,0.046412267 -9.881835,-5.248005,420.3771 0.2238053125,0.22380524999999998 445,247,761,563 483,328,565,377 635,323,722,375
p00\face\399.jpg p00\left\399.jpg p00\right\399.jpg p00\grid\399.jpg day25/0597.jpg left 378.0,373.0 0.046912413,0.0065037203 17.874344,-21.43865,432.34155 0.2238053125,0.22380524999999998 512,212,822,522 550,293,628,339 701,288,783,337
p00\face\400.jpg p00\left\400.jpg p00\right\400.jpg p00\grid\400.jpg day15/0137.jpg left 61.0,623.0 0.07977431,0.31418765 6.314186,91.11695,576.15216 0.2238053125,0.22380524999999998 520,444,754,678 548,507,608,543 663,499,724,535
p00\face\401.jpg p00\left\401.jpg p00\right\401.jpg p00\grid\401.jpg day19/0217.jpg left 285.0,394.0 0.0875,0.09696247 4.080387,-6.001521,447.13092 0.2238053125,0.22380524999999998 480,249,784,553 521,327,597,372 669,328,750,376
p00\face\402.jpg p00\left\402.jpg p00\right\402.jpg p00\grid\402.jpg day09/0627.jpg left 1.0,700.0 0.16381525,-0.043192655 84.43729,-18.54009,413.53146 0.2238053125,0.22380524999999998 662,209,990,537 704,294,789,345 863,294,951,346
p00\face\403.jpg p00\left\403.jpg p00\right\403.jpg p00\grid\403.jpg day01/0973.jpg left 976.0,584.0 0.24848495,0.09185243 -4.129558,34.994507,445.73026 0.2238053125,0.22380524999999998 475,348,766,639 508,425,583,470 646,411,728,460
p00\face\404.jpg p00\left\404.jpg p00\right\404.jpg p00\grid\404.jpg day06/0555.jpg left 360.0,21.0 0.22965273,0.11571585 -6.81719,38.664875,417.53214 0.2238053125,0.22380524999999998 452,354,767,669 491,430,575,480 645,430,729,480
p00\face\405.jpg p00\left\405.jpg p00\right\405.jpg p00\grid\405.jpg day24/0026.jpg left 773.0,39.0 0.21006984,-0.012740139 10.763778,-20.094723,386.68594 0.2238053125,0.22380524999999998 481,200,821,540 524,280,617,335 689,287,782,342
p00\face\406.jpg p00\left\406.jpg p00\right\406.jpg p00\grid\406.jpg day08/0696.jpg left 436.0,566.0 0.047465973,0.20991547 19.073715,31.996614,565.2768 0.2238053125,0.22380524999999998 538,340,779,581 567,403,630,440 685,400,749,438
p00\face\407.jpg p00\left\407.jpg p00\right\407.jpg p00\grid\407.jpg day03/0783.jpg left 546.0,470.0 0.13978055,0.1832037 15.44673,51.606037,612.3267 0.2238053125,0.22380524999999998 544,376,761,593 569,436,624,469 674,426,732,460
p00\face\408.jpg p00\left\408.jpg p00\right\408.jpg p00\grid\408.jpg day21/0065.jpg left 669.0,456.0 0.3241263,-0.05192191 39.647945,-18.447817,370.3862 0.2238053125,0.22380524999999998 556,199,908,551 601,286,692,340 771,285,867,342
p00\face\409.jpg p00\left\409.jpg p00\right\409.jpg p00\grid\409.jpg day39/0285.jpg left 459.0,632.0 -0.058653243,0.2637411 17.550924,13.459787,428.0108 0.2238053125,0.22380524999999998 508,291,823,606 545,370,630,421 701,371,782,419
p00\face\410.jpg p00\left\410.jpg p00\right\410.jpg p00\grid\410.jpg day24/0171.jpg left 266.0,386.0 -0.023926642,0.2880131 -1.707127,3.80873,434.7925 0.2238053125,0.22380524999999998 467,270,776,579 503,350,587,400 655,346,736,394
p00\face\411.jpg p00\left\411.jpg p00\right\411.jpg p00\grid\411.jpg day04/0811.jpg left 554.0,110.0 0.10369361,0.08019446 13.159268,-0.938458,532.45844 0.2238053125,0.22380524999999998 524,279,776,531 555,343,621,382 676,340,745,381
p00\face\412.jpg p00\left\412.jpg p00\right\412.jpg p00\grid\412.jpg day03/0708.jpg left 645.0,136.0 0.36297435,0.115996465 15.6528,48.71168,447.16412 0.2238053125,0.22380524999999998 520,381,805,666 555,452,628,495 692,446,770,492
p00\face\413.jpg p00\left\413.jpg p00\right\413.jpg p00\grid\413.jpg day02/0182.jpg left 1277.0,186.0 0.21429712,0.12371774 -28.812147,23.361872,535.899 0.2238053125,0.22380524999999998 459,330,697,568 484,402,542,436 597,375,664,415
p00\face\414.jpg p00\left\414.jpg p00\right\414.jpg p00\grid\414.jpg day29/0730.jpg left 246.0,695.0 0.055949096,-0.085000545 17.987846,-25.627903,394.04352 0.2238053125,0.22380524999999998 498,184,841,527 541,272,631,326 709,272,800,326
p00\face\415.jpg p00\left\415.jpg p00\right\415.jpg p00\grid\415.jpg day10/0554.jpg left 621.0,38.0 -0.03503563,0.3491625 18.269575,-12.970025,413.99277 0.2238053125,0.22380524999999998 501,222,829,550 543,301,634,355 704,312,791,364
p00\face\416.jpg p00\left\416.jpg p00\right\416.jpg p00\grid\416.jpg day39/0098.jpg left 525.0,417.0 0.25768518,0.13843589 -4.004655,26.342628,412.33356 0.2238053125,0.22380524999999998 453,323,772,642 495,395,588,450 643,402,740,460
p00\face\417.jpg p00\left\417.jpg p00\right\417.jpg p00\grid\417.jpg day08/0712.jpg left 899.0,799.0 0.034578413,0.31232435 27.290985,-11.191993,449.76056 0.2238053125,0.22380524999999998 532,237,835,540 571,314,650,361 720,318,799,365
p00\face\418.jpg p00\left\418.jpg p00\right\418.jpg p00\grid\418.jpg day24/0539.jpg left 714.0,521.0 -0.08430653,0.34057266 39.137516,43.577374,536.47565 0.2238053125,0.22380524999999998 572,362,822,612 600,423,669,464 726,428,789,465
p00\face\419.jpg p00\left\419.jpg p00\right\419.jpg p00\grid\419.jpg day03/0580.jpg left 827.0,170.0 0.047808148,0.030431768 5.106259,37.56828,416.531 0.2238053125,0.22380524999999998 474,344,801,671 514,429,602,481 669,424,762,479
p00\face\420.jpg p00\left\420.jpg p00\right\420.jpg p00\grid\420.jpg day27/0166.jpg left 343.0,192.0 0.005066234,0.12645529 13.600323,20.06279,371.67963 0.2238053125,0.22380524999999998 483,299,844,660 524,393,620,450 701,384,797,441
p00\face\421.jpg p00\left\421.jpg p00\right\421.jpg p00\grid\421.jpg day29/0169.jpg left 310.0,157.0 -0.01338411,0.45056003 8.971827,21.846088,492.32126 0.2238053125,0.22380524999999998 506,314,783,591 538,389,611,432 674,385,747,428
p00\face\422.jpg p00\left\422.jpg p00\right\422.jpg p00\grid\422.jpg day24/1090.jpg left 1016.0,618.0 0.05514672,0.1609704 31.886513,6.964405,422.17276 0.2238053125,0.22380524999999998 542,276,860,594 580,359,661,407 736,353,820,403
p00\face\423.jpg p00\left\423.jpg p00\right\423.jpg p00\grid\423.jpg day11/0094.jpg left 1083.0,256.0 0.124027096,0.3317947 27.302237,14.552438,432.51627 0.2238053125,0.22380524999999998 528,292,843,607 570,371,652,420 720,373,808,425
p00\face\424.jpg p00\left\424.jpg p00\right\424.jpg p00\grid\424.jpg day12/0272.jpg left 1031.0,486.0 -0.003951154,0.3633472 -11.174158,32.027164,515.72394 0.2238053125,0.22380524999999998 475,337,739,601 503,410,575,453 631,398,703,441
p00\face\425.jpg p00\left\425.jpg p00\right\425.jpg p00\grid\425.jpg day27/0539.jpg left 465.0,268.0 -0.010712514,0.017343517 -0.169924,-6.723045,416.9002 0.2238053125,0.22380524999999998 460,239,787,566 500,320,588,372 659,323,747,375
p00\face\426.jpg p00\left\426.jpg p00\right\426.jpg p00\grid\426.jpg day08/0483.jpg left 853.0,614.0 -0.10898705,0.31718478 32.801254,-49.37559,480.04666 0.2238053125,0.22380524999999998 552,168,829,445 585,234,661,279 725,246,794,287
p00\face\427.jpg p00\left\427.jpg p00\right\427.jpg p00\grid\427.jpg day15/0469.jpg left 256.0,305.0 -0.057726864,0.2589807 23.065332,-2.289431,538.34796 0.2238053125,0.22380524999999998 538,272,797,531 567,337,646,384 688,336,766,382
p00\face\428.jpg p00\left\428.jpg p00\right\428.jpg p00\grid\428.jpg day13/0300.jpg left 420.0,280.0 0.20350632,0.11295188 -7.743803,7.041869,431.2537 0.2238053125,0.22380524999999998 455,279,762,586 494,360,572,406 641,351,726,402
p00\face\429.jpg p00\left\429.jpg p00\right\429.jpg p00\grid\429.jpg day10/0846.jpg left 1241.0,558.0 0.07401026,0.07830215 16.645702,-52.453876,442.51807 0.2238053125,0.22380524999999998 511,144,817,450 548,226,627,273 695,218,779,268
p00\face\430.jpg p00\left\430.jpg p00\right\430.jpg p00\grid\430.jpg day03/0985.jpg left 1076.0,336.0 0.38838357,-0.04748925 7.201648,-3.76272,433.1524 0.2238053125,0.22380524999999998 500,262,791,553 533,334,611,380 676,329,752,374
p00\face\431.jpg p00\left\431.jpg p00\right\431.jpg p00\grid\431.jpg day31/0694.jpg left 1263.0,254.0 0.13490643,-0.0070461594 -4.807727,-7.138474,331.70743 0.2238053125,0.22380524999999998 418,212,814,608 463,316,566,377 653,304,762,369
p00\face\432.jpg p00\left\432.jpg p00\right\432.jpg p00\grid\432.jpg day25/0183.jpg left 104.0,481.0 0.12341588,0.08329885 5.204104,4.942784,428.13916 0.2238053125,0.22380524999999998 483,275,790,582 520,349,604,399 673,351,752,398
p00\face\433.jpg p00\left\433.jpg p00\right\433.jpg p00\grid\433.jpg day02/0528.jpg left 879.0,294.0 0.23048416,0.09315616 15.88724,27.105316,547.7775 0.2238053125,0.22380524999999998 535,333,778,576 563,399,626,436 680,388,747,428
p00\face\434.jpg p00\left\434.jpg p00\right\434.jpg p00\grid\434.jpg day05/0128.jpg left 389.0,340.0 0.19754088,0.05532885 20.640997,12.563579,438.92798 0.2238053125,0.22380524999999998 520,293,823,596 559,367,638,414 705,368,787,417
p00\face\435.jpg p00\left\435.jpg p00\right\435.jpg p00\grid\435.jpg day20/0107.jpg left 53.0,206.0 0.12048591,0.013718636 13.198986,-23.904976,423.94247 0.2238053125,0.22380524999999998 497,202,815,520 537,284,619,333 692,280,777,331
p00\face\436.jpg p00\left\436.jpg p00\right\436.jpg p00\grid\436.jpg day12/0006.jpg left 561.0,223.0 0.21364267,-0.07711516 17.454353,-48.84955,412.55945 0.2238053125,0.22380524999999998 504,140,825,461 547,216,632,267 702,223,789,275
p00\face\437.jpg p00\left\437.jpg p00\right\437.jpg p00\grid\437.jpg day22/0666.jpg left 242.0,711.0 0.08714108,0.45813245 31.174952,28.923958,466.50464 0.2238053125,0.22380524999999998 544,327,836,619 581,404,657,449 724,402,802,448
p00\face\438.jpg p00\left\438.jpg p00\right\438.jpg p00\grid\438.jpg day24/0049.jpg left 1159.0,15.0 0.009530893,0.18798888 -3.330501,8.125668,473.49594 0.2238053125,0.22380524999999998 476,285,764,573 509,363,585,408 648,353,727,400
p00\face\439.jpg p00\left\439.jpg p00\right\439.jpg p00\grid\439.jpg day24/0643.jpg left 457.0,11.0 0.067863725,0.30628204 10.704379,69.96169,551.1505 0.2238053125,0.22380524999999998 522,410,766,654 552,473,615,510 671,469,737,508
p00\face\440.jpg p00\left\440.jpg p00\right\440.jpg p00\grid\440.jpg day33/0365.jpg left 546.0,148.0 0.023617893,-0.012271787 -4.861576,-17.083427,371.9727 0.2238053125,0.22380524999999998 428,197,791,560 475,286,572,344 650,291,749,350
p00\face\441.jpg p00\left\441.jpg p00\right\441.jpg p00\grid\441.jpg day28/0616.jpg left 638.0,165.0 -0.0070901494,0.079530925 12.564789,-3.940096,404.26047 0.2238053125,0.22380524999999998 492,245,823,576 530,331,617,383 691,323,781,377
p00\face\442.jpg p00\left\442.jpg p00\right\442.jpg p00\grid\442.jpg day22/0344.jpg left 1027.0,328.0 0.05434138,0.1554497 -5.515508,22.798054,428.2367 0.2238053125,0.22380524999999998 457,313,772,628 494,397,575,445 647,387,732,438
p00\face\443.jpg p00\left\443.jpg p00\right\443.jpg p00\grid\443.jpg day30/0502.jpg left 4.0,764.0 -0.0146387005,-0.44436514 -3.259877,18.633139,431.13016 0.2238053125,0.22380524999999998 467,302,764,599 504,383,585,431 648,384,729,432
p00\face\444.jpg p00\left\444.jpg p00\right\444.jpg p00\grid\444.jpg day13/0077.jpg left 156.0,400.0 0.12410148,0.11234659 9.532163,24.197111,456.9861 0.2238053125,0.22380524999999998 500,322,789,611 538,394,611,437 679,394,755,439
p00\face\445.jpg p00\left\445.jpg p00\right\445.jpg p00\grid\445.jpg day39/0253.jpg left 570.0,719.0 0.027297223,0.28924707 1.027539,-4.658821,407.0808 0.2238053125,0.22380524999999998 459,242,792,575 503,326,588,377 664,327,754,381
p00\face\446.jpg p00\left\446.jpg p00\right\446.jpg p00\grid\446.jpg day17/0679.jpg left 1144.0,545.0 -0.11910942,0.19854513 9.123107,29.274504,431.58078 0.2238053125,0.22380524999999998 496,332,800,636 527,411,615,463 680,402,758,448
p00\face\447.jpg p00\left\447.jpg p00\right\447.jpg p00\grid\447.jpg day27/0352.jpg left 1200.0,778.0 0.16191724,0.23612851 -14.95222,23.346012,400.60416 0.2238053125,0.22380524999999998 422,314,753,645 461,394,560,453 618,390,715,448
p00\face\448.jpg p00\left\448.jpg p00\right\448.jpg p00\grid\448.jpg day01/0662.jpg left 970.0,277.0 0.37284285,0.26308182 13.242016,86.35201,489.24323 0.2238053125,0.22380524999999998 520,454,785,719 552,520,628,565 677,512,755,558
p00\face\449.jpg p00\left\449.jpg p00\right\449.jpg p00\grid\449.jpg day02/0145.jpg left 547.0,162.0 0.20752771,0.060009733 0.551521,16.246998,407.30905 0.2238053125,0.22380524999999998 465,298,787,620 506,376,591,427 662,378,749,430
p00\face\450.jpg p00\left\450.jpg p00\right\450.jpg p00\grid\450.jpg day35/0921.jpg left 621.0,725.0 -0.049663663,0.057738017 12.944425,-16.091248,502.78186 0.2238053125,0.22380524999999998 516,244,783,511 549,310,619,352 679,310,751,353
p00\face\451.jpg p00\left\451.jpg p00\right\451.jpg p00\grid\451.jpg day33/0748.jpg left 176.0,751.0 -0.02594292,0.3913945 18.731445,-24.22076,347.48157 0.2238053125,0.22380524999999998 489,169,867,547 534,261,636,322 722,268,819,326
p00\face\452.jpg p00\left\452.jpg p00\right\452.jpg p00\grid\452.jpg day05/0215.jpg left 637.0,516.0 0.1367182,-0.022675531 0.542073,-17.227865,436.53152 0.2238053125,0.22380524999999998 471,224,775,528 511,295,593,344 659,303,741,352
p00\face\453.jpg p00\left\453.jpg p00\right\453.jpg p00\grid\453.jpg day04/0796.jpg left 1276.0,344.0 -0.07055318,0.11276324 -2.380663,-1.331518,399.34802 0.2238053125,0.22380524999999998 454,250,790,586 491,340,579,392 655,328,745,382
p00\face\454.jpg p00\left\454.jpg p00\right\454.jpg p00\grid\454.jpg day27/0421.jpg left 385.0,123.0 0.020164618,0.07808544 29.612091,-3.773208,418.45633 0.2238053125,0.22380524999999998 534,249,855,570 574,329,659,380 729,328,816,380
p00\face\455.jpg p00\left\455.jpg p00\right\455.jpg p00\grid\455.jpg day32/0441.jpg left 531.0,778.0 0.15059209,0.10908604 13.432061,41.20826,459.204 0.2238053125,0.22380524999999998 508,358,799,649 545,430,620,475 687,430,765,476
p00\face\456.jpg p00\left\456.jpg p00\right\456.jpg p00\grid\456.jpg day27/0294.jpg left 837.0,391.0 -0.03290889,0.21280509 -8.269094,24.351488,413.8977 0.2238053125,0.22380524999999998 442,314,770,642 480,399,567,451 640,395,728,447
p00\face\457.jpg p00\left\457.jpg p00\right\457.jpg p00\grid\457.jpg day09/0985.jpg left 335.0,631.0 0.10910491,0.43597028 16.871334,-22.14624,560.84 0.2238053125,0.22380524999999998 536,241,777,482 565,311,626,347 681,300,747,339
p00\face\458.jpg p00\left\458.jpg p00\right\458.jpg p00\grid\458.jpg day35/0811.jpg left 929.0,524.0 -0.052579593,0.15962791 11.495534,-12.560118,440.9748 0.2238053125,0.22380524999999998 498,234,804,540 534,311,615,359 683,311,765,360
p00\face\459.jpg p00\left\459.jpg p00\right\459.jpg p00\grid\459.jpg day08/0343.jpg left 887.0,763.0 -0.009665091,0.12664326 30.372183,63.81416,631.607 0.2238053125,0.22380524999999998 565,394,778,607 591,446,648,480 697,449,752,482
p00\face\460.jpg p00\left\460.jpg p00\right\460.jpg p00\grid\460.jpg day33/0772.jpg left 947.0,332.0 0.005368116,0.37127692 -2.447998,-30.023104,368.37057 0.2238053125,0.22380524999999998 438,161,801,524 482,257,575,312 656,251,756,311
p00\face\461.jpg p00\left\461.jpg p00\right\461.jpg p00\grid\461.jpg day16/0094.jpg left 465.0,358.0 0.1920994,0.27644175 22.280165,3.796783,437.17404 0.2238053125,0.22380524999999998 519,269,831,581 561,351,639,397 709,345,796,397
p00\face\462.jpg p00\left\462.jpg p00\right\462.jpg p00\grid\462.jpg day14/0415.jpg left 282.0,767.0 0.07516393,0.052373935 15.6022,-21.277472,460.67847 0.2238053125,0.22380524999999998 511,219,806,514 548,297,624,342 690,293,771,341
p00\face\463.jpg p00\left\463.jpg p00\right\463.jpg p00\grid\463.jpg day01/0396.jpg left 856.0,726.0 0.17573336,0.0809487 -17.816269,34.041405,585.08954 0.2238053125,0.22380524999999998 484,347,710,573 510,408,568,442 620,400,681,436
p00\face\464.jpg p00\left\464.jpg p00\right\464.jpg p00\grid\464.jpg day15/0303.jpg left 793.0,342.0 0.06469231,0.21669479 62.10007,77.30932,578.24786 0.2238053125,0.22380524999999998 611,419,845,653 642,473,705,510 756,483,819,520
p00\face\465.jpg p00\left\465.jpg p00\right\465.jpg p00\grid\465.jpg day04/0338.jpg left 857.0,408.0 -0.06309631,0.2103563 28.529016,86.9287,656.0442 0.2238053125,0.22380524999999998 564,429,766,631 591,477,645,509 690,482,744,514
p00\face\466.jpg p00\left\466.jpg p00\right\466.jpg p00\grid\466.jpg day28/0730.jpg left 572.0,414.0 0.017268326,0.34974876 17.944916,2.290932,446.79797 0.2238053125,0.22380524999999998 514,268,815,569 551,346,630,393 699,345,778,392
p00\face\467.jpg p00\left\467.jpg p00\right\467.jpg p00\grid\467.jpg day22/0371.jpg left 431.0,603.0 0.06442856,0.13009651 4.644162,20.096973,459.23093 0.2238053125,0.22380524999999998 488,310,782,604 525,387,600,432 666,382,747,430
p00\face\468.jpg p00\left\468.jpg p00\right\468.jpg p00\grid\468.jpg day16/0419.jpg left 533.0,264.0 0.08484491,0.16743636 2.493095,-19.738585,449.76236 0.2238053125,0.22380524999999998 479,220,780,521 518,298,596,344 663,295,745,344
p00\face\469.jpg p00\left\469.jpg p00\right\469.jpg p00\grid\469.jpg day29/0403.jpg left 45.0,175.0 -0.11923722,0.10087782 26.703682,-6.820417,502.1761 0.2238053125,0.22380524999999998 541,264,805,528 576,323,648,366 708,336,775,376
p00\face\470.jpg p00\left\470.jpg p00\right\470.jpg p00\grid\470.jpg day04/1118.jpg left 1127.0,8.0 -0.02389173,0.13601443 24.200884,15.256454,424.89676 0.2238053125,0.22380524999999998 526,296,841,611 562,377,644,426 715,371,800,422
p00\face\471.jpg p00\left\471.jpg p00\right\471.jpg p00\grid\471.jpg day08/0182.jpg left 14.0,738.0 0.06910984,0.6329061 52.36826,66.7537,598.27167 0.2238053125,0.22380524999999998 600,399,822,621 627,456,688,492 736,458,794,492
p00\face\472.jpg p00\left\472.jpg p00\right\472.jpg p00\grid\472.jpg day31/0118.jpg left 600.0,795.0 -0.041719314,0.18582627 -19.009148,-33.984035,381.27942 0.2238053125,0.22380524999999998 396,156,753,513 440,248,533,303 615,247,709,303
p00\face\473.jpg p00\left\473.jpg p00\right\473.jpg p00\grid\473.jpg day10/0162.jpg left 1064.0,627.0 0.17592959,0.14694695 -20.707136,20.385763,474.6832 0.2238053125,0.22380524999999998 444,315,723,594 479,391,548,432 611,378,690,425
p00\face\474.jpg p00\left\474.jpg p00\right\474.jpg p00\grid\474.jpg day11/0217.jpg left 553.0,78.0 0.104310095,0.11396105 14.673657,14.719574,455.11917 0.2238053125,0.22380524999999998 505,296,806,597 545,373,624,420 688,371,773,422
p00\face\475.jpg p00\left\475.jpg p00\right\475.jpg p00\grid\475.jpg day02/0144.jpg left 784.0,730.0 0.17098008,0.07456823 -6.405926,22.140024,413.0101 0.2238053125,0.22380524999999998 448,311,770,633 490,392,574,442 644,390,734,444
p00\face\476.jpg p00\left\476.jpg p00\right\476.jpg p00\grid\476.jpg day35/0173.jpg left 338.0,641.0 0.11234367,0.009244787 10.831666,-17.110355,442.5119 0.2238053125,0.22380524999999998 499,225,802,528 536,304,615,351 682,298,764,347
p00\face\477.jpg p00\left\477.jpg p00\right\477.jpg p00\grid\477.jpg day19/0177.jpg left 40.0,106.0 0.051929064,0.027871776 34.99166,-8.81466,410.99936 0.2238053125,0.22380524999999998 545,233,873,561 585,317,672,369 745,315,833,367
p00\face\478.jpg p00\left\478.jpg p00\right\478.jpg p00\grid\478.jpg day27/0520.jpg left 376.0,133.0 0.19448459,0.02225446 14.804037,-2.851086,385.0051 0.2238053125,0.22380524999999998 488,242,834,588 534,326,625,380 702,331,795,386
p00\face\479.jpg p00\left\479.jpg p00\right\479.jpg p00\grid\479.jpg day18/0288.jpg left 485.0,620.0 0.093978815,0.2109417 11.192311,-6.768348,403.53467 0.2238053125,0.22380524999999998 481,236,817,572 528,318,613,369 690,324,781,378
p00\face\480.jpg p00\left\480.jpg p00\right\480.jpg p00\grid\480.jpg day15/0138.jpg left 269.0,772.0 0.0843346,0.35269678 5.660498,93.45697,577.38947 0.2238053125,0.22380524999999998 519,448,753,682 547,511,607,547 660,502,723,539
p00\face\481.jpg p00\left\481.jpg p00\right\481.jpg p00\grid\481.jpg day30/0018.jpg left 356.0,260.0 0.04428961,0.18987136 -0.374301,-14.956834,403.7755 0.2238053125,0.22380524999999998 457,215,794,552 497,306,585,358 661,296,752,350
p00\face\482.jpg p00\left\482.jpg p00\right\482.jpg p00\grid\482.jpg day27/0151.jpg left 173.0,207.0 0.09305324,0.16831578 3.545745,-1.428686,408.0491 0.2238053125,0.22380524999999998 464,249,800,585 508,334,595,386 671,335,762,389
p00\face\483.jpg p00\left\483.jpg p00\right\483.jpg p00\grid\483.jpg day11/0116.jpg left 127.0,470.0 0.02457501,0.4957867 17.765099,30.555832,500.37982 0.2238053125,0.22380524999999998 523,333,793,603 558,402,628,444 691,406,761,448
p00\face\484.jpg p00\left\484.jpg p00\right\484.jpg p00\grid\484.jpg day01/0925.jpg left 186.0,221.0 -0.16785577,0.18176979 22.609674,43.278774,498.5732 0.2238053125,0.22380524999999998 538,365,800,627 569,429,639,471 698,429,767,470
p00\face\485.jpg p00\left\485.jpg p00\right\485.jpg p00\grid\485.jpg day01/0497.jpg left 176.0,442.0 0.027138148,0.45100388 34.21071,71.29843,484.50546 0.2238053125,0.22380524999999998 555,418,832,695 588,484,669,532 721,488,800,535
p00\face\486.jpg p00\left\486.jpg p00\right\486.jpg p00\grid\486.jpg day05/0470.jpg left 741.0,65.0 0.023472173,0.22346665 17.152225,25.537169,537.64624 0.2238053125,0.22380524999999998 529,327,782,580 561,391,628,431 683,391,752,432
p00\face\487.jpg p00\left\487.jpg p00\right\487.jpg p00\grid\487.jpg day28/0625.jpg left 916.0,237.0 0.16047704,0.08699581 9.257065,-12.200246,452.4185 0.2238053125,0.22380524999999998 497,239,794,536 535,316,611,361 677,310,759,359
p00\face\488.jpg p00\left\488.jpg p00\right\488.jpg p00\grid\488.jpg day22/0428.jpg left 557.0,553.0 -0.06752147,0.10553487 9.0319,8.233911,428.2057 0.2238053125,0.22380524999999998 484,279,799,594 525,352,610,403 681,364,762,412
p00\face\489.jpg p00\left\489.jpg p00\right\489.jpg p00\grid\489.jpg day13/0585.jpg left 697.0,126.0 -0.048467748,0.22187468 9.963667,9.547399,567.3189 0.2238053125,0.22380524999999998 521,300,762,541 550,361,614,399 669,363,732,400
p00\face\490.jpg p00\left\490.jpg p00\right\490.jpg p00\grid\490.jpg day26/0650.jpg left 831.0,205.0 0.097412415,0.15275419 -2.777524,21.992706,493.58853 0.2238053125,0.22380524999999998 482,317,756,591 517,389,586,430 651,385,724,428
p00\face\491.jpg p00\left\491.jpg p00\right\491.jpg p00\grid\491.jpg day03/1010.jpg left 520.0,705.0 0.28643718,-0.005898628 30.657314,-1.773711,410.47122 0.2238053125,0.22380524999999998 538,253,860,575 580,332,664,382 735,334,823,386
p00\face\492.jpg p00\left\492.jpg p00\right\492.jpg p00\grid\492.jpg day03/0707.jpg left 582.0,299.0 0.27696934,0.1249535 26.463165,47.682564,451.99518 0.2238053125,0.22380524999999998 541,376,827,662 577,447,650,490 716,445,792,490
p00\face\493.jpg p00\left\493.jpg p00\right\493.jpg p00\grid\493.jpg day15/0305.jpg left 121.0,722.0 0.099958554,0.29005247 61.598125,79.44512,585.92126 0.2238053125,0.22380524999999998 610,422,841,653 642,476,703,512 755,485,816,521
p00\face\494.jpg p00\left\494.jpg p00\right\494.jpg p00\grid\494.jpg day02/0360.jpg left 486.0,55.0 -0.032389726,0.07102481 13.501923,-1.210581,494.81296 0.2238053125,0.22380524999999998 517,270,791,544 548,343,620,386 682,336,755,379
p00\face\495.jpg p00\left\495.jpg p00\right\495.jpg p00\grid\495.jpg day03/0201.jpg left 348.0,107.0 -0.0707431,0.15018673 44.06521,38.069187,409.45767 0.2238053125,0.22380524999999998 571,350,895,674 607,433,695,485 765,426,852,478
p00\face\496.jpg p00\left\496.jpg p00\right\496.jpg p00\grid\496.jpg day31/0216.jpg left 1007.0,632.0 0.052744787,0.016010258 -41.036076,-29.491158,381.6659 0.2238053125,0.22380524999999998 345,172,693,520 389,263,476,315 556,256,652,313
p00\face\497.jpg p00\left\497.jpg p00\right\497.jpg p00\grid\497.jpg day33/0757.jpg left 1146.0,441.0 0.03659642,0.36130038 -6.513308,-16.572577,352.8271 0.2238053125,0.22380524999999998 409,185,799,575 457,280,577,352 636,282,757,354
p00\face\498.jpg p00\left\498.jpg p00\right\498.jpg p00\grid\498.jpg day16/0707.jpg left 496.0,539.0 0.067910634,0.3333868 3.321512,-0.538573,556.2989 0.2238053125,0.22380524999999998 509,281,753,525 540,348,601,384 658,341,724,380
p00\face\499.jpg p00\left\499.jpg p00\right\499.jpg p00\grid\499.jpg day09/0949.jpg left 370.0,92.0 0.11649256,0.26745844 27.99208,-57.447002,425.4781 0.2238053125,0.22380524999999998 534,122,852,440 571,212,653,261 724,197,811,249
p00\face\500.jpg p00\left\500.jpg p00\right\500.jpg p00\grid\500.jpg day01/0141.jpg left 194.0,252.0 -0.13932373,0.18068632 27.64018,41.57687,515.3949 0.2238053125,0.22380524999999998 548,360,806,618 578,422,650,465 707,425,773,464
p00\face\501.jpg p00\left\501.jpg p00\right\501.jpg p00\grid\501.jpg day04/0712.jpg left 1038.0,377.0 -0.15535599,0.05724456 7.134415,-21.901766,429.0699 0.2238053125,0.22380524999999998 484,211,794,521 522,285,606,335 674,290,756,339
p00\face\502.jpg p00\left\502.jpg p00\right\502.jpg p00\grid\502.jpg day02/0525.jpg left 787.0,760.0 -0.11495017,0.13589384 39.268795,29.704485,551.7023 0.2238053125,0.22380524999999998 573,337,816,580 602,396,668,435 722,400,785,437
p00\face\503.jpg p00\left\503.jpg p00\right\503.jpg p00\grid\503.jpg day03/0487.jpg left 126.0,248.0 -0.038104255,0.19884862 20.265612,30.760298,523.31476 0.2238053125,0.22380524999999998 535,338,791,594 565,402,634,443 692,402,759,442
p00\face\504.jpg p00\left\504.jpg p00\right\504.jpg p00\grid\504.jpg day38/0111.jpg left 459.0,133.0 0.16188277,0.013365874 1.404582,-8.730254,431.88837 0.2238053125,0.22380524999999998 474,243,780,549 512,316,596,366 662,321,743,369
p00\face\505.jpg p00\left\505.jpg p00\right\505.jpg p00\grid\505.jpg day38/0915.jpg left 175.0,227.0 -0.053470194,0.18732037 7.867743,-16.429897,448.37277 0.2238053125,0.22380524999999998 492,227,795,530 526,305,608,354 676,302,755,349
p00\face\506.jpg p00\left\506.jpg p00\right\506.jpg p00\grid\506.jpg day27/0083.jpg left 546.0,742.0 -0.011703571,0.13840343 -2.132553,24.813107,398.7883 0.2238053125,0.22380524999999998 449,314,788,653 491,398,581,452 657,400,747,454
p00\face\507.jpg p00\left\507.jpg p00\right\507.jpg p00\grid\507.jpg day37/0107.jpg left 1125.0,762.0 0.1872611,0.17070395 -16.821865,4.274365,464.64755 0.2238053125,0.22380524999999998 445,277,736,568 480,351,565,402 609,341,703,397
p00\face\508.jpg p00\left\508.jpg p00\right\508.jpg p00\grid\508.jpg day23/0879.jpg left 314.0,392.0 0.20235679,0.10510339 -14.530386,-17.710243,417.71414 0.2238053125,0.22380524999999998 440,221,750,531 478,310,548,352 628,287,710,336
p00\face\509.jpg p00\left\509.jpg p00\right\509.jpg p00\grid\509.jpg day04/0501.jpg left 898.0,429.0 -0.41908967,0.15514944 -14.648576,69.21213,416.50665 0.2238053125,0.22380524999999998 427,423,751,747 471,506,559,558 618,500,699,548
p00\face\510.jpg p00\left\510.jpg p00\right\510.jpg p00\grid\510.jpg day26/0710.jpg left 925.0,502.0 0.07257611,0.103700906 4.686419,13.713706,435.04398 0.2238053125,0.22380524999999998 481,293,791,603 520,373,599,420 670,369,754,419
p00\face\511.jpg p00\left\511.jpg p00\right\511.jpg p00\grid\511.jpg day18/0507.jpg left 1013.0,723.0 0.046254933,0.3458464 14.934296,17.180122,433.7219 0.2238053125,0.22380524999999998 501,299,814,612 541,379,622,427 694,379,778,429
p00\face\512.jpg p00\left\512.jpg p00\right\512.jpg p00\grid\512.jpg day28/0109.jpg left 256.0,496.0 0.18177806,0.13635992 -10.466581,44.061516,517.7613 0.2238053125,0.22380524999999998 477,364,735,622 509,431,576,471 633,424,703,466
p00\face\513.jpg p00\left\513.jpg p00\right\513.jpg p00\grid\513.jpg day36/0377.jpg left 149.0,709.0 0.1187716,0.030152233 2.79432,4.662283,538.076 0.2238053125,0.22380524999999998 509,290,758,539 537,359,600,396 658,347,725,387
p00\face\514.jpg p00\left\514.jpg p00\right\514.jpg p00\grid\514.jpg day08/0236.jpg left 956.0,339.0 -0.27789226,0.27913168 -34.889038,39.25529,433.28528 0.2238053125,0.22380524999999998 386,353,693,660 424,421,511,473 579,438,657,484
p00\face\515.jpg p00\left\515.jpg p00\right\515.jpg p00\grid\515.jpg day39/0029.jpg left 252.0,467.0 -0.0064358753,0.14468354 26.824327,-27.95913,401.9961 0.2238053125,0.22380524999999998 523,183,859,519 563,267,654,321 728,269,816,321
p00\face\516.jpg p00\left\516.jpg p00\right\516.jpg p00\grid\516.jpg day12/0079.jpg left 538.0,756.0 0.036166653,0.42031786 25.133455,3.18559,452.581 0.2238053125,0.22380524999999998 535,273,829,567 569,351,645,396 713,345,791,391
p00\face\517.jpg p00\left\517.jpg p00\right\517.jpg p00\grid\517.jpg day20/0177.jpg left 428.0,681.0 0.19093326,0.08034129 16.25387,-0.03713,413.51318 0.2238053125,0.22380524999999998 507,258,828,579 545,344,627,393 699,332,787,384
p00\face\518.jpg p00\left\518.jpg p00\right\518.jpg p00\grid\518.jpg day10/0675.jpg left 1129.0,9.0 0.034937203,0.11442619 -13.640657,11.148001,489.986 0.2238053125,0.22380524999999998 463,296,737,570 494,370,566,413 626,358,701,403
p00\face\519.jpg p00\left\519.jpg p00\right\519.jpg p00\grid\519.jpg day05/0320.jpg left 586.0,249.0 0.12595895,0.32210323 -9.992579,7.887277,506.35318 0.2238053125,0.22380524999999998 473,290,740,557 507,365,573,404 633,352,708,397
p00\face\520.jpg p00\left\520.jpg p00\right\520.jpg p00\grid\520.jpg day22/0143.jpg left 964.0,548.0 0.29122794,0.22677448 61.630154,16.71703,562.0478 0.2238053125,0.22380524999999998 620,316,855,551 647,384,705,418 759,366,825,405
p00\face\521.jpg p00\left\521.jpg p00\right\521.jpg p00\grid\521.jpg day16/0646.jpg left 643.0,380.0 0.111197166,0.31850502 16.030264,3.519256,457.32953 0.2238053125,0.22380524999999998 511,272,808,569 549,351,624,396 692,346,773,394
p00\face\522.jpg p00\left\522.jpg p00\right\522.jpg p00\grid\522.jpg day09/0926.jpg left 987.0,619.0 0.14891966,0.26010758 42.612457,-35.17699,424.07413 0.2238053125,0.22380524999999998 573,175,889,491 606,269,687,317 760,245,845,296
p00\face\523.jpg p00\left\523.jpg p00\right\523.jpg p00\grid\523.jpg day36/0701.jpg left 845.0,117.0 0.021222973,0.042759404 -7.126419,7.577757,415.03906 0.2238053125,0.22380524999999998 448,273,775,600 484,361,571,413 642,349,732,403
p00\face\524.jpg p00\left\524.jpg p00\right\524.jpg p00\grid\524.jpg day28/0510.jpg left 484.0,406.0 0.04686842,0.09136616 -10.091517,-2.251392,426.0854 0.2238053125,0.22380524999999998 443,253,761,571 482,336,566,386 635,330,722,382
p00\face\525.jpg p00\left\525.jpg p00\right\525.jpg p00\grid\525.jpg day34/0408.jpg left 382.0,331.0 0.03574565,0.40587306 14.017003,-2.931609,371.7037 0.2238053125,0.22380524999999998 480,234,844,598 525,328,619,384 704,328,800,385
p00\face\526.jpg p00\left\526.jpg p00\right\526.jpg p00\grid\526.jpg day26/0113.jpg left 1251.0,107.0 0.30685923,0.1160963 28.355448,12.119482,502.17462 0.2238053125,0.22380524999999998 552,304,810,562 586,369,650,407 710,366,780,408
p00\face\527.jpg p00\left\527.jpg p00\right\527.jpg p00\grid\527.jpg day39/0308.jpg left 196.0,759.0 0.007067457,-0.049476642 -5.023644,-32.176975,422.7513 0.2238053125,0.22380524999999998 453,182,771,500 493,263,575,312 649,263,733,313
p00\face\528.jpg p00\left\528.jpg p00\right\528.jpg p00\grid\528.jpg day36/0692.jpg left 452.0,763.0 0.12040578,0.11847472 11.159007,-13.623874,389.4333 0.2238053125,0.22380524999999998 479,214,825,560 525,303,612,355 692,302,786,358
p00\face\529.jpg p00\left\529.jpg p00\right\529.jpg p00\grid\529.jpg day26/0096.jpg left 957.0,394.0 0.18905233,0.08481194 9.823233,-4.72093,402.91013 0.2238053125,0.22380524999999998 485,245,813,573 528,328,610,377 686,324,776,378
p00\face\530.jpg p00\left\530.jpg p00\right\530.jpg p00\grid\530.jpg day19/0126.jpg left 1066.0,648.0 0.032142576,0.14014158 18.863346,8.941717,433.8401 0.2238053125,0.22380524999999998 510,281,822,593 550,358,632,407 702,361,786,411
p00\face\531.jpg p00\left\531.jpg p00\right\531.jpg p00\grid\531.jpg day23/0305.jpg left 556.0,703.0 0.11497208,0.123020574 7.396915,14.783835,471.22607 0.2238053125,0.22380524999999998 496,300,784,588 534,375,607,418 672,371,751,418
p00\face\532.jpg p00\left\532.jpg p00\right\532.jpg p00\grid\532.jpg day36/0272.jpg left 88.0,273.0 0.07049328,0.06736293 -12.997015,-15.811731,421.76016 0.2238053125,0.22380524999999998 433,221,752,540 475,302,556,350 631,301,716,352
p00\face\533.jpg p00\left\533.jpg p00\right\533.jpg p00\grid\533.jpg day24/0584.jpg left 541.0,92.0 -0.057921782,0.26539665 30.326038,20.958635,405.49097 0.2238053125,0.22380524999999998 534,309,861,636 573,386,663,440 737,393,819,442
p00\face\534.jpg p00\left\534.jpg p00\right\534.jpg p00\grid\534.jpg day01/0616.jpg left 587.0,178.0 0.5144052,0.11633207 41.29841,56.407925,417.2927 0.2238053125,0.22380524999999998 575,402,878,705 610,473,698,525 751,468,842,522
p00\face\535.jpg p00\left\535.jpg p00\right\535.jpg p00\grid\535.jpg day04/0991.jpg left 185.0,727.0 0.17797124,0.031728413 17.209347,-24.763374,518.1147 0.2238053125,0.22380524999999998 528,230,787,489 562,297,628,336 686,294,758,337
p00\face\536.jpg p00\left\536.jpg p00\right\536.jpg p00\grid\536.jpg day04/0112.jpg left 823.0,356.0 0.2763629,0.034529496 5.224157,32.19924,452.82123 0.2238053125,0.22380524999999998 496,341,784,629 529,414,605,459 668,408,747,455
p00\face\537.jpg p00\left\537.jpg p00\right\537.jpg p00\grid\537.jpg day36/0785.jpg left 327.0,497.0 -0.08066368,0.21180452 22.210657,-6.312319,398.89978 0.2238053125,0.22380524999999998 514,239,847,572 552,321,643,375 718,322,803,373
p00\face\538.jpg p00\left\538.jpg p00\right\538.jpg p00\grid\538.jpg day06/0188.jpg left 1027.0,303.0 0.19762143,0.12026694 -6.092815,-2.116397,506.95795 0.2238053125,0.22380524999999998 480,273,744,537 516,339,583,379 640,338,715,383
p00\face\539.jpg p00\left\539.jpg p00\right\539.jpg p00\grid\539.jpg day29/0015.jpg left 122.0,40.0 0.05760493,0.09216535 14.78558,-30.888338,500.1908 0.2238053125,0.22380524999999998 520,212,791,483 552,284,624,327 684,278,757,321
p00\face\540.jpg p00\left\540.jpg p00\right\540.jpg p00\grid\540.jpg day04/0014.jpg left 891.0,694.0 0.24531719,0.0049627945 9.990023,-14.446444,480.84915 0.2238053125,0.22380524999999998 509,244,783,518 544,313,613,354 676,311,751,356
p00\face\541.jpg p00\left\541.jpg p00\right\541.jpg p00\grid\541.jpg day04/0132.jpg left 70.0,654.0 0.20489179,0.12195801 15.536897,34.149155,502.71625 0.2238053125,0.22380524999999998 523,346,785,608 558,410,625,450 686,412,755,453
p00\face\542.jpg p00\left\542.jpg p00\right\542.jpg p00\grid\542.jpg day04/0627.jpg left 254.0,400.0 -0.042040437,0.29105547 3.266017,24.860247,429.47314 0.2238053125,0.22380524999999998 473,317,789,633 512,396,596,446 668,398,750,447
p00\face\543.jpg p00\left\543.jpg p00\right\543.jpg p00\grid\543.jpg day06/0049.jpg left 151.0,156.0 0.26394248,0.038788088 13.58162,14.123923,526.2022 0.2238053125,0.22380524999999998 524,309,773,558 557,367,624,407 679,374,745,413
p00\face\544.jpg p00\left\544.jpg p00\right\544.jpg p00\grid\544.jpg day29/0208.jpg left 206.0,733.0 0.0007905285,0.42500505 17.941696,-5.499283,526.7894 0.2238053125,0.22380524999999998 528,266,784,522 562,330,629,370 688,337,755,377
p00\face\545.jpg p00\left\545.jpg p00\right\545.jpg p00\grid\545.jpg day04/0863.jpg left 349.0,513.0 -0.12273254,0.009904999 38.728054,-17.742342,403.44528 0.2238053125,0.22380524999999998 556,213,883,540 594,294,684,348 754,292,841,344
p00\face\546.jpg p00\left\546.jpg p00\right\546.jpg p00\grid\546.jpg day38/0613.jpg left 1094.0,567.0 0.2633902,0.1376032 -12.114623,7.946475,379.84143 0.2238053125,0.22380524999999998 424,275,764,615 470,362,552,411 631,354,727,411
p00\face\547.jpg p00\left\547.jpg p00\right\547.jpg p00\grid\547.jpg day13/0060.jpg left 241.0,375.0 0.11961228,0.0380256 0.886586,1.551718,459.13333 0.2238053125,0.22380524999999998 483,271,774,562 519,348,592,391 660,341,738,387
p00\face\548.jpg p00\left\548.jpg p00\right\548.jpg p00\grid\548.jpg day17/1044.jpg left 808.0,493.0 0.14478368,0.3387774 67.34171,-4.959566,398.82678 0.2238053125,0.22380524999999998 623,237,965,579 664,328,751,380 831,323,922,377
p00\face\549.jpg p00\left\549.jpg p00\right\549.jpg p00\grid\549.jpg day21/0607.jpg left 822.0,297.0 0.23368664,-0.04171418 34.60577,-52.61121,444.83313 0.2238053125,0.22380524999999998 549,148,847,446 591,218,669,264 735,227,816,275
p00\face\550.jpg p00\left\550.jpg p00\right\550.jpg p00\grid\550.jpg day05/0204.jpg left 122.0,82.0 -0.051417794,0.12434171 15.394294,-40.620342,465.6691 0.2238053125,0.22380524999999998 509,181,798,470 547,249,625,295 690,259,765,304
p00\face\551.jpg p00\left\551.jpg p00\right\551.jpg p00\grid\551.jpg day06/0548.jpg left 1031.0,700.0 0.10536798,0.105296016 -11.537757,42.77183,433.1216 0.2238053125,0.22380524999999998 445,361,754,670 482,439,563,487 633,436,715,485
p00\face\552.jpg p00\left\552.jpg p00\right\552.jpg p00\grid\552.jpg day08/0164.jpg left 587.0,265.0 0.04225755,0.13192165 9.635935,9.811831,474.21924 0.2238053125,0.22380524999999998 503,289,789,575 537,365,612,410 676,359,754,405
p00\face\553.jpg p00\left\553.jpg p00\right\553.jpg p00\grid\553.jpg day29/0081.jpg left 1238.0,71.0 0.018771278,0.073610716 12.363026,-18.212807,412.94876 0.2238053125,0.22380524999999998 488,212,813,537 532,290,617,341 690,298,777,350
p00\face\554.jpg p00\left\554.jpg p00\right\554.jpg p00\grid\554.jpg day21/0221.jpg left 581.0,248.0 0.10483946,0.08135991 20.68203,7.766833,454.77213 0.2238053125,0.22380524999999998 522,283,817,578 559,357,637,403 703,357,782,404
p00\face\555.jpg p00\left\555.jpg p00\right\555.jpg p00\grid\555.jpg day30/0224.jpg left 254.0,176.0 0.20463696,0.002115321 4.494337,-17.348507,378.95892 0.2238053125,0.22380524999999998 464,205,810,551 508,291,598,345 676,289,769,344
p00\face\556.jpg p00\left\556.jpg p00\right\556.jpg p00\grid\556.jpg day34/0332.jpg left 178.0,386.0 0.04803861,0.1436608 34.298885,8.915545,429.38867 0.2238053125,0.22380524999999998 546,280,861,595 585,359,669,409 739,360,823,410
p00\face\557.jpg p00\left\557.jpg p00\right\557.jpg p00\grid\557.jpg day17/0384.jpg left 988.0,575.0 -0.00381459,0.47598302 -9.445234,87.05473,627.8104 0.2238053125,0.22380524999999998 504,431,717,644 530,487,585,520 632,483,690,517
p00\face\558.jpg p00\left\558.jpg p00\right\558.jpg p00\grid\558.jpg day29/0405.jpg left 944.0,737.0 0.0949914,0.11706954 -14.272561,-5.874926,513.29663 0.2238053125,0.22380524999999998 466,266,728,528 500,334,566,373 626,330,698,373
p00\face\559.jpg p00\left\559.jpg p00\right\559.jpg p00\grid\559.jpg day23/0053.jpg left 1154.0,366.0 0.04787172,0.44271415 38.25023,50.257034,531.5109 0.2238053125,0.22380524999999998 569,373,824,628 599,438,668,479 723,437,792,478
p00\face\560.jpg p00\left\560.jpg p00\right\560.jpg p00\grid\560.jpg day23/0700.jpg left 698.0,204.0 -0.070648685,0.056265276 18.543118,-6.569002,367.6536 0.2238053125,0.22380524999999998 492,226,856,590 535,316,634,375 712,315,811,374
p00\face\561.jpg p00\left\561.jpg p00\right\561.jpg p00\grid\561.jpg day38/1092.jpg left 1176.0,682.0 0.029479692,0.076507546 -0.068435,1.270488,422.05612 0.2238053125,0.22380524999999998 470,262,788,580 505,349,587,398 660,334,745,385
p00\face\562.jpg p00\left\562.jpg p00\right\562.jpg p00\grid\562.jpg day37/0430.jpg left 721.0,265.0 0.057108197,0.028159576 -15.636312,0.553046,405.55908 0.2238053125,0.22380524999999998 422,256,752,586 462,339,549,391 622,338,712,392
p00\face\563.jpg p00\left\563.jpg p00\right\563.jpg p00\grid\563.jpg day29/0727.jpg left 1149.0,52.0 0.021164497,0.012896979 13.621836,-28.392296,389.8397 0.2238053125,0.22380524999999998 488,178,831,521 530,264,621,318 696,262,789,317
p00\face\564.jpg p00\left\564.jpg p00\right\564.jpg p00\grid\564.jpg day16/0450.jpg left 15.0,446.0 0.11679185,0.01433011 49.85896,-6.134855,404.04117 0.2238053125,0.22380524999999998 582,237,916,571 623,327,708,378 785,319,875,373
p00\face\565.jpg p00\left\565.jpg p00\right\565.jpg p00\grid\565.jpg day36/0536.jpg left 274.0,455.0 -0.04415146,0.12855215 3.704269,7.126843,455.4956 0.2238053125,0.22380524999999998 483,281,780,578 520,354,599,401 666,358,744,404
p00\face\566.jpg p00\left\566.jpg p00\right\566.jpg p00\grid\566.jpg day26/0626.jpg left 776.0,150.0 0.30227265,0.121343 3.107481,20.884975,365.31506 0.2238053125,0.22380524999999998 460,307,814,661 505,399,592,451 672,385,772,445
p00\face\567.jpg p00\left\567.jpg p00\right\567.jpg p00\grid\567.jpg day24/0625.jpg left 487.0,120.0 0.025211064,0.3548894 12.709766,12.107176,375.0459 0.2238053125,0.22380524999999998 478,276,839,637 522,368,619,426 696,366,795,425
p00\face\568.jpg p00\left\568.jpg p00\right\568.jpg p00\grid\568.jpg day17/0437.jpg left 8.0,211.0 0.1456055,0.2386725 29.504307,-3.155897,410.52228 0.2238053125,0.22380524999999998 528,247,858,577 574,329,658,379 733,332,823,386
p00\face\569.jpg p00\left\569.jpg p00\right\569.jpg p00\grid\569.jpg day38/0566.jpg left 317.0,39.0 0.028268524,0.067783564 10.268595,-4.430596,404.11182 0.2238053125,0.22380524999999998 485,244,815,574 525,326,613,378 686,326,774,378
p00\face\570.jpg p00\left\570.jpg p00\right\570.jpg p00\grid\570.jpg day25/0521.jpg left 919.0,717.0 0.080822624,0.035752006 2.634944,-19.346853,421.71878 0.2238053125,0.22380524999999998 468,211,790,533 511,291,595,341 665,293,755,347
p00\face\571.jpg p00\left\571.jpg p00\right\571.jpg p00\grid\571.jpg day13/0323.jpg left 178.0,409.0 -0.035855982,0.43724942 15.115855,14.997722,423.7375 0.2238053125,0.22380524999999998 500,291,821,612 537,373,625,425 696,375,780,425
p00\face\572.jpg p00\left\572.jpg p00\right\572.jpg p00\grid\572.jpg day29/0396.jpg left 277.0,328.0 -0.043977857,0.17072411 0.625029,35.650394,472.9966 0.2238053125,0.22380524999999998 485,346,768,629 518,418,593,463 657,414,732,459
p00\face\573.jpg p00\left\573.jpg p00\right\573.jpg p00\grid\573.jpg day12/0457.jpg left 875.0,164.0 0.016298719,0.1399125 16.356363,32.644207,482.0529 0.2238053125,0.22380524999999998 519,340,796,617 554,409,626,452 690,410,763,453
p00\face\574.jpg p00\left\574.jpg p00\right\574.jpg p00\grid\574.jpg day24/0072.jpg left 381.0,587.0 0.05945046,0.10371588 25.300428,-53.813087,436.6196 0.2238053125,0.22380524999999998 526,138,836,448 565,218,646,266 717,217,799,266
p00\face\575.jpg p00\left\575.jpg p00\right\575.jpg p00\grid\575.jpg day24/0476.jpg left 1110.0,780.0 0.01611849,0.22915232 22.27737,39.870316,532.9979 0.2238053125,0.22380524999999998 539,354,794,609 570,420,637,460 695,417,762,457
p00\face\576.jpg p00\left\576.jpg p00\right\576.jpg p00\grid\576.jpg day26/0046.jpg left 955.0,677.0 0.055301845,0.23407657 -13.757433,0.173644,382.31238 0.2238053125,0.22380524999999998 417,250,765,598 461,343,546,394 626,331,723,389
p00\face\577.jpg p00\left\577.jpg p00\right\577.jpg p00\grid\577.jpg day04/0898.jpg left 302.0,95.0 0.23337744,0.03569033 -5.749019,11.00431,458.19742 0.2238053125,0.22380524999999998 471,295,756,580 505,364,583,410 644,365,720,410
p00\face\578.jpg p00\left\578.jpg p00\right\578.jpg p00\grid\578.jpg day23/0488.jpg left 291.0,175.0 0.35183915,0.094760485 46.319427,21.629501,425.05212 0.2238053125,0.22380524999999998 576,314,885,623 618,385,699,433 769,394,851,443
p00\face\579.jpg p00\left\579.jpg p00\right\579.jpg p00\grid\579.jpg day20/0199.jpg left 821.0,355.0 0.16817132,0.0036944465 31.176477,-33.27085,421.3321 0.2238053125,0.22380524999999998 543,180,861,498 580,267,662,316 732,252,820,304
p00\face\580.jpg p00\left\580.jpg p00\right\580.jpg p00\grid\580.jpg day13/0139.jpg left 338.0,508.0 0.07479872,0.34099504 64.247185,34.3515,521.5927 0.2238053125,0.22380524999999998 616,341,878,603 647,409,717,451 776,408,845,449
p00\face\581.jpg p00\left\581.jpg p00\right\581.jpg p00\grid\581.jpg day02/0619.jpg left 293.0,215.0 -0.12960073,0.24021077 34.86098,8.500263,502.56506 0.2238053125,0.22380524999999998 564,293,829,558 591,363,664,406 724,357,791,397
p00\face\582.jpg p00\left\582.jpg p00\right\582.jpg p00\grid\582.jpg day30/0160.jpg left 345.0,18.0 0.13465899,0.1615301 -11.909079,16.638659,362.64352 0.2238053125,0.22380524999999998 408,290,774,656 458,381,549,435 633,380,733,440
p00\face\583.jpg p00\left\583.jpg p00\right\583.jpg p00\grid\583.jpg day08/0011.jpg left 1072.0,758.0 0.0018348425,0.22440733 35.339615,58.081875,652.14844 0.2238053125,0.22380524999999998 574,385,779,590 601,435,655,467 701,437,756,470
p00\face\584.jpg p00\left\584.jpg p00\right\584.jpg p00\grid\584.jpg day38/1175.jpg left 1039.0,353.0 0.316279,0.015818037 21.129562,14.262037,376.2374 0.2238053125,0.22380524999999998 511,290,854,633 551,372,645,428 721,374,811,428
p00\face\585.jpg p00\left\585.jpg p00\right\585.jpg p00\grid\585.jpg day03/0434.jpg left 709.0,284.0 0.32468608,0.18232727 34.46419,62.79087,510.00732 0.2238053125,0.22380524999999998 565,402,823,660 597,469,663,508 720,461,792,504
p00\face\586.jpg p00\left\586.jpg p00\right\586.jpg p00\grid\586.jpg day25/0718.jpg left 686.0,374.0 0.14331019,0.06251132 -22.547167,4.348971,448.53275 0.2238053125,0.22380524999999998 431,276,726,571 465,356,541,401 606,343,688,392
p00\face\587.jpg p00\left\587.jpg p00\right\587.jpg p00\grid\587.jpg day13/0063.jpg left 758.0,292.0 0.07924379,0.08484606 7.154723,22.242783,475.11008 0.2238053125,0.22380524999999998 497,317,780,600 534,387,607,430 671,389,747,434
p00\face\588.jpg p00\left\588.jpg p00\right\588.jpg p00\grid\588.jpg day27/0465.jpg left 643.0,335.0 0.21467157,0.12340789 -9.20713,27.47636,403.83322 0.2238053125,0.22380524999999998 439,324,767,652 481,407,566,458 639,403,729,457
p00\face\589.jpg p00\left\589.jpg p00\right\589.jpg p00\grid\589.jpg day29/0109.jpg left 589.0,341.0 0.026264254,0.018870343 25.170153,-21.71386,399.37445 0.2238053125,0.22380524999999998 518,197,857,536 559,283,650,337 724,282,815,336
p00\face\590.jpg p00\left\590.jpg p00\right\590.jpg p00\grid\590.jpg day32/0198.jpg left 54.0,83.0 -0.08276934,0.19262843 0.606712,25.126373,399.3147 0.2238053125,0.22380524999999998 458,316,794,652 498,399,588,453 663,401,751,453
p00\face\591.jpg p00\left\591.jpg p00\right\591.jpg p00\grid\591.jpg day01/0873.jpg left 184.0,662.0 0.2612729,0.083314836 13.357333,45.024338,465.2631 0.2238053125,0.22380524999999998 515,369,795,649 548,438,623,483 684,436,760,481
p00\face\592.jpg p00\left\592.jpg p00\right\592.jpg p00\grid\592.jpg day17/1054.jpg left 831.0,410.0 0.1794194,0.30815142 66.875305,-3.575539,398.55383 0.2238053125,0.22380524999999998 621,240,964,583 663,332,750,384 829,325,922,380
p00\face\593.jpg p00\left\593.jpg p00\right\593.jpg p00\grid\593.jpg day22/0061.jpg left 275.0,539.0 -0.11824969,-0.039192226 21.389467,-57.54473,344.17438 0.2238053125,0.22380524999999998 500,75,876,451 542,172,642,232 726,162,826,222
p00\face\594.jpg p00\left\594.jpg p00\right\594.jpg p00\grid\594.jpg day05/0493.jpg left 1135.0,80.0 0.39547926,0.107891954 0.731789,53.90501,428.97076 0.2238053125,0.22380524999999998 482,395,776,689 518,464,600,513 653,461,743,515
p00\face\595.jpg p00\left\595.jpg p00\right\595.jpg p00\grid\595.jpg day12/0307.jpg left 482.0,708.0 -0.043419693,0.26559868 -13.727343,12.885174,408.18716 0.2238053125,0.22380524999999998 426,285,759,618 465,372,553,424 627,366,717,420
p00\face\596.jpg p00\left\596.jpg p00\right\596.jpg p00\grid\596.jpg day33/0238.jpg left 832.0,155.0 0.005785302,0.17559062 1.766211,5.119421,529.0102 0.2238053125,0.22380524999999998 497,289,752,544 532,349,599,389 657,358,724,398
p00\face\597.jpg p00\left\597.jpg p00\right\597.jpg p00\grid\597.jpg day26/0336.jpg left 69.0,521.0 -0.067526035,0.2671655 47.492363,16.786158,520.45215 0.2238053125,0.22380524999999998 585,311,841,567 616,371,688,414 745,380,809,418
p00\face\598.jpg p00\left\598.jpg p00\right\598.jpg p00\grid\598.jpg day08/0472.jpg left 112.0,701.0 0.09010453,0.30531272 44.873135,-3.710221,471.62042 0.2238053125,0.22380524999999998 575,265,852,542 615,325,693,371 743,338,827,388
p00\face\599.jpg p00\left\599.jpg p00\right\599.jpg p00\grid\599.jpg day04/0910.jpg left 333.0,705.0 -0.11144597,0.22125907 16.874048,7.037445,495.3811 0.2238053125,0.22380524999999998 524,289,794,559 555,357,628,400 689,357,758,398
p00\face\600.jpg p00\left\600.jpg p00\right\600.jpg p00\grid\600.jpg day14/0467.jpg left 211.0,641.0 0.054861415,-0.04450855 18.2925,-16.045036,410.23267 0.2238053125,0.22380524999999998 505,214,836,545 544,301,631,353 705,296,795,350
p00\face\601.jpg p00\left\601.jpg p00\right\601.jpg p00\grid\601.jpg day12/0152.jpg left 731.0,82.0 -0.0062341266,0.09624181 -15.298243,-26.725483,522.62805 0.2238053125,0.22380524999999998 465,226,726,487 498,293,565,333 624,292,694,334
p00\face\602.jpg p00\left\602.jpg p00\right\602.jpg p00\grid\602.jpg day01/0252.jpg left 637.0,796.0 0.31906676,0.20254627 -9.352819,48.89226,407.49393 0.2238053125,0.22380524999999998 448,385,758,695 487,458,571,508 635,455,722,507
p00\face\603.jpg p00\left\603.jpg p00\right\603.jpg p00\grid\603.jpg day09/0334.jpg left 1248.0,161.0 -0.040510148,0.1634687 -13.582584,-22.218403,559.8763 0.2238053125,0.22380524999999998 481,244,722,485 509,308,572,345 627,303,691,341
p00\face\604.jpg p00\left\604.jpg p00\right\604.jpg p00\grid\604.jpg day38/0213.jpg left 834.0,739.0 0.056680176,0.15100841 16.054245,24.208841,441.88208 0.2238053125,0.22380524999999998 510,318,814,622 547,398,625,444 694,391,776,440
p00\face\605.jpg p00\left\605.jpg p00\right\605.jpg p00\grid\605.jpg day25/0291.jpg left 488.0,666.0 0.07386639,0.47542033 12.55705,3.875396,440.92877 0.2238053125,0.22380524999999998 499,267,808,576 538,351,617,398 687,346,771,396
p00\face\606.jpg p00\left\606.jpg p00\right\606.jpg p00\grid\606.jpg day16/0266.jpg left 245.0,732.0 0.10994431,0.46045226 22.146715,16.086346,441.7595 0.2238053125,0.22380524999999998 519,298,823,602 562,375,637,420 708,378,792,428
p00\face\607.jpg p00\left\607.jpg p00\right\607.jpg p00\grid\607.jpg day24/0693.jpg left 499.0,195.0 0.011206508,0.26212844 3.138552,35.11464,527.3528 0.2238053125,0.22380524999999998 504,345,760,601 533,413,602,454 658,406,727,447
p00\face\608.jpg p00\left\608.jpg p00\right\608.jpg p00\grid\608.jpg day27/0319.jpg left 411.0,418.0 0.059912667,0.1546643 -7.414773,26.73432,410.99442 0.2238053125,0.22380524999999998 441,319,772,650 484,405,569,456 643,401,734,455
p00\face\609.jpg p00\left\609.jpg p00\right\609.jpg p00\grid\609.jpg day27/0232.jpg left 736.0,81.0 0.07456548,0.1336313 0.462571,16.63642,391.4561 0.2238053125,0.22380524999999998 457,294,799,636 498,383,586,435 663,375,756,430
p00\face\610.jpg p00\left\610.jpg p00\right\610.jpg p00\grid\610.jpg day26/0154.jpg left 573.0,209.0 0.08796653,0.037681744 -6.170193,-21.28816,441.52142 0.2238053125,0.22380524999999998 462,216,765,519 498,297,576,343 644,286,726,335
p00\face\611.jpg p00\left\611.jpg p00\right\611.jpg p00\grid\611.jpg day34/0614.jpg left 249.0,81.0 0.023326496,0.011493407 16.91032,5.216317,411.82895 0.2238053125,0.22380524999999998 503,267,831,595 542,354,627,405 702,348,789,400
p00\face\612.jpg p00\left\612.jpg p00\right\612.jpg p00\grid\612.jpg day35/0137.jpg left 463.0,203.0 -0.083798535,0.046022195 22.369001,-13.355029,467.13132 0.2238053125,0.22380524999999998 527,240,815,528 562,310,641,357 703,314,779,359
p00\face\613.jpg p00\left\613.jpg p00\right\613.jpg p00\grid\613.jpg day01/0634.jpg left 1216.0,229.0 0.28478718,0.13092986 1.467625,58.060566,577.8919 0.2238053125,0.22380524999999998 518,391,743,616 544,451,601,485 651,440,714,477
p00\face\614.jpg p00\left\614.jpg p00\right\614.jpg p00\grid\614.jpg day27/0058.jpg left 916.0,550.0 0.1635763,0.18709582 6.255287,12.295104,388.99307 0.2238053125,0.22380524999999998 469,283,812,626 510,365,612,426 671,362,773,423
p00\face\615.jpg p00\left\615.jpg p00\right\615.jpg p00\grid\615.jpg day17/0978.jpg left 968.0,699.0 0.12981129,0.034220126 13.309432,-1.984423,457.0201 0.2238053125,0.22380524999999998 505,262,799,556 544,334,619,379 687,338,766,385
p00\face\616.jpg p00\left\616.jpg p00\right\616.jpg p00\grid\616.jpg day21/0521.jpg left 1266.0,486.0 0.029001027,0.058802523 16.065912,-21.20982,480.9585 0.2238053125,0.22380524999999998 516,226,798,508 552,298,624,341 691,299,764,342
p00\face\617.jpg p00\left\617.jpg p00\right\617.jpg p00\grid\617.jpg day15/0379.jpg left 1152.0,442.0 0.13839236,0.3725181 2.768127,10.045758,414.48495 0.2238053125,0.22380524999999998 472,282,793,603 514,369,592,415 666,357,756,411
p00\face\618.jpg p00\left\618.jpg p00\right\618.jpg p00\grid\618.jpg day31/0205.jpg left 54.0,534.0 -0.108024366,0.04283327 20.733063,-31.278353,389.91644 0.2238053125,0.22380524999999998 502,171,844,513 545,250,638,305 716,264,803,316
p00\face\619.jpg p00\left\619.jpg p00\right\619.jpg p00\grid\619.jpg day31/0171.jpg left 1182.0,787.0 0.071140856,0.18338834 -8.317316,-3.504033,527.02856 0.2238053125,0.22380524999999998 483,273,738,528 514,341,578,379 637,334,706,375
p00\face\620.jpg p00\left\620.jpg p00\right\620.jpg p00\grid\620.jpg day36/0799.jpg left 605.0,43.0 0.10090434,0.06900955 -0.75877,-1.835197,378.082 0.2238053125,0.22380524999999998 450,245,798,593 491,332,584,387 661,328,754,383
p00\face\621.jpg p00\left\621.jpg p00\right\621.jpg p00\grid\621.jpg day22/0709.jpg left 965.0,791.0 0.13488117,0.114983924 21.705608,36.594646,490.14856 0.2238053125,0.22380524999999998 532,348,806,622 567,419,636,460 698,415,774,460
p00\face\622.jpg p00\left\622.jpg p00\right\622.jpg p00\grid\622.jpg day19/0203.jpg left 201.0,708.0 0.09494819,0.19381094 9.218619,-6.264206,438.18372 0.2238053125,0.22380524999999998 488,246,800,558 530,326,609,373 681,326,765,376
p00\face\623.jpg p00\left\623.jpg p00\right\623.jpg p00\grid\623.jpg day10/0340.jpg left 1175.0,355.0 0.057982594,0.1958277 30.895794,47.690525,556.44214 0.2238053125,0.22380524999999998 559,369,802,612 588,431,652,469 706,428,772,467
p00\face\624.jpg p00\left\624.jpg p00\right\624.jpg p00\grid\624.jpg day20/0036.jpg left 932.0,223.0 0.16175768,-0.0142490845 5.324158,-18.334866,424.96576 0.2238053125,0.22380524999999998 483,217,796,530 520,299,601,347 673,292,757,342
p00\face\625.jpg p00\left\625.jpg p00\right\625.jpg p00\grid\625.jpg day08/0473.jpg left 707.0,794.0 0.062313285,0.29038596 43.96002,-3.330157,477.14175 0.2238053125,0.22380524999999998 573,265,850,542 611,327,687,372 745,341,821,386
p00\face\626.jpg p00\left\626.jpg p00\right\626.jpg p00\grid\626.jpg day15/0343.jpg left 259.0,395.0 0.12806267,0.27174962 36.98772,11.429406,393.73456 0.2238053125,0.22380524999999998 556,279,898,621 590,381,678,433 755,352,848,407
p00\face\627.jpg p00\left\627.jpg p00\right\627.jpg p00\grid\627.jpg day31/0756.jpg left 1101.0,712.0 0.038847122,0.031934533 -3.605279,-10.577167,401.54147 0.2238053125,0.22380524999999998 450,227,784,561 491,314,576,365 653,309,743,363
p00\face\628.jpg p00\left\628.jpg p00\right\628.jpg p00\grid\628.jpg day36/0392.jpg left 501.0,115.0 0.051449392,-0.03607371 -9.167423,-30.031256,443.0988 0.2238053125,0.22380524999999998 454,194,760,500 489,277,570,325 637,266,721,316
p00\face\629.jpg p00\left\629.jpg p00\right\629.jpg p00\grid\629.jpg day23/0280.jpg left 785.0,567.0 0.14957625,0.18995121 31.948097,18.599329,414.40897 0.2238053125,0.22380524999999998 538,301,865,628 580,385,664,435 738,381,826,433
p00\face\630.jpg p00\left\630.jpg p00\right\630.jpg p00\grid\630.jpg day22/0838.jpg left 828.0,674.0 0.012967608,0.35556573 8.707402,-8.529061,428.86258 0.2238053125,0.22380524999999998 486,237,804,555 525,320,607,369 681,319,765,369
p00\face\631.jpg p00\left\631.jpg p00\right\631.jpg p00\grid\631.jpg day37/0499.jpg left 129.0,149.0 0.17657815,0.03785601 -7.06527,-12.441595,392.5604 0.2238053125,0.22380524999999998 440,221,777,558 482,309,569,361 643,301,737,357
p00\face\632.jpg p00\left\632.jpg p00\right\632.jpg p00\grid\632.jpg day28/0736.jpg left 843.0,180.0 0.015513865,0.17696251 15.050974,0.882495,443.8962 0.2238053125,0.22380524999999998 508,267,809,568 545,344,623,390 693,341,772,388
p00\face\633.jpg p00\left\633.jpg p00\right\633.jpg p00\grid\633.jpg day01/0745.jpg left 162.0,600.0 0.26942325,0.10944424 22.450893,50.858845,459.20407 0.2238053125,0.22380524999999998 532,382,815,665 566,450,642,495 708,452,780,495
p00\face\634.jpg p00\left\634.jpg p00\right\634.jpg p00\grid\634.jpg day33/0424.jpg left 235.0,724.0 -0.17515728,0.16668959 35.708187,-13.118393,475.3066 0.2238053125,0.22380524999999998 560,245,837,522 591,311,669,357 731,318,800,359
p00\face\635.jpg p00\left\635.jpg p00\right\635.jpg p00\grid\635.jpg day31/0020.jpg left 312.0,271.0 0.1619186,0.036062047 -19.031893,-17.266714,404.7143 0.2238053125,0.22380524999999998 414,213,744,543 457,298,539,347 615,292,706,346
p00\face\636.jpg p00\left\636.jpg p00\right\636.jpg p00\grid\636.jpg day14/0080.jpg left 455.0,477.0 0.15535448,0.06793148 56.558,-2.583481,414.32437 0.2238053125,0.22380524999999998 597,250,922,575 639,332,723,382 796,332,884,384
p00\face\637.jpg p00\left\637.jpg p00\right\637.jpg p00\grid\637.jpg day28/0512.jpg left 450.0,689.0 0.03896967,0.11936923 -9.862456,-2.368813,431.64886 0.2238053125,0.22380524999999998 445,254,760,569 484,336,566,385 635,330,722,382
p00\face\638.jpg p00\left\638.jpg p00\right\638.jpg p00\grid\638.jpg day06/0349.jpg left 84.0,786.0 0.060176305,0.09439185 24.280933,2.973098,455.32138 0.2238053125,0.22380524999999998 534,273,828,567 567,353,643,398 711,342,789,388
p00\face\639.jpg p00\left\639.jpg p00\right\639.jpg p00\grid\639.jpg day02/0662.jpg left 898.0,650.0 0.3795612,0.07325612 12.866346,40.37522,489.01636 0.2238053125,0.22380524999999998 526,362,787,623 556,433,620,471 680,418,753,461
p00\face\640.jpg p00\left\640.jpg p00\right\640.jpg p00\grid\640.jpg day06/0559.jpg left 658.0,109.0 0.20835508,0.102076404 -7.393846,38.987324,420.81104 0.2238053125,0.22380524999999998 451,354,764,667 490,430,574,480 643,430,727,480
p00\face\641.jpg p00\left\641.jpg p00\right\641.jpg p00\grid\641.jpg day26/0512.jpg left 1224.0,117.0 0.086762495,0.061832838 -7.508691,-30.201502,407.3736 0.2238053125,0.22380524999999998 442,181,772,511 484,265,569,316 642,262,733,316
p00\face\642.jpg p00\left\642.jpg p00\right\642.jpg p00\grid\642.jpg day32/0130.jpg left 334.0,55.0 -0.03530919,0.16545801 28.649908,-20.09677,332.3569 0.2238053125,0.22380524999999998 506,172,906,572 557,265,666,330 754,278,859,341
p00\face\643.jpg p00\left\643.jpg p00\right\643.jpg p00\grid\643.jpg day29/0726.jpg left 253.0,596.0 0.010997621,-0.03831703 26.30566,-27.306057,392.37112 0.2238053125,0.22380524999999998 518,180,861,523 561,265,652,319 730,269,820,323
p00\face\644.jpg p00\left\644.jpg p00\right\644.jpg p00\grid\644.jpg day11/0290.jpg left 1079.0,153.0 -0.018479938,0.37354785 19.482105,34.12789,449.91968 0.2238053125,0.22380524999999998 517,339,818,640 554,416,633,463 700,416,781,464
p00\face\645.jpg p00\left\645.jpg p00\right\645.jpg p00\grid\645.jpg day32/0160.jpg left 96.0,200.0 0.14011969,0.076608226 14.156815,6.902877,414.38928 0.2238053125,0.22380524999999998 498,275,819,596 539,355,621,404 697,355,781,405
p00\face\646.jpg p00\left\646.jpg p00\right\646.jpg p00\grid\646.jpg day03/0924.jpg left 13.0,361.0 0.37470445,0.006783071 10.200142,-9.075413,448.06467 0.2238053125,0.22380524999999998 508,251,794,537 543,326,616,369 680,315,759,362
p00\face\647.jpg p00\left\647.jpg p00\right\647.jpg p00\grid\647.jpg day32/0331.jpg left 572.0,689.0 0.057709392,0.007007613 -1.11703,-21.029373,382.79666 0.2238053125,0.22380524999999998 447,193,798,544 491,283,581,337 661,280,755,336
p00\face\648.jpg p00\left\648.jpg p00\right\648.jpg p00\grid\648.jpg day27/0401.jpg left 825.0,744.0 0.3025961,0.061885733 29.743046,26.962679,364.4355 0.2238053125,0.22380524999999998 526,320,886,680 572,405,666,461 748,411,844,468
p00\face\649.jpg p00\left\649.jpg p00\right\649.jpg p00\grid\649.jpg day23/0791.jpg left 251.0,737.0 0.16547011,0.37006906 55.22676,38.085617,399.6514 0.2238053125,0.22380524999999998 592,347,931,686 634,429,730,486 792,429,892,489
p00\face\650.jpg p00\left\650.jpg p00\right\650.jpg p00\grid\650.jpg day09/0600.jpg left 84.0,378.0 0.008784049,0.32496676 39.00475,88.25567,669.98816 0.2238053125,0.22380524999999998 581,428,782,629 606,478,660,510 705,480,757,511
p00\face\651.jpg p00\left\651.jpg p00\right\651.jpg p00\grid\651.jpg day23/0314.jpg left 156.0,573.0 0.14027381,0.12837197 -3.230049,18.36802,466.92636 0.2238053125,0.22380524999999998 477,308,765,596 512,387,584,430 650,374,729,421
p00\face\652.jpg p00\left\652.jpg p00\right\652.jpg p00\grid\652.jpg day24/0875.jpg left 1118.0,464.0 0.12055372,0.13358349 10.782822,16.764156,417.27182 0.2238053125,0.22380524999999998 488,298,809,619 531,377,613,426 685,380,773,432
p00\face\653.jpg p00\left\653.jpg p00\right\653.jpg p00\grid\653.jpg day34/0436.jpg left 271.0,42.0 0.050492667,0.12717985 14.892815,17.710682,440.07004 0.2238053125,0.22380524999999998 503,302,812,611 542,379,623,427 692,380,776,430
p00\face\654.jpg p00\left\654.jpg p00\right\654.jpg p00\grid\654.jpg day25/0370.jpg left 821.0,778.0 0.07413853,0.08618865 2.443397,21.3713,417.74088 0.2238053125,0.22380524999999998 469,308,791,630 510,390,594,440 665,388,753,440
p00\face\655.jpg p00\left\655.jpg p00\right\655.jpg p00\grid\655.jpg day37/0302.jpg left 976.0,755.0 0.25659114,0.05156914 -15.482342,-0.61446,405.21808 0.2238053125,0.22380524999999998 426,258,747,579 469,334,554,385 618,336,712,392
p00\face\656.jpg p00\left\656.jpg p00\right\656.jpg p00\grid\656.jpg day37/0030.jpg left 597.0,130.0 0.11313371,0.086551435 -2.134796,1.104975,394.7923 0.2238053125,0.22380524999999998 447,254,787,594 493,339,580,391 657,341,750,396
p00\face\657.jpg p00\left\657.jpg p00\right\657.jpg p00\grid\657.jpg day37/0554.jpg left 1116.0,682.0 0.050112028,0.096091986 -0.64972,7.490167,435.23727 0.2238053125,0.22380524999999998 470,280,777,587 507,357,588,405 657,355,739,404
p00\face\658.jpg p00\left\658.jpg p00\right\658.jpg p00\grid\658.jpg day03/0841.jpg left 1176.0,122.0 0.33667693,0.07392768 -5.547623,18.131842,392.41525 0.2238053125,0.22380524999999998 454,307,776,629 493,390,574,438 647,377,737,431
p00\face\659.jpg p00\left\659.jpg p00\right\659.jpg p00\grid\659.jpg day21/0441.jpg left 459.0,331.0 0.0022763333,0.17518577 22.847073,-32.76816,441.37915 0.2238053125,0.22380524999999998 521,186,831,496 558,265,642,315 710,266,792,315
p00\face\660.jpg p00\left\660.jpg p00\right\660.jpg p00\grid\660.jpg day35/0002.jpg left 1134.0,382.0 0.22365372,0.053474218 -29.544554,4.276406,435.67764 0.2238053125,0.22380524999999998 410,277,708,575 448,354,523,399 589,345,674,396
p00\face\661.jpg p00\left\661.jpg p00\right\661.jpg p00\grid\661.jpg day22/0466.jpg left 69.0,549.0 0.1775247,0.09340914 -2.568959,4.588366,430.24112 0.2238053125,0.22380524999999998 467,272,777,582 505,357,583,403 654,343,739,394
p00\face\662.jpg p00\left\662.jpg p00\right\662.jpg p00\grid\662.jpg day36/0096.jpg left 970.0,690.0 0.12795462,0.0970537 -29.048388,-37.404377,450.2147 0.2238053125,0.22380524999999998 413,185,707,479 453,260,525,303 593,256,674,304
p00\face\663.jpg p00\left\663.jpg p00\right\663.jpg p00\grid\663.jpg day05/0115.jpg left 1089.0,241.0 0.20927276,0.057985265 -24.674105,39.047264,558.85016 0.2238053125,0.22380524999999998 469,357,703,591 494,422,555,458 606,407,670,445
p00\face\664.jpg p00\left\664.jpg p00\right\664.jpg p00\grid\664.jpg day10/0704.jpg left 761.0,288.0 0.14131016,0.12813899 5.458386,10.464425,469.64062 0.2238053125,0.22380524999999998 507,294,786,573 533,381,603,423 666,347,744,393
p00\face\665.jpg p00\left\665.jpg p00\right\665.jpg p00\grid\665.jpg day26/0757.jpg left 70.0,203.0 -0.17586407,0.15423669 18.583551,27.904852,397.2298 0.2238053125,0.22380524999999998 510,327,840,657 544,414,631,466 708,401,793,452
p00\face\666.jpg p00\left\666.jpg p00\right\666.jpg p00\grid\666.jpg day26/0100.jpg left 1005.0,87.0 0.23225766,0.08485391 9.137106,-5.901298,397.3958 0.2238053125,0.22380524999999998 482,241,813,572 526,325,610,375 685,320,776,374
p00\face\667.jpg p00\left\667.jpg p00\right\667.jpg p00\grid\667.jpg day12/0188.jpg left 1165.0,320.0 0.12447593,0.04126783 -10.928336,-3.630384,422.04205 0.2238053125,0.22380524999999998 448,254,758,564 484,337,562,383 633,324,718,375
p00\face\668.jpg p00\left\668.jpg p00\right\668.jpg p00\grid\668.jpg day02/0409.jpg left 777.0,794.0 0.3228515,0.048078917 23.347305,39.61897,478.7705 0.2238053125,0.22380524999999998 541,357,814,630 572,429,644,472 703,418,778,463
p00\face\669.jpg p00\left\669.jpg p00\right\669.jpg p00\grid\669.jpg day37/0162.jpg left 1180.0,528.0 0.2839521,0.15824188 -31.031158,-3.341599,407.32867 0.2238053125,0.22380524999999998 393,257,703,567 437,335,512,380 582,326,672,380
p00\face\670.jpg p00\left\670.jpg p00\right\670.jpg p00\grid\670.jpg day16/0834.jpg left 738.0,464.0 0.08481464,-0.06741647 18.76475,-42.505516,418.10187 0.2238053125,0.22380524999999998 507,155,831,479 548,237,633,288 704,236,792,288
p00\face\671.jpg p00\left\671.jpg p00\right\671.jpg p00\grid\671.jpg day38/0702.jpg left 11.0,533.0 -0.13209163,0.06845168 22.548376,-6.884198,411.64798 0.2238053125,0.22380524999999998 516,242,837,563 555,317,642,369 715,326,797,375
p00\face\672.jpg p00\left\672.jpg p00\right\672.jpg p00\grid\672.jpg day25/0190.jpg left 185.0,647.0 0.09560108,0.15641251 -12.00527,9.147113,431.18405 0.2238053125,0.22380524999999998 440,281,755,596 480,364,561,412 631,356,718,408
p00\face\673.jpg p00\left\673.jpg p00\right\673.jpg p00\grid\673.jpg day24/0001.jpg left 319.0,375.0 0.41470748,0.10716151 24.91265,41.167526,363.10175 0.2238053125,0.22380524999999998 523,365,872,714 563,448,662,507 725,442,830,505
p00\face\674.jpg p00\left\674.jpg p00\right\674.jpg p00\grid\674.jpg day06/0237.jpg left 238.0,402.0 0.16466157,0.072671436 30.834175,6.498293,472.37183 0.2238053125,0.22380524999999998 545,284,828,567 583,351,658,396 721,358,797,403
p00\face\675.jpg p00\left\675.jpg p00\right\675.jpg p00\grid\675.jpg day34/0559.jpg left 327.0,407.0 -0.12659517,0.2713341 -5.321042,10.333171,428.824 0.2238053125,0.22380524999999998 454,283,770,599 490,361,577,413 647,365,729,414
p00\face\676.jpg p00\left\676.jpg p00\right\676.jpg p00\grid\676.jpg day22/0470.jpg left 1219.0,511.0 0.29978293,0.046846576 -13.821967,7.1756,420.7318 0.2238053125,0.22380524999999998 445,283,748,586 483,364,556,407 626,350,711,401
p00\face\677.jpg p00\left\677.jpg p00\right\677.jpg p00\grid\677.jpg day31/0211.jpg left 986.0,303.0 0.11026267,0.021313166 -36.660225,-35.678814,379.25797 0.2238053125,0.22380524999999998 352,155,701,504 400,242,488,294 567,243,664,301
p00\face\678.jpg p00\left\678.jpg p00\right\678.jpg p00\grid\678.jpg day09/0790.jpg left 402.0,694.0 -0.03781459,0.5239563 32.735607,1.955729,504.8665 0.2238053125,0.22380524999999998 555,277,819,541 588,341,661,384 720,353,787,393
p00\face\679.jpg p00\left\679.jpg p00\right\679.jpg p00\grid\679.jpg day34/0396.jpg left 844.0,412.0 0.11581589,0.0762979 7.752405,8.778186,428.7235 0.2238053125,0.22380524999999998 490,281,802,593 526,365,607,413 677,353,762,404
p00\face\680.jpg p00\left\680.jpg p00\right\680.jpg p00\grid\680.jpg day04/0360.jpg left 254.0,260.0 0.13384756,0.03396223 25.812317,-17.016954,442.1176 0.2238053125,0.22380524999999998 530,225,833,528 570,300,648,346 716,303,798,352
p00\face\681.jpg p00\left\681.jpg p00\right\681.jpg p00\grid\681.jpg day23/0705.jpg left 480.0,468.0 -0.00024387769,0.17619962 14.664388,23.090109,433.27188 0.2238053125,0.22380524999999998 503,314,815,626 540,394,621,442 694,392,775,440
p00\face\682.jpg p00\left\682.jpg p00\right\682.jpg p00\grid\682.jpg day05/0329.jpg left 965.0,122.0 -0.16396827,0.11676926 21.966894,44.285484,422.56638 0.2238053125,0.22380524999999998 517,365,832,680 553,438,650,496 703,441,794,495
p00\face\683.jpg p00\left\683.jpg p00\right\683.jpg p00\grid\683.jpg day38/0092.jpg left 1022.0,409.0 0.2565212,-0.038075965 27.861235,-3.620929,385.51736 0.2238053125,0.22380524999999998 526,242,868,584 567,323,660,378 736,329,826,383
p00\face\684.jpg p00\left\684.jpg p00\right\684.jpg p00\grid\684.jpg day14/0316.jpg left 1011.0,556.0 0.06046605,0.16254677 22.234514,16.38686,467.61307 0.2238053125,0.22380524999999998 530,303,819,592 563,380,638,425 704,372,782,418
p00\face\685.jpg p00\left\685.jpg p00\right\685.jpg p00\grid\685.jpg day28/0114.jpg left 715.0,0.0 0.21703583,0.065913916 -11.042127,40.376118,509.69635 0.2238053125,0.22380524999999998 476,358,735,617 506,425,575,466 631,418,703,461
p00\face\686.jpg p00\left\686.jpg p00\right\686.jpg p00\grid\686.jpg day23/0238.jpg left 490.0,27.0 0.104034744,0.10909007 24.399185,3.739252,389.5942 0.2238053125,0.22380524999999998 512,261,854,603 559,340,649,394 724,351,817,406
p00\face\687.jpg p00\left\687.jpg p00\right\687.jpg p00\grid\687.jpg day01/0030.jpg left 1078.0,693.0 0.34225976,0.079048075 -11.994316,12.296863,480.12146 0.2238053125,0.22380524999999998 471,306,733,568 505,374,568,411 628,363,703,408
p00\face\688.jpg p00\left\688.jpg p00\right\688.jpg p00\grid\688.jpg day09/0153.jpg left 749.0,325.0 0.08924597,0.10903922 0.377067,24.678246,458.7614 0.2238053125,0.22380524999999998 486,322,775,611 517,403,592,448 657,386,736,433
p00\face\689.jpg p00\left\689.jpg p00\right\689.jpg p00\grid\689.jpg day19/0518.jpg left 1118.0,666.0 0.42554587,-0.02508991 -0.63237,-12.543878,374.79684 0.2238053125,0.22380524999999998 461,224,794,557 503,307,587,357 660,299,754,355
p00\face\690.jpg p00\left\690.jpg p00\right\690.jpg p00\grid\690.jpg day22/0265.jpg left 30.0,314.0 0.10931984,0.19626826 3.7873,14.437605,453.34695 0.2238053125,0.22380524999999998 482,297,780,595 522,373,598,418 666,372,747,420
p00\face\691.jpg p00\left\691.jpg p00\right\691.jpg p00\grid\691.jpg day04/0743.jpg left 88.0,299.0 -0.10693953,0.15355746 15.901668,15.404438,518.46735 0.2238053125,0.22380524999999998 524,309,782,567 556,369,626,411 684,376,751,416
p00\face\692.jpg p00\left\692.jpg p00\right\692.jpg p00\grid\692.jpg day36/0852.jpg left 668.0,286.0 0.21742924,0.055564012 -23.573841,-1.694501,414.2738 0.2238053125,0.22380524999999998 418,258,731,571 454,347,532,393 602,323,690,375
p00\face\693.jpg p00\left\693.jpg p00\right\693.jpg p00\grid\693.jpg day21/0536.jpg left 536.0,25.0 -0.08495577,0.21414828 14.733242,-14.317195,466.53317 0.2238053125,0.22380524999999998 505,233,803,531 538,301,637,360 678,308,769,362
p00\face\694.jpg p00\left\694.jpg p00\right\694.jpg p00\grid\694.jpg day06/0381.jpg left 319.0,31.0 0.27983484,0.024443371 22.130432,10.511163,461.23154 0.2238053125,0.22380524999999998 532,294,815,577 566,364,641,409 705,363,780,408
p00\face\695.jpg p00\left\695.jpg p00\right\695.jpg p00\grid\695.jpg day27/0385.jpg left 236.0,47.0 0.19959323,0.15905638 14.145634,14.365391,399.66162 0.2238053125,0.22380524999999998 493,290,827,624 537,376,622,427 696,370,789,425
p00\face\696.jpg p00\left\696.jpg p00\right\696.jpg p00\grid\696.jpg day22/0767.jpg left 1243.0,6.0 0.11594671,0.047778882 -3.490094,-13.581824,383.73053 0.2238053125,0.22380524999999998 445,215,791,561 487,306,575,358 654,296,748,352
p00\face\697.jpg p00\left\697.jpg p00\right\697.jpg p00\grid\697.jpg day21/0428.jpg left 491.0,31.0 0.065520786,0.055007793 7.389828,14.019522,444.1931 0.2238053125,0.22380524999999998 489,294,795,600 526,373,607,421 674,368,758,418
p00\face\698.jpg p00\left\698.jpg p00\right\698.jpg p00\grid\698.jpg day23/0222.jpg left 5.0,275.0 -0.021130776,0.23599601 44.18003,10.450511,405.47958 0.2238053125,0.22380524999999998 568,281,898,611 606,362,697,416 771,365,855,415
p00\face\699.jpg p00\left\699.jpg p00\right\699.jpg p00\grid\699.jpg day04/0605.jpg left 1002.0,179.0 0.21095495,-0.008311446 10.784149,-2.148346,446.05627 0.2238053125,0.22380524999999998 501,262,796,557 538,334,617,381 682,336,761,383
p00\face\700.jpg p00\left\700.jpg p00\right\700.jpg p00\grid\700.jpg day28/0155.jpg left 466.0,121.0 0.017100304,0.26115993 -0.495132,11.185749,439.7233 0.2238053125,0.22380524999999998 469,285,781,597 506,368,588,417 657,361,742,412
p00\face\701.jpg p00\left\701.jpg p00\right\701.jpg p00\grid\701.jpg day26/0507.jpg left 1057.0,525.0 0.050328527,0.08701956 -5.114041,-28.318285,413.2752 0.2238053125,0.22380524999999998 447,186,775,514 490,270,575,321 648,269,738,323
p00\face\702.jpg p00\left\702.jpg p00\right\702.jpg p00\grid\702.jpg day21/0600.jpg left 1184.0,206.0 -0.0833603,-0.007182509 41.144207,-34.25278,412.1289 0.2238053125,0.22380524999999998 559,175,881,497 600,250,687,302 757,259,844,311
p00\face\703.jpg p00\left\703.jpg p00\right\703.jpg p00\grid\703.jpg day29/0822.jpg left 1255.0,476.0 -0.17794117,0.03348535 58.08545,-39.417805,486.2695 0.2238053125,0.22380524999999998 603,197,867,461 639,249,714,294 774,276,838,314
p00\face\704.jpg p00\left\704.jpg p00\right\704.jpg p00\grid\704.jpg day09/0136.jpg left 1190.0,538.0 0.07398128,0.3286467 39.155975,-7.125278,504.78952 0.2238053125,0.22380524999999998 570,261,835,526 603,332,670,372 731,326,803,369
p00\face\705.jpg p00\left\705.jpg p00\right\705.jpg p00\grid\705.jpg day20/0168.jpg left 35.0,751.0 0.18626018,0.08683936 21.514938,-2.544598,416.58453 0.2238053125,0.22380524999999998 518,253,837,572 559,338,638,385 712,328,799,380
p00\face\706.jpg p00\left\706.jpg p00\right\706.jpg p00\grid\706.jpg day04/0650.jpg left 714.0,277.0 -0.28440034,0.21847917 -60.14566,125.3803,651.4886 0.2238053125,0.22380524999999998 380,440,680,740 456,535,510,567 555,541,609,573
p00\face\707.jpg p00\left\707.jpg p00\right\707.jpg p00\grid\707.jpg day14/0106.jpg left 664.0,170.0 0.07556386,0.08400551 8.837949,7.469438,402.11105 0.2238053125,0.22380524999999998 478,270,815,607 520,356,610,410 682,354,775,409
p00\face\708.jpg p00\left\708.jpg p00\right\708.jpg p00\grid\708.jpg day17/0209.jpg left 155.0,746.0 0.16014889,0.34639084 21.97819,20.21589,443.13834 0.2238053125,0.22380524999999998 521,308,827,614 561,389,637,434 708,382,792,432
p00\face\709.jpg p00\left\709.jpg p00\right\709.jpg p00\grid\709.jpg day01/0464.jpg left 124.0,517.0 0.12400642,-0.03336519 104.51957,73.29889,460.96387 0.2238053125,0.22380524999999998 705,424,994,713 734,497,825,551 877,497,955,543
p00\face\710.jpg p00\left\710.jpg p00\right\710.jpg p00\grid\710.jpg day24/1160.jpg left 125.0,363.0 0.05910411,0.05047241 16.230156,-19.295527,430.19852 0.2238053125,0.22380524999999998 508,217,818,527 545,296,627,345 696,291,780,341
p00\face\711.jpg p00\left\711.jpg p00\right\711.jpg p00\grid\711.jpg day16/0237.jpg left 1087.0,464.0 0.15988037,0.43601844 32.174023,18.591677,487.05374 0.2238053125,0.22380524999999998 560,311,831,582 589,391,658,432 719,370,794,415
p00\face\712.jpg p00\left\712.jpg p00\right\712.jpg p00\grid\712.jpg day22/0713.jpg left 98.0,659.0 0.14867868,0.18993942 22.729586,36.43527,485.73438 0.2238053125,0.22380524999999998 531,346,810,625 568,418,638,460 702,416,778,461
p00\face\713.jpg p00\left\713.jpg p00\right\713.jpg p00\grid\713.jpg day38/0522.jpg left 151.0,18.0 -0.046039544,0.11939663 37.066315,5.776893,375.24362 0.2238053125,0.22380524999999998 544,263,898,617 587,348,683,405 763,354,854,408
p00\face\714.jpg p00\left\714.jpg p00\right\714.jpg p00\grid\714.jpg day34/0482.jpg left 555.0,650.0 -0.05725111,0.28857225 9.25392,-21.221933,440.08496 0.2238053125,0.22380524999999998 491,211,801,521 527,291,611,341 680,292,761,340
p00\face\715.jpg p00\left\715.jpg p00\right\715.jpg p00\grid\715.jpg day17/0165.jpg left 326.0,773.0 -0.03348342,0.31079236 37.243904,-19.78408,399.83136 0.2238053125,0.22380524999999998 550,203,884,537 589,285,679,339 757,292,841,342
p00\face\716.jpg p00\left\716.jpg p00\right\716.jpg p00\grid\716.jpg day17/0261.jpg left 808.0,626.0 0.060476027,0.38108748 20.34968,30.95815,551.3948 0.2238053125,0.22380524999999998 537,339,780,582 570,398,633,435 688,403,754,442
p00\face\717.jpg p00\left\717.jpg p00\right\717.jpg p00\grid\717.jpg day25/0277.jpg left 1146.0,276.0 0.15057015,0.09852797 19.130344,1.903679,412.46973 0.2238053125,0.22380524999999998 506,260,833,587 550,342,634,392 706,343,797,397
p00\face\718.jpg p00\left\718.jpg p00\right\718.jpg p00\grid\718.jpg day01/0109.jpg left 1222.0,346.0 0.21152216,0.003433332 -15.502034,9.835415,446.81882 0.2238053125,0.22380524999999998 447,291,738,582 482,365,557,410 623,360,702,407
p00\face\719.jpg p00\left\719.jpg p00\right\719.jpg p00\grid\719.jpg day16/0539.jpg left 871.0,610.0 0.03274381,0.4011802 -4.923979,-18.945246,470.70486 0.2238053125,0.22380524999999998 473,227,758,512 508,305,581,348 645,298,723,344
p00\face\720.jpg p00\left\720.jpg p00\right\720.jpg p00\grid\720.jpg day02/0229.jpg left 363.0,763.0 0.08901232,0.14353202 37.879032,94.18087,559.56305 0.2238053125,0.22380524999999998 572,452,812,692 601,513,664,550 718,511,782,549
p00\face\721.jpg p00\left\721.jpg p00\right\721.jpg p00\grid\721.jpg day25/0560.jpg left 1216.0,217.0 0.26979038,-0.03807866 8.068779,-29.764126,439.35733 0.2238053125,0.22380524999999998 499,201,793,495 535,277,608,320 678,270,756,316
p00\face\722.jpg p00\left\722.jpg p00\right\722.jpg p00\grid\722.jpg day15/0085.jpg left 583.0,138.0 0.20197836,0.21307084 17.544102,27.29689,396.37726 0.2238053125,0.22380524999999998 500,323,834,657 546,405,631,456 705,406,798,461
p00\face\723.jpg p00\left\723.jpg p00\right\723.jpg p00\grid\723.jpg day14/0194.jpg left 449.0,790.0 0.0052613225,0.40963596 26.741495,25.782362,505.6148 0.2238053125,0.22380524999999998 546,324,814,592 575,397,647,440 708,391,777,432
p00\face\724.jpg p00\left\724.jpg p00\right\724.jpg p00\grid\724.jpg day03/0393.jpg left 1047.0,684.0 0.092251256,0.3019804 30.342798,34.202553,452.89117 0.2238053125,0.22380524999999998 543,340,841,638 580,418,656,463 722,413,806,463
p00\face\725.jpg p00\left\725.jpg p00\right\725.jpg p00\grid\725.jpg day21/0127.jpg left 103.0,163.0 0.1378387,0.064380474 14.788724,-15.399589,416.67914 0.2238053125,0.22380524999999998 501,222,820,541 541,303,625,353 694,299,782,351
p00\face\726.jpg p00\left\726.jpg p00\right\726.jpg p00\grid\726.jpg day38/0803.jpg left 475.0,376.0 0.048169695,0.34729156 21.527311,-17.332771,394.27032 0.2238053125,0.22380524999999998 506,205,849,548 550,292,640,346 716,294,809,349
p00\face\727.jpg p00\left\727.jpg p00\right\727.jpg p00\grid\727.jpg day34/0024.jpg left 558.0,445.0 -0.04806279,0.26935902 28.018312,-2.607522,363.83475 0.2238053125,0.22380524999999998 517,236,884,603 560,324,660,384 742,331,838,388
p00\face\728.jpg p00\left\728.jpg p00\right\728.jpg p00\grid\728.jpg day25/0073.jpg left 572.0,322.0 0.07744037,0.13824946 -10.189626,3.7488,461.54376 0.2238053125,0.22380524999999998 456,275,750,569 493,351,569,396 634,347,715,395
p00\face\729.jpg p00\left\729.jpg p00\right\729.jpg p00\grid\729.jpg day12/0195.jpg left 1071.0,124.0 0.24014229,-0.008443299 -5.973338,-8.402435,415.94318 0.2238053125,0.22380524999999998 458,242,770,554 496,323,575,370 644,314,731,366
p00\face\730.jpg p00\left\730.jpg p00\right\730.jpg p00\grid\730.jpg day12/0070.jpg left 969.0,636.0 -0.0075116465,0.39148888 23.832335,-0.117523,440.0709 0.2238053125,0.22380524999999998 528,263,831,566 563,339,644,387 713,340,792,387
p00\face\731.jpg p00\left\731.jpg p00\right\731.jpg p00\grid\731.jpg day38/0486.jpg left 1096.0,146.0 -0.39822417,-0.074119225 -11.569274,8.084418,405.02246 0.2238053125,0.22380524999999998 448,288,748,588 481,372,562,420 625,345,709,395
p00\face\732.jpg p00\left\732.jpg p00\right\732.jpg p00\grid\732.jpg day16/0869.jpg left 664.0,115.0 0.13504088,0.027348127 20.879053,-14.225362,426.6484 0.2238053125,0.22380524999999998 515,225,833,543 555,307,637,356 708,303,795,355
p00\face\733.jpg p00\left\733.jpg p00\right\733.jpg p00\grid\733.jpg day39/0394.jpg left 361.0,773.0 0.0026549427,-0.037562173 -6.595238,-15.648063,387.16113 0.2238053125,0.22380524999999998 431,208,779,556 477,293,567,347 648,300,739,354
p00\face\734.jpg p00\left\734.jpg p00\right\734.jpg p00\grid\734.jpg day18/0201.jpg left 913.0,191.0 0.24321938,0.1744674 12.0413,19.96994,308.64282 0.2238053125,0.22380524999999998 448,286,883,721 502,394,625,467 707,386,834,462
p00\face\735.jpg p00\left\735.jpg p00\right\735.jpg p00\grid\735.jpg day30/0137.jpg left 15.0,355.0 -0.07349915,0.19129741 7.241155,21.834295,420.2365 0.2238053125,0.22380524999999998 480,313,795,628 522,385,604,434 678,396,759,444
p00\face\736.jpg p00\left\736.jpg p00\right\736.jpg p00\grid\736.jpg day35/0554.jpg left 1079.0,171.0 0.15715429,0.033190995 -20.943037,-3.11729,407.23526 0.2238053125,0.22380524999999998 412,250,736,574 454,332,536,381 609,328,699,382
p00\face\737.jpg p00\left\737.jpg p00\right\737.jpg p00\grid\737.jpg day27/0221.jpg left 747.0,375.0 0.06409276,0.38057908 -0.965093,0.316666,406.82794 0.2238053125,0.22380524999999998 459,254,790,585 499,345,583,395 659,332,749,386
p00\face\738.jpg p00\left\738.jpg p00\right\738.jpg p00\grid\738.jpg day30/0233.jpg left 476.0,299.0 0.18054347,0.013436904 0.89633,-12.031556,381.60886 0.2238053125,0.22380524999999998 453,219,799,565 499,304,587,356 666,305,760,361
p00\face\739.jpg p00\left\739.jpg p00\right\739.jpg p00\grid\739.jpg day32/0179.jpg left 1039.0,403.0 0.26789126,0.027969792 10.015881,5.358463,386.634 0.2238053125,0.22380524999999998 482,267,821,606 527,352,612,403 688,349,782,405
p00\face\740.jpg p00\left\740.jpg p00\right\740.jpg p00\grid\740.jpg day24/0661.jpg left 868.0,448.0 0.13786757,0.1620806 -4.255713,36.618053,532.23346 0.2238053125,0.22380524999999998 494,349,746,601 523,418,589,457 643,406,713,448
p00\face\741.jpg p00\left\741.jpg p00\right\741.jpg p00\grid\741.jpg day34/0224.jpg left 662.0,314.0 0.018566482,0.01731635 14.871221,-23.048595,390.73306 0.2238053125,0.22380524999999998 489,190,835,536 531,277,624,332 699,277,793,333
p00\face\742.jpg p00\left\742.jpg p00\right\742.jpg p00\grid\742.jpg day06/0269.jpg left 1184.0,21.0 0.24435319,0.05203897 -17.779873,13.746345,462.37173 0.2238053125,0.22380524999999998 446,302,726,582 483,370,555,413 618,372,694,417
p00\face\743.jpg p00\left\743.jpg p00\right\743.jpg p00\grid\743.jpg day36/0358.jpg left 1149.0,91.0 0.1418794,0.13023828 0.823923,3.604386,546.00726 0.2238053125,0.22380524999999998 502,290,746,534 535,350,598,387 653,352,720,392
p00\face\744.jpg p00\left\744.jpg p00\right\744.jpg p00\grid\744.jpg day36/0546.jpg left 1161.0,345.0 0.17418972,-0.005589923 5.000074,-44.191315,443.5923 0.2238053125,0.22380524999999998 488,166,788,466 525,245,601,290 669,237,751,286
p00\face\745.jpg p00\left\745.jpg p00\right\745.jpg p00\grid\745.jpg day15/0568.jpg left 154.0,587.0 0.069165,0.03391465 25.937412,-3.203045,455.02866 0.2238053125,0.22380524999999998 535,258,832,555 570,338,646,383 715,331,794,378
p00\face\746.jpg p00\left\746.jpg p00\right\746.jpg p00\grid\746.jpg day04/0131.jpg left 1092.0,646.0 -0.020692218,0.14455234 14.430503,34.505844,509.9206 0.2238053125,0.22380524999999998 520,345,782,607 553,409,622,450 682,411,751,452
p00\face\747.jpg p00\left\747.jpg p00\right\747.jpg p00\grid\747.jpg day06/0399.jpg left 1168.0,55.0 0.23364386,0.05699962 13.398208,16.596441,449.35403 0.2238053125,0.22380524999999998 513,306,804,597 546,382,621,427 687,372,766,419
p00\face\748.jpg p00\left\748.jpg p00\right\748.jpg p00\grid\748.jpg day05/0289.jpg left 268.0,404.0 -0.14582972,0.024643827 15.211592,-6.308158,436.90265 0.2238053125,0.22380524999999998 504,250,807,553 543,321,625,370 691,328,772,376
p00\face\749.jpg p00\left\749.jpg p00\right\749.jpg p00\grid\749.jpg day04/0534.jpg left 581.0,390.0 0.11543949,0.0053025465 7.593205,-25.591555,448.3552 0.2238053125,0.22380524999999998 491,208,789,506 530,282,608,328 674,284,755,332
p00\face\750.jpg p00\left\750.jpg p00\right\750.jpg p00\grid\750.jpg day15/0102.jpg left 977.0,745.0 0.20620847,0.14028606 -18.031754,-7.249733,459.29532 0.2238053125,0.22380524999999998 447,256,730,539 483,333,550,373 618,319,696,365
p00\face\751.jpg p00\left\751.jpg p00\right\751.jpg p00\grid\751.jpg day25/0312.jpg left 696.0,570.0 0.10145477,-0.008212209 11.909343,-13.636355,375.6565 0.2238053125,0.22380524999999998 475,208,835,568 522,298,616,354 694,299,794,359
p00\face\752.jpg p00\left\752.jpg p00\right\752.jpg p00\grid\752.jpg day04/0060.jpg left 531.0,34.0 0.38508812,-0.03835242 1.014074,-9.560984,404.40158 0.2238053125,0.22380524999999998 478,241,788,551 514,321,593,368 664,309,748,359
p00\face\753.jpg p00\left\753.jpg p00\right\753.jpg p00\grid\753.jpg day23/0088.jpg left 105.0,445.0 0.013581582,0.2990335 18.346245,14.52402,402.60535 0.2238053125,0.22380524999999998 504,290,837,623 543,374,633,428 710,374,794,424
p00\face\754.jpg p00\left\754.jpg p00\right\754.jpg p00\grid\754.jpg day02/0374.jpg left 500.0,225.0 0.32461566,0.025308013 7.392556,16.186453,388.345 0.2238053125,0.22380524999999998 481,296,815,630 520,383,608,435 682,373,773,427
p00\face\755.jpg p00\left\755.jpg p00\right\755.jpg p00\grid\755.jpg day25/0132.jpg left 19.0,475.0 0.14866884,0.0957108 -3.742184,11.02671,422.83228 0.2238053125,0.22380524999999998 460,285,778,603 498,370,580,419 650,358,738,410
p00\face\756.jpg p00\left\756.jpg p00\right\756.jpg p00\grid\756.jpg day16/0335.jpg left 973.0,742.0 0.023551557,0.47488362 17.485788,76.792534,628.10974 0.2238053125,0.22380524999999998 543,414,757,628 572,467,627,500 676,470,733,504
p00\face\757.jpg p00\left\757.jpg p00\right\757.jpg p00\grid\757.jpg day26/0709.jpg left 302.0,361.0 0.0908681,0.122942425 6.139441,13.427867,434.66653 0.2238053125,0.22380524999999998 483,291,795,603 522,372,603,420 674,368,758,418
p00\face\758.jpg p00\left\758.jpg p00\right\758.jpg p00\grid\758.jpg day06/0633.jpg left 1062.0,689.0 -0.34439906,-0.0056607504 -50.702244,-1.447613,555.5899 0.2238053125,0.22380524999999998 416,282,656,522 438,345,514,390 557,336,621,374
p00\face\759.jpg p00\left\759.jpg p00\right\759.jpg p00\grid\759.jpg day06/0348.jpg left 179.0,200.0 -0.13868499,0.052579515 22.983637,0.989833,442.51938 0.2238053125,0.22380524999999998 530,269,827,566 563,347,642,394 709,337,787,383
p00\face\760.jpg p00\left\760.jpg p00\right\760.jpg p00\grid\760.jpg day32/0483.jpg left 1.0,631.0 -0.15113677,0.17047465 40.14997,35.680855,443.61356 0.2238053125,0.22380524999999998 565,347,862,644 599,419,680,467 748,421,823,466
p00\face\761.jpg p00\left\761.jpg p00\right\761.jpg p00\grid\761.jpg day01/0347.jpg left 701.0,213.0 0.3798736,0.1651733 58.989456,74.50472,541.82153 0.2238053125,0.22380524999999998 618,423,856,661 645,488,705,524 759,474,825,513
p00\face\762.jpg p00\left\762.jpg p00\right\762.jpg p00\grid\762.jpg day02/0608.jpg left 504.0,684.0 -0.075301714,0.12167326 61.28063,37.598625,424.92575 0.2238053125,0.22380524999999998 613,350,923,660 649,429,730,477 801,425,883,474
p00\face\763.jpg p00\left\763.jpg p00\right\763.jpg p00\grid\763.jpg day35/0818.jpg left 371.0,272.0 0.06343347,0.06536181 4.507909,-9.349158,432.0712 0.2238053125,0.22380524999999998 481,241,790,550 520,319,599,366 669,316,753,366
p00\face\764.jpg p00\left\764.jpg p00\right\764.jpg p00\grid\764.jpg day36/0705.jpg left 1095.0,559.0 0.30335188,0.18765245 -45.17956,15.752767,407.78748 0.2238053125,0.22380524999999998 359,305,666,612 405,380,478,423 548,377,636,429
p00\face\765.jpg p00\left\765.jpg p00\right\765.jpg p00\grid\765.jpg day25/0609.jpg left 298.0,211.0 0.24177277,0.059103716 21.481588,-7.142083,399.84335 0.2238053125,0.22380524999999998 512,236,846,570 554,321,642,373 714,316,807,371
p00\face\766.jpg p00\left\766.jpg p00\right\766.jpg p00\grid\766.jpg day04/0452.jpg left 673.0,695.0 -0.1476965,0.036801115 25.379864,-8.229701,416.7578 0.2238053125,0.22380524999999998 525,240,841,556 564,316,649,367 719,320,803,370
p00\face\767.jpg p00\left\767.jpg p00\right\767.jpg p00\grid\767.jpg day08/0122.jpg left 595.0,584.0 -0.120725974,0.06341709 7.763702,0.623672,503.36002 0.2238053125,0.22380524999999998 510,278,774,542 539,348,609,390 669,340,738,381
p00\face\768.jpg p00\left\768.jpg p00\right\768.jpg p00\grid\768.jpg day38/0694.jpg left 1039.0,228.0 0.22905077,0.051392995 -12.059945,-14.96958,392.57513 0.2238053125,0.22380524999999998 428,218,759,549 473,300,557,350 630,298,723,353
p00\face\769.jpg p00\left\769.jpg p00\right\769.jpg p00\grid\769.jpg day17/0858.jpg left 445.0,590.0 -0.21052803,0.10333188 7.291493,-8.466912,502.36417 0.2238053125,0.22380524999999998 509,261,771,523 538,329,607,370 669,324,736,364
p00\face\770.jpg p00\left\770.jpg p00\right\770.jpg p00\grid\770.jpg day37/0021.jpg left 1236.0,100.0 0.11722728,0.40283623 -13.846093,-20.78224,436.2108 0.2238053125,0.22380524999999998 434,212,741,519 480,292,556,337 627,293,712,344
p00\face\771.jpg p00\left\771.jpg p00\right\771.jpg p00\grid\771.jpg day25/0368.jpg left 303.0,44.0 0.26069906,0.11538563 3.899676,17.71947,400.55624 0.2238053125,0.22380524999999998 471,302,798,629 514,381,599,432 671,381,761,435
p00\face\772.jpg p00\left\772.jpg p00\right\772.jpg p00\grid\772.jpg day33/0600.jpg left 1081.0,90.0 -0.025592262,0.18304604 -6.101294,-8.867013,402.98334 0.2238053125,0.22380524999999998 449,234,777,562 486,321,571,372 645,310,733,362
p00\face\773.jpg p00\left\773.jpg p00\right\773.jpg p00\grid\773.jpg day04/0098.jpg left 304.0,527.0 -0.04320737,0.1394801 20.830416,41.16512,504.93756 0.2238053125,0.22380524999999998 534,357,801,624 564,426,636,469 695,421,765,463
p00\face\774.jpg p00\left\774.jpg p00\right\774.jpg p00\grid\774.jpg day11/0316.jpg left 919.0,198.0 -0.160199,0.22213249 -14.457771,10.764156,537.8383 0.2238053125,0.22380524999999998 469,301,719,551 501,358,570,399 626,370,690,408
p00\face\775.jpg p00\left\775.jpg p00\right\775.jpg p00\grid\775.jpg day01/0190.jpg left 1225.0,624.0 0.051201634,0.42834416 -10.608123,45.231606,573.36346 0.2238053125,0.22380524999999998 491,364,725,598 519,429,579,465 631,419,695,457
p00\face\776.jpg p00\left\776.jpg p00\right\776.jpg p00\grid\776.jpg day23/0291.jpg left 830.0,112.0 0.14345194,0.07670437 14.704624,1.612003,428.12088 0.2238053125,0.22380524999999998 500,264,813,577 542,341,623,389 694,344,779,395
p00\face\777.jpg p00\left\777.jpg p00\right\777.jpg p00\grid\777.jpg day12/0427.jpg left 1246.0,665.0 0.028258264,0.19077224 22.733423,28.530981,459.5794 0.2238053125,0.22380524999999998 526,329,820,623 563,402,641,448 706,403,785,450
p00\face\778.jpg p00\left\778.jpg p00\right\778.jpg p00\grid\778.jpg day33/0208.jpg left 787.0,16.0 0.03321927,0.22425686 3.863874,45.86657,557.76355 0.2238053125,0.22380524999999998 511,365,754,608 540,429,603,466 658,424,724,463
p00\face\779.jpg p00\left\779.jpg p00\right\779.jpg p00\grid\779.jpg day25/0672.jpg left 81.0,652.0 0.18763146,0.07664512 -3.893171,-11.894974,401.1112 0.2238053125,0.22380524999999998 449,225,782,558 493,310,577,360 653,306,744,360
p00\face\780.jpg p00\left\780.jpg p00\right\780.jpg p00\grid\780.jpg day17/0095.jpg left 74.0,299.0 0.11865985,0.1459208 25.842606,-21.552227,520.97565 0.2238053125,0.22380524999999998 543,236,804,497 577,304,643,343 704,301,773,342
p00\face\781.jpg p00\left\781.jpg p00\right\781.jpg p00\grid\781.jpg day39/0146.jpg left 1190.0,443.0 0.23641264,0.10403059 -24.477043,5.304905,369.80872 0.2238053125,0.22380524999999998 391,268,734,611 435,358,517,407 595,343,694,402
p00\face\782.jpg p00\left\782.jpg p00\right\782.jpg p00\grid\782.jpg day19/0267.jpg left 1261.0,99.0 0.17393996,0.122530065 -14.462996,-11.498631,451.20218 0.2238053125,0.22380524999999998 445,241,740,536 485,318,558,361 625,312,707,361
p00\face\783.jpg p00\left\783.jpg p00\right\783.jpg p00\grid\783.jpg day21/0069.jpg left 1139.0,781.0 0.22902395,-0.03186822 39.640133,-18.097754,380.20782 0.2238053125,0.22380524999999998 555,202,903,550 599,289,687,341 767,288,861,344
p00\face\784.jpg p00\left\784.jpg p00\right\784.jpg p00\grid\784.jpg day08/0751.jpg left 1101.0,59.0 -0.02272345,0.276869 32.139145,-35.648136,461.08743 0.2238053125,0.22380524999999998 546,188,840,482 582,261,661,308 727,267,803,312
p00\face\785.jpg p00\left\785.jpg p00\right\785.jpg p00\grid\785.jpg day01/0412.jpg left 1013.0,110.0 0.35182106,0.16696969 -7.453729,93.359505,583.0393 0.2238053125,0.22380524999999998 509,454,725,670 533,513,587,545 636,498,696,534
p00\face\786.jpg p00\left\786.jpg p00\right\786.jpg p00\grid\786.jpg day30/0402.jpg left 978.0,583.0 0.004065931,0.45033714 -3.928597,-3.937761,428.50522 0.2238053125,0.22380524999999998 456,249,769,562 499,329,578,376 650,331,735,382
p00\face\787.jpg p00\left\787.jpg p00\right\787.jpg p00\grid\787.jpg day19/0187.jpg left 898.0,492.0 0.06769718,0.25246435 1.166947,-7.936534,434.91232 0.2238053125,0.22380524999999998 470,243,780,553 512,321,591,368 662,322,746,372
p00\face\788.jpg p00\left\788.jpg p00\right\788.jpg p00\grid\788.jpg day09/0234.jpg left 564.0,271.0 0.11127592,0.05417626 11.80398,3.819965,438.699 0.2238053125,0.22380524999999998 502,272,806,576 538,352,617,399 685,344,767,393
p00\face\789.jpg p00\left\789.jpg p00\right\789.jpg p00\grid\789.jpg day33/0282.jpg left 239.0,640.0 -0.016384047,0.23511548 19.972252,16.203844,456.4256 0.2238053125,0.22380524999999998 516,300,814,598 555,372,634,419 702,380,780,426
p00\face\790.jpg p00\left\790.jpg p00\right\790.jpg p00\grid\790.jpg day24/0285.jpg left 900.0,37.0 -0.0105108265,0.20509714 15.111928,20.73737,489.25616 0.2238053125,0.22380524999999998 519,315,795,591 551,388,624,431 686,381,759,424
p00\face\791.jpg p00\left\791.jpg p00\right\791.jpg p00\grid\791.jpg day10/0637.jpg left 965.0,111.0 0.1998783,0.04450922 -1.808804,-17.876457,411.73624 0.2238053125,0.22380524999999998 456,215,777,536 502,290,584,339 655,299,745,353
p00\face\792.jpg p00\left\792.jpg p00\right\792.jpg p00\grid\792.jpg day34/0508.jpg left 514.0,164.0 0.031880185,0.31308317 -1.528444,-6.74866,383.41483 0.2238053125,0.22380524999999998 445,229,797,581 489,321,580,375 659,316,755,373
p00\face\793.jpg p00\left\793.jpg p00\right\793.jpg p00\grid\793.jpg day02/0362.jpg left 351.0,511.0 0.2891155,0.028533911 16.76344,23.053461,391.3434 0.2238053125,0.22380524999999998 504,313,838,647 542,396,633,450 706,393,794,445
p00\face\794.jpg p00\left\794.jpg p00\right\794.jpg p00\grid\794.jpg day36/0558.jpg left 1031.0,352.0 -0.113506034,0.03652803 29.80757,-38.873154,442.55066 0.2238053125,0.22380524999999998 541,177,842,478 575,252,657,301 725,253,803,299
p00\face\795.jpg p00\left\795.jpg p00\right\795.jpg p00\grid\795.jpg day27/0325.jpg left 416.0,727.0 -0.004117106,0.12849298 -9.347727,22.219152,440.15396 0.2238053125,0.22380524999999998 452,312,759,619 487,394,568,442 637,386,719,435
p00\face\796.jpg p00\left\796.jpg p00\right\796.jpg p00\grid\796.jpg day23/0006.jpg left 494.0,405.0 -0.05093483,-0.035911005 0.212122,-38.018723,416.5252 0.2238053125,0.22380524999999998 464,166,786,488 502,247,589,299 659,245,746,297
p00\face\797.jpg p00\left\797.jpg p00\right\797.jpg p00\grid\797.jpg day11/0367.jpg left 1028.0,323.0 0.11482003,0.39886343 38.447,-8.14247,509.96222 0.2238053125,0.22380524999999998 564,258,829,523 600,325,669,366 729,329,801,372
p00\face\798.jpg p00\left\798.jpg p00\right\798.jpg p00\grid\798.jpg day33/0211.jpg left 253.0,652.0 0.026461892,0.34862575 5.708213,47.62948,559.5903 0.2238053125,0.22380524999999998 514,368,757,611 543,432,606,469 662,428,726,466
p00\face\799.jpg p00\left\799.jpg p00\right\799.jpg p00\grid\799.jpg day13/0626.jpg left 250.0,85.0 0.23196484,0.18502043 3.852701,16.739359,404.44296 0.2238053125,0.22380524999999998 470,298,798,626 514,382,596,431 671,376,762,430
p00\face\800.jpg p00\left\800.jpg p00\right\800.jpg p00\grid\800.jpg day11/0089.jpg left 817.0,538.0 0.016334979,0.3021725 29.283651,27.502583,465.11777 0.2238053125,0.22380524999999998 539,325,833,619 576,397,655,444 719,402,798,449
p00\face\801.jpg p00\left\801.jpg p00\right\801.jpg p00\grid\801.jpg day32/0354.jpg left 747.0,284.0 0.3411555,0.014599042 -5.759662,3.205206,430.91916 0.2238053125,0.22380524999999998 466,275,763,572 502,350,580,396 645,344,726,392
p00\face\802.jpg p00\left\802.jpg p00\right\802.jpg p00\grid\802.jpg day31/0628.jpg left 37.0,631.0 0.036703113,-0.00019327676 1.412281,-10.180793,420.68362 0.2238053125,0.22380524999999998 467,234,786,553 508,313,592,363 664,316,749,367
p00\face\803.jpg p00\left\803.jpg p00\right\803.jpg p00\grid\803.jpg day16/0650.jpg left 89.0,126.0 0.115801774,0.19703098 18.146372,4.0276,451.75464 0.2238053125,0.22380524999999998 514,273,814,573 553,351,629,396 698,348,779,396
p00\face\804.jpg p00\left\804.jpg p00\right\804.jpg p00\grid\804.jpg day24/0241.jpg left 827.0,782.0 0.25146583,0.16989368 28.935778,53.72452,455.57428 0.2238053125,0.22380524999999998 543,385,835,677 577,456,661,506 718,455,799,503
p00\face\805.jpg p00\left\805.jpg p00\right\805.jpg p00\grid\805.jpg day36/0073.jpg left 876.0,560.0 0.09246017,0.14648217 -11.440518,-15.516051,443.65503 0.2238053125,0.22380524999999998 450,230,750,530 489,310,562,353 632,302,714,351
p00\face\806.jpg p00\left\806.jpg p00\right\806.jpg p00\grid\806.jpg day21/0162.jpg left 159.0,71.0 -0.010534293,0.10290037 28.36873,-39.998886,428.12314 0.2238053125,0.22380524999999998 533,166,849,482 569,246,656,298 725,245,809,295
p00\face\807.jpg p00\left\807.jpg p00\right\807.jpg p00\grid\807.jpg day39/0155.jpg left 308.0,525.0 -0.009079885,0.070400424 7.69066,6.058958,371.5369 0.2238053125,0.22380524999999998 465,261,826,622 508,353,604,410 686,350,780,406
p00\face\808.jpg p00\left\808.jpg p00\right\808.jpg p00\grid\808.jpg day12/0017.jpg left 814.0,141.0 0.049662095,-0.076643325 16.103128,-55.498455,428.5485 0.2238053125,0.22380524999999998 501,130,816,445 543,205,628,256 696,213,781,264
p00\face\809.jpg p00\left\809.jpg p00\right\809.jpg p00\grid\809.jpg day20/0166.jpg left 471.0,436.0 0.19435857,0.08125032 20.327957,-4.11488,413.97177 0.2238053125,0.22380524999999998 515,249,836,570 555,333,636,381 709,324,797,376
p00\face\810.jpg p00\left\810.jpg p00\right\810.jpg p00\grid\810.jpg day18/0227.jpg left 978.0,249.0 -0.08019466,0.32523456 16.611803,-1.816692,484.22522 0.2238053125,0.22380524999999998 517,266,797,546 551,335,627,380 691,342,763,385
p00\face\811.jpg p00\left\811.jpg p00\right\811.jpg p00\grid\811.jpg day36/0575.jpg left 776.0,415.0 -0.016393641,0.19336551 -7.657542,-33.727535,464.95303 0.2238053125,0.22380524999999998 464,194,756,486 498,273,574,318 640,265,719,312
p00\face\812.jpg p00\left\812.jpg p00\right\812.jpg p00\grid\812.jpg day35/0947.jpg left 827.0,277.0 0.24521245,-0.059851803 11.75717,-9.188271,465.30133 0.2238053125,0.22380524999999998 510,252,790,532 544,319,619,364 681,323,756,368
p00\face\813.jpg p00\left\813.jpg p00\right\813.jpg p00\grid\813.jpg day11/0393.jpg left 1131.0,209.0 0.102115795,0.06747711 31.888866,1.755536,480.07916 0.2238053125,0.22380524999999998 554,276,831,553 587,348,657,390 721,342,796,387
p00\face\814.jpg p00\left\814.jpg p00\right\814.jpg p00\grid\814.jpg day17/0546.jpg left 1220.0,216.0 0.1044057,0.3967864 6.146544,-10.270882,447.86008 0.2238053125,0.22380524999999998 488,240,788,540 527,321,602,366 671,314,753,363
p00\face\815.jpg p00\left\815.jpg p00\right\815.jpg p00\grid\815.jpg day36/0620.jpg left 1241.0,315.0 0.14255217,0.056491528 0.99349,9.540705,390.47635 0.2238053125,0.22380524999999998 460,277,799,616 500,362,590,416 665,359,756,413
p00\face\816.jpg p00\left\816.jpg p00\right\816.jpg p00\grid\816.jpg day26/0197.jpg left 31.0,637.0 0.05328401,0.34719637 32.366486,15.597952,595.39856 0.2238053125,0.22380524999999998 567,314,793,540 593,374,653,410 705,371,763,405
p00\face\817.jpg p00\left\817.jpg p00\right\817.jpg p00\grid\817.jpg day27/0463.jpg left 1163.0,211.0 0.25800171,0.073346905 -9.095542,25.38694,396.58557 0.2238053125,0.22380524999999998 439,321,767,649 481,402,565,452 640,400,728,452
p00\face\818.jpg p00\left\818.jpg p00\right\818.jpg p00\grid\818.jpg day01/0287.jpg left 365.0,311.0 -0.16057293,0.13331763 19.728949,32.731262,465.14618 0.2238053125,0.22380524999999998 525,341,810,626 557,412,635,458 697,409,772,454
p00\face\819.jpg p00\left\819.jpg p00\right\819.jpg p00\grid\819.jpg day31/0141.jpg left 1122.0,293.0 0.18152687,0.31168136 -5.440872,-38.90547,391.27426 0.2238053125,0.22380524999999998 438,149,781,492 486,244,568,293 649,233,745,290
p00\face\820.jpg p00\left\820.jpg p00\right\820.jpg p00\grid\820.jpg day13/0462.jpg left 1116.0,574.0 0.26050848,0.07860026 34.592068,-46.827057,453.47507 0.2238053125,0.22380524999999998 555,162,853,460 592,247,665,290 734,229,816,278
p00\face\821.jpg p00\left\821.jpg p00\right\821.jpg p00\grid\821.jpg day35/0360.jpg left 250.0,384.0 -0.0024965026,0.036528304 14.506737,-15.883623,444.2901 0.2238053125,0.22380524999999998 503,228,806,531 543,302,622,349 692,307,771,354
p00\face\822.jpg p00\left\822.jpg p00\right\822.jpg p00\grid\822.jpg day30/0055.jpg left 1149.0,442.0 0.07910458,0.08428317 -19.85137,1.835626,437.31274 0.2238053125,0.22380524999999998 429,267,735,573 466,348,544,394 613,339,697,389
p00\face\823.jpg p00\left\823.jpg p00\right\823.jpg p00\grid\823.jpg day24/0724.jpg left 127.0,147.0 0.12247194,0.3192293 26.066788,51.504616,588.23883 0.2238053125,0.22380524999999998 553,375,782,604 583,433,643,469 693,433,756,470
p00\face\824.jpg p00\left\824.jpg p00\right\824.jpg p00\grid\824.jpg day31/0476.jpg left 1278.0,221.0 -0.0028541465,0.24648803 -18.989262,-7.958592,425.49557 0.2238053125,0.22380524999999998 425,241,740,556 462,326,543,374 613,315,700,367
p00\face\825.jpg p00\left\825.jpg p00\right\825.jpg p00\grid\825.jpg day03/0612.jpg left 698.0,768.0 0.048866607,-0.09107789 31.26256,114.92676,524.2558 0.2238053125,0.22380524999999998 561,496,811,746 586,563,662,608 707,556,777,598
p00\face\826.jpg p00\left\826.jpg p00\right\826.jpg p00\grid\826.jpg day08/0291.jpg left 335.0,211.0 0.049193196,0.1840887 14.370985,0.145655,458.17346 0.2238053125,0.22380524999999998 508,268,800,560 546,340,621,385 689,343,767,389
p00\face\827.jpg p00\left\827.jpg p00\right\827.jpg p00\grid\827.jpg day26/0429.jpg left 212.0,312.0 0.10908386,0.2798043 -6.79594,-11.101474,492.45554 0.2238053125,0.22380524999999998 472,250,746,524 509,322,578,363 641,318,716,363
p00\face\828.jpg p00\left\828.jpg p00\right\828.jpg p00\grid\828.jpg day24/0979.jpg left 1149.0,234.0 -0.10930398,0.10618576 25.90841,12.764307,376.60938 0.2238053125,0.22380524999999998 519,283,870,634 560,373,651,427 730,366,824,422
p00\face\829.jpg p00\left\829.jpg p00\right\829.jpg p00\grid\829.jpg day19/0120.jpg left 781.0,71.0 0.021774488,0.14715546 24.251423,-15.900608,398.60318 0.2238053125,0.22380524999999998 517,212,856,551 557,300,648,354 720,294,813,349
p00\face\830.jpg p00\left\830.jpg p00\right\830.jpg p00\grid\830.jpg day26/0483.jpg left 808.0,357.0 0.24562567,0.0147424815 8.426839,-0.589596,440.94296 0.2238053125,0.22380524999999998 498,265,796,563 533,343,611,389 677,334,758,382
p00\face\831.jpg p00\left\831.jpg p00\right\831.jpg p00\grid\831.jpg day24/0215.jpg left 343.0,241.0 0.19430701,0.074360564 54.904118,-1.864168,394.71527 0.2238053125,0.22380524999999998 589,246,929,586 636,327,726,381 799,335,893,391
p00\face\832.jpg p00\left\832.jpg p00\right\832.jpg p00\grid\832.jpg day21/0085.jpg left 845.0,231.0 0.09751132,0.12088542 44.310947,-22.72123,415.93552 0.2238053125,0.22380524999999998 567,203,889,525 610,283,692,332 765,286,853,338
p00\face\833.jpg p00\left\833.jpg p00\right\833.jpg p00\grid\833.jpg day26/0082.jpg left 694.0,155.0 0.11361879,0.07648066 12.944134,-12.928273,407.8331 0.2238053125,0.22380524999999998 491,223,821,553 534,308,618,358 693,305,783,359
p00\face\834.jpg p00\left\834.jpg p00\right\834.jpg p00\grid\834.jpg day30/0121.jpg left 1022.0,134.0 0.14686769,0.1912039 1.342192,16.99234,436.0923 0.2238053125,0.22380524999999998 472,302,779,609 514,377,593,424 662,379,746,429
p00\face\835.jpg p00\left\835.jpg p00\right\835.jpg p00\grid\835.jpg day03/0253.jpg left 495.0,307.0 0.057644147,0.20859149 5.74205,59.562855,479.3091 0.2238053125,0.22380524999999998 496,396,775,675 532,465,605,508 667,465,742,510
p00\face\836.jpg p00\left\836.jpg p00\right\836.jpg p00\grid\836.jpg day38/0237.jpg left 257.0,115.0 0.10053911,0.31871545 28.927456,26.02989,466.51532 0.2238053125,0.22380524999999998 543,323,834,614 577,401,653,446 718,392,797,439
p00\face\837.jpg p00\left\837.jpg p00\right\837.jpg p00\grid\837.jpg day36/0744.jpg left 983.0,794.0 0.2810092,0.04233683 -14.052438,-7.046548,413.68854 0.2238053125,0.22380524999999998 436,247,745,556 478,322,556,368 626,322,711,373
p00\face\838.jpg p00\left\838.jpg p00\right\838.jpg p00\grid\838.jpg day02/0726.jpg left 761.0,44.0 0.33113658,0.059363738 16.122358,14.80747,428.07007 0.2238053125,0.22380524999999998 511,299,815,603 549,374,630,422 696,372,780,422
p00\face\839.jpg p00\left\839.jpg p00\right\839.jpg p00\grid\839.jpg day34/0505.jpg left 512.0,578.0 0.03589975,0.3689083 -5.02552,-4.834266,386.61526 0.2238053125,0.22380524999999998 439,235,787,583 482,328,570,380 649,320,745,377
p00\face\840.jpg p00\left\840.jpg p00\right\840.jpg p00\grid\840.jpg day01/0204.jpg left 989.0,26.0 0.1733984,0.13857178 1.076671,12.666118,490.48373 0.2238053125,0.22380524999999998 493,300,764,571 526,372,596,414 656,363,731,408
p00\face\841.jpg p00\left\841.jpg p00\right\841.jpg p00\grid\841.jpg day16/0062.jpg left 648.0,760.0 0.071809255,0.097514614 5.815634,-8.151569,452.12268 0.2238053125,0.22380524999999998 488,247,786,545 526,324,602,369 670,321,751,369
p00\face\842.jpg p00\left\842.jpg p00\right\842.jpg p00\grid\842.jpg day25/0378.jpg left 191.0,201.0 0.19416475,0.10180517 0.249255,19.148367,406.93726 0.2238053125,0.22380524999999998 462,304,789,631 505,386,589,436 661,383,752,437
p00\face\843.jpg p00\left\843.jpg p00\right\843.jpg p00\grid\843.jpg day38/0650.jpg left 818.0,396.0 0.15256274,0.11792088 17.918585,34.15545,526.905 0.2238053125,0.22380524999999998 535,345,788,598 564,413,630,452 686,403,755,444
p00\face\844.jpg p00\left\844.jpg p00\right\844.jpg p00\grid\844.jpg day31/0256.jpg left 445.0,321.0 0.028011546,0.26719308 11.468815,19.662992,540.3546 0.2238053125,0.22380524999999998 520,316,772,568 551,382,617,421 674,379,741,419
p00\face\845.jpg p00\left\845.jpg p00\right\845.jpg p00\grid\845.jpg day04/0119.jpg left 446.0,101.0 0.31310707,0.06039258 8.00796,32.717552,440.90433 0.2238053125,0.22380524999999998 499,342,793,636 534,417,612,463 675,410,756,458
p00\face\846.jpg p00\left\846.jpg p00\right\846.jpg p00\grid\846.jpg day17/0464.jpg left 436.0,172.0 0.10379328,0.13660255 16.899912,-10.824435,473.29465 0.2238053125,0.22380524999999998 514,246,800,532 554,317,627,360 692,321,770,367
p00\face\847.jpg p00\left\847.jpg p00\right\847.jpg p00\grid\847.jpg day28/0252.jpg left 806.0,601.0 0.0911399,0.08082475 0.791044,14.389149,465.42303 0.2238053125,0.22380524999999998 481,299,770,588 518,371,593,416 658,372,737,419
p00\face\848.jpg p00\left\848.jpg p00\right\848.jpg p00\grid\848.jpg day32/0403.jpg left 87.0,142.0 -0.15499674,0.15770304 15.068479,-27.366217,441.40887 0.2238053125,0.22380524999999998 507,202,810,505 541,276,625,326 693,280,769,325
p00\face\849.jpg p00\left\849.jpg p00\right\849.jpg p00\grid\849.jpg day25/0106.jpg left 528.0,751.0 0.092064105,0.04278717 -1.570323,-8.289338,459.5935 0.2238053125,0.22380524999999998 473,248,768,543 511,323,589,369 653,322,734,370
p00\face\850.jpg p00\left\850.jpg p00\right\850.jpg p00\grid\850.jpg day11/0065.jpg left 136.0,585.0 0.07277378,0.20038451 44.26105,-53.57831,460.1048 0.2238053125,0.22380524999999998 569,148,866,445 607,221,689,270 751,227,832,275
p00\face\851.jpg p00\left\851.jpg p00\right\851.jpg p00\grid\851.jpg day33/0422.jpg left 704.0,21.0 -0.051874373,0.114264585 9.495214,-23.981867,480.06857 0.2238053125,0.22380524999999998 509,221,789,501 537,298,613,343 674,285,749,330
p00\face\852.jpg p00\left\852.jpg p00\right\852.jpg p00\grid\852.jpg day03/0696.jpg left 1078.0,5.0 0.33529404,0.122519255 12.445427,21.760311,441.60043 0.2238053125,0.22380524999999998 513,319,804,610 547,400,620,443 684,379,766,428
p00\face\853.jpg p00\left\853.jpg p00\right\853.jpg p00\grid\853.jpg day22/0082.jpg left 394.0,559.0 -0.0060458235,-0.12770694 32.346767,-71.165825,363.84433 0.2238053125,0.22380524999999998 526,48,893,415 572,137,671,196 753,144,850,202
p00\face\854.jpg p00\left\854.jpg p00\right\854.jpg p00\grid\854.jpg day03/0883.jpg left 438.0,23.0 0.052019726,0.0749737 18.573437,-5.975403,506.54712 0.2238053125,0.22380524999999998 528,266,790,528 562,329,631,370 690,332,760,374
p00\face\855.jpg p00\left\855.jpg p00\right\855.jpg p00\grid\855.jpg day08/0482.jpg left 615.0,538.0 0.022458795,0.06936321 6.408833,-37.15469,459.52063 0.2238053125,0.22380524999999998 494,184,791,481 527,267,605,313 670,253,751,301
p00\face\856.jpg p00\left\856.jpg p00\right\856.jpg p00\grid\856.jpg day35/0563.jpg left 1086.0,440.0 0.0878117,0.09460263 3.867042,-0.413629,411.5172 0.2238053125,0.22380524999999998 473,255,800,582 513,342,595,391 669,333,760,387
p00\face\857.jpg p00\left\857.jpg p00\right\857.jpg p00\grid\857.jpg day04/0626.jpg left 369.0,537.0 -0.0649707,0.29816937 2.926974,25.103857,430.24362 0.2238053125,0.22380524999999998 472,317,788,633 511,396,595,446 667,399,749,448
p00\face\858.jpg p00\left\858.jpg p00\right\858.jpg p00\grid\858.jpg day38/1001.jpg left 44.0,30.0 -0.07105061,0.3569166 7.765859,-4.741051,471.30542 0.2238053125,0.22380524999999998 497,256,788,547 530,331,609,378 673,331,749,376
p00\face\859.jpg p00\left\859.jpg p00\right\859.jpg p00\grid\859.jpg day38/0174.jpg left 17.0,267.0 0.047278825,0.20126486 -1.069685,53.406067,485.00238 0.2238053125,0.22380524999999998 482,382,761,661 518,451,590,494 655,453,728,496
p00\face\860.jpg p00\left\860.jpg p00\right\860.jpg p00\grid\860.jpg day16/0837.jpg left 1124.0,554.0 0.07806439,-0.05303996 17.218616,-41.14281,419.85873 0.2238053125,0.22380524999999998 505,160,826,481 545,242,627,291 702,240,787,291
p00\face\861.jpg p00\left\861.jpg p00\right\861.jpg p00\grid\861.jpg day28/0048.jpg left 541.0,667.0 0.21540849,0.055641826 16.908855,11.896453,399.11987 0.2238053125,0.22380524999999998 504,284,837,617 543,371,630,423 704,361,795,415
p00\face\862.jpg p00\left\862.jpg p00\right\862.jpg p00\grid\862.jpg day08/0159.jpg left 380.0,191.0 -0.11025418,0.16729826 62.729122,17.205458,392.52072 0.2238053125,0.22380524999999998 610,299,943,632 653,369,749,426 818,390,905,442
p00\face\863.jpg p00\left\863.jpg p00\right\863.jpg p00\grid\863.jpg day23/0619.jpg left 920.0,171.0 0.4083229,0.0033508837 24.683035,14.843022,380.4064 0.2238053125,0.22380524999999998 527,296,860,629 566,377,654,429 728,373,818,427
p00\face\864.jpg p00\left\864.jpg p00\right\864.jpg p00\grid\864.jpg day16/0473.jpg left 660.0,763.0 0.18539476,0.04322878 12.619715,14.847176,370.1011 0.2238053125,0.22380524999999998 479,285,839,645 525,375,618,430 698,374,797,433
p00\face\865.jpg p00\left\865.jpg p00\right\865.jpg p00\grid\865.jpg day39/0316.jpg left 142.0,204.0 0.1594967,-0.0049244007 -11.043033,-31.367903,406.08472 0.2238053125,0.22380524999999998 434,179,761,506 477,261,561,311 634,260,724,314
p00\face\866.jpg p00\left\866.jpg p00\right\866.jpg p00\grid\866.jpg day24/0863.jpg left 58.0,38.0 -0.06642753,0.24781728 28.558254,2.842102,415.15005 0.2238053125,0.22380524999999998 537,265,858,586 569,350,656,402 730,341,811,389
p00\face\867.jpg p00\left\867.jpg p00\right\867.jpg p00\grid\867.jpg day25/0046.jpg left 58.0,667.0 0.13574603,0.07120619 4.766323,9.429951,465.41223 0.2238053125,0.22380524999999998 491,288,780,577 527,363,602,408 667,358,746,405
p00\face\868.jpg p00\left\868.jpg p00\right\868.jpg p00\grid\868.jpg day38/1123.jpg left 227.0,328.0 -0.10170389,0.0940394 23.391714,-25.153624,463.5794 0.2238053125,0.22380524999999998 530,213,821,504 563,287,642,334 707,286,782,331
p00\face\869.jpg p00\left\869.jpg p00\right\869.jpg p00\grid\869.jpg day10/0876.jpg left 496.0,561.0 0.048634473,0.15306868 21.548225,-38.154526,498.0385 0.2238053125,0.22380524999999998 530,198,800,468 566,264,635,305 699,270,769,312
p00\face\870.jpg p00\left\870.jpg p00\right\870.jpg p00\grid\870.jpg day30/0174.jpg left 182.0,477.0 -0.01733035,0.002122097 13.84736,-22.476002,404.34436 0.2238053125,0.22380524999999998 491,198,824,531 532,282,620,334 696,283,783,335
p00\face\871.jpg p00\left\871.jpg p00\right\871.jpg p00\grid\871.jpg day29/0337.jpg left 1102.0,270.0 0.041042287,0.12623404 9.425158,15.964436,410.24942 0.2238053125,0.22380524999999998 485,295,812,622 525,379,610,430 683,374,771,426
p00\face\872.jpg p00\left\872.jpg p00\right\872.jpg p00\grid\872.jpg day29/0360.jpg left 435.0,372.0 0.017736182,0.1938703 3.809456,8.2957,535.61786 0.2238053125,0.22380524999999998 505,294,760,549 536,361,602,400 661,358,728,398
p00\face\873.jpg p00\left\873.jpg p00\right\873.jpg p00\grid\873.jpg day38/1079.jpg left 1005.0,103.0 -0.11985092,0.07707857 13.992137,-28.086433,465.20285 0.2238053125,0.22380524999999998 512,209,800,497 544,283,622,329 686,278,761,323
p00\face\874.jpg p00\left\874.jpg p00\right\874.jpg p00\grid\874.jpg day06/0162.jpg left 463.0,290.0 -0.08589094,0.10906012 43.970963,11.341193,520.3438 0.2238053125,0.22380524999999998 579,301,835,557 610,363,680,405 737,366,804,406
p00\face\875.jpg p00\left\875.jpg p00\right\875.jpg p00\grid\875.jpg day16/0690.jpg left 1049.0,602.0 -0.10880212,0.26450136 8.377764,-2.386696,519.7561 0.2238053125,0.22380524999999998 512,272,773,533 540,340,612,383 671,338,737,377
p00\face\876.jpg p00\left\876.jpg p00\right\876.jpg p00\grid\876.jpg day29/0616.jpg left 685.0,370.0 0.09079775,0.09670372 -9.041471,-19.34548,404.5337 0.2238053125,0.22380524999999998 441,207,772,538 480,299,564,349 639,281,730,335
p00\face\877.jpg p00\left\877.jpg p00\right\877.jpg p00\grid\877.jpg day33/0358.jpg left 224.0,294.0 0.09340324,0.02428631 -18.591324,-9.660138,371.99277 0.2238053125,0.22380524999999998 396,220,754,578 441,310,535,366 615,308,712,366
p00\face\878.jpg p00\left\878.jpg p00\right\878.jpg p00\grid\878.jpg day13/0564.jpg left 538.0,339.0 0.18448399,0.23951305 30.354826,43.391827,554.87445 0.2238053125,0.22380524999999998 553,361,797,605 588,419,651,456 706,426,773,466
p00\face\879.jpg p00\left\879.jpg p00\right\879.jpg p00\grid\879.jpg day33/0338.jpg left 327.0,541.0 0.0042974153,0.2996768 12.720391,8.730209,313.07596 0.2238053125,0.22380524999999998 459,251,886,678 498,365,627,442 709,345,824,414
p00\face\880.jpg p00\left\880.jpg p00\right\880.jpg p00\grid\880.jpg day36/0114.jpg left 595.0,388.0 0.07426932,0.01393366 -17.977114,-29.078407,410.68893 0.2238053125,0.22380524999999998 421,186,746,511 460,272,544,322 617,263,705,315
p00\face\881.jpg p00\left\881.jpg p00\right\881.jpg p00\grid\881.jpg day19/0420.jpg left 670.0,301.0 0.048462864,0.29325196 -7.054846,-49.382885,405.29892 0.2238053125,0.22380524999999998 445,132,773,460 485,222,569,272 643,211,733,265
p00\face\882.jpg p00\left\882.jpg p00\right\882.jpg p00\grid\882.jpg day22/0806.jpg left 191.0,268.0 0.055180136,0.18135615 -0.194092,-1.053956,390.94943 0.2238053125,0.22380524999999998 448,245,797,594 494,334,584,388 663,335,757,391
p00\face\883.jpg p00\left\883.jpg p00\right\883.jpg p00\grid\883.jpg day09/0875.jpg left 728.0,428.0 0.033769038,0.030300308 6.959727,-23.20012,422.6979 0.2238053125,0.22380524999999998 483,203,802,522 521,288,605,338 675,280,762,332
p00\face\884.jpg p00\left\884.jpg p00\right\884.jpg p00\grid\884.jpg day04/0911.jpg left 632.0,711.0 -0.10671754,0.22160546 15.419627,7.18789,496.44528 0.2238053125,0.22380524999999998 522,289,792,559 552,358,625,401 686,357,755,398
p00\face\885.jpg p00\left\885.jpg p00\right\885.jpg p00\grid\885.jpg day13/0501.jpg left 1001.0,73.0 0.056936704,0.5075457 3.696739,52.64362,570.7995 0.2238053125,0.22380524999999998 510,376,747,613 543,436,603,472 657,439,721,477
p00\face\886.jpg p00\left\886.jpg p00\right\886.jpg p00\grid\886.jpg day05/0035.jpg left 510.0,35.0 0.1762863,0.07784713 -5.558636,-9.799778,471.23032 0.2238053125,0.22380524999999998 475,250,757,532 509,327,581,370 644,314,722,360
p00\face\887.jpg p00\left\887.jpg p00\right\887.jpg p00\grid\887.jpg day28/0501.jpg left 432.0,401.0 -0.011699266,0.055181075 12.959117,-14.773792,432.20224 0.2238053125,0.22380524999999998 500,225,815,540 535,309,619,359 689,301,773,351
p00\face\888.jpg p00\left\888.jpg p00\right\888.jpg p00\grid\888.jpg day26/0180.jpg left 21.0,44.0 -0.02785151,0.099548124 18.535938,14.79949,577.9778 0.2238053125,0.22380524999999998 547,314,776,543 570,379,630,415 682,363,743,399
p00\face\889.jpg p00\left\889.jpg p00\right\889.jpg p00\grid\889.jpg day28/0287.jpg left 636.0,668.0 0.041585222,0.2059884 -0.127705,39.510853,435.57928 0.2238053125,0.22380524999999998 471,353,780,662 508,433,589,481 658,427,742,477
p00\face\890.jpg p00\left\890.jpg p00\right\890.jpg p00\grid\890.jpg day12/0063.jpg left 251.0,29.0 -0.074969076,0.2366034 26.130865,-1.678111,430.87195 0.2238053125,0.22380524999999998 531,259,838,566 567,334,652,385 718,336,799,384
p00\face\891.jpg p00\left\891.jpg p00\right\891.jpg p00\grid\891.jpg day01/0553.jpg left 1178.0,225.0 0.43652678,0.13508257 -2.597989,73.99775,495.63464 0.2238053125,0.22380524999999998 493,432,746,685 527,492,591,530 648,492,718,534
p00\face\892.jpg p00\left\892.jpg p00\right\892.jpg p00\grid\892.jpg day03/0195.jpg left 143.0,238.0 -0.0008727562,0.25980267 19.805798,71.97825,528.76355 0.2238053125,0.22380524999999998 536,416,789,669 566,481,633,521 690,477,757,517
p00\face\893.jpg p00\left\893.jpg p00\right\893.jpg p00\grid\893.jpg day38/0661.jpg left 1142.0,746.0 0.14071286,0.34204796 -20.612988,-12.724544,399.47003 0.2238053125,0.22380524999999998 411,227,733,549 456,313,531,358 610,302,698,354
p00\face\894.jpg p00\left\894.jpg p00\right\894.jpg p00\grid\894.jpg day04/0983.jpg left 1027.0,68.0 0.2409228,-0.04134699 18.592455,-27.808311,501.3313 0.2238053125,0.22380524999999998 532,222,796,486 563,291,632,332 691,283,763,326
p00\face\895.jpg p00\left\895.jpg p00\right\895.jpg p00\grid\895.jpg day26/0310.jpg left 662.0,197.0 0.03088375,0.33571026 -3.807269,63.651344,612.7622 0.2238053125,0.22380524999999998 510,394,730,614 535,454,593,488 643,447,701,481
p00\face\896.jpg p00\left\896.jpg p00\right\896.jpg p00\grid\896.jpg day28/0448.jpg left 175.0,510.0 0.035255667,0.37955314 7.459787,14.492657,412.683 0.2238053125,0.22380524999999998 482,290,809,617 520,379,605,430 678,368,766,420
p00\face\897.jpg p00\left\897.jpg p00\right\897.jpg p00\grid\897.jpg day01/0578.jpg left 139.0,606.0 -0.10504613,0.14681098 16.112745,54.154434,562.64655 0.2238053125,0.22380524999999998 534,381,772,619 562,443,625,480 679,439,742,476
p00\face\898.jpg p00\left\898.jpg p00\right\898.jpg p00\grid\898.jpg day10/0180.jpg left 1234.0,151.0 0.12607464,0.21927068 -2.578527,50.15075,546.28754 0.2238053125,0.22380524999999998 503,376,746,619 529,444,592,481 646,428,713,468
p00\face\899.jpg p00\left\899.jpg p00\right\899.jpg p00\grid\899.jpg day09/0260.jpg left 500.0,5.0 -0.07462505,0.22727738 24.593733,81.99527,609.97107 0.2238053125,0.22380524999999998 554,426,773,645 581,479,639,513 689,482,746,516
p00\face\900.jpg p00\left\900.jpg p00\right\900.jpg p00\grid\900.jpg day02/0321.jpg left 221.0,414.0 0.34472457,0.05929917 38.903706,32.777855,485.37186 0.2238053125,0.22380524999999998 571,344,838,611 604,408,676,451 736,411,805,452
p00\face\901.jpg p00\left\901.jpg p00\right\901.jpg p00\grid\901.jpg day28/0074.jpg left 1131.0,283.0 0.08874039,0.093867175 -3.793945,7.515588,441.86105 0.2238053125,0.22380524999999998 465,281,768,584 503,358,582,405 649,355,731,404
p00\face\902.jpg p00\left\902.jpg p00\right\902.jpg p00\grid\902.jpg day18/0440.jpg left 198.0,718.0 0.09921134,0.15912674 14.1217,8.793009,421.80377 0.2238053125,0.22380524999999998 496,278,818,600 538,361,620,410 694,359,781,411
p00\face\903.jpg p00\left\903.jpg p00\right\903.jpg p00\grid\903.jpg day01/0895.jpg left 1176.0,657.0 0.13104716,0.14208594 -2.445742,46.777245,469.3303 0.2238053125,0.22380524999999998 478,371,760,653 515,440,587,483 650,441,728,487
p00\face\904.jpg p00\left\904.jpg p00\right\904.jpg p00\grid\904.jpg day29/0073.jpg left 766.0,245.0 -0.021536203,0.15099174 8.1082,-6.879999,423.7588 0.2238053125,0.22380524999999998 489,242,808,561 523,329,608,380 676,315,764,367
p00\face\905.jpg p00\left\905.jpg p00\right\905.jpg p00\grid\905.jpg day09/0053.jpg left 581.0,323.0 -0.14247444,0.12550825 6.320004,14.157197,451.16098 0.2238053125,0.22380524999999998 487,297,784,594 524,367,605,415 671,375,749,421
p00\face\906.jpg p00\left\906.jpg p00\right\906.jpg p00\grid\906.jpg day30/0414.jpg left 433.0,292.0 -0.032786783,0.22006172 -5.527122,-2.333805,402.9709 0.2238053125,0.22380524999999998 448,247,782,581 484,338,572,390 648,326,736,378
p00\face\907.jpg p00\left\907.jpg p00\right\907.jpg p00\grid\907.jpg day30/0057.jpg left 1262.0,110.0 0.09101858,0.094553486 -15.926871,0.922577,434.49817 0.2238053125,0.22380524999999998 436,265,743,572 474,345,553,392 622,338,706,388
p00\face\908.jpg p00\left\908.jpg p00\right\908.jpg p00\grid\908.jpg day36/0650.jpg left 76.0,114.0 0.015790135,0.033472918 5.632202,-26.607073,397.9322 0.2238053125,0.22380524999999998 470,185,809,524 511,272,601,326 676,268,767,322
p00\face\909.jpg p00\left\909.jpg p00\right\909.jpg p00\grid\909.jpg day05/0367.jpg left 779.0,629.0 0.13895471,0.16924748 1.811843,10.988609,417.8451 0.2238053125,0.22380524999999998 468,285,787,604 512,365,591,412 664,365,752,417
p00\face\910.jpg p00\left\910.jpg p00\right\910.jpg p00\grid\910.jpg day22/0379.jpg left 1128.0,649.0 0.021503689,0.11734392 5.320141,22.035313,456.08133 0.2238053125,0.22380524999999998 489,314,784,609 525,390,603,436 667,387,748,435
p00\face\911.jpg p00\left\911.jpg p00\right\911.jpg p00\grid\911.jpg day16/1095.jpg left 275.0,323.0 0.12893377,0.06549752 9.904592,-17.011616,469.89185 0.2238053125,0.22380524999999998 504,234,789,519 540,308,612,351 678,303,754,348
p00\face\912.jpg p00\left\912.jpg p00\right\912.jpg p00\grid\912.jpg day09/0995.jpg left 762.0,536.0 0.11118487,0.40541726 14.727168,-19.97111,559.09705 0.2238053125,0.22380524999999998 534,247,774,487 562,316,622,352 677,303,743,342
p00\face\913.jpg p00\left\913.jpg p00\right\913.jpg p00\grid\913.jpg day06/0215.jpg left 1052.0,454.0 0.13661432,0.045452863 37.21474,7.579169,448.08255 0.2238053125,0.22380524999999998 558,281,858,581 595,358,673,404 740,355,821,403
p00\face\914.jpg p00\left\914.jpg p00\right\914.jpg p00\grid\914.jpg day32/0014.jpg left 416.0,176.0 0.019318687,0.35131505 19.612932,-6.937812,409.06174 0.2238053125,0.22380524999999998 506,235,839,568 546,320,636,374 709,321,797,373
p00\face\915.jpg p00\left\915.jpg p00\right\915.jpg p00\grid\915.jpg day03/0270.jpg left 737.0,247.0 0.069192976,0.18449952 -17.344124,46.67297,438.6581 0.2238053125,0.22380524999999998 433,368,742,677 468,446,558,500 614,438,704,492
p00\face\916.jpg p00\left\916.jpg p00\right\916.jpg p00\grid\916.jpg day24/0112.jpg left 185.0,299.0 -0.060879506,0.38386345 5.69027,7.87321,417.94577 0.2238053125,0.22380524999999998 475,274,799,598 514,354,602,406 675,360,759,410
p00\face\917.jpg p00\left\917.jpg p00\right\917.jpg p00\grid\917.jpg day22/0919.jpg left 1053.0,251.0 -0.07214183,0.14860977 37.730415,23.841185,503.80118 0.2238053125,0.22380524999999998 566,323,833,590 597,391,669,434 728,388,798,430
p00\face\918.jpg p00\left\918.jpg p00\right\918.jpg p00\grid\918.jpg day17/0228.jpg left 86.0,20.0 0.110418804,0.0953724 25.377209,-6.769206,415.55597 0.2238053125,0.22380524999999998 522,241,844,563 565,320,649,370 721,324,808,376
p00\face\919.jpg p00\left\919.jpg p00\right\919.jpg p00\grid\919.jpg day10/0316.jpg left 39.0,630.0 0.003487899,0.19228183 0.067222,-26.25523,487.04626 0.2238053125,0.22380524999999998 483,217,762,496 520,286,593,329 655,290,730,335
p00\face\920.jpg p00\left\920.jpg p00\right\920.jpg p00\grid\920.jpg day19/0298.jpg left 1071.0,136.0 0.1154339,0.092683025 20.084352,18.986967,437.09637 0.2238053125,0.22380524999999998 522,305,831,614 556,393,635,440 704,372,789,423
p00\face\921.jpg p00\left\921.jpg p00\right\921.jpg p00\grid\921.jpg day01/0655.jpg left 694.0,304.0 -0.3248484,0.17996514 14.185364,84.6073,495.31467 0.2238053125,0.22380524999999998 521,450,782,711 548,508,630,557 678,513,747,554
p00\face\922.jpg p00\left\922.jpg p00\right\922.jpg p00\grid\922.jpg day19/0391.jpg left 1175.0,618.0 0.097191274,0.19543257 5.738351,-16.654856,398.66144 0.2238053125,0.22380524999999998 472,211,808,547 515,301,597,350 677,292,768,346
p00\face\923.jpg p00\left\923.jpg p00\right\923.jpg p00\grid\923.jpg day38/0975.jpg left 786.0,5.0 0.107776746,0.032910563 -10.868934,-16.003471,414.66852 0.2238053125,0.22380524999999998 440,220,761,541 479,302,563,352 633,297,721,349
p00\face\924.jpg p00\left\924.jpg p00\right\924.jpg p00\grid\924.jpg day18/0157.jpg left 767.0,502.0 0.10440582,0.10232789 26.174929,12.90326,386.25504 0.2238053125,0.22380524999999998 519,282,868,631 562,372,652,426 730,366,826,423
p00\face\925.jpg p00\left\925.jpg p00\right\925.jpg p00\grid\925.jpg day33/0161.jpg left 905.0,536.0 0.22910948,0.15767914 -5.452867,-10.210713,413.94952 0.2238053125,0.22380524999999998 462,240,769,547 499,324,574,369 646,305,731,356
p00\face\926.jpg p00\left\926.jpg p00\right\926.jpg p00\grid\926.jpg day22/0191.jpg left 547.0,181.0 0.14291777,0.019553604 3.653115,-18.649403,392.8812 0.2238053125,0.22380524999999998 470,205,807,542 508,296,596,348 672,282,763,336
p00\face\927.jpg p00\left\927.jpg p00\right\927.jpg p00\grid\927.jpg day38/0340.jpg left 52.0,110.0 0.17595169,0.108669706 10.373333,11.624252,441.8217 0.2238053125,0.22380524999999998 496,290,799,593 536,367,614,413 682,365,764,414
p00\face\928.jpg p00\left\928.jpg p00\right\928.jpg p00\grid\928.jpg day04/0464.jpg left 947.0,627.0 0.21845965,0.099143706 7.410478,30.066807,581.9566 0.2238053125,0.22380524999999998 523,341,749,567 553,397,611,431 663,398,724,434
p00\face\929.jpg p00\left\929.jpg p00\right\929.jpg p00\grid\929.jpg day32/0218.jpg left 432.0,602.0 0.07440087,0.026820159 23.573557,8.874901,480.94907 0.2238053125,0.22380524999999998 531,288,813,570 568,360,641,403 704,361,780,406
p00\face\930.jpg p00\left\930.jpg p00\right\930.jpg p00\grid\930.jpg day23/0010.jpg left 1086.0,668.0 -0.04170494,-0.029840795 -1.852838,-38.78044,417.95535 0.2238053125,0.22380524999999998 460,164,782,486 497,247,584,299 654,243,741,295
p00\face\931.jpg p00\left\931.jpg p00\right\931.jpg p00\grid\931.jpg day16/0058.jpg left 748.0,594.0 -0.24810612,-0.04824675 7.879256,-18.14246,413.57825 0.2238053125,0.22380524999999998 483,216,799,532 520,293,614,349 672,291,762,345
p00\face\932.jpg p00\left\932.jpg p00\right\932.jpg p00\grid\932.jpg day17/0045.jpg left 1083.0,627.0 -0.29694477,-0.03613547 -21.961243,-17.835978,442.67947 0.2238053125,0.22380524999999998 429,228,723,522 459,302,547,354 606,296,682,341
p00\face\933.jpg p00\left\933.jpg p00\right\933.jpg p00\grid\933.jpg day03/0041.jpg left 1043.0,318.0 -0.4364182,0.05920094 -9.658855,58.32905,431.14145 0.2238053125,0.22380524999999998 455,407,743,695 489,475,573,525 630,473,708,519
p00\face\934.jpg p00\left\934.jpg p00\right\934.jpg p00\grid\934.jpg day23/0652.jpg left 516.0,230.0 0.111593306,0.050505787 26.153984,-3.003186,452.11493 0.2238053125,0.22380524999999998 535,259,832,556 571,336,647,381 716,332,795,379
p00\face\935.jpg p00\left\935.jpg p00\right\935.jpg p00\grid\935.jpg day36/0121.jpg left 864.0,44.0 0.12447238,0.17081815 -9.52368,-29.067558,427.9197 0.2238053125,0.22380524999999998 444,192,759,507 487,273,566,320 636,270,724,322
p00\face\936.jpg p00\left\936.jpg p00\right\936.jpg p00\grid\936.jpg day31/0739.jpg left 887.0,572.0 0.097326346,0.013531322 -2.995775,0.628956,387.89792 0.2238053125,0.22380524999999998 444,251,789,596 489,339,577,391 654,338,750,395
p00\face\937.jpg p00\left\937.jpg p00\right\937.jpg p00\grid\937.jpg day18/0454.jpg left 614.0,115.0 0.12831794,0.14072314 10.389949,8.368262,411.55026 0.2238053125,0.22380524999999998 487,277,812,602 529,360,613,410 686,357,774,409
p00\face\938.jpg p00\left\938.jpg p00\right\938.jpg p00\grid\938.jpg day13/0017.jpg left 1030.0,350.0 -0.1145779,0.060001433 15.045057,-5.031585,472.43228 0.2238053125,0.22380524999999998 515,259,800,544 547,333,623,378 687,328,762,373
p00\face\939.jpg p00\left\939.jpg p00\right\939.jpg p00\grid\939.jpg day23/0240.jpg left 982.0,771.0 0.04479703,0.26133734 6.825099,5.931807,404.7916 0.2238053125,0.22380524999999998 469,268,803,602 516,347,603,399 678,358,769,412
p00\face\940.jpg p00\left\940.jpg p00\right\940.jpg p00\grid\940.jpg day01/0558.jpg left 156.0,791.0 -0.29134032,0.10190842 26.68249,78.33162,502.80283 0.2238053125,0.22380524999999998 547,437,802,692 579,498,646,538 706,499,770,537
p00\face\941.jpg p00\left\941.jpg p00\right\941.jpg p00\grid\941.jpg day16/0357.jpg left 1196.0,643.0 0.028404552,0.19600895 9.603124,-19.466215,408.5182 0.2238053125,0.22380524999999998 484,206,815,537 523,293,610,345 684,287,774,341
p00\face\942.jpg p00\left\942.jpg p00\right\942.jpg p00\grid\942.jpg day22/0003.jpg left 103.0,393.0 -0.021476509,0.122203834 7.798659,22.831152,407.24692 0.2238053125,0.22380524999999998 480,311,810,641 518,396,606,448 680,391,767,443
p00\face\943.jpg p00\left\943.jpg p00\right\943.jpg p00\grid\943.jpg day12/0498.jpg left 300.0,504.0 0.08403299,0.32885206 34.066868,-1.807505,454.8346 0.2238053125,0.22380524999999998 551,260,849,558 587,340,665,386 733,334,812,381
p00\face\944.jpg p00\left\944.jpg p00\right\944.jpg p00\grid\944.jpg day06/0275.jpg left 940.0,624.0 0.13865267,0.10197419 -15.37181,19.106567,480.6918 0.2238053125,0.22380524999999998 455,313,731,589 490,381,562,424 623,381,698,426
p00\face\945.jpg p00\left\945.jpg p00\right\945.jpg p00\grid\945.jpg day29/0689.jpg left 1118.0,478.0 0.116826735,0.033560835 -11.880496,-8.616769,446.13904 0.2238053125,0.22380524999999998 450,246,750,546 487,324,563,369 631,318,713,367
p00\face\946.jpg p00\left\946.jpg p00\right\946.jpg p00\grid\946.jpg day38/0107.jpg left 1244.0,753.0 0.13734905,0.009883471 -13.162945,-4.524,437.20123 0.2238053125,0.22380524999999998 443,254,746,557 482,329,560,375 629,330,710,378
p00\face\947.jpg p00\left\947.jpg p00\right\947.jpg p00\grid\947.jpg day24/0838.jpg left 949.0,435.0 0.07541227,0.03216393 38.415565,-39.919403,450.74704 0.2238053125,0.22380524999999998 558,177,856,475 597,250,676,297 741,253,822,301
p00\face\948.jpg p00\left\948.jpg p00\right\948.jpg p00\grid\948.jpg day09/0455.jpg left 593.0,274.0 0.2849097,0.40683666 113.24507,4.921605,421.17532 0.2238053125,0.22380524999999998 725,264,1052,591 769,349,853,399 926,350,1016,404
p00\face\949.jpg p00\left\949.jpg p00\right\949.jpg p00\grid\949.jpg day10/0392.jpg left 860.0,236.0 -0.012758696,0.34927458 43.426468,15.976459,414.36987 0.2238053125,0.22380524999999998 561,293,889,621 603,369,694,423 764,383,851,435
p00\face\950.jpg p00\left\950.jpg p00\right\950.jpg p00\grid\950.jpg day03/0900.jpg left 1066.0,468.0 0.36534873,-0.05843507 8.317871,-12.634911,434.56033 0.2238053125,0.22380524999999998 500,240,794,534 535,313,613,359 678,309,757,356
p00\face\951.jpg p00\left\951.jpg p00\right\951.jpg p00\grid\951.jpg day29/0343.jpg left 519.0,83.0 0.008196169,0.37662163 11.261386,1.598065,562.4021 0.2238053125,0.22380524999999998 524,285,765,526 553,349,616,386 672,347,735,384
p00\face\952.jpg p00\left\952.jpg p00\right\952.jpg p00\grid\952.jpg day27/0601.jpg left 488.0,555.0 0.058250267,0.45629635 30.524235,3.61262,467.08887 0.2238053125,0.22380524999999998 547,273,838,564 579,351,660,399 717,343,801,393
p00\face\953.jpg p00\left\953.jpg p00\right\953.jpg p00\grid\953.jpg day12/0204.jpg left 492.0,633.0 0.051196545,0.3142598 12.349148,-13.934343,500.97256 0.2238053125,0.22380524999999998 515,245,786,516 547,319,617,361 680,311,752,354
p00\face\954.jpg p00\left\954.jpg p00\right\954.jpg p00\grid\954.jpg day01/0286.jpg left 202.0,296.0 0.26817116,0.07304269 22.766378,32.36415,459.6045 0.2238053125,0.22380524999999998 533,342,816,625 567,411,643,456 708,411,781,454
p00\face\955.jpg p00\left\955.jpg p00\right\955.jpg p00\grid\955.jpg day35/0711.jpg left 233.0,796.0 -0.022977065,0.24954401 13.647618,-20.385876,434.69913 0.2238053125,0.22380524999999998 500,214,810,524 538,291,620,340 690,294,772,343
p00\face\956.jpg p00\left\956.jpg p00\right\956.jpg p00\grid\956.jpg day02/0715.jpg left 921.0,639.0 0.32362983,0.043382328 2.708179,35.13222,458.26566 0.2238053125,0.22380524999999998 494,349,776,631 527,422,600,465 662,413,740,459
p00\face\957.jpg p00\left\957.jpg p00\right\957.jpg p00\grid\957.jpg day15/0472.jpg left 357.0,757.0 -0.009152419,0.42663395 23.34182,-1.080619,549.3022 0.2238053125,0.22380524999999998 542,276,792,526 572,342,639,382 695,342,761,381
p00\face\958.jpg p00\left\958.jpg p00\right\958.jpg p00\grid\958.jpg day37/0047.jpg left 538.0,411.0 0.00043679692,0.13163379 0.114842,-4.974176,390.28336 0.2238053125,0.22380524999999998 450,236,798,584 494,324,585,378 663,325,756,380
p00\face\959.jpg p00\left\959.jpg p00\right\959.jpg p00\grid\959.jpg day26/0772.jpg left 457.0,138.0 0.28632262,0.06614527 5.666001,28.519125,385.96164 0.2238053125,0.22380524999999998 478,328,814,664 516,417,601,468 679,403,769,457
p00\face\960.jpg p00\left\960.jpg p00\right\960.jpg p00\grid\960.jpg day03/0889.jpg left 377.0,766.0 0.30263272,-0.047270097 23.745552,-16.736046,458.26236 0.2238053125,0.22380524999999998 534,235,817,518 570,302,645,347 709,307,784,352
p00\face\961.jpg p00\left\961.jpg p00\right\961.jpg p00\grid\961.jpg day04/0258.jpg left 591.0,474.0 0.015348056,0.1659959 31.939054,48.521503,448.26654 0.2238053125,0.22380524999999998 545,374,843,672 583,447,661,493 727,447,808,495
p00\face\962.jpg p00\left\962.jpg p00\right\962.jpg p00\grid\962.jpg day06/0260.jpg left 514.0,329.0 0.094460234,0.0885612 4.793532,0.157684,535.5379 0.2238053125,0.22380524999999998 507,280,760,533 539,346,605,385 661,342,730,383
p00\face\963.jpg p00\left\963.jpg p00\right\963.jpg p00\grid\963.jpg day24/0702.jpg left 1.0,676.0 0.066534,0.17622608 19.221893,39.62527,537.49005 0.2238053125,0.22380524999999998 538,356,785,603 567,421,631,459 688,414,754,453
p00\face\964.jpg p00\left\964.jpg p00\right\964.jpg p00\grid\964.jpg day04/0212.jpg left 980.0,468.0 -0.009304025,0.092684634 7.816182,8.128689,444.01715 0.2238053125,0.22380524999999998 488,282,791,585 527,355,608,403 674,360,756,409
p00\face\965.jpg p00\left\965.jpg p00\right\965.jpg p00\grid\965.jpg day19/0157.jpg left 95.0,768.0 0.072326966,0.31132436 22.524992,3.10899,435.9498 0.2238053125,0.22380524999999998 520,266,833,579 558,350,639,398 712,344,794,393
p00\face\966.jpg p00\left\966.jpg p00\right\966.jpg p00\grid\966.jpg day09/0948.jpg left 745.0,421.0 0.10474361,0.29835418 27.62428,-55.536705,422.43274 0.2238053125,0.22380524999999998 534,125,853,444 570,215,652,264 724,201,811,253
p00\face\967.jpg p00\left\967.jpg p00\right\967.jpg p00\grid\967.jpg day23/0839.jpg left 1034.0,601.0 0.30449975,-0.0641354 21.739716,-9.618735,372.65927 0.2238053125,0.22380524999999998 514,223,863,572 554,316,645,370 722,303,818,360
p00\face\968.jpg p00\left\968.jpg p00\right\968.jpg p00\grid\968.jpg day17/0241.jpg left 947.0,714.0 0.11519655,0.34166938 6.705496,12.059242,434.2451 0.2238053125,0.22380524999999998 487,291,793,597 527,371,602,416 674,365,758,415
p00\face\969.jpg p00\left\969.jpg p00\right\969.jpg p00\grid\969.jpg day29/0047.jpg left 338.0,463.0 0.1746435,-0.018354308 12.197482,-21.793556,419.43295 0.2238053125,0.22380524999999998 499,207,817,525 535,292,619,342 688,280,775,332
p00\face\970.jpg p00\left\970.jpg p00\right\970.jpg p00\grid\970.jpg day17/0913.jpg left 834.0,425.0 0.1948741,0.14636916 26.518085,-18.322824,418.43344 0.2238053125,0.22380524999999998 527,213,849,535 570,299,649,346 724,292,812,344
p00\face\971.jpg p00\left\971.jpg p00\right\971.jpg p00\grid\971.jpg day01/0585.jpg left 541.0,197.0 0.22289176,0.086185746 11.626041,57.83933,458.05515 0.2238053125,0.22380524999999998 509,395,797,683 541,467,619,513 683,464,758,509
p00\face\972.jpg p00\left\972.jpg p00\right\972.jpg p00\grid\972.jpg day06/0232.jpg left 469.0,736.0 0.101592705,0.0782645 29.917141,7.57163,482.24466 0.2238053125,0.22380524999999998 545,287,824,566 582,355,655,398 717,359,792,404
p00\face\973.jpg p00\left\973.jpg p00\right\973.jpg p00\grid\973.jpg day19/0232.jpg left 503.0,503.0 0.18212509,0.20567355 13.740109,-11.756852,469.6414 0.2238053125,0.22380524999999998 513,245,798,530 546,318,627,366 681,310,763,359
p00\face\974.jpg p00\left\974.jpg p00\right\974.jpg p00\grid\974.jpg day25/0147.jpg left 793.0,772.0 0.031734504,0.10024984 16.677158,-27.524794,452.72754 0.2238053125,0.22380524999999998 511,204,809,502 549,279,627,325 695,281,774,328
p00\face\975.jpg p00\left\975.jpg p00\right\975.jpg p00\grid\975.jpg day23/0770.jpg left 292.0,711.0 -0.09833825,0.031194396 59.485355,2.792099,440.43967 0.2238053125,0.22380524999999998 606,272,904,570 645,344,724,391 791,348,870,395
p00\face\976.jpg p00\left\976.jpg p00\right\976.jpg p00\grid\976.jpg day08/0261.jpg left 1131.0,435.0 0.19179243,0.15257707 24.140434,-16.479422,485.73297 0.2238053125,0.22380524999999998 535,239,811,515 572,309,642,351 704,307,780,352
p00\face\977.jpg p00\left\977.jpg p00\right\977.jpg p00\grid\977.jpg day36/0527.jpg left 659.0,548.0 0.018367907,0.26073077 -6.082737,5.539308,461.1553 0.2238053125,0.22380524999999998 465,278,759,572 501,356,577,401 644,350,723,397
p00\face\978.jpg p00\left\978.jpg p00\right\978.jpg p00\grid\978.jpg day31/0515.jpg left 631.0,745.0 0.123247094,0.060427997 4.417668,7.955737,372.3427 0.2238053125,0.22380524999999998 459,267,817,625 504,360,595,414 677,353,774,411
p00\face\979.jpg p00\left\979.jpg p00\right\979.jpg p00\grid\979.jpg day17/0350.jpg left 773.0,550.0 0.007502127,0.39635956 16.088797,3.474919,405.2847 0.2238053125,0.22380524999999998 496,262,827,593 540,344,625,395 701,350,789,402
p00\face\980.jpg p00\left\980.jpg p00\right\980.jpg p00\grid\980.jpg day11/0484.jpg left 909.0,699.0 -0.04824154,0.16274546 0.747851,-20.107853,498.5321 0.2238053125,0.22380524999999998 489,232,763,506 521,302,596,347 656,301,729,344
p00\face\981.jpg p00\left\981.jpg p00\right\981.jpg p00\grid\981.jpg day24/0018.jpg left 147.0,439.0 0.33891898,0.12887579 21.92875,35.079414,377.38077 0.2238053125,0.22380524999999998 518,347,858,687 556,434,649,489 715,419,815,479
p00\face\982.jpg p00\left\982.jpg p00\right\982.jpg p00\grid\982.jpg day08/0535.jpg left 165.0,492.0 0.052714236,0.08496808 14.152167,-5.121244,437.28186 0.2238053125,0.22380524999999998 503,251,810,558 542,329,621,376 691,327,773,376
p00\face\983.jpg p00\left\983.jpg p00\right\983.jpg p00\grid\983.jpg day36/0750.jpg left 472.0,727.0 -0.033161744,0.051218234 -5.578013,-10.363996,436.15305 0.2238053125,0.22380524999999998 455,237,765,547 494,314,576,363 646,317,728,366
p00\face\984.jpg p00\left\984.jpg p00\right\984.jpg p00\grid\984.jpg day21/0035.jpg left 982.0,259.0 -0.04413327,0.09688547 29.222275,1.613198,481.89206 0.2238053125,0.22380524999999998 547,276,824,553 580,346,653,389 714,343,789,388
p00\face\985.jpg p00\left\985.jpg p00\right\985.jpg p00\grid\985.jpg day34/0063.jpg left 1018.0,583.0 0.08889149,0.07155769 -20.988266,-23.897274,430.5683 0.2238053125,0.22380524999999998 422,205,735,518 461,289,540,336 609,278,697,330
p00\face\986.jpg p00\left\986.jpg p00\right\986.jpg p00\grid\986.jpg day24/0231.jpg left 565.0,740.0 0.06491669,0.10483405 -0.861995,16.835758,421.94156 0.2238053125,0.22380524999999998 464,297,785,618 503,381,587,431 656,374,746,428
p00\face\987.jpg p00\left\987.jpg p00\right\987.jpg p00\grid\987.jpg day03/0444.jpg left 797.0,371.0 0.33613497,0.17271154 36.319756,64.0166,510.58765 0.2238053125,0.22380524999999998 569,405,825,661 601,471,667,510 723,464,795,507
p00\face\988.jpg p00\left\988.jpg p00\right\988.jpg p00\grid\988.jpg day24/0438.jpg left 1190.0,58.0 0.20430405,0.031467646 -8.527852,-3.455731,367.8267 0.2238053125,0.22380524999999998 429,239,783,593 470,330,563,385 639,320,738,379
p00\face\989.jpg p00\left\989.jpg p00\right\989.jpg p00\grid\989.jpg day06/0221.jpg left 360.0,133.0 -0.03476994,0.23564038 56.92718,-5.866735,492.69754 0.2238053125,0.22380524999999998 601,261,874,534 634,326,709,371 770,334,840,376
p00\face\990.jpg p00\left\990.jpg p00\right\990.jpg p00\grid\990.jpg day20/0027.jpg left 1048.0,337.0 0.1646931,-0.03150469 6.496785,-18.83243,426.57965 0.2238053125,0.22380524999999998 487,217,799,529 523,298,604,346 675,291,759,341
p00\face\991.jpg p00\left\991.jpg p00\right\991.jpg p00\grid\991.jpg day34/0150.jpg left 809.0,606.0 0.16883802,0.054164402 8.923883,-14.217321,379.93152 0.2238053125,0.22380524999999998 473,212,822,561 519,299,607,351 688,299,782,355
p00\face\992.jpg p00\left\992.jpg p00\right\992.jpg p00\grid\992.jpg day33/0551.jpg left 946.0,151.0 0.1763662,0.007060267 -17.895075,-13.04709,401.8329 0.2238053125,0.22380524999999998 425,225,750,550 461,316,543,365 614,294,707,349
p00\face\993.jpg p00\left\993.jpg p00\right\993.jpg p00\grid\993.jpg day19/0088.jpg left 1103.0,51.0 0.065529175,0.15775399 24.80975,8.782236,414.42993 0.2238053125,0.22380524999999998 526,278,850,602 563,365,647,415 719,354,807,406
p00\face\994.jpg p00\left\994.jpg p00\right\994.jpg p00\grid\994.jpg day19/0540.jpg left 1048.0,33.0 0.21592472,-0.043027624 -7.534003,-26.081337,441.51932 0.2238053125,0.22380524999999998 463,208,758,503 498,284,573,329 642,278,721,325
p00\face\995.jpg p00\left\995.jpg p00\right\995.jpg p00\grid\995.jpg day04/0104.jpg left 1047.0,61.0 0.21842666,0.11906693 5.115391,20.70625,483.52386 0.2238053125,0.22380524999999998 498,317,772,591 534,385,604,427 664,383,742,429
p00\face\996.jpg p00\left\996.jpg p00\right\996.jpg p00\grid\996.jpg day16/0202.jpg left 391.0,172.0 -0.00010478118,0.14040494 36.111362,7.266293,409.95544 0.2238053125,0.22380524999999998 549,273,877,601 587,357,675,409 747,354,835,406
p00\face\997.jpg p00\left\997.jpg p00\right\997.jpg p00\grid\997.jpg day28/0710.jpg left 292.0,359.0 0.11411405,0.09685149 17.069057,14.04252,487.67603 0.2238053125,0.22380524999999998 520,301,797,578 556,370,628,413 690,371,765,416
p00\face\998.jpg p00\left\998.jpg p00\right\998.jpg p00\grid\998.jpg day23/0030.jpg left 1105.0,737.0 0.15761021,-0.09001253 20.391623,-54.50639,400.32776 0.2238053125,0.22380524999999998 512,117,846,451 552,208,637,259 711,195,804,250
p00\face\999.jpg p00\left\999.jpg p00\right\999.jpg p00\grid\999.jpg day05/0093.jpg left 785.0,349.0 -0.17615557,0.13412467 -13.868543,23.277145,542.3829 0.2238053125,0.22380524999999998 473,326,719,572 505,382,572,422 626,392,690,430
p00\face\1000.jpg p00\left\1000.jpg p00\right\1000.jpg p00\grid\1000.jpg day32/0038.jpg left 484.0,295.0 -0.097477905,0.0840852 25.197052,10.44693,374.22278 0.2238053125,0.22380524999999998 511,274,868,631 553,359,653,419 729,366,823,422
p00\face\1001.jpg p00\left\1001.jpg p00\right\1001.jpg p00\grid\1001.jpg day24/0183.jpg left 1053.0,218.0 0.42007282,0.007211158 -13.914899,-20.544024,388.11185 0.2238053125,0.22380524999999998 438,211,754,527 476,298,552,343 624,273,715,327
p00\face\1002.jpg p00\left\1002.jpg p00\right\1002.jpg p00\grid\1002.jpg day35/0719.jpg left 607.0,3.0 0.054054003,0.06280072 1.387111,-21.828268,431.57605 0.2238053125,0.22380524999999998 475,212,782,519 513,290,592,337 661,287,745,337
p00\face\1003.jpg p00\left\1003.jpg p00\right\1003.jpg p00\grid\1003.jpg day32/0262.jpg left 1271.0,34.0 0.12822185,0.16135196 -28.540562,-43.799316,451.34055 0.2238053125,0.22380524999999998 412,169,707,464 454,246,527,289 593,242,677,292
p00\face\1004.jpg p00\left\1004.jpg p00\right\1004.jpg p00\grid\1004.jpg day10/0530.jpg left 671.0,69.0 0.05567698,0.5037305 51.400574,56.044216,537.62067 0.2238053125,0.22380524999999998 592,384,841,633 626,443,692,482 745,452,814,493
p00\face\1005.jpg p00\left\1005.jpg p00\right\1005.jpg p00\grid\1005.jpg day23/0805.jpg left 442.0,199.0 0.4213231,0.06355164 30.06787,39.71462,361.65277 0.2238053125,0.22380524999999998 534,358,889,713 572,440,680,504 744,441,843,500
p00\face\1006.jpg p00\left\1006.jpg p00\right\1006.jpg p00\grid\1006.jpg day39/0228.jpg left 1153.0,588.0 0.20009808,0.05041841 -16.840933,-11.401259,427.16742 0.2238053125,0.22380524999999998 438,238,742,542 474,321,549,366 619,305,704,356
p00\face\1007.jpg p00\left\1007.jpg p00\right\1007.jpg p00\grid\1007.jpg day34/0672.jpg left 797.0,327.0 0.0039821193,0.20538428 1.573361,-18.242516,455.85623 0.2238053125,0.22380524999999998 480,224,780,524 515,304,594,351 662,298,741,345
p00\face\1008.jpg p00\left\1008.jpg p00\right\1008.jpg p00\grid\1008.jpg day34/0626.jpg left 226.0,471.0 -0.0016480086,0.0765579 14.272996,5.713251,428.69833 0.2238053125,0.22380524999999998 499,272,815,588 538,351,622,401 693,353,777,403
p00\face\1009.jpg p00\left\1009.jpg p00\right\1009.jpg p00\grid\1009.jpg day26/0141.jpg left 975.0,702.0 0.03840439,0.31395748 13.565809,-26.808151,464.4993 0.2238053125,0.22380524999999998 506,208,798,500 544,282,619,327 686,285,765,332
p00\face\1010.jpg p00\left\1010.jpg p00\right\1010.jpg p00\grid\1010.jpg day38/0109.jpg left 1078.0,37.0 0.16133343,0.032503355 -13.320683,-6.958847,430.5032 0.2238053125,0.22380524999999998 441,248,747,554 479,322,560,370 628,323,710,372
p00\face\1011.jpg p00\left\1011.jpg p00\right\1011.jpg p00\grid\1011.jpg day25/0081.jpg left 105.0,337.0 -0.025482725,0.18804935 61.532574,9.608087,391.89676 0.2238053125,0.22380524999999998 609,276,951,618 648,358,744,415 818,364,906,416
p00\face\1012.jpg p00\left\1012.jpg p00\right\1012.jpg p00\grid\1012.jpg day01/0358.jpg left 1073.0,798.0 0.54136604,0.16575079 29.343706,83.132195,540.7162 0.2238053125,0.22380524999999998 577,448,797,668 597,512,658,548 700,482,764,520
p00\face\1013.jpg p00\left\1013.jpg p00\right\1013.jpg p00\grid\1013.jpg day26/0696.jpg left 1119.0,428.0 0.217446,0.18357207 -12.004885,13.395759,432.01202 0.2238053125,0.22380524999999998 447,296,751,600 487,377,560,420 631,365,716,416
p00\face\1014.jpg p00\left\1014.jpg p00\right\1014.jpg p00\grid\1014.jpg day24/0713.jpg left 420.0,641.0 0.034688666,0.41671124 8.439234,41.689438,529.75806 0.2238053125,0.22380524999999998 515,358,768,611 545,425,612,465 669,419,736,459
p00\face\1015.jpg p00\left\1015.jpg p00\right\1015.jpg p00\grid\1015.jpg day29/0391.jpg left 419.0,732.0 0.07546331,0.14869721 -5.390108,34.126045,489.4354 0.2238053125,0.22380524999999998 477,343,751,617 511,414,581,456 645,410,718,453
p00\face\1016.jpg p00\left\1016.jpg p00\right\1016.jpg p00\grid\1016.jpg day06/0623.jpg left 665.0,677.0 -0.16675392,0.061046146 -33.8283,-3.89813,546.69403 0.2238053125,0.22380524999999998 441,274,690,523 466,339,542,384 585,330,657,373
p00\face\1017.jpg p00\left\1017.jpg p00\right\1017.jpg p00\grid\1017.jpg day28/0072.jpg left 1266.0,20.0 0.17476384,0.05118582 -2.696861,5.690562,435.1364 0.2238053125,0.22380524999999998 468,278,771,581 506,354,584,400 652,351,734,400
p00\face\1018.jpg p00\left\1018.jpg p00\right\1018.jpg p00\grid\1018.jpg day03/0656.jpg left 618.0,686.0 0.18942843,0.1267457 -40.690594,22.50844,433.85892 0.2238053125,0.22380524999999998 379,318,680,619 421,391,496,436 565,392,649,442
p00\face\1019.jpg p00\left\1019.jpg p00\right\1019.jpg p00\grid\1019.jpg day19/0286.jpg left 988.0,138.0 -0.03939734,0.34553865 27.123571,24.412117,460.03616 0.2238053125,0.22380524999999998 540,317,837,614 569,399,650,447 716,388,794,434
p00\face\1020.jpg p00\left\1020.jpg p00\right\1020.jpg p00\grid\1020.jpg day12/0340.jpg left 1216.0,264.0 -0.13304766,0.21313724 10.321734,18.328835,443.33447 0.2238053125,0.22380524999999998 495,304,801,610 530,380,614,430 680,381,761,429
p00\face\1021.jpg p00\left\1021.jpg p00\right\1021.jpg p00\grid\1021.jpg day26/0540.jpg left 912.0,244.0 0.12593696,0.1693288 6.925703,28.882238,409.61478 0.2238053125,0.22380524999999998 479,328,803,652 521,409,603,458 678,408,765,460
p00\face\1022.jpg p00\left\1022.jpg p00\right\1022.jpg p00\grid\1022.jpg day27/0485.jpg left 234.0,232.0 -0.14368851,0.046918564 14.507834,5.775162,368.55835 0.2238053125,0.22380524999999998 480,260,841,621 525,348,622,406 703,352,797,408
p00\face\1023.jpg p00\left\1023.jpg p00\right\1023.jpg p00\grid\1023.jpg day07/0057.jpg left 716.0,208.0 -0.2696899,0.14348832 -1.273009,40.171352,378.04797 0.2238053125,0.22380524999999998 451,359,794,702 486,443,591,506 650,433,749,492
p00\face\1024.jpg p00\left\1024.jpg p00\right\1024.jpg p00\grid\1024.jpg day26/0199.jpg left 594.0,759.0 0.10745135,0.008962801 10.134836,-9.733417,479.59164 0.2238053125,0.22380524999999998 506,251,786,531 541,323,614,366 676,319,752,364
p00\face\1025.jpg p00\left\1025.jpg p00\right\1025.jpg p00\grid\1025.jpg day22/0754.jpg left 403.0,691.0 0.080064185,0.15659703 37.309933,74.37662,522.4818 0.2238053125,0.22380524999999998 565,420,823,678 599,483,666,523 724,486,793,527
p00\face\1026.jpg p00\left\1026.jpg p00\right\1026.jpg p00\grid\1026.jpg day19/0357.jpg left 652.0,303.0 -0.036050953,0.033922292 22.178095,-5.682752,431.58197 0.2238053125,0.22380524999999998 520,248,830,558 558,327,639,375 710,325,792,374
p00\face\1027.jpg p00\left\1027.jpg p00\right\1027.jpg p00\grid\1027.jpg day36/0228.jpg left 1.0,60.0 0.21141003,0.094098635 32.695484,4.315896,569.7935 0.2238053125,0.22380524999999998 562,295,794,527 595,348,656,384 709,358,770,394
p00\face\1028.jpg p00\left\1028.jpg p00\right\1028.jpg p00\grid\1028.jpg day35/0891.jpg left 70.0,427.0 0.24603511,0.016327536 14.620034,-8.928623,468.98676 0.2238053125,0.22380524999999998 515,254,794,533 552,320,625,363 687,324,762,369
p00\face\1029.jpg p00\left\1029.jpg p00\right\1029.jpg p00\grid\1029.jpg day24/0015.jpg left 1016.0,41.0 -0.25020778,0.18290675 23.484545,35.862316,371.3742 0.2238053125,0.22380524999999998 516,349,862,695 550,432,655,495 719,426,815,483
p00\face\1030.jpg p00\left\1030.jpg p00\right\1030.jpg p00\grid\1030.jpg day16/0277.jpg left 1145.0,20.0 0.1309588,0.43898225 16.37165,15.259878,431.80447 0.2238053125,0.22380524999999998 506,297,813,604 549,375,625,420 696,375,781,426
p00\face\1031.jpg p00\left\1031.jpg p00\right\1031.jpg p00\grid\1031.jpg day10/0306.jpg left 543.0,68.0 -0.018254949,0.07260777 -6.07907,-25.20134,474.30426 0.2238053125,0.22380524999999998 468,216,753,501 504,287,580,332 642,289,720,335
p00\face\1032.jpg p00\left\1032.jpg p00\right\1032.jpg p00\grid\1032.jpg day37/0444.jpg left 431.0,427.0 0.052246623,0.16783743 9.742627,-19.61531,427.04333 0.2238053125,0.22380524999999998 491,214,806,529 529,297,611,346 682,290,767,341
p00\face\1033.jpg p00\left\1033.jpg p00\right\1033.jpg p00\grid\1033.jpg day16/1021.jpg left 60.0,174.0 -0.20248039,0.15609811 46.08697,-3.005522,428.34772 0.2238053125,0.22380524999999998 572,254,884,566 606,320,705,379 761,339,845,389
p00\face\1034.jpg p00\left\1034.jpg p00\right\1034.jpg p00\grid\1034.jpg day27/0207.jpg left 966.0,635.0 0.060308084,0.08642665 7.805785,26.030653,407.58783 0.2238053125,0.22380524999999998 477,318,808,649 520,401,605,452 680,401,770,455
p00\face\1035.jpg p00\left\1035.jpg p00\right\1035.jpg p00\grid\1035.jpg day01/0736.jpg left 575.0,295.0 -0.13921711,0.12808202 17.42306,36.672543,463.15387 0.2238053125,0.22380524999999998 517,349,803,635 552,419,628,464 695,421,768,464
p00\face\1036.jpg p00\left\1036.jpg p00\right\1036.jpg p00\grid\1036.jpg day10/0423.jpg left 639.0,148.0 0.114041835,0.50485957 28.626764,24.37065,486.8934 0.2238053125,0.22380524999999998 546,319,825,598 579,397,651,440 713,387,789,432
p00\face\1037.jpg p00\left\1037.jpg p00\right\1037.jpg p00\grid\1037.jpg day02/0812.jpg left 542.0,422.0 -0.031880714,0.12814595 50.275967,24.03968,469.252 0.2238053125,0.22380524999999998 589,322,872,605 623,392,699,437 761,392,837,437
p00\face\1038.jpg p00\left\1038.jpg p00\right\1038.jpg p00\grid\1038.jpg day06/0251.jpg left 36.0,498.0 0.0965168,0.07222366 7.631399,-0.217858,534.6812 0.2238053125,0.22380524999999998 514,281,764,531 545,345,609,383 668,343,734,382
p00\face\1039.jpg p00\left\1039.jpg p00\right\1039.jpg p00\grid\1039.jpg day10/0465.jpg left 1214.0,430.0 0.025014034,0.30573472 -10.183322,35.81865,542.1877 0.2238053125,0.22380524999999998 484,346,734,596 512,415,578,454 632,404,701,445
p00\face\1040.jpg p00\left\1040.jpg p00\right\1040.jpg p00\grid\1040.jpg day07/0248.jpg left 79.0,197.0 0.49835896,0.101384856 52.47945,35.430897,360.55603 0.2238053125,0.22380524999999998 594,346,952,704 635,430,741,493 803,427,909,490
p00\face\1041.jpg p00\left\1041.jpg p00\right\1041.jpg p00\grid\1041.jpg day18/0025.jpg left 269.0,445.0 0.006406027,0.12749355 18.259317,-3.714027,399.5383 0.2238053125,0.22380524999999998 501,242,841,582 540,330,633,385 707,325,798,379
p00\face\1042.jpg p00\left\1042.jpg p00\right\1042.jpg p00\grid\1042.jpg day27/0177.jpg left 1278.0,473.0 -0.056957286,0.17777403 10.754133,23.07133,376.61932 0.2238053125,0.22380524999999998 480,309,834,663 519,403,610,457 692,392,785,447
p00\face\1043.jpg p00\left\1043.jpg p00\right\1043.jpg p00\grid\1043.jpg day04/1196.jpg left 794.0,216.0 0.15158542,0.08260774 2.056082,22.026068,456.02274 0.2238053125,0.22380524999999998 485,317,776,608 520,390,596,435 662,387,740,433
p00\face\1044.jpg p00\left\1044.jpg p00\right\1044.jpg p00\grid\1044.jpg day37/0639.jpg left 907.0,112.0 -0.058959946,0.08449919 47.723793,4.707478,414.69415 0.2238053125,0.22380524999999998 580,270,901,591 617,353,702,404 772,345,859,397
p00\face\1045.jpg p00\left\1045.jpg p00\right\1045.jpg p00\grid\1045.jpg day06/0079.jpg left 1057.0,225.0 0.3223856,-0.032852624 6.960317,-4.841011,428.89566 0.2238053125,0.22380524999999998 495,254,796,555 530,333,608,379 675,323,757,372
p00\face\1046.jpg p00\left\1046.jpg p00\right\1046.jpg p00\grid\1046.jpg day03/0538.jpg left 528.0,186.0 -0.18865517,0.17369142 20.793322,39.312946,495.3349 0.2238053125,0.22380524999999998 531,356,796,621 564,417,637,460 695,426,764,467
p00\face\1047.jpg p00\left\1047.jpg p00\right\1047.jpg p00\grid\1047.jpg day35/0840.jpg left 4.0,388.0 -0.23609279,-0.092250414 10.026374,-16.16119,443.01575 0.2238053125,0.22380524999999998 497,230,792,525 532,302,619,354 674,301,758,351
p00\face\1048.jpg p00\left\1048.jpg p00\right\1048.jpg p00\grid\1048.jpg day09/0996.jpg left 168.0,506.0 0.13092987,0.42089987 15.873845,-19.436518,551.7968 0.2238053125,0.22380524999999998 533,245,777,489 563,316,624,352 680,303,747,343
p00\face\1049.jpg p00\left\1049.jpg p00\right\1049.jpg p00\grid\1049.jpg day27/0381.jpg left 1057.0,641.0 0.14040513,0.25851965 7.268509,16.469433,426.93863 0.2238053125,0.22380524999999998 483,297,801,615 525,382,604,429 676,374,764,426
p00\face\1050.jpg p00\left\1050.jpg p00\right\1050.jpg p00\grid\1050.jpg day08/0139.jpg left 272.0,548.0 -0.041599464,0.06114465 14.765,0.867484,498.65152 0.2238053125,0.22380524999999998 521,277,789,545 552,346,624,389 684,342,754,384
p00\face\1051.jpg p00\left\1051.jpg p00\right\1051.jpg p00\grid\1051.jpg day16/1048.jpg left 866.0,56.0 -0.053089816,0.12784463 15.486842,-22.38518,453.78348 0.2238053125,0.22380524999999998 510,216,808,514 544,291,625,339 692,291,770,337
p00\face\1052.jpg p00\left\1052.jpg p00\right\1052.jpg p00\grid\1052.jpg day11/0209.jpg left 1255.0,296.0 0.05754444,0.33916694 32.019405,13.510155,464.5234 0.2238053125,0.22380524999999998 540,295,832,587 583,361,662,408 725,378,804,425
p00\face\1053.jpg p00\left\1053.jpg p00\right\1053.jpg p00\grid\1053.jpg day08/0089.jpg left 410.0,707.0 0.041218016,0.16211489 46.751495,-5.376432,430.09045 0.2238053125,0.22380524999999998 580,248,892,560 614,332,696,381 768,323,849,371
p00\face\1054.jpg p00\left\1054.jpg p00\right\1054.jpg p00\grid\1054.jpg day16/0769.jpg left 1207.0,291.0 -0.004129897,0.22156602 26.29693,-28.06564,451.1648 0.2238053125,0.22380524999999998 530,199,836,505 566,278,648,327 716,278,797,326
p00\face\1055.jpg p00\left\1055.jpg p00\right\1055.jpg p00\grid\1055.jpg day11/0406.jpg left 615.0,155.0 -0.019101711,0.1732727 14.630736,12.830426,519.0253 0.2238053125,0.22380524999999998 520,301,784,565 552,367,625,410 681,368,751,410
p00\face\1056.jpg p00\left\1056.jpg p00\right\1056.jpg p00\grid\1056.jpg day22/0259.jpg left 818.0,553.0 -0.03235881,0.111148104 28.513083,26.873566,424.83264 0.2238053125,0.22380524999999998 531,322,847,638 571,399,656,450 725,403,810,454
p00\face\1057.jpg p00\left\1057.jpg p00\right\1057.jpg p00\grid\1057.jpg day23/0329.jpg left 1252.0,368.0 0.1877068,0.248592 4.713568,34.791054,541.0372 0.2238053125,0.22380524999999998 512,349,755,592 544,411,605,447 660,406,727,446
p00\face\1058.jpg p00\left\1058.jpg p00\right\1058.jpg p00\grid\1058.jpg day13/0587.jpg left 1022.0,567.0 -0.031939454,0.34796137 9.663112,11.093084,573.29047 0.2238053125,0.22380524999999998 521,302,761,542 550,363,614,401 668,366,731,403
p00\face\1059.jpg p00\left\1059.jpg p00\right\1059.jpg p00\grid\1059.jpg day23/0145.jpg left 829.0,446.0 0.09681604,0.10034428 21.332447,2.333068,436.3819 0.2238053125,0.22380524999999998 520,268,827,575 559,347,637,393 708,343,790,392
p00\face\1060.jpg p00\left\1060.jpg p00\right\1060.jpg p00\grid\1060.jpg day17/0800.jpg left 1064.0,329.0 -0.14646459,0.18493983 7.571783,38.07611,466.08 0.2238053125,0.22380524999999998 502,351,788,637 531,429,606,474 672,416,747,461
p00\face\1061.jpg p00\left\1061.jpg p00\right\1061.jpg p00\grid\1061.jpg day19/0554.jpg left 992.0,573.0 -0.045065176,0.07568239 10.826993,-2.710415,432.41516 0.2238053125,0.22380524999999998 491,254,804,567 530,331,614,381 684,335,766,384
p00\face\1062.jpg p00\left\1062.jpg p00\right\1062.jpg p00\grid\1062.jpg day17/0806.jpg left 641.0,625.0 0.0027022494,0.049450614 18.239313,-13.371921,392.41354 0.2238053125,0.22380524999999998 501,216,844,559 541,306,631,360 709,299,800,353
p00\face\1063.jpg p00\left\1063.jpg p00\right\1063.jpg p00\grid\1063.jpg day28/0186.jpg left 954.0,705.0 -0.009588436,0.03612952 -16.585264,34.611244,462.39536 0.2238053125,0.22380524999999998 443,340,737,634 479,419,554,464 622,413,701,460
p00\face\1064.jpg p00\left\1064.jpg p00\right\1064.jpg p00\grid\1064.jpg day24/0678.jpg left 21.0,460.0 -0.0054552094,0.14590949 20.201618,38.521416,528.88806 0.2238053125,0.22380524999999998 535,353,788,606 567,416,634,456 691,416,758,456
p00\face\1065.jpg p00\left\1065.jpg p00\right\1065.jpg p00\grid\1065.jpg day13/0706.jpg left 671.0,674.0 0.033551548,0.17216742 -3.686687,16.156658,466.4246 0.2238053125,0.22380524999999998 472,301,764,593 507,379,583,424 649,372,728,419
p00\face\1066.jpg p00\left\1066.jpg p00\right\1066.jpg p00\grid\1066.jpg day27/0042.jpg left 1216.0,161.0 0.13900116,0.07826931 -6.762358,8.005735,387.74747 0.2238053125,0.22380524999999998 436,272,778,614 482,358,566,408 646,357,739,412
p00\face\1067.jpg p00\left\1067.jpg p00\right\1067.jpg p00\grid\1067.jpg day18/0149.jpg left 829.0,412.0 0.057511,0.10435354 28.65599,9.299978,384.16537 0.2238053125,0.22380524999999998 524,272,875,623 566,362,659,417 737,358,831,414
p00\face\1068.jpg p00\left\1068.jpg p00\right\1068.jpg p00\grid\1068.jpg day17/0896.jpg left 132.0,554.0 -0.37637353,0.25152892 10.222359,27.233347,495.43118 0.2238053125,0.22380524999999998 507,338,754,585 549,372,622,415 666,421,738,464
p00\face\1069.jpg p00\left\1069.jpg p00\right\1069.jpg p00\grid\1069.jpg day24/0558.jpg left 480.0,2.0 0.0718666,0.10050969 2.031528,3.01603,444.32657 0.2238053125,0.22380524999999998 479,271,782,574 515,349,596,397 662,343,744,392
p00\face\1070.jpg p00\left\1070.jpg p00\right\1070.jpg p00\grid\1070.jpg day35/0776.jpg left 840.0,65.0 0.11608806,0.07023109 15.449659,1.605921,470.36856 0.2238053125,0.22380524999999998 516,275,798,557 552,344,625,387 688,345,764,390
p00\face\1071.jpg p00\left\1071.jpg p00\right\1071.jpg p00\grid\1071.jpg day13/0549.jpg left 611.0,242.0 0.0942456,-0.033392362 30.775326,34.21352,481.37332 0.2238053125,0.22380524999999998 544,335,836,627 577,412,665,464 708,403,802,459
p00\face\1072.jpg p00\left\1072.jpg p00\right\1072.jpg p00\grid\1072.jpg day21/0597.jpg left 79.0,73.0 0.2897314,-0.02774035 43.25285,-33.595806,408.6978 0.2238053125,0.22380524999999998 565,176,887,498 610,251,695,302 766,260,853,312
p00\face\1073.jpg p00\left\1073.jpg p00\right\1073.jpg p00\grid\1073.jpg day35/0362.jpg left 764.0,594.0 0.052305654,0.05712272 -1.846484,-15.246054,437.33704 0.2238053125,0.22380524999999998 463,228,769,534 505,299,586,347 654,310,736,359
p00\face\1074.jpg p00\left\1074.jpg p00\right\1074.jpg p00\grid\1074.jpg day04/0382.jpg left 722.0,356.0 -0.037075374,0.01845793 19.03517,-26.859476,494.23465 0.2238053125,0.22380524999999998 524,220,795,491 560,284,633,327 692,292,765,335
p00\face\1075.jpg p00\left\1075.jpg p00\right\1075.jpg p00\grid\1075.jpg day04/0836.jpg left 1163.0,185.0 -0.14321877,0.038781147 -29.344475,-37.08336,485.93054 0.2238053125,0.22380524999999998 425,196,702,473 458,264,533,309 595,267,668,310
p00\face\1076.jpg p00\left\1076.jpg p00\right\1076.jpg p00\grid\1076.jpg day20/0203.jpg left 453.0,494.0 0.30080476,0.07964442 4.210468,0.15775,398.51593 0.2238053125,0.22380524999999998 471,258,798,585 516,337,600,387 670,338,763,393
p00\face\1077.jpg p00\left\1077.jpg p00\right\1077.jpg p00\grid\1077.jpg day11/0409.jpg left 1114.0,637.0 0.0066067236,0.31806934 16.097124,14.841096,543.3603 0.2238053125,0.22380524999999998 528,307,780,559 559,372,625,411 683,372,749,411
p00\face\1078.jpg p00\left\1078.jpg p00\right\1078.jpg p00\grid\1078.jpg day01/0440.jpg left 332.0,584.0 -0.17029272,0.1874729 48.550823,51.012592,557.9129 0.2238053125,0.22380524999999998 592,378,827,613 620,435,683,472 738,438,798,474
p00\face\1079.jpg p00\left\1079.jpg p00\right\1079.jpg p00\grid\1079.jpg day08/0639.jpg left 663.0,46.0 -0.0071147215,0.13674158 36.00858,41.979195,558.68146 0.2238053125,0.22380524999999998 567,360,805,598 598,417,661,454 715,422,778,459
p00\face\1080.jpg p00\left\1080.jpg p00\right\1080.jpg p00\grid\1080.jpg day30/0608.jpg left 502.0,622.0 0.034516525,0.20385472 -13.546118,-15.032371,431.2205 0.2238053125,0.22380524999999998 433,224,749,540 475,304,556,352 629,305,714,356
p00\face\1081.jpg p00\left\1081.jpg p00\right\1081.jpg p00\grid\1081.jpg day36/0473.jpg left 1228.0,775.0 0.03428947,-0.007075856 -0.494291,-6.332338,398.78772 0.2238053125,0.22380524999999998 453,236,790,573 496,320,584,372 661,323,751,377
p00\face\1082.jpg p00\left\1082.jpg p00\right\1082.jpg p00\grid\1082.jpg day04/0069.jpg left 172.0,415.0 0.22593287,0.059528552 25.447454,20.859743,438.0434 0.2238053125,0.22380524999999998 534,312,835,613 568,386,652,436 717,385,796,432
p00\face\1083.jpg p00\left\1083.jpg p00\right\1083.jpg p00\grid\1083.jpg day06/0197.jpg left 1235.0,489.0 0.107318036,0.116471685 -3.985897,-2.061642,516.6039 0.2238053125,0.22380524999999998 486,273,748,535 520,341,587,381 645,337,718,380
p00\face\1084.jpg p00\left\1084.jpg p00\right\1084.jpg p00\grid\1084.jpg day24/0872.jpg left 913.0,203.0 0.2267004,0.10287234 -7.401576,18.001308,404.7478 0.2238053125,0.22380524999999998 449,303,771,625 488,388,569,436 642,376,732,430
p00\face\1085.jpg p00\left\1085.jpg p00\right\1085.jpg p00\grid\1085.jpg day33/0635.jpg left 881.0,521.0 0.086304665,0.089833304 10.517981,-5.274815,394.15265 0.2238053125,0.22380524999999998 486,240,823,577 526,330,611,381 689,318,780,372
p00\face\1086.jpg p00\left\1086.jpg p00\right\1086.jpg p00\grid\1086.jpg day29/0795.jpg left 953.0,82.0 -0.033683877,0.29288825 -24.514132,-30.859797,396.27203 0.2238053125,0.22380524999999998 395,174,732,511 436,263,524,315 598,256,691,311
p00\face\1087.jpg p00\left\1087.jpg p00\right\1087.jpg p00\grid\1087.jpg day26/0425.jpg left 1156.0,234.0 0.067968145,0.21052055 -6.652686,-10.346221,498.30405 0.2238053125,0.22380524999999998 475,253,746,524 510,323,579,364 642,321,715,364
p00\face\1088.jpg p00\left\1088.jpg p00\right\1088.jpg p00\grid\1088.jpg day23/0067.jpg left 488.0,286.0 0.017306566,0.56458116 32.979427,-3.288195,405.98083 0.2238053125,0.22380524999999998 539,244,866,571 581,324,671,378 741,335,828,387
p00\face\1089.jpg p00\left\1089.jpg p00\right\1089.jpg p00\grid\1089.jpg day35/0772.jpg left 216.0,738.0 0.04494747,0.10221137 21.167583,4.665319,473.56424 0.2238053125,0.22380524999999998 526,280,809,563 563,350,636,393 700,353,776,398
p00\face\1090.jpg p00\left\1090.jpg p00\right\1090.jpg p00\grid\1090.jpg day01/0741.jpg left 742.0,273.0 0.2799905,0.14545822 0.117265,40.795883,455.47678 0.2238053125,0.22380524999999998 484,362,767,645 521,432,591,474 658,430,734,475
p00\face\1091.jpg p00\left\1091.jpg p00\right\1091.jpg p00\grid\1091.jpg day37/0060.jpg left 1069.0,25.0 0.13548003,0.08011819 -8.50635,-6.622878,377.76343 0.2238053125,0.22380524999999998 427,232,776,581 473,319,561,371 642,318,736,374
p00\face\1092.jpg p00\left\1092.jpg p00\right\1092.jpg p00\grid\1092.jpg day10/0467.jpg left 2.0,388.0 0.0057644746,0.2247314 0.743812,36.333946,534.8421 0.2238053125,0.22380524999999998 500,347,755,602 530,415,597,455 655,409,722,449
p00\face\1093.jpg p00\left\1093.jpg p00\right\1093.jpg p00\grid\1093.jpg day09/0681.jpg left 132.0,44.0 0.0990923,0.060321577 42.089394,-29.016832,481.95834 0.2238053125,0.22380524999999998 572,212,851,491 607,283,680,326 742,280,817,325
p00\face\1094.jpg p00\left\1094.jpg p00\right\1094.jpg p00\grid\1094.jpg day28/0466.jpg left 516.0,450.0 0.04654783,0.33714864 21.804422,9.545266,446.93124 0.2238053125,0.22380524999999998 521,283,825,587 558,361,639,409 706,361,788,410
p00\face\1095.jpg p00\left\1095.jpg p00\right\1095.jpg p00\grid\1095.jpg day17/0237.jpg left 737.0,361.0 0.028540347,0.0654406 22.074417,-6.910586,423.84412 0.2238053125,0.22380524999999998 515,242,834,561 556,321,640,371 712,324,797,375
p00\face\1096.jpg p00\left\1096.jpg p00\right\1096.jpg p00\grid\1096.jpg day15/0079.jpg left 1061.0,496.0 0.14217798,0.30733317 3.104377,-10.536588,459.2313 0.2238053125,0.22380524999999998 487,243,779,535 524,325,596,368 663,312,744,360
p00\face\1097.jpg p00\left\1097.jpg p00\right\1097.jpg p00\grid\1097.jpg day11/0060.jpg left 86.0,581.0 0.017051755,0.062105738 42.66577,-18.451256,414.05978 0.2238053125,0.22380524999999998 569,214,890,535 606,297,691,348 761,289,848,341
p00\face\1098.jpg p00\left\1098.jpg p00\right\1098.jpg p00\grid\1098.jpg day09/0367.jpg left 474.0,307.0 -0.037965715,0.42729807 30.953772,-4.588611,502.35773 0.2238053125,0.22380524999999998 549,265,814,530 585,326,657,369 715,341,785,383
p00\face\1099.jpg p00\left\1099.jpg p00\right\1099.jpg p00\grid\1099.jpg day25/0633.jpg left 1051.0,200.0 0.061566368,0.045365714 17.691132,-7.749487,366.70724 0.2238053125,0.22380524999999998 491,223,854,586 536,314,629,369 713,313,810,371
p00\face\1100.jpg p00\left\1100.jpg p00\right\1100.jpg p00\grid\1100.jpg day19/0156.jpg left 93.0,28.0 0.07738825,0.1654965 25.04558,-3.310079,428.36008 0.2238053125,0.22380524999999998 525,251,841,567 564,333,646,382 718,329,803,380
p00\face\1101.jpg p00\left\1101.jpg p00\right\1101.jpg p00\grid\1101.jpg day30/0059.jpg left 1012.0,647.0 0.052146778,0.09847867 -9.858252,3.293318,441.65436 0.2238053125,0.22380524999999998 451,271,755,575 489,350,567,396 636,345,718,394
p00\face\1102.jpg p00\left\1102.jpg p00\right\1102.jpg p00\grid\1102.jpg day34/0836.jpg left 864.0,144.0 -0.045666907,0.23174265 27.506573,8.971189,428.6007 0.2238053125,0.22380524999999998 538,282,850,594 569,366,654,417 722,353,804,402
p00\face\1103.jpg p00\left\1103.jpg p00\right\1103.jpg p00\grid\1103.jpg day11/0380.jpg left 1034.0,113.0 0.1234761,0.31203467 35.63258,-7.651593,501.3692 0.2238053125,0.22380524999999998 557,257,828,528 594,326,664,368 724,328,799,373
p00\face\1104.jpg p00\left\1104.jpg p00\right\1104.jpg p00\grid\1104.jpg day15/0107.jpg left 1021.0,167.0 0.01638846,0.11925244 10.322364,-0.434384,442.70865 0.2238053125,0.22380524999999998 494,262,800,568 532,338,613,386 681,339,763,388
p00\face\1105.jpg p00\left\1105.jpg p00\right\1105.jpg p00\grid\1105.jpg day13/0755.jpg left 1028.0,791.0 0.090836965,0.4442431 44.700466,10.53006,460.13266 0.2238053125,0.22380524999999998 577,290,866,579 612,365,687,410 754,363,830,408
p00\face\1106.jpg p00\left\1106.jpg p00\right\1106.jpg p00\grid\1106.jpg day38/0463.jpg left 825.0,227.0 0.1537575,0.09370088 -1.622993,-20.224653,472.8999 0.2238053125,0.22380524999999998 479,228,761,510 517,298,589,341 653,300,729,345
p00\face\1107.jpg p00\left\1107.jpg p00\right\1107.jpg p00\grid\1107.jpg day27/0263.jpg left 63.0,30.0 -0.010332053,0.35362378 13.261308,22.257961,432.41656 0.2238053125,0.22380524999999998 501,311,814,624 536,394,620,444 690,387,772,436
p00\face\1108.jpg p00\left\1108.jpg p00\right\1108.jpg p00\grid\1108.jpg day17/0723.jpg left 1169.0,45.0 0.040748008,0.054895524 28.086517,12.262032,410.3054 0.2238053125,0.22380524999999998 525,283,856,614 567,365,654,417 730,370,817,422
p00\face\1109.jpg p00\left\1109.jpg p00\right\1109.jpg p00\grid\1109.jpg day28/0570.jpg left 17.0,797.0 0.23443386,0.08499064 -5.939119,16.00158,416.19565 0.2238053125,0.22380524999999998 458,301,770,613 496,383,574,429 647,372,731,422
p00\face\1110.jpg p00\left\1110.jpg p00\right\1110.jpg p00\grid\1110.jpg day08/0667.jpg left 469.0,335.0 -0.09637869,0.06705067 51.600784,4.18484,373.93982 0.2238053125,0.22380524999999998 588,260,939,611 627,352,721,408 798,341,892,397
p00\face\1111.jpg p00\left\1111.jpg p00\right\1111.jpg p00\grid\1111.jpg day27/0011.jpg left 226.0,16.0 0.11839597,0.102679536 -11.66585,-7.467919,409.24194 0.2238053125,0.22380524999999998 432,237,760,565 475,321,559,371 633,318,723,372
p00\face\1112.jpg p00\left\1112.jpg p00\right\1112.jpg p00\grid\1112.jpg day16/0630.jpg left 353.0,451.0 -0.016623255,0.288894 6.237356,53.82047,622.64197 0.2238053125,0.22380524999999998 524,378,741,595 552,431,609,465 659,435,716,469
p00\face\1113.jpg p00\left\1113.jpg p00\right\1113.jpg p00\grid\1113.jpg day06/0487.jpg left 274.0,675.0 -0.22089195,0.16402937 13.481951,40.55683,398.34247 0.2238053125,0.22380524999999998 488,358,818,688 529,429,631,490 685,440,782,498
p00\face\1114.jpg p00\left\1114.jpg p00\right\1114.jpg p00\grid\1114.jpg day16/0788.jpg left 145.0,592.0 0.051115677,0.0046093417 24.305779,-9.87596,446.1369 0.2238053125,0.22380524999999998 524,240,830,546 563,316,644,364 713,320,794,368
p00\face\1115.jpg p00\left\1115.jpg p00\right\1115.jpg p00\grid\1115.jpg day29/0055.jpg left 1104.0,455.0 0.14469576,0.023951214 10.417349,-21.467945,460.2405 0.2238053125,0.22380524999999998 508,222,797,511 539,303,614,348 679,285,758,332
p00\face\1116.jpg p00\left\1116.jpg p00\right\1116.jpg p00\grid\1116.jpg day11/0032.jpg left 595.0,45.0 0.07224258,0.025546104 37.986664,-26.751028,438.68286 0.2238053125,0.22380524999999998 566,202,870,506 597,291,676,338 743,266,827,316
p00\face\1117.jpg p00\left\1117.jpg p00\right\1117.jpg p00\grid\1117.jpg day28/0647.jpg left 279.0,655.0 0.051665865,0.057739582 -24.60074,-17.204016,446.0289 0.2238053125,0.22380524999999998 422,226,722,526 458,307,534,352 603,297,684,345
p00\face\1118.jpg p00\left\1118.jpg p00\right\1118.jpg p00\grid\1118.jpg day26/0657.jpg left 1217.0,138.0 0.2240655,0.08318126 25.2406,43.569946,427.5253 0.2238053125,0.22380524999999998 534,366,838,670 569,443,647,489 721,440,797,485
p00\face\1119.jpg p00\left\1119.jpg p00\right\1119.jpg p00\grid\1119.jpg day01/0683.jpg left 180.0,310.0 -0.0016612204,0.9029989 31.144453,100.106384,456.31778 0.2238053125,0.22380524999999998 535,468,848,781 569,549,671,610 717,556,810,611
p00\face\1120.jpg p00\left\1120.jpg p00\right\1120.jpg p00\grid\1120.jpg day13/0407.jpg left 812.0,544.0 0.11733429,0.034754943 -11.69601,-9.662996,505.8582 0.2238053125,0.22380524999999998 471,258,735,522 504,327,571,367 631,321,703,364
p00\face\1121.jpg p00\left\1121.jpg p00\right\1121.jpg p00\grid\1121.jpg day11/0020.jpg left 1087.0,419.0 -0.08285761,-0.07626661 36.644737,-31.867401,413.54132 0.2238053125,0.22380524999999998 563,181,881,499 591,276,681,330 743,244,833,298
p00\face\1122.jpg p00\left\1122.jpg p00\right\1122.jpg p00\grid\1122.jpg day17/1012.jpg left 499.0,269.0 0.03903663,0.04793311 31.438606,-15.905968,413.6294 0.2238053125,0.22380524999999998 539,219,861,541 579,301,663,351 735,298,822,350
p00\face\1123.jpg p00\left\1123.jpg p00\right\1123.jpg p00\grid\1123.jpg day06/0411.jpg left 995.0,254.0 -0.054331757,0.16814947 21.184048,18.247522,434.55908 0.2238053125,0.22380524999999998 519,304,828,613 555,381,637,430 707,381,788,429
p00\face\1124.jpg p00\left\1124.jpg p00\right\1124.jpg p00\grid\1124.jpg day02/0659.jpg left 1237.0,325.0 0.32228488,0.17404503 10.253042,39.355865,517.89594 0.2238053125,0.22380524999999998 519,358,771,610 552,422,615,459 672,417,742,459
p00\face\1125.jpg p00\left\1125.jpg p00\right\1125.jpg p00\grid\1125.jpg day09/0379.jpg left 1265.0,132.0 0.01357662,0.100358725 20.141972,8.70669,489.53766 0.2238053125,0.22380524999999998 524,291,798,565 562,354,635,397 694,365,769,410
p00\face\1126.jpg p00\left\1126.jpg p00\right\1126.jpg p00\grid\1126.jpg day25/0615.jpg left 352.0,639.0 0.23846313,0.06680767 21.040548,-4.127515,404.50885 0.2238053125,0.22380524999999998 513,245,843,575 555,330,640,381 713,323,804,377
p00\face\1127.jpg p00\left\1127.jpg p00\right\1127.jpg p00\grid\1127.jpg day16/0216.jpg left 951.0,381.0 0.16961019,0.16252531 13.640454,13.445815,430.0254 0.2238053125,0.22380524999999998 502,293,812,603 542,375,620,421 691,366,776,417
p00\face\1128.jpg p00\left\1128.jpg p00\right\1128.jpg p00\grid\1128.jpg day16/0579.jpg left 105.0,79.0 0.03191021,0.29116112 17.08479,13.804361,406.33746 0.2238053125,0.22380524999999998 492,288,823,619 542,361,629,413 702,382,793,436
p00\face\1129.jpg p00\left\1129.jpg p00\right\1129.jpg p00\grid\1129.jpg day17/0260.jpg left 694.0,60.0 0.16024595,0.3414941 9.483051,7.552292,431.68533 0.2238053125,0.22380524999999998 494,279,803,588 533,364,609,409 679,350,766,402
p00\face\1130.jpg p00\left\1130.jpg p00\right\1130.jpg p00\grid\1130.jpg day26/0358.jpg left 172.0,587.0 -0.013028476,0.2238481 12.677258,26.937136,520.6779 0.2238053125,0.22380524999999998 523,329,782,588 550,400,619,441 677,390,746,431
p00\face\1131.jpg p00\left\1131.jpg p00\right\1131.jpg p00\grid\1131.jpg day10/0401.jpg left 1214.0,185.0 -0.12662727,0.20087251 -4.068564,30.868769,494.86987 0.2238053125,0.22380524999999998 480,339,747,606 515,400,587,443 645,407,717,450
p00\face\1132.jpg p00\left\1132.jpg p00\right\1132.jpg p00\grid\1132.jpg day28/0189.jpg left 230.0,558.0 0.040032484,0.24650812 -15.536333,38.464664,464.85062 0.2238053125,0.22380524999999998 445,350,737,642 483,427,556,470 625,422,703,468
p00\face\1133.jpg p00\left\1133.jpg p00\right\1133.jpg p00\grid\1133.jpg day08/0508.jpg left 927.0,639.0 0.049870864,0.2789012 1.990369,-19.352108,498.99997 0.2238053125,0.22380524999999998 493,234,764,505 527,306,596,347 659,302,732,345
p00\face\1134.jpg p00\left\1134.jpg p00\right\1134.jpg p00\grid\1134.jpg day05/0276.jpg left 101.0,646.0 -0.13243663,0.19472753 35.062172,-23.047928,481.67886 0.2238053125,0.22380524999999998 555,224,832,501 589,288,667,334 729,301,798,342
p00\face\1135.jpg p00\left\1135.jpg p00\right\1135.jpg p00\grid\1135.jpg day26/0640.jpg left 1274.0,478.0 0.06799364,0.16202165 -2.925413,21.787819,499.55487 0.2238053125,0.22380524999999998 483,317,756,590 517,389,586,430 650,384,723,427
p00\face\1136.jpg p00\left\1136.jpg p00\right\1136.jpg p00\grid\1136.jpg day09/0210.jpg left 308.0,545.0 -0.00059832295,0.28360763 49.665104,9.465516,443.3056 0.2238053125,0.22380524999999998 582,284,886,588 619,358,703,408 771,365,849,411
p00\face\1137.jpg p00\left\1137.jpg p00\right\1137.jpg p00\grid\1137.jpg day23/0497.jpg left 1119.0,451.0 0.18856047,0.07551793 44.178165,23.000278,432.30438 0.2238053125,0.22380524999999998 569,315,878,624 610,387,691,435 761,396,843,445
p00\face\1138.jpg p00\left\1138.jpg p00\right\1138.jpg p00\grid\1138.jpg day17/0213.jpg left 760.0,128.0 0.18320085,0.256346 20.176926,17.565708,436.05182 0.2238053125,0.22380524999999998 517,302,826,611 557,384,635,430 705,375,790,426
p00\face\1139.jpg p00\left\1139.jpg p00\right\1139.jpg p00\grid\1139.jpg day17/0815.jpg left 1038.0,439.0 -0.046031844,0.034017414 17.593601,-10.151429,382.1467 0.2238053125,0.22380524999999998 495,221,846,572 537,310,630,365 708,307,802,363
p00\face\1140.jpg p00\left\1140.jpg p00\right\1140.jpg p00\grid\1140.jpg day10/0634.jpg left 1224.0,583.0 0.02347525,0.24333592 27.655136,-30.099659,436.5941 0.2238053125,0.22380524999999998 536,190,849,503 569,278,653,328 721,263,806,314
p00\face\1141.jpg p00\left\1141.jpg p00\right\1141.jpg p00\grid\1141.jpg day33/0742.jpg left 461.0,413.0 -0.019649127,0.4265904 15.381383,-34.085583,354.20605 0.2238053125,0.22380524999999998 478,142,851,515 527,234,624,292 711,244,808,302
p00\face\1142.jpg p00\left\1142.jpg p00\right\1142.jpg p00\grid\1142.jpg day36/0234.jpg left 677.0,52.0 0.13537112,0.09299686 28.0714,4.139368,573.723 0.2238053125,0.22380524999999998 555,294,789,528 586,351,647,387 699,354,762,391
p00\face\1143.jpg p00\left\1143.jpg p00\right\1143.jpg p00\grid\1143.jpg day22/0531.jpg left 814.0,755.0 0.015010145,0.15319313 24.675135,16.176645,398.58148 0.2238053125,0.22380524999999998 521,294,857,630 559,382,646,434 724,374,812,426
p00\face\1144.jpg p00\left\1144.jpg p00\right\1144.jpg p00\grid\1144.jpg day22/0642.jpg left 747.0,179.0 0.0026470602,0.10386342 32.98413,4.344904,405.53555 0.2238053125,0.22380524999999998 536,264,870,598 578,344,668,398 742,352,830,404
p00\face\1145.jpg p00\left\1145.jpg p00\right\1145.jpg p00\grid\1145.jpg day03/0029.jpg left 937.0,421.0 0.17896926,0.074645415 -2.964998,24.04331,431.5925 0.2238053125,0.22380524999999998 466,318,773,625 503,397,584,445 651,391,736,442
p00\face\1146.jpg p00\left\1146.jpg p00\right\1146.jpg p00\grid\1146.jpg day10/0108.jpg left 222.0,561.0 0.05167986,0.2237023 20.074745,23.226805,525.60345 0.2238053125,0.22380524999999998 532,322,790,580 566,387,633,427 691,389,760,430
p00\face\1147.jpg p00\left\1147.jpg p00\right\1147.jpg p00\grid\1147.jpg day28/0291.jpg left 194.0,93.0 0.13503624,0.17916928 0.535574,35.767567,424.7367 0.2238053125,0.22380524999999998 470,345,783,658 509,425,591,474 659,419,746,471
p00\face\1148.jpg p00\left\1148.jpg p00\right\1148.jpg p00\grid\1148.jpg day32/0173.jpg left 993.0,211.0 0.2587338,0.028529327 15.328501,9.817204,374.44052 0.2238053125,0.22380524999999998 491,275,842,626 535,361,628,416 704,361,801,419
p00\face\1149.jpg p00\left\1149.jpg p00\right\1149.jpg p00\grid\1149.jpg day23/0087.jpg left 12.0,304.0 -0.07378657,0.14507346 21.88247,6.134093,390.84964 0.2238053125,0.22380524999999998 511,269,848,606 550,352,643,407 718,352,805,404
p00\face\1150.jpg p00\left\1150.jpg p00\right\1150.jpg p00\grid\1150.jpg day38/1210.jpg left 442.0,197.0 -0.04134188,0.091805585 43.26544,-24.613522,404.5809 0.2238053125,0.22380524999999998 562,193,895,526 602,272,695,327 766,281,854,333
p00\face\1151.jpg p00\left\1151.jpg p00\right\1151.jpg p00\grid\1151.jpg day15/0229.jpg left 840.0,263.0 -0.020803444,0.09139859 17.517906,11.415753,413.0995 0.2238053125,0.22380524999999998 502,284,827,609 543,362,630,414 701,367,789,419
p00\face\1152.jpg p00\left\1152.jpg p00\right\1152.jpg p00\grid\1152.jpg day15/0540.jpg left 492.0,761.0 0.031536467,0.1465492 27.461004,-11.961622,468.87192 0.2238053125,0.22380524999999998 536,242,827,533 573,315,649,360 715,317,793,363
p00\face\1153.jpg p00\left\1153.jpg p00\right\1153.jpg p00\grid\1153.jpg day28/0381.jpg left 1193.0,622.0 0.2037657,0.111049406 14.749527,21.839289,423.87814 0.2238053125,0.22380524999999998 505,313,817,625 543,393,624,441 694,387,779,438
p00\face\1154.jpg p00\left\1154.jpg p00\right\1154.jpg p00\grid\1154.jpg day06/0455.jpg left 1080.0,737.0 0.05509451,0.25842074 11.267325,3.037465,482.27414 0.2238053125,0.22380524999999998 509,277,789,557 543,351,615,394 679,345,754,390
p00\face\1155.jpg p00\left\1155.jpg p00\right\1155.jpg p00\grid\1155.jpg day29/0505.jpg left 282.0,785.0 -0.18612608,0.02920777 18.214466,-14.754275,410.41116 0.2238053125,0.22380524999999998 505,223,826,544 544,298,632,350 704,306,786,355
p00\face\1156.jpg p00\left\1156.jpg p00\right\1156.jpg p00\grid\1156.jpg day15/0339.jpg left 777.0,375.0 0.04326324,0.23360515 18.348,20.975485,535.2954 0.2238053125,0.22380524999999998 531,318,786,573 563,383,630,423 686,383,755,424
p00\face\1157.jpg p00\left\1157.jpg p00\right\1157.jpg p00\grid\1157.jpg day28/0241.jpg left 820.0,664.0 0.080923684,0.29727706 10.836644,7.871681,512.84955 0.2238053125,0.22380524999999998 512,290,777,555 546,359,615,400 675,358,747,401
p00\face\1158.jpg p00\left\1158.jpg p00\right\1158.jpg p00\grid\1158.jpg day25/0041.jpg left 76.0,512.0 0.17571455,0.055136304 9.010597,15.610978,457.81317 0.2238053125,0.22380524999999998 497,301,789,593 535,373,613,419 677,375,756,422
p00\face\1159.jpg p00\left\1159.jpg p00\right\1159.jpg p00\grid\1159.jpg day35/0945.jpg left 98.0,777.0 -0.113863505,0.07627803 20.455051,-6.844297,473.18564 0.2238053125,0.22380524999999998 524,257,804,537 560,323,635,368 699,331,772,374
p00\face\1160.jpg p00\left\1160.jpg p00\right\1160.jpg p00\grid\1160.jpg day19/0344.jpg left 432.0,378.0 0.09309377,0.036256213 17.365587,-6.301906,425.2244 0.2238053125,0.22380524999999998 507,244,823,560 547,325,628,373 701,322,786,373
p00\face\1161.jpg p00\left\1161.jpg p00\right\1161.jpg p00\grid\1161.jpg day01/0691.jpg left 71.0,489.0 0.02365841,1.0333152 22.37709,102.91041,450.8719 0.2238053125,0.22380524999999998 513,470,832,789 551,559,647,616 701,565,795,621
p00\face\1162.jpg p00\left\1162.jpg p00\right\1162.jpg p00\grid\1162.jpg day03/0332.jpg left 891.0,774.0 0.12775077,0.18384935 14.662077,100.17535,548.3559 0.2238053125,0.22380524999999998 525,466,768,709 560,520,623,557 678,532,744,571
p00\face\1163.jpg p00\left\1163.jpg p00\right\1163.jpg p00\grid\1163.jpg day08/0307.jpg left 881.0,701.0 0.0499786,0.31733343 21.759865,65.91291,597.2003 0.2238053125,0.22380524999999998 550,399,775,624 576,460,634,494 686,452,746,488
p00\face\1164.jpg p00\left\1164.jpg p00\right\1164.jpg p00\grid\1164.jpg day17/1053.jpg left 155.0,22.0 0.17999195,0.111817636 69.45493,-6.280428,393.77142 0.2238053125,0.22380524999999998 628,233,973,578 671,324,759,376 838,319,931,374
p00\face\1165.jpg p00\left\1165.jpg p00\right\1165.jpg p00\grid\1165.jpg day13/0098.jpg left 137.0,620.0 0.23140283,0.19460066 64.30812,46.11474,486.65405 0.2238053125,0.22380524999999998 621,366,898,643 653,443,723,485 786,429,862,474
p00\face\1166.jpg p00\left\1166.jpg p00\right\1166.jpg p00\grid\1166.jpg day16/0819.jpg left 510.0,706.0 0.0617139,0.062011987 23.612288,0.563051,410.65015 0.2238053125,0.22380524999999998 518,256,846,584 559,341,643,391 719,338,806,390
p00\face\1167.jpg p00\left\1167.jpg p00\right\1167.jpg p00\grid\1167.jpg day22/0836.jpg left 370.0,405.0 0.03208571,0.30595043 9.623145,-9.074156,425.71927 0.2238053125,0.22380524999999998 485,234,807,556 526,317,610,367 684,318,769,369
p00\face\1168.jpg p00\left\1168.jpg p00\right\1168.jpg p00\grid\1168.jpg day24/0574.jpg left 150.0,438.0 -0.01863292,0.37000325 10.71673,48.618668,573.6437 0.2238053125,0.22380524999999998 530,371,762,603 554,434,617,471 670,426,730,462
p00\face\1169.jpg p00\left\1169.jpg p00\right\1169.jpg p00\grid\1169.jpg day36/0523.jpg left 955.0,703.0 0.037184287,0.14581041 -13.008101,2.466027,468.93073 0.2238053125,0.22380524999999998 455,275,740,560 491,349,563,392 629,345,705,390
p00\face\1170.jpg p00\left\1170.jpg p00\right\1170.jpg p00\grid\1170.jpg day35/0806.jpg left 7.0,4.0 -0.14579804,0.096881405 27.520018,-14.015305,426.70062 0.2238053125,0.22380524999999998 532,231,839,538 570,302,655,353 723,311,802,358
p00\face\1171.jpg p00\left\1171.jpg p00\right\1171.jpg p00\grid\1171.jpg day38/0490.jpg left 815.0,246.0 0.042666294,0.2648607 8.751841,8.652463,418.39713 0.2238053125,0.22380524999999998 490,281,806,597 528,365,607,412 679,354,766,406
p00\face\1172.jpg p00\left\1172.jpg p00\right\1172.jpg p00\grid\1172.jpg day36/0059.jpg left 712.0,779.0 0.12975122,0.010403876 -6.93528,-7.490426,405.16028 0.2238053125,0.22380524999999998 445,237,773,565 486,322,570,372 644,316,734,370
p00\face\1173.jpg p00\left\1173.jpg p00\right\1173.jpg p00\grid\1173.jpg day35/0903.jpg left 999.0,768.0 -0.029417288,0.064157434 21.651121,-0.217786,440.37732 0.2238053125,0.22380524999999998 519,264,822,567 559,335,638,382 706,343,787,391
p00\face\1174.jpg p00\left\1174.jpg p00\right\1174.jpg p00\grid\1174.jpg day08/0742.jpg left 408.0,760.0 -0.0015513928,0.29902595 30.26814,-32.81139,473.27655 0.2238053125,0.22380524999999998 546,201,828,483 582,271,655,314 721,276,794,319
p00\face\1175.jpg p00\left\1175.jpg p00\right\1175.jpg p00\grid\1175.jpg day37/0378.jpg left 497.0,519.0 0.09765116,0.11291648 -22.543253,-7.025768,447.70694 0.2238053125,0.22380524999999998 421,248,722,549 463,324,539,369 608,326,690,375
p00\face\1176.jpg p00\left\1176.jpg p00\right\1176.jpg p00\grid\1176.jpg day19/0444.jpg left 1064.0,362.0 0.1091464,0.14431977 16.189432,23.372673,466.6802 0.2238053125,0.22380524999999998 516,318,805,607 551,394,626,439 691,388,770,435
p00\face\1177.jpg p00\left\1177.jpg p00\right\1177.jpg p00\grid\1177.jpg day34/0495.jpg left 327.0,679.0 -0.10501262,0.18858103 -11.736783,-9.800667,450.13232 0.2238053125,0.22380524999999998 444,242,745,543 483,313,564,361 633,324,711,370
p00\face\1178.jpg p00\left\1178.jpg p00\right\1178.jpg p00\grid\1178.jpg day25/0170.jpg left 107.0,253.0 0.14121775,0.07420913 1.174359,-6.26741,426.1035 0.2238053125,0.22380524999999998 467,244,783,560 510,322,592,371 661,325,749,377
p00\face\1179.jpg p00\left\1179.jpg p00\right\1179.jpg p00\grid\1179.jpg day04/0440.jpg left 471.0,266.0 0.21309184,0.040390097 7.028895,-9.739897,454.31918 0.2238053125,0.22380524999999998 495,247,786,538 532,321,607,366 673,317,752,364
p00\face\1180.jpg p00\left\1180.jpg p00\right\1180.jpg p00\grid\1180.jpg day29/0800.jpg left 426.0,4.0 -0.062008113,0.2658948 -5.670665,-33.971718,400.12723 0.2238053125,0.22380524999999998 443,168,777,502 483,251,574,305 647,254,735,306
p00\face\1181.jpg p00\left\1181.jpg p00\right\1181.jpg p00\grid\1181.jpg day36/0322.jpg left 634.0,521.0 -0.010028534,-0.002544748 -6.356241,-18.323778,364.0339 0.2238053125,0.22380524999999998 420,191,789,560 467,280,566,339 647,288,746,347
p00\face\1182.jpg p00\left\1182.jpg p00\right\1182.jpg p00\grid\1182.jpg day29/0496.jpg left 881.0,256.0 0.12965702,0.07063954 26.731436,-49.250576,444.0839 0.2238053125,0.22380524999999998 532,152,838,458 571,233,649,279 718,227,802,277
p00\face\1183.jpg p00\left\1183.jpg p00\right\1183.jpg p00\grid\1183.jpg day16/0252.jpg left 568.0,391.0 0.119134,0.34898818 49.19565,9.009515,448.6473 0.2238053125,0.22380524999999998 585,282,888,585 620,365,699,412 767,355,848,403
p00\face\1184.jpg p00\left\1184.jpg p00\right\1184.jpg p00\grid\1184.jpg day03/0551.jpg left 559.0,27.0 0.23360676,0.23324943 37.30868,66.68874,512.784 0.2238053125,0.22380524999999998 574,409,830,665 602,482,668,521 724,462,796,505
p00\face\1185.jpg p00\left\1185.jpg p00\right\1185.jpg p00\grid\1185.jpg day28/0409.jpg left 266.0,786.0 0.07385303,0.23158458 21.850504,1.490667,480.85074 0.2238053125,0.22380524999999998 529,271,815,557 562,349,637,394 701,340,779,386
p00\face\1186.jpg p00\left\1186.jpg p00\right\1186.jpg p00\grid\1186.jpg day23/0041.jpg left 346.0,252.0 0.049981155,0.45175374 28.485888,90.40326,561.06287 0.2238053125,0.22380524999999998 559,446,796,683 586,510,647,546 701,501,764,538
p00\face\1187.jpg p00\left\1187.jpg p00\right\1187.jpg p00\grid\1187.jpg day17/0900.jpg left 971.0,477.0 -0.36345994,0.24411392 2.283048,26.217793,497.515 0.2238053125,0.22380524999999998 491,335,741,585 530,371,609,418 651,416,721,458
p00\face\1188.jpg p00\left\1188.jpg p00\right\1188.jpg p00\grid\1188.jpg day26/0678.jpg left 883.0,227.0 0.032106426,0.07625015 23.696363,45.872864,507.31232 0.2238053125,0.22380524999999998 538,365,805,632 570,435,639,476 702,432,771,473
p00\face\1189.jpg p00\left\1189.jpg p00\right\1189.jpg p00\grid\1189.jpg day31/0323.jpg left 42.0,563.0 -0.28974587,0.028484128 26.507381,-28.343988,410.1037 0.2238053125,0.22380524999999998 532,197,839,504 568,266,653,317 726,276,799,319
p00\face\1190.jpg p00\left\1190.jpg p00\right\1190.jpg p00\grid\1190.jpg day33/0252.jpg left 1247.0,457.0 -0.07774949,0.20983912 2.856205,12.997766,492.886 0.2238053125,0.22380524999999998 494,299,768,573 526,369,599,412 661,368,733,411
p00\face\1191.jpg p00\left\1191.jpg p00\right\1191.jpg p00\grid\1191.jpg day04/0281.jpg left 1074.0,390.0 0.35274115,0.27378175 17.444633,91.20887,500.28723 0.2238053125,0.22380524999999998 529,462,787,720 561,519,640,566 683,523,758,568
p00\face\1192.jpg p00\left\1192.jpg p00\right\1192.jpg p00\grid\1192.jpg day07/0212.jpg left 1018.0,475.0 -0.3813235,0.15404028 17.599976,57.735775,408.48376 0.2238053125,0.22380524999999998 520,410,821,711 547,486,641,542 691,468,778,520
p00\face\1193.jpg p00\left\1193.jpg p00\right\1193.jpg p00\grid\1193.jpg day16/0816.jpg left 917.0,154.0 0.03189292,0.061259385 23.030386,-0.819324,398.12592 0.2238053125,0.22380524999999998 514,250,851,587 555,336,642,388 720,333,810,387
p00\face\1194.jpg p00\left\1194.jpg p00\right\1194.jpg p00\grid\1194.jpg day30/0494.jpg left 945.0,781.0 -0.024393313,0.052570175 -17.620687,-11.202142,427.02063 0.2238053125,0.22380524999999998 425,233,741,549 464,314,546,363 619,312,703,362
p00\face\1195.jpg p00\left\1195.jpg p00\right\1195.jpg p00\grid\1195.jpg day24/0942.jpg left 403.0,75.0 0.030172976,0.23601039 6.678979,11.577318,447.06366 0.2238053125,0.22380524999999998 489,289,792,592 526,368,605,415 672,363,754,412
p00\face\1196.jpg p00\left\1196.jpg p00\right\1196.jpg p00\grid\1196.jpg day38/1244.jpg left 627.0,278.0 0.075650774,0.2444305 8.574334,-3.159943,455.9952 0.2238053125,0.22380524999999998 500,259,795,554 533,342,609,387 674,325,756,374
p00\face\1197.jpg p00\left\1197.jpg p00\right\1197.jpg p00\grid\1197.jpg day14/0382.jpg left 1142.0,525.0 0.10795949,0.16086242 27.484549,-63.608273,498.97824 0.2238053125,0.22380524999999998 542,145,815,418 577,216,647,258 711,216,783,259
p00\face\1198.jpg p00\left\1198.jpg p00\right\1198.jpg p00\grid\1198.jpg day39/0420.jpg left 1054.0,485.0 0.26002336,0.101298615 -19.82284,-30.530907,439.28558 0.2238053125,0.22380524999999998 433,200,725,492 474,274,544,316 612,269,694,318
p00\face\1199.jpg p00\left\1199.jpg p00\right\1199.jpg p00\grid\1199.jpg day08/0452.jpg left 582.0,756.0 -0.31131136,0.24861993 -2.695752,21.524359,471.63358 0.2238053125,0.22380524999999998 480,320,756,596 510,383,589,430 652,393,718,432
p00\face\1200.jpg p00\left\1200.jpg p00\right\1200.jpg p00\grid\1200.jpg day25/0379.jpg left 1120.0,245.0 0.21340397,0.07781936 -1.428724,20.215286,407.97986 0.2238053125,0.22380524999999998 462,308,784,630 502,389,586,439 656,384,746,438
p00\face\1201.jpg p00\left\1201.jpg p00\right\1201.jpg p00\grid\1201.jpg day22/0043.jpg left 151.0,289.0 -0.17201565,-0.050798316 29.02674,-46.317585,333.7515 0.2238053125,0.22380524999999998 514,99,904,489 559,193,667,257 753,196,853,256
p00\face\1202.jpg p00\left\1202.jpg p00\right\1202.jpg p00\grid\1202.jpg day15/0432.jpg left 426.0,629.0 0.13749963,0.23303775 -11.310014,-0.835623,484.0773 0.2238053125,0.22380524999999998 463,269,743,549 498,346,568,388 632,335,710,381
p00\face\1203.jpg p00\left\1203.jpg p00\right\1203.jpg p00\grid\1203.jpg day04/0173.jpg left 1232.0,356.0 0.10005184,0.08773052 -4.300205,11.807554,540.10266 0.2238053125,0.22380524999999998 493,304,740,551 524,367,588,405 644,365,711,405
p00\face\1204.jpg p00\left\1204.jpg p00\right\1204.jpg p00\grid\1204.jpg day12/0111.jpg left 12.0,274.0 0.15371607,0.3299021 -22.236303,-6.661447,443.92642 0.2238053125,0.22380524999999998 423,245,730,552 460,329,548,381 597,313,696,372
p00\face\1205.jpg p00\left\1205.jpg p00\right\1205.jpg p00\grid\1205.jpg day08/0177.jpg left 505.0,361.0 0.11930894,0.19670054 9.213136,11.253012,475.52228 0.2238053125,0.22380524999999998 504,294,787,577 539,369,611,412 675,361,753,407
p00\face\1206.jpg p00\left\1206.jpg p00\right\1206.jpg p00\grid\1206.jpg day10/0505.jpg left 13.0,155.0 0.20850976,0.12583475 4.422753,37.522697,473.2782 0.2238053125,0.22380524999999998 498,352,775,629 531,425,601,467 667,417,740,460
p00\face\1207.jpg p00\left\1207.jpg p00\right\1207.jpg p00\grid\1207.jpg day25/0153.jpg left 161.0,641.0 0.09759841,0.114020504 17.623728,-27.874277,451.04715 0.2238053125,0.22380524999999998 513,204,810,501 552,278,630,324 698,280,776,326
p00\face\1208.jpg p00\left\1208.jpg p00\right\1208.jpg p00\grid\1208.jpg day34/0714.jpg left 565.0,319.0 0.22893608,-0.0357018 20.308598,-12.176581,374.16345 0.2238053125,0.22380524999999998 501,215,855,569 546,299,642,356 718,305,814,362
p00\face\1209.jpg p00\left\1209.jpg p00\right\1209.jpg p00\grid\1209.jpg day31/0236.jpg left 1278.0,489.0 0.16079925,-0.038959827 -36.426228,-24.583021,376.27676 0.2238053125,0.22380524999999998 362,186,707,531 403,279,488,330 566,263,663,321
p00\face\1210.jpg p00\left\1210.jpg p00\right\1210.jpg p00\grid\1210.jpg day16/0034.jpg left 630.0,323.0 0.18619175,0.04224128 -7.548651,-27.701176,462.82605 0.2238053125,0.22380524999999998 470,211,753,494 504,287,576,330 640,276,718,322
p00\face\1211.jpg p00\left\1211.jpg p00\right\1211.jpg p00\grid\1211.jpg day25/0192.jpg left 1127.0,460.0 0.09508439,0.05419259 -13.421592,8.123302,426.4948 0.2238053125,0.22380524999999998 438,279,753,594 476,361,558,410 626,354,714,406
p00\face\1212.jpg p00\left\1212.jpg p00\right\1212.jpg p00\grid\1212.jpg day30/0498.jpg left 1162.0,508.0 -0.0230832,0.029335821 -18.390156,-10.785912,419.8541 0.2238053125,0.22380524999999998 421,232,742,553 460,314,544,364 617,312,702,363
p00\face\1213.jpg p00\left\1213.jpg p00\right\1213.jpg p00\grid\1213.jpg day20/0038.jpg left 1146.0,697.0 0.105775826,0.014687069 4.361203,-16.374384,431.92062 0.2238053125,0.22380524999999998 482,223,794,535 518,306,599,354 669,296,754,347
p00\face\1214.jpg p00\left\1214.jpg p00\right\1214.jpg p00\grid\1214.jpg day25/0174.jpg left 742.0,462.0 0.11034519,0.07311733 -10.701347,-7.668987,463.61887 0.2238053125,0.22380524999999998 456,252,745,541 495,326,568,369 634,324,713,371
p00\face\1215.jpg p00\left\1215.jpg p00\right\1215.jpg p00\grid\1215.jpg day33/0103.jpg left 921.0,94.0 0.11536189,0.15517904 10.542788,9.202527,492.9169 0.2238053125,0.22380524999999998 508,292,782,566 544,362,614,404 675,360,751,405
p00\face\1216.jpg p00\left\1216.jpg p00\right\1216.jpg p00\grid\1216.jpg day09/0079.jpg left 1134.0,248.0 0.13778594,0.0047681686 11.872845,-22.77562,520.3762 0.2238053125,0.22380524999999998 522,235,778,491 552,304,616,342 676,296,745,337
p00\face\1217.jpg p00\left\1217.jpg p00\right\1217.jpg p00\grid\1217.jpg day16/0401.jpg left 873.0,797.0 0.08346171,0.28700298 3.497936,-29.920769,431.05966 0.2238053125,0.22380524999999998 488,196,788,496 522,281,595,324 666,262,747,310
p00\face\1218.jpg p00\left\1218.jpg p00\right\1218.jpg p00\grid\1218.jpg day16/0681.jpg left 829.0,553.0 -0.096869,0.13780524 7.820434,2.39281,505.69104 0.2238053125,0.22380524999999998 508,280,775,547 538,349,610,392 669,346,739,388
p00\face\1219.jpg p00\left\1219.jpg p00\right\1219.jpg p00\grid\1219.jpg day30/0041.jpg left 150.0,373.0 -0.10212141,0.23201656 36.33825,-11.764584,432.64215 0.2238053125,0.22380524999999998 553,235,862,544 589,309,674,360 743,316,822,363
p00\face\1220.jpg p00\left\1220.jpg p00\right\1220.jpg p00\grid\1220.jpg day03/0803.jpg left 24.0,748.0 0.11137675,0.06400636 28.817848,7.779715,435.6724 0.2238053125,0.22380524999999998 535,280,842,587 576,355,655,402 725,359,807,408
p00\face\1221.jpg p00\left\1221.jpg p00\right\1221.jpg p00\grid\1221.jpg day26/0149.jpg left 421.0,132.0 0.115355335,0.037274893 6.721149,-25.171154,441.9904 0.2238053125,0.22380524999999998 488,206,792,510 527,285,605,331 673,281,757,331
p00\face\1222.jpg p00\left\1222.jpg p00\right\1222.jpg p00\grid\1222.jpg day30/0590.jpg left 128.0,20.0 0.011367811,-0.10668195 4.694832,-9.579298,408.13477 0.2238053125,0.22380524999999998 468,230,798,560 514,314,596,363 674,318,762,370
p00\face\1223.jpg p00\left\1223.jpg p00\right\1223.jpg p00\grid\1223.jpg day25/0269.jpg left 249.0,517.0 0.13887875,0.10725002 26.282274,0.900306,416.17035 0.2238053125,0.22380524999999998 522,258,847,583 567,338,649,387 724,344,812,396
p00\face\1224.jpg p00\left\1224.jpg p00\right\1224.jpg p00\grid\1224.jpg day19/0009.jpg left 971.0,504.0 0.1762534,0.15740943 12.398716,40.521873,435.45853 0.2238053125,0.22380524999999998 502,358,805,661 541,434,617,479 686,430,770,480
p00\face\1225.jpg p00\left\1225.jpg p00\right\1225.jpg p00\grid\1225.jpg day22/0295.jpg left 853.0,371.0 0.045086157,0.028418142 29.968658,-18.070803,426.72504 0.2238053125,0.22380524999999998 537,217,853,533 575,298,659,348 729,294,814,345
p00\face\1226.jpg p00\left\1226.jpg p00\right\1226.jpg p00\grid\1226.jpg day02/0830.jpg left 1089.0,786.0 0.14120561,0.061453022 22.030987,22.741253,514.8518 0.2238053125,0.22380524999999998 537,322,796,581 569,386,638,427 696,387,765,428
p00\face\1227.jpg p00\left\1227.jpg p00\right\1227.jpg p00\grid\1227.jpg day31/0512.jpg left 739.0,510.0 0.13751663,0.052861173 5.958055,5.553355,369.18146 0.2238053125,0.22380524999999998 462,260,823,621 506,352,600,408 680,347,779,406
p00\face\1228.jpg p00\left\1228.jpg p00\right\1228.jpg p00\grid\1228.jpg day23/0294.jpg left 520.0,343.0 0.26362354,0.09194496 11.788267,4.706886,412.99948 0.2238053125,0.22380524999999998 494,272,810,588 536,348,617,396 690,351,775,402
p00\face\1229.jpg p00\left\1229.jpg p00\right\1229.jpg p00\grid\1229.jpg day18/0106.jpg left 766.0,83.0 0.07644791,0.32891452 55.68305,25.22145,422.05316 0.2238053125,0.22380524999999998 595,318,914,637 635,396,720,447 791,400,876,451
p00\face\1230.jpg p00\left\1230.jpg p00\right\1230.jpg p00\grid\1230.jpg day03/0779.jpg left 840.0,11.0 0.16932818,0.22502731 0.469941,47.6389,623.64484 0.2238053125,0.22380524999999998 525,370,736,581 547,433,601,465 648,413,706,447
p00\face\1231.jpg p00\left\1231.jpg p00\right\1231.jpg p00\grid\1231.jpg day32/0291.jpg left 449.0,157.0 -0.056763273,0.38591424 -5.947763,-42.300243,469.81055 0.2238053125,0.22380524999999998 467,175,756,464 502,250,580,296 644,253,720,298
p00\face\1232.jpg p00\left\1232.jpg p00\right\1232.jpg p00\grid\1232.jpg day16/0842.jpg left 1023.0,160.0 0.098784365,-0.09838828 16.277302,-46.551826,447.93073 0.2238053125,0.22380524999999998 504,157,810,463 546,231,627,279 694,240,778,290
p00\face\1233.jpg p00\left\1233.jpg p00\right\1233.jpg p00\grid\1233.jpg day34/0638.jpg left 826.0,247.0 0.102871016,0.069694616 5.02918,9.544372,419.7056 0.2238053125,0.22380524999999998 477,281,796,600 517,361,601,411 671,359,758,411
p00\face\1234.jpg p00\left\1234.jpg p00\right\1234.jpg p00\grid\1234.jpg day18/0228.jpg left 557.0,303.0 -0.07396662,0.3385742 18.356936,-2.408515,485.53928 0.2238053125,0.22380524999999998 521,265,800,544 555,333,631,378 694,341,766,384
p00\face\1235.jpg p00\left\1235.jpg p00\right\1235.jpg p00\grid\1235.jpg day32/0047.jpg left 90.0,741.0 -0.12098415,0.2159525 29.650438,0.254307,416.24695 0.2238053125,0.22380524999999998 535,260,854,579 571,335,661,389 733,344,812,391
p00\face\1236.jpg p00\left\1236.jpg p00\right\1236.jpg p00\grid\1236.jpg day23/0521.jpg left 681.0,290.0 0.036793794,0.04574685 27.511034,-10.683044,428.17004 0.2238053125,0.22380524999999998 528,235,841,548 570,309,654,359 723,317,807,367
p00\face\1237.jpg p00\left\1237.jpg p00\right\1237.jpg p00\grid\1237.jpg day19/0371.jpg left 668.0,330.0 -0.0026437892,0.16874878 36.34685,-4.974063,468.3883 0.2238053125,0.22380524999999998 559,256,850,547 591,334,669,380 734,327,810,372
p00\face\1238.jpg p00\left\1238.jpg p00\right\1238.jpg p00\grid\1238.jpg day22/0238.jpg left 1239.0,628.0 0.06754456,0.08628677 18.535828,17.706861,401.32 0.2238053125,0.22380524999999998 506,298,839,631 545,383,632,435 707,378,797,432
p00\face\1239.jpg p00\left\1239.jpg p00\right\1239.jpg p00\grid\1239.jpg day08/0536.jpg left 994.0,264.0 -0.024200814,0.09860893 13.745349,-6.900267,432.86453 0.2238053125,0.22380524999999998 503,246,812,555 539,325,620,373 690,321,772,370
p00\face\1240.jpg p00\left\1240.jpg p00\right\1240.jpg p00\grid\1240.jpg day33/0579.jpg left 969.0,46.0 0.18159458,8.8487315e-05 -0.713377,-14.362378,404.0599 0.2238053125,0.22380524999999998 468,223,790,545 503,310,587,360 658,294,746,346
p00\face\1241.jpg p00\left\1241.jpg p00\right\1241.jpg p00\grid\1241.jpg day01/0555.jpg left 564.0,566.0 0.3592237,0.1377833 11.246935,76.46082,502.82928 0.2238053125,0.22380524999999998 520,432,776,688 552,494,619,534 678,494,745,534
p00\face\1242.jpg p00\left\1242.jpg p00\right\1242.jpg p00\grid\1242.jpg day02/0612.jpg left 180.0,794.0 0.46547037,0.08541613 51.548134,38.01286,412.62503 0.2238053125,0.22380524999999998 598,356,907,665 634,430,719,481 781,427,868,479
p00\face\1243.jpg p00\left\1243.jpg p00\right\1243.jpg p00\grid\1243.jpg day13/0675.jpg left 109.0,655.0 0.14577118,0.17296523 -20.413464,18.034748,467.4895 0.2238053125,0.22380524999999998 436,308,722,594 476,379,548,422 613,380,692,427
p00\face\1244.jpg p00\left\1244.jpg p00\right\1244.jpg p00\grid\1244.jpg day24/0055.jpg left 285.0,692.0 0.016735328,0.19702004 -1.651025,12.068114,478.2106 0.2238053125,0.22380524999999998 479,294,765,580 513,369,588,414 653,364,729,409
p00\face\1245.jpg p00\left\1245.jpg p00\right\1245.jpg p00\grid\1245.jpg day01/0161.jpg left 1272.0,79.0 0.42941058,0.23802476 16.902563,37.459908,474.57004 0.2238053125,0.22380524999999998 529,359,793,623 565,426,629,464 688,416,764,461
p00\face\1246.jpg p00\left\1246.jpg p00\right\1246.jpg p00\grid\1246.jpg day06/0486.jpg left 500.0,496.0 -0.11932513,0.19765544 12.767407,40.357437,400.86545 0.2238053125,0.22380524999999998 485,355,818,688 527,428,627,488 683,439,782,498
p00\face\1247.jpg p00\left\1247.jpg p00\right\1247.jpg p00\grid\1247.jpg day05/0338.jpg left 486.0,83.0 0.21563064,0.20258304 17.291601,44.97989,426.00638 0.2238053125,0.22380524999999998 508,367,820,679 546,440,639,495 695,441,785,495
p00\face\1248.jpg p00\left\1248.jpg p00\right\1248.jpg p00\grid\1248.jpg day21/0275.jpg left 537.0,122.0 0.09191205,0.22400586 31.325602,-29.244251,450.7702 0.2238053125,0.22380524999999998 542,197,846,501 580,277,659,324 727,274,809,323
p00\face\1249.jpg p00\left\1249.jpg p00\right\1249.jpg p00\grid\1249.jpg day33/0386.jpg left 1265.0,2.0 -0.0061692484,0.23105623 -15.425351,-41.677494,403.55795 0.2238053125,0.22380524999999998 420,151,751,482 463,236,548,287 622,234,713,288
p00\face\1250.jpg p00\left\1250.jpg p00\right\1250.jpg p00\grid\1250.jpg day15/0136.jpg left 222.0,376.0 0.084598675,0.22413537 5.842579,89.93012,568.72845 0.2238053125,0.22380524999999998 519,444,754,679 547,506,607,542 661,499,724,536
p00\face\1251.jpg p00\left\1251.jpg p00\right\1251.jpg p00\grid\1251.jpg day38/0071.jpg left 872.0,80.0 0.36289194,-0.054007422 41.97516,-6.27292,419.01746 0.2238053125,0.22380524999999998 570,247,880,557 608,320,692,370 760,326,842,375
p00\face\1252.jpg p00\left\1252.jpg p00\right\1252.jpg p00\grid\1252.jpg day04/1049.jpg left 1165.0,316.0 -0.044046335,0.041499976 40.9208,-9.970699,487.74222 0.2238053125,0.22380524999999998 569,253,843,527 604,320,677,363 738,323,811,366
p00\face\1253.jpg p00\left\1253.jpg p00\right\1253.jpg p00\grid\1253.jpg day38/1132.jpg left 129.0,462.0 0.09198373,0.054188926 3.551362,-23.679405,469.46567 0.2238053125,0.22380524999999998 488,218,776,506 524,292,600,337 664,289,742,335
p00\face\1254.jpg p00\left\1254.jpg p00\right\1254.jpg p00\grid\1254.jpg day29/0637.jpg left 151.0,329.0 0.10976273,0.11091891 -18.00675,-14.805276,410.22733 0.2238053125,0.22380524999999998 418,219,746,547 460,307,542,356 618,297,708,351
p00\face\1255.jpg p00\left\1255.jpg p00\right\1255.jpg p00\grid\1255.jpg day22/0451.jpg left 134.0,688.0 0.12142864,0.2459419 8.766763,15.863361,441.7192 0.2238053125,0.22380524999999998 488,298,795,605 531,376,607,421 679,377,763,427
p00\face\1256.jpg p00\left\1256.jpg p00\right\1256.jpg p00\grid\1256.jpg day21/0133.jpg left 741.0,337.0 0.10329684,0.04828457 13.438802,-14.247556,420.32797 0.2238053125,0.22380524999999998 499,226,815,542 538,307,620,356 690,302,777,354
p00\face\1257.jpg p00\left\1257.jpg p00\right\1257.jpg p00\grid\1257.jpg day12/0247.jpg left 1027.0,321.0 -0.09772228,0.3100504 3.412212,46.324615,558.2092 0.2238053125,0.22380524999999998 508,366,751,609 538,425,604,464 657,430,721,468
p00\face\1258.jpg p00\left\1258.jpg p00\right\1258.jpg p00\grid\1258.jpg day08/0347.jpg left 1246.0,655.0 0.0011938714,0.22136506 24.639828,63.73467,627.88605 0.2238053125,0.22380524999999998 555,394,769,608 582,447,639,481 687,449,744,483
p00\face\1259.jpg p00\left\1259.jpg p00\right\1259.jpg p00\grid\1259.jpg day33/0714.jpg left 666.0,427.0 0.029450933,0.5033786 35.10751,-3.486514,426.3645 0.2238053125,0.22380524999999998 547,249,860,562 588,328,669,376 743,336,824,384
p00\face\1260.jpg p00\left\1260.jpg p00\right\1260.jpg p00\grid\1260.jpg day34/0726.jpg left 118.0,254.0 -0.048867192,0.36806157 29.172197,-3.121739,379.34488 0.2238053125,0.22380524999999998 522,238,874,590 566,321,662,378 742,335,832,389
p00\face\1261.jpg p00\left\1261.jpg p00\right\1261.jpg p00\grid\1261.jpg day25/0667.jpg left 813.0,44.0 0.2602398,0.038297676 -3.111305,-15.53335,392.74844 0.2238053125,0.22380524999999998 451,216,784,549 495,299,580,350 653,295,746,350
p00\face\1262.jpg p00\left\1262.jpg p00\right\1262.jpg p00\grid\1262.jpg day31/0437.jpg left 243.0,167.0 0.040851697,0.06425317 13.477316,-5.79988,403.5058 0.2238053125,0.22380524999999998 493,241,823,571 533,323,620,375 695,322,782,374
p00\face\1263.jpg p00\left\1263.jpg p00\right\1263.jpg p00\grid\1263.jpg day38/1126.jpg left 1180.0,194.0 0.17901935,0.020942902 -2.330681,-23.673725,459.34872 0.2238053125,0.22380524999999998 477,217,766,506 512,293,587,338 650,285,731,333
p00\face\1264.jpg p00\left\1264.jpg p00\right\1264.jpg p00\grid\1264.jpg day30/0568.jpg left 1134.0,493.0 0.25516683,0.10171177 -14.711783,-6.221371,414.22064 0.2238053125,0.22380524999999998 441,249,750,558 477,335,552,380 623,313,710,365
p00\face\1265.jpg p00\left\1265.jpg p00\right\1265.jpg p00\grid\1265.jpg day34/0528.jpg left 847.0,297.0 -0.14694175,0.24227807 20.634216,16.417362,339.55304 0.2238053125,0.22380524999999998 488,285,878,675 533,372,654,444 715,378,832,448
p00\face\1266.jpg p00\left\1266.jpg p00\right\1266.jpg p00\grid\1266.jpg day02/0383.jpg left 601.0,622.0 0.24168365,0.09672169 15.214812,25.733526,426.91833 0.2238053125,0.22380524999999998 503,323,812,632 545,395,626,443 695,403,779,453
p00\face\1267.jpg p00\left\1267.jpg p00\right\1267.jpg p00\grid\1267.jpg day26/0059.jpg left 1204.0,496.0 0.11973579,0.16669282 -13.678959,-16.917187,414.36157 0.2238053125,0.22380524999999998 441,222,753,534 477,308,552,353 627,289,712,340
p00\face\1268.jpg p00\left\1268.jpg p00\right\1268.jpg p00\grid\1268.jpg day34/0391.jpg left 1011.0,766.0 0.35594997,0.19383125 -2.987467,8.660678,419.1578 0.2238053125,0.22380524999999998 467,285,774,592 503,364,593,418 644,349,738,405
p00\face\1269.jpg p00\left\1269.jpg p00\right\1269.jpg p00\grid\1269.jpg day36/0325.jpg left 148.0,69.0 -0.111710705,0.026166413 -2.570853,-22.303957,359.49512 0.2238053125,0.22380524999999998 429,181,798,550 476,266,576,326 658,277,755,335
p00\face\1270.jpg p00\left\1270.jpg p00\right\1270.jpg p00\grid\1270.jpg day35/0059.jpg left 380.0,11.0 -0.07330774,0.08846828 0.089139,-12.245719,444.77988 0.2238053125,0.22380524999999998 473,236,776,539 509,311,591,360 657,312,738,360
p00\face\1271.jpg p00\left\1271.jpg p00\right\1271.jpg p00\grid\1271.jpg day23/0308.jpg left 836.0,219.0 0.13272652,0.08976308 0.614659,15.342617,463.40063 0.2238053125,0.22380524999999998 485,301,774,590 518,379,593,424 658,368,737,415
p00\face\1272.jpg p00\left\1272.jpg p00\right\1272.jpg p00\grid\1272.jpg day26/0170.jpg left 98.0,705.0 0.08928728,0.16155633 19.617634,21.62661,519.5073 0.2238053125,0.22380524999999998 530,319,791,580 565,384,632,424 691,386,761,428
p00\face\1273.jpg p00\left\1273.jpg p00\right\1273.jpg p00\grid\1273.jpg day23/0020.jpg left 773.0,97.0 0.19267681,-0.09709874 -4.501207,-39.30864,406.75027 0.2238053125,0.22380524999999998 454,161,778,485 492,243,579,295 649,239,737,291
p00\face\1274.jpg p00\left\1274.jpg p00\right\1274.jpg p00\grid\1274.jpg day33/0693.jpg left 46.0,446.0 0.12988432,0.3405701 -0.222463,-19.377571,366.92044 0.2238053125,0.22380524999999998 443,190,807,554 489,285,588,344 653,273,768,342
p00\face\1275.jpg p00\left\1275.jpg p00\right\1275.jpg p00\grid\1275.jpg day29/0118.jpg left 245.0,516.0 0.08026795,0.18983965 27.406752,-23.216684,407.36096 0.2238053125,0.22380524999999998 523,194,860,531 565,283,653,335 727,279,820,334
p00\face\1276.jpg p00\left\1276.jpg p00\right\1276.jpg p00\grid\1276.jpg day03/0595.jpg left 101.0,776.0 0.21618015,0.21946307 38.704712,68.0229,510.2156 0.2238053125,0.22380524999999998 570,410,832,672 603,479,670,519 729,471,801,514
p00\face\1277.jpg p00\left\1277.jpg p00\right\1277.jpg p00\grid\1277.jpg day08/0453.jpg left 973.0,135.0 0.075408064,0.101633504 -38.879467,22.634012,462.0344 0.2238053125,0.22380524999999998 405,319,690,604 434,399,509,444 571,380,650,427
p00\face\1278.jpg p00\left\1278.jpg p00\right\1278.jpg p00\grid\1278.jpg day08/0582.jpg left 849.0,37.0 0.03027092,0.34416282 -8.294378,-17.710676,592.23444 0.2238053125,0.22380524999999998 498,257,726,485 525,319,585,355 636,313,697,349
p00\face\1279.jpg p00\left\1279.jpg p00\right\1279.jpg p00\grid\1279.jpg day04/0680.jpg left 1101.0,479.0 0.074774064,0.04803997 -0.027816,-22.12896,433.68448 0.2238053125,0.22380524999999998 474,212,781,519 510,294,589,341 659,283,741,332
p00\face\1280.jpg p00\left\1280.jpg p00\right\1280.jpg p00\grid\1280.jpg day09/0826.jpg left 991.0,191.0 0.05233446,0.0701225 10.491617,-22.20494,514.60406 0.2238053125,0.22380524999999998 514,234,776,496 546,301,615,342 673,299,745,342
p00\face\1281.jpg p00\left\1281.jpg p00\right\1281.jpg p00\grid\1281.jpg day26/0784.jpg left 281.0,87.0 0.18690445,0.102345034 8.727526,-6.702083,440.232 0.2238053125,0.22380524999999998 493,248,799,554 532,329,608,374 679,320,763,370
p00\face\1282.jpg p00\left\1282.jpg p00\right\1282.jpg p00\grid\1282.jpg day24/0441.jpg left 1124.0,520.0 0.059295177,0.45956972 30.22387,37.459732,502.0597 0.2238053125,0.22380524999999998 549,347,819,617 583,416,653,458 714,418,787,461
p00\face\1283.jpg p00\left\1283.jpg p00\right\1283.jpg p00\grid\1283.jpg day13/0648.jpg left 147.0,118.0 -0.0526669,0.32383952 28.88882,40.433353,503.21835 0.2238053125,0.22380524999999998 548,353,819,624 577,423,652,468 711,421,783,464
p00\face\1284.jpg p00\left\1284.jpg p00\right\1284.jpg p00\grid\1284.jpg day16/0485.jpg left 485.0,450.0 -0.0745652,0.033479426 1.532974,-10.747742,428.93445 0.2238053125,0.22380524999999998 469,235,782,548 509,311,593,361 662,315,746,365
p00\face\1285.jpg p00\left\1285.jpg p00\right\1285.jpg p00\grid\1285.jpg day18/0034.jpg left 284.0,290.0 0.0248074,0.052036896 13.106484,-5.880208,399.1327 0.2238053125,0.22380524999999998 489,236,829,576 529,325,620,379 693,319,786,374
p00\face\1286.jpg p00\left\1286.jpg p00\right\1286.jpg p00\grid\1286.jpg day16/0144.jpg left 467.0,682.0 0.0009329357,0.26739705 15.698997,-4.522623,515.5617 0.2238053125,0.22380524999999998 523,267,787,531 555,334,624,375 684,335,754,377
p00\face\1287.jpg p00\left\1287.jpg p00\right\1287.jpg p00\grid\1287.jpg day03/0519.jpg left 61.0,398.0 0.11270684,0.40205014 4.560012,76.54527,564.17175 0.2238053125,0.22380524999999998 513,420,751,658 544,482,605,518 659,478,723,516
p00\face\1288.jpg p00\left\1288.jpg p00\right\1288.jpg p00\grid\1288.jpg day24/0609.jpg left 969.0,645.0 0.052199896,0.34227204 33.82512,70.111664,573.3784 0.2238053125,0.22380524999999998 562,407,797,642 595,463,656,499 709,472,772,509
p00\face\1289.jpg p00\left\1289.jpg p00\right\1289.jpg p00\grid\1289.jpg day11/0260.jpg left 820.0,370.0 -0.28750396,0.26968214 -10.700997,122.623276,559.54596 0.2238053125,0.22380524999999998 466,484,743,761 513,559,585,602 625,560,694,601
p00\face\1290.jpg p00\left\1290.jpg p00\right\1290.jpg p00\grid\1290.jpg day10/0184.jpg left 707.0,10.0 -0.085051276,0.17683451 62.08835,51.588654,495.25412 0.2238053125,0.22380524999999998 619,381,884,646 647,450,720,493 777,441,847,483
p00\face\1291.jpg p00\left\1291.jpg p00\right\1291.jpg p00\grid\1291.jpg day06/0410.jpg left 442.0,622.0 0.014083026,0.22833468 23.996746,19.60534,438.06476 0.2238053125,0.22380524999999998 524,306,833,615 562,384,643,432 713,385,795,434
p00\face\1292.jpg p00\left\1292.jpg p00\right\1292.jpg p00\grid\1292.jpg day37/0485.jpg left 433.0,644.0 0.18875095,0.059471957 17.024675,-9.364391,399.9118 0.2238053125,0.22380524999999998 499,233,827,561 545,309,630,360 705,319,792,371
p00\face\1293.jpg p00\left\1293.jpg p00\right\1293.jpg p00\grid\1293.jpg day28/0103.jpg left 421.0,500.0 0.23762672,0.07955041 -0.329803,41.39214,503.3607 0.2238053125,0.22380524999999998 495,360,757,622 526,427,595,468 653,422,725,465
p00\face\1294.jpg p00\left\1294.jpg p00\right\1294.jpg p00\grid\1294.jpg day38/0827.jpg left 985.0,715.0 0.17013504,0.17656723 -33.61657,-5.167826,433.9251 0.2238053125,0.22380524999999998 400,255,700,555 439,335,511,378 580,321,665,372
p00\face\1295.jpg p00\left\1295.jpg p00\right\1295.jpg p00\grid\1295.jpg day08/0476.jpg left 542.0,763.0 0.15590577,0.29586813 42.85822,-3.943179,471.71808 0.2238053125,0.22380524999999998 569,262,851,544 610,327,685,372 741,336,825,386
p00\face\1296.jpg p00\left\1296.jpg p00\right\1296.jpg p00\grid\1296.jpg day29/0666.jpg left 21.0,668.0 -0.041755237,0.080997854 12.179869,-13.400547,411.05777 0.2238053125,0.22380524999999998 489,223,816,550 529,304,617,356 691,307,776,358
p00\face\1297.jpg p00\left\1297.jpg p00\right\1297.jpg p00\grid\1297.jpg day15/0011.jpg left 266.0,20.0 0.008038279,0.15304197 -6.728593,6.863701,463.40598 0.2238053125,0.22380524999999998 464,282,756,574 500,356,578,402 642,354,721,401
p00\face\1298.jpg p00\left\1298.jpg p00\right\1298.jpg p00\grid\1298.jpg day03/0706.jpg left 72.0,726.0 -0.11481439,0.12144532 56.01237,47.025246,462.24063 0.2238053125,0.22380524999999998 604,376,880,652 638,441,713,486 777,445,846,486
p00\face\1299.jpg p00\left\1299.jpg p00\right\1299.jpg p00\grid\1299.jpg day15/0487.jpg left 337.0,20.0 0.08167313,-0.029967532 23.842442,-15.1448,465.1843 0.2238053125,0.22380524999999998 530,233,824,527 566,312,642,357 707,304,788,352
p00\face\1300.jpg p00\left\1300.jpg p00\right\1300.jpg p00\grid\1300.jpg day23/0744.jpg left 935.0,434.0 0.04408908,0.06467555 37.149616,-4.921157,429.73962 0.2238053125,0.22380524999999998 554,250,864,560 593,325,674,373 745,329,827,378
p00\face\1301.jpg p00\left\1301.jpg p00\right\1301.jpg p00\grid\1301.jpg day02/0807.jpg left 378.0,34.0 -0.09820918,0.08960536 52.608162,22.380108,461.1167 0.2238053125,0.22380524999999998 594,319,879,604 629,388,705,433 768,390,844,435
p00\face\1302.jpg p00\left\1302.jpg p00\right\1302.jpg p00\grid\1302.jpg day22/0165.jpg left 1009.0,396.0 0.097327285,0.041554503 20.96524,-13.237359,411.76474 0.2238053125,0.22380524999999998 517,224,842,549 554,313,638,363 711,299,799,351
p00\face\1303.jpg p00\left\1303.jpg p00\right\1303.jpg p00\grid\1303.jpg day11/0139.jpg left 1177.0,69.0 0.106844075,0.23418526 13.007359,3.265718,426.52448 0.2238053125,0.22380524999999998 500,268,813,581 538,351,619,399 688,342,775,394
p00\face\1304.jpg p00\left\1304.jpg p00\right\1304.jpg p00\grid\1304.jpg day36/0363.jpg left 1098.0,431.0 0.098378696,0.29415384 22.284431,-0.661736,546.5912 0.2238053125,0.22380524999999998 541,279,790,528 572,345,636,383 693,341,760,381
p00\face\1305.jpg p00\left\1305.jpg p00\right\1305.jpg p00\grid\1305.jpg day14/0424.jpg left 553.0,478.0 0.052079942,0.118575476 32.81211,-29.574547,419.32632 0.2238053125,0.22380524999999998 539,184,867,512 578,270,665,322 738,266,826,318
p00\face\1306.jpg p00\left\1306.jpg p00\right\1306.jpg p00\grid\1306.jpg day28/0702.jpg left 922.0,749.0 0.00047363722,0.13479128 16.410227,20.914787,481.47372 0.2238053125,0.22380524999999998 517,314,797,594 553,384,626,427 689,385,764,430
p00\face\1307.jpg p00\left\1307.jpg p00\right\1307.jpg p00\grid\1307.jpg day01/0156.jpg left 135.0,388.0 0.09165349,0.2719459 22.605898,65.93999,625.4376 0.2238053125,0.22380524999999998 552,397,768,613 579,451,636,485 684,452,742,486
p00\face\1308.jpg p00\left\1308.jpg p00\right\1308.jpg p00\grid\1308.jpg day22/0559.jpg left 4.0,618.0 0.23931737,0.11774543 24.735437,11.319887,412.88632 0.2238053125,0.22380524999999998 526,285,850,609 567,374,646,421 720,358,811,412
p00\face\1309.jpg p00\left\1309.jpg p00\right\1309.jpg p00\grid\1309.jpg day22/0417.jpg left 686.0,27.0 0.28192386,0.090625525 -5.852488,32.332703,453.492 0.2238053125,0.22380524999999998 473,342,759,628 507,418,580,461 644,406,723,453
p00\face\1310.jpg p00\left\1310.jpg p00\right\1310.jpg p00\grid\1310.jpg day06/0499.jpg left 990.0,769.0 0.269432,0.21557991 10.338597,42.082012,403.98172 0.2238053125,0.22380524999999998 483,360,813,690 525,435,624,494 679,440,778,499
p00\face\1311.jpg p00\left\1311.jpg p00\right\1311.jpg p00\grid\1311.jpg day34/0169.jpg left 518.0,782.0 -0.0017969301,0.0601388 -1.043574,-15.589879,413.8728 0.2238053125,0.22380524999999998 459,219,783,543 500,300,584,350 660,302,744,352
p00\face\1312.jpg p00\left\1312.jpg p00\right\1312.jpg p00\grid\1312.jpg day09/0943.jpg left 1240.0,385.0 0.08732877,0.2486905 25.56999,-56.696953,426.44217 0.2238053125,0.22380524999999998 531,126,846,441 566,214,647,262 719,200,804,251
p00\face\1313.jpg p00\left\1313.jpg p00\right\1313.jpg p00\grid\1313.jpg day16/0914.jpg left 602.0,91.0 0.15306099,0.007484463 17.293856,-36.68384,360.67398 0.2238053125,0.22380524999999998 487,140,857,510 535,234,631,291 713,231,815,292
p00\face\1314.jpg p00\left\1314.jpg p00\right\1314.jpg p00\grid\1314.jpg day35/0788.jpg left 1104.0,782.0 0.19608083,0.005246764 5.846104,-3.827533,459.12195 0.2238053125,0.22380524999999998 494,261,782,549 531,334,604,377 670,332,748,378
p00\face\1315.jpg p00\left\1315.jpg p00\right\1315.jpg p00\grid\1315.jpg day24/0067.jpg left 598.0,694.0 0.06953974,0.06014008 24.017063,-54.08867,439.87994 0.2238053125,0.22380524999999998 525,139,832,446 564,219,643,266 713,217,795,266
p00\face\1316.jpg p00\left\1316.jpg p00\right\1316.jpg p00\grid\1316.jpg day08/0533.jpg left 919.0,429.0 -0.028790396,0.10662322 13.10186,-5.981059,438.1839 0.2238053125,0.22380524999999998 502,249,808,555 538,327,619,375 688,325,769,373
p00\face\1317.jpg p00\left\1317.jpg p00\right\1317.jpg p00\grid\1317.jpg day08/0374.jpg left 998.0,31.0 0.22279528,0.021791529 5.599372,3.417578,465.88684 0.2238053125,0.22380524999999998 493,279,773,559 531,342,606,387 668,354,743,399
p00\face\1318.jpg p00\left\1318.jpg p00\right\1318.jpg p00\grid\1318.jpg day24/0177.jpg left 685.0,50.0 0.0047099157,0.68226314 -18.760645,3.631128,406.94888 0.2238053125,0.22380524999999998 420,261,739,580 459,351,543,401 611,342,701,396
p00\face\1319.jpg p00\left\1319.jpg p00\right\1319.jpg p00\grid\1319.jpg day33/0741.jpg left 779.0,314.0 0.005946084,0.3759129 17.947842,-44.121883,365.4346 0.2238053125,0.22380524999999998 489,120,853,484 536,212,630,268 715,219,811,276
p00\face\1320.jpg p00\left\1320.jpg p00\right\1320.jpg p00\grid\1320.jpg day37/0332.jpg left 1169.0,462.0 0.25058717,0.020182887 -15.83528,10.491853,444.57346 0.2238053125,0.22380524999999998 444,292,736,584 481,364,556,409 623,363,702,410
p00\face\1321.jpg p00\left\1321.jpg p00\right\1321.jpg p00\grid\1321.jpg day06/0543.jpg left 255.0,382.0 0.18650407,0.09017832 -8.214973,44.122314,420.3069 0.2238053125,0.22380524999999998 451,366,764,679 488,445,570,494 641,440,725,490
p00\face\1322.jpg p00\left\1322.jpg p00\right\1322.jpg p00\grid\1322.jpg day03/0403.jpg left 1011.0,489.0 0.10508655,0.42461947 21.843487,27.925009,470.283 0.2238053125,0.22380524999999998 530,328,815,613 565,405,638,448 701,396,780,443
p00\face\1323.jpg p00\left\1323.jpg p00\right\1323.jpg p00\grid\1323.jpg day23/0177.jpg left 800.0,58.0 0.08123352,0.35292938 1.5088,-2.437839,405.841 0.2238053125,0.22380524999999998 463,247,796,580 505,336,590,387 663,327,756,382
p00\face\1324.jpg p00\left\1324.jpg p00\right\1324.jpg p00\grid\1324.jpg day11/0114.jpg left 342.0,695.0 -0.032633837,0.61503017 34.28052,26.612097,528.8424 0.2238053125,0.22380524999999998 564,325,819,580 591,394,660,435 719,395,783,433
p00\face\1325.jpg p00\left\1325.jpg p00\right\1325.jpg p00\grid\1325.jpg day30/0056.jpg left 675.0,554.0 0.079546556,0.04766947 -13.911098,1.714887,435.48352 0.2238053125,0.22380524999999998 441,267,747,573 479,345,557,391 627,342,709,391
p00\face\1326.jpg p00\left\1326.jpg p00\right\1326.jpg p00\grid\1326.jpg day09/0684.jpg left 1077.0,511.0 0.21557619,0.30803218 1.101587,-34.574055,506.65533 0.2238053125,0.22380524999999998 502,209,761,468 533,288,594,324 655,264,728,307
p00\face\1327.jpg p00\left\1327.jpg p00\right\1327.jpg p00\grid\1327.jpg day24/0555.jpg left 489.0,232.0 0.035245184,0.27709487 13.929938,-1.884248,458.11356 0.2238053125,0.22380524999999998 507,262,801,556 544,337,622,383 688,337,766,383
p00\face\1328.jpg p00\left\1328.jpg p00\right\1328.jpg p00\grid\1328.jpg day28/0257.jpg left 1217.0,621.0 0.0071438253,0.13812417 -1.102385,12.915911,471.7373 0.2238053125,0.22380524999999998 478,296,764,582 514,368,589,413 654,369,730,414
p00\face\1329.jpg p00\left\1329.jpg p00\right\1329.jpg p00\grid\1329.jpg day08/0589.jpg left 897.0,441.0 -0.05582573,0.4071573 12.452697,-13.766519,594.05023 0.2238053125,0.22380524999999998 532,263,760,491 559,322,620,358 671,323,731,359
p00\face\1330.jpg p00\left\1330.jpg p00\right\1330.jpg p00\grid\1330.jpg day24/1021.jpg left 380.0,356.0 0.16181539,0.04443726 9.014178,-15.099454,419.80942 0.2238053125,0.22380524999999998 488,223,806,541 528,305,610,354 680,300,768,352
p00\face\1331.jpg p00\left\1331.jpg p00\right\1331.jpg p00\grid\1331.jpg day01/0893.jpg left 660.0,507.0 -0.026055826,0.1814509 8.604841,45.28869,471.38678 0.2238053125,0.22380524999999998 500,367,783,650 535,435,610,480 673,438,749,483
p00\face\1332.jpg p00\left\1332.jpg p00\right\1332.jpg p00\grid\1332.jpg day22/0261.jpg left 922.0,599.0 0.117529914,0.27589762 -4.039265,15.148126,474.4319 0.2238053125,0.22380524999999998 475,301,760,586 511,378,583,421 647,369,726,416
p00\face\1333.jpg p00\left\1333.jpg p00\right\1333.jpg p00\grid\1333.jpg day16/0354.jpg left 959.0,587.0 0.013056192,0.2079412 10.737158,-18.852615,406.64835 0.2238053125,0.22380524999999998 485,206,819,540 521,288,626,351 677,283,779,344
p00\face\1334.jpg p00\left\1334.jpg p00\right\1334.jpg p00\grid\1334.jpg day34/0057.jpg left 376.0,435.0 -0.07980711,0.1960801 8.800603,-27.660397,396.94946 0.2238053125,0.22380524999999998 483,185,816,518 519,270,609,324 685,266,770,317
p00\face\1335.jpg p00\left\1335.jpg p00\right\1335.jpg p00\grid\1335.jpg day08/0306.jpg left 1032.0,229.0 0.0536489,0.28115323 20.075983,68.57558,604.5639 0.2238053125,0.22380524999999998 550,405,769,624 576,464,631,497 682,456,740,490
p00\face\1336.jpg p00\left\1336.jpg p00\right\1336.jpg p00\grid\1336.jpg day27/0443.jpg left 421.0,555.0 0.06606288,0.15319543 22.180458,12.424792,366.02258 0.2238053125,0.22380524999999998 502,277,869,644 547,371,643,428 725,366,824,425
p00\face\1337.jpg p00\left\1337.jpg p00\right\1337.jpg p00\grid\1337.jpg day31/0123.jpg left 160.0,10.0 0.013302458,0.101848155 50.365967,8.999616,522.32935 0.2238053125,0.22380524999999998 588,297,843,552 623,354,692,395 749,367,816,407
p00\face\1338.jpg p00\left\1338.jpg p00\right\1338.jpg p00\grid\1338.jpg day38/0995.jpg left 1027.0,540.0 0.092477486,0.13215806 -8.082144,3.342608,459.29343 0.2238053125,0.22380524999999998 462,274,756,568 499,354,572,397 639,343,720,391
p00\face\1339.jpg p00\left\1339.jpg p00\right\1339.jpg p00\grid\1339.jpg day35/0907.jpg left 198.0,278.0 0.20768683,0.030889597 23.45314,-2.193995,430.6754 0.2238053125,0.22380524999999998 523,258,829,564 564,329,645,377 713,339,795,388
p00\face\1340.jpg p00\left\1340.jpg p00\right\1340.jpg p00\grid\1340.jpg day33/0325.jpg left 515.0,578.0 0.09441775,0.466252 6.91685,1.025469,326.05978 0.2238053125,0.22380524999999998 445,229,857,641 492,345,597,408 690,324,804,392
p00\face\1341.jpg p00\left\1341.jpg p00\right\1341.jpg p00\grid\1341.jpg day36/0065.jpg left 366.0,243.0 0.037440356,0.03648428 2.473066,-16.88072,431.89517 0.2238053125,0.22380524999999998 475,222,787,534 513,303,594,351 665,298,749,348
p00\face\1342.jpg p00\left\1342.jpg p00\right\1342.jpg p00\grid\1342.jpg day32/0177.jpg left 320.0,477.0 0.22066948,0.034343082 28.295197,10.930027,386.43613 0.2238053125,0.22380524999999998 528,279,871,622 568,365,661,420 737,362,828,416
p00\face\1343.jpg p00\left\1343.jpg p00\right\1343.jpg p00\grid\1343.jpg day31/0148.jpg left 833.0,771.0 -0.0055301227,0.18765432 7.111483,-8.275188,371.40497 0.2238053125,0.22380524999999998 460,221,824,585 506,313,600,369 685,315,781,372
p00\face\1344.jpg p00\left\1344.jpg p00\right\1344.jpg p00\grid\1344.jpg day30/0424.jpg left 1217.0,587.0 0.015297157,0.25065416 -21.797594,-23.07795,384.70993 0.2238053125,0.22380524999999998 391,187,742,538 438,277,526,329 606,277,703,335
p00\face\1345.jpg p00\left\1345.jpg p00\right\1345.jpg p00\grid\1345.jpg day37/0424.jpg left 1176.0,714.0 0.044936877,0.17461014 -24.407692,1.063846,424.11993 0.2238053125,0.22380524999999998 409,261,727,579 449,344,530,392 601,339,689,391
p00\face\1346.jpg p00\left\1346.jpg p00\right\1346.jpg p00\grid\1346.jpg day38/1102.jpg left 957.0,203.0 0.14066902,0.06614477 -9.095166,-20.07055,485.94724 0.2238053125,0.22380524999999998 472,232,746,506 504,306,576,349 635,294,711,339
p00\face\1347.jpg p00\left\1347.jpg p00\right\1347.jpg p00\grid\1347.jpg day02/0462.jpg left 269.0,489.0 -0.14846519,0.16072154 83.507324,39.191673,507.04343 0.2238053125,0.22380524999999998 655,358,910,613 688,411,760,454 817,429,880,466
p00\face\1348.jpg p00\left\1348.jpg p00\right\1348.jpg p00\grid\1348.jpg day29/0162.jpg left 1160.0,388.0 0.027248941,0.2309424 -0.065443,25.874483,470.78497 0.2238053125,0.22380524999999998 482,323,770,611 516,399,591,444 656,393,734,439
p00\face\1349.jpg p00\left\1349.jpg p00\right\1349.jpg p00\grid\1349.jpg day06/0485.jpg left 231.0,59.0 0.2829405,0.11423765 11.713669,38.13283,390.5767 0.2238053125,0.22380524999999998 485,352,821,688 529,427,626,485 685,435,785,495
p00\face\1350.jpg p00\left\1350.jpg p00\right\1350.jpg p00\grid\1350.jpg day28/0117.jpg left 1274.0,487.0 0.028845653,0.06939538 -12.654167,38.56203,528.6886 0.2238053125,0.22380524999999998 475,352,730,607 505,419,571,458 630,414,697,454
p00\face\1351.jpg p00\left\1351.jpg p00\right\1351.jpg p00\grid\1351.jpg day06/0640.jpg left 64.0,148.0 0.053980764,0.05396909 -45.53545,-1.464743,566.55664 0.2238053125,0.22380524999999998 426,282,664,520 456,345,517,381 572,340,635,377
p00\face\1352.jpg p00\left\1352.jpg p00\right\1352.jpg p00\grid\1352.jpg day02/0809.jpg left 1111.0,458.0 -0.06317127,0.11977822 50.82175,23.806059,467.55316 0.2238053125,0.22380524999999998 590,322,873,605 624,392,700,437 763,391,838,436
p00\face\1353.jpg p00\left\1353.jpg p00\right\1353.jpg p00\grid\1353.jpg day08/0409.jpg left 1078.0,279.0 -0.089504264,0.3870395 13.269271,57.650837,589.70715 0.2238053125,0.22380524999999998 528,386,754,612 561,435,622,471 672,452,732,488
p00\face\1354.jpg p00\left\1354.jpg p00\right\1354.jpg p00\grid\1354.jpg day17/0623.jpg left 899.0,529.0 -0.009340561,0.12168697 49.210564,-27.006783,384.66272 0.2238053125,0.22380524999999998 576,178,927,529 617,265,711,321 791,268,882,322
p00\face\1355.jpg p00\left\1355.jpg p00\right\1355.jpg p00\grid\1355.jpg day31/0104.jpg left 1019.0,663.0 -0.012657182,0.31536236 -28.193747,-41.011253,388.07538 0.2238053125,0.22380524999999998 379,143,724,488 425,234,510,285 589,229,685,286
p00\face\1356.jpg p00\left\1356.jpg p00\right\1356.jpg p00\grid\1356.jpg day10/0171.jpg left 525.0,519.0 -0.11903152,0.36210668 -32.503357,-0.468748,440.34177 0.2238053125,0.22380524999999998 398,259,707,568 433,340,517,390 585,337,666,385
p00\face\1357.jpg p00\left\1357.jpg p00\right\1357.jpg p00\grid\1357.jpg day22/0629.jpg left 421.0,599.0 0.07949482,0.38321796 13.51104,2.881477,450.1461 0.2238053125,0.22380524999999998 503,267,807,571 541,350,619,396 688,343,770,392
p00\face\1358.jpg p00\left\1358.jpg p00\right\1358.jpg p00\grid\1358.jpg day08/0493.jpg left 180.0,220.0 -0.11833757,0.45583245 6.972953,-45.491062,549.0476 0.2238053125,0.22380524999999998 519,198,760,439 544,261,611,301 666,263,726,299
p00\face\1359.jpg p00\left\1359.jpg p00\right\1359.jpg p00\grid\1359.jpg day16/1096.jpg left 765.0,468.0 0.097434506,0.05686628 8.409813,-16.552309,473.33685 0.2238053125,0.22380524999999998 502,235,785,518 537,310,609,353 674,303,750,348
p00\face\1360.jpg p00\left\1360.jpg p00\right\1360.jpg p00\grid\1360.jpg day08/0565.jpg left 420.0,219.0 -0.010377444,0.26754692 33.80137,34.101685,401.1349 0.2238053125,0.22380524999999998 538,339,872,673 581,418,669,470 746,427,833,479
p00\face\1361.jpg p00\left\1361.jpg p00\right\1361.jpg p00\grid\1361.jpg day24/0198.jpg left 1073.0,612.0 0.034010146,0.088411644 26.3434,1.359868,420.51096 0.2238053125,0.22380524999999998 526,261,847,582 566,340,651,391 721,342,808,394
p00\face\1362.jpg p00\left\1362.jpg p00\right\1362.jpg p00\grid\1362.jpg day12/0185.jpg left 216.0,386.0 0.024587467,0.06378218 11.850487,-8.999908,427.14474 0.2238053125,0.22380524999999998 494,238,810,554 533,319,617,369 687,316,772,367
p00\face\1363.jpg p00\left\1363.jpg p00\right\1363.jpg p00\grid\1363.jpg day23/0823.jpg left 346.0,18.0 0.37435794,-0.016471604 23.444983,-14.010094,366.80035 0.2238053125,0.22380524999999998 515,211,867,563 560,300,651,354 727,293,826,352
p00\face\1364.jpg p00\left\1364.jpg p00\right\1364.jpg p00\grid\1364.jpg day06/0561.jpg left 154.0,614.0 -0.19523525,0.23148574 68.935425,55.75542,427.75424 0.2238053125,0.22380524999999998 635,399,930,694 669,464,757,516 807,469,895,521
p00\face\1365.jpg p00\left\1365.jpg p00\right\1365.jpg p00\grid\1365.jpg day23/0826.jpg left 95.0,9.0 0.3505091,-0.025954997 27.319279,-11.187593,360.91776 0.2238053125,0.22380524999999998 524,215,885,576 567,307,663,364 740,298,840,358
p00\face\1366.jpg p00\left\1366.jpg p00\right\1366.jpg p00\grid\1366.jpg day19/0477.jpg left 775.0,754.0 0.27766907,0.15652579 -2.554731,28.088968,358.02832 0.2238053125,0.22380524999999998 434,320,807,693 480,416,585,479 649,401,766,471
p00\face\1367.jpg p00\left\1367.jpg p00\right\1367.jpg p00\grid\1367.jpg day06/0515.jpg left 748.0,704.0 0.014202375,0.1257013 -33.270454,17.496752,464.36768 0.2238053125,0.22380524999999998 408,304,700,596 444,381,519,426 586,376,665,423
p00\face\1368.jpg p00\left\1368.jpg p00\right\1368.jpg p00\grid\1368.jpg day32/0495.jpg left 851.0,317.0 0.23451513,0.113614604 13.955148,36.83714,435.48752 0.2238053125,0.22380524999999998 506,349,809,652 544,424,623,471 691,423,772,471
p00\face\1369.jpg p00\left\1369.jpg p00\right\1369.jpg p00\grid\1369.jpg day02/0499.jpg left 779.0,663.0 0.30633184,0.07382508 -3.632876,29.263222,431.262 0.2238053125,0.22380524999999998 468,333,771,636 505,410,584,457 650,403,734,453
p00\face\1370.jpg p00\left\1370.jpg p00\right\1370.jpg p00\grid\1370.jpg day24/0740.jpg left 1256.0,390.0 0.04799393,0.3368668 26.39587,53.89335,591.91205 0.2238053125,0.22380524999999998 555,379,783,607 583,437,643,473 695,436,755,472
p00\face\1371.jpg p00\left\1371.jpg p00\right\1371.jpg p00\grid\1371.jpg day22/0201.jpg left 114.0,575.0 -0.017765658,0.0013681181 23.310991,-18.146034,511.11697 0.2238053125,0.22380524999999998 533,239,800,506 568,303,638,345 702,313,769,353
p00\face\1372.jpg p00\left\1372.jpg p00\right\1372.jpg p00\grid\1372.jpg day01/0092.jpg left 441.0,318.0 0.06977334,0.08145366 23.143202,16.005241,436.67517 0.2238053125,0.22380524999999998 526,298,835,607 561,381,642,429 711,371,795,421
p00\face\1373.jpg p00\left\1373.jpg p00\right\1373.jpg p00\grid\1373.jpg day27/0300.jpg left 225.0,215.0 -0.06505161,0.1394658 -1.983441,28.044176,399.52866 0.2238053125,0.22380524999999998 452,323,788,659 492,407,582,461 656,405,746,459
p00\face\1374.jpg p00\left\1374.jpg p00\right\1374.jpg p00\grid\1374.jpg day06/0152.jpg left 363.0,264.0 0.003687697,0.07622771 16.775526,1.342013,516.6456 0.2238053125,0.22380524999999998 526,280,787,541 558,346,627,387 685,345,755,387
p00\face\1375.jpg p00\left\1375.jpg p00\right\1375.jpg p00\grid\1375.jpg day17/0810.jpg left 641.0,261.0 0.17708589,0.05085231 14.27633,-12.792867,385.2869 0.2238053125,0.22380524999999998 486,216,834,564 533,302,623,356 700,303,796,360
p00\face\1376.jpg p00\left\1376.jpg p00\right\1376.jpg p00\grid\1376.jpg day04/0947.jpg left 656.0,188.0 -0.078719355,0.05099081 8.751605,-19.100124,429.1222 0.2238053125,0.22380524999999998 488,217,798,527 527,293,609,342 678,295,762,345
p00\face\1377.jpg p00\left\1377.jpg p00\right\1377.jpg p00\grid\1377.jpg day06/0229.jpg left 324.0,50.0 0.2553442,0.04479711 29.419207,3.515833,465.10547 0.2238053125,0.22380524999999998 544,278,829,563 581,346,656,391 720,351,796,396
p00\face\1378.jpg p00\left\1378.jpg p00\right\1378.jpg p00\grid\1378.jpg day31/0267.jpg left 519.0,665.0 -0.015133358,0.36974832 16.51799,22.966293,549.9142 0.2238053125,0.22380524999999998 535,323,781,569 561,390,628,430 681,382,747,421
p00\face\1379.jpg p00\left\1379.jpg p00\right\1379.jpg p00\grid\1379.jpg day01/0254.jpg left 735.0,67.0 0.20659894,0.13813046 -13.670738,36.421555,411.15622 0.2238053125,0.22380524999999998 435,350,751,666 476,431,554,477 627,423,714,475
p00\face\1380.jpg p00\left\1380.jpg p00\right\1380.jpg p00\grid\1380.jpg day26/0455.jpg left 553.0,541.0 0.07715491,0.06828107 26.392366,-13.981175,403.47467 0.2238053125,0.22380524999999998 518,218,852,552 564,298,651,350 727,308,817,362
p00\face\1381.jpg p00\left\1381.jpg p00\right\1381.jpg p00\grid\1381.jpg day25/0494.jpg left 656.0,351.0 0.08929517,0.058730442 -2.570113,-20.157593,426.40106 0.2238053125,0.22380524999999998 464,213,779,528 501,297,583,346 652,285,739,337
p00\face\1382.jpg p00\left\1382.jpg p00\right\1382.jpg p00\grid\1382.jpg day27/0110.jpg left 461.0,246.0 -0.15630461,0.17819613 13.049776,1.066802,375.44373 0.2238053125,0.22380524999999998 480,249,838,607 517,333,629,400 692,337,791,396
p00\face\1383.jpg p00\left\1383.jpg p00\right\1383.jpg p00\grid\1383.jpg day06/0409.jpg left 698.0,87.0 -0.021035278,0.13763636 22.611916,18.09528,428.86386 0.2238053125,0.22380524999999998 520,303,833,616 558,380,642,430 711,381,795,431
p00\face\1384.jpg p00\left\1384.jpg p00\right\1384.jpg p00\grid\1384.jpg day27/0312.jpg left 470.0,35.0 0.047275446,0.1976097 -5.391053,24.7932,404.37042 0.2238053125,0.22380524999999998 444,315,778,649 486,400,573,452 648,397,739,451
p00\face\1385.jpg p00\left\1385.jpg p00\right\1385.jpg p00\grid\1385.jpg day31/0668.jpg left 256.0,409.0 -0.040970586,0.07204468 9.272879,6.844336,421.15112 0.2238053125,0.22380524999999998 485,275,803,593 526,352,611,403 682,357,766,407
p00\face\1386.jpg p00\left\1386.jpg p00\right\1386.jpg p00\grid\1386.jpg day38/0408.jpg left 286.0,783.0 0.108781345,0.13471164 40.667915,-6.532819,455.99274 0.2238053125,0.22380524999999998 562,251,859,548 602,323,680,369 747,330,826,377
p00\face\1387.jpg p00\left\1387.jpg p00\right\1387.jpg p00\grid\1387.jpg day08/0676.jpg left 399.0,355.0 0.07774538,0.02620156 42.917683,-0.072751,392.12463 0.2238053125,0.22380524999999998 567,250,909,592 605,345,693,397 772,329,863,383
p00\face\1388.jpg p00\left\1388.jpg p00\right\1388.jpg p00\grid\1388.jpg day19/0500.jpg left 572.0,655.0 0.2095179,-0.029865284 -11.841548,-21.334951,422.2461 0.2238053125,0.22380524999999998 445,211,757,523 481,294,562,342 632,282,717,333
p00\face\1389.jpg p00\left\1389.jpg p00\right\1389.jpg p00\grid\1389.jpg day02/0724.jpg left 724.0,112.0 0.33624187,0.049314585 18.74433,16.606243,426.98224 0.2238053125,0.22380524999999998 517,304,821,608 555,378,636,426 703,377,785,426
p00\face\1390.jpg p00\left\1390.jpg p00\right\1390.jpg p00\grid\1390.jpg day18/0117.jpg left 552.0,251.0 0.07954187,0.4196292 52.52211,27.335764,429.55792 0.2238053125,0.22380524999999998 590,324,902,636 628,402,710,451 781,403,863,452
p00\face\1391.jpg p00\left\1391.jpg p00\right\1391.jpg p00\grid\1391.jpg day22/0611.jpg left 1257.0,452.0 0.038305927,0.3936623 13.071205,-4.641617,372.60043 0.2238053125,0.22380524999999998 481,231,841,591 524,327,617,382 700,320,796,377
p00\face\1392.jpg p00\left\1392.jpg p00\right\1392.jpg p00\grid\1392.jpg day23/0535.jpg left 1102.0,706.0 -0.09123446,0.061799776 24.202768,-4.410716,419.2893 0.2238053125,0.22380524999999998 521,249,839,567 561,326,645,376 717,329,801,379
p00\face\1393.jpg p00\left\1393.jpg p00\right\1393.jpg p00\grid\1393.jpg day01/0713.jpg left 417.0,272.0 -0.29079196,0.21908164 20.715963,71.82743,432.70035 0.2238053125,0.22380524999999998 518,431,821,734 551,497,647,554 699,506,783,556
p00\face\1394.jpg p00\left\1394.jpg p00\right\1394.jpg p00\grid\1394.jpg day04/0472.jpg left 1152.0,528.0 0.23366955,0.052833118 9.97132,29.36062,575.32245 0.2238053125,0.22380524999999998 528,339,757,568 556,396,617,432 668,396,729,432
p00\face\1395.jpg p00\left\1395.jpg p00\right\1395.jpg p00\grid\1395.jpg day23/0358.jpg left 419.0,488.0 0.086328946,0.15663773 -4.593261,6.136659,438.8359 0.2238053125,0.22380524999999998 460,276,769,585 500,356,578,402 649,352,733,402
p00\face\1396.jpg p00\left\1396.jpg p00\right\1396.jpg p00\grid\1396.jpg day10/0120.jpg left 611.0,536.0 0.08386942,0.14929219 15.809941,31.204515,505.43817 0.2238053125,0.22380524999999998 522,338,787,603 556,404,625,445 685,404,757,447
p00\face\1397.jpg p00\left\1397.jpg p00\right\1397.jpg p00\grid\1397.jpg day11/0289.jpg left 10.0,453.0 0.016418353,0.4377069 23.662172,34.53959,450.857 0.2238053125,0.22380524999999998 525,339,826,640 562,415,643,463 711,418,790,465
p00\face\1398.jpg p00\left\1398.jpg p00\right\1398.jpg p00\grid\1398.jpg day04/0662.jpg left 923.0,276.0 0.1322513,0.082767755 6.347503,-30.969114,423.20618 0.2238053125,0.22380524999999998 483,186,799,502 522,270,603,318 674,262,761,314
p00\face\1399.jpg p00\left\1399.jpg p00\right\1399.jpg p00\grid\1399.jpg day36/0525.jpg left 976.0,684.0 -0.08335291,0.20067172 -7.878038,4.511145,454.6971 0.2238053125,0.22380524999999998 460,276,757,573 493,350,578,401 639,348,718,395
p00\face\1400.jpg p00\left\1400.jpg p00\right\1400.jpg p00\grid\1400.jpg day24/0069.jpg left 1121.0,461.0 0.053847805,0.08152272 22.507734,-55.431835,437.49472 0.2238053125,0.22380524999999998 523,137,829,443 561,216,640,263 710,212,791,260
p00\face\1401.jpg p00\left\1401.jpg p00\right\1401.jpg p00\grid\1401.jpg day21/0243.jpg left 248.0,379.0 -0.023727512,0.108676106 24.411266,-21.540272,420.44846 0.2238053125,0.22380524999999998 522,207,841,526 561,287,645,337 719,289,801,338
p00\face\1402.jpg p00\left\1402.jpg p00\right\1402.jpg p00\grid\1402.jpg day33/0779.jpg left 429.0,498.0 0.018261628,0.41953552 -1.653813,-27.708977,359.82153 0.2238053125,0.22380524999999998 434,161,806,533 481,260,577,317 660,255,762,316
p00\face\1403.jpg p00\left\1403.jpg p00\right\1403.jpg p00\grid\1403.jpg day28/0011.jpg left 152.0,68.0 0.123347014,-0.07121852 -5.726204,-63.411137,463.74704 0.2238053125,0.22380524999999998 472,133,758,419 505,209,580,254 644,200,722,246
p00\face\1404.jpg p00\left\1404.jpg p00\right\1404.jpg p00\grid\1404.jpg day16/0878.jpg left 1004.0,127.0 0.123804435,0.012269215 23.410543,-14.407485,419.17163 0.2238053125,0.22380524999999998 519,222,841,544 560,305,644,355 715,302,803,354
p00\face\1405.jpg p00\left\1405.jpg p00\right\1405.jpg p00\grid\1405.jpg day12/0509.jpg left 696.0,577.0 0.07733967,-0.013573492 20.34727,-18.152443,402.56378 0.2238053125,0.22380524999999998 518,208,851,541 552,309,637,360 710,276,803,331
p00\face\1406.jpg p00\left\1406.jpg p00\right\1406.jpg p00\grid\1406.jpg day10/0632.jpg left 1212.0,229.0 -0.0145726735,0.13447805 27.02685,-29.603756,425.6657 0.2238053125,0.22380524999999998 536,190,851,505 568,277,653,328 722,262,806,312
p00\face\1407.jpg p00\left\1407.jpg p00\right\1407.jpg p00\grid\1407.jpg day23/0135.jpg left 1273.0,417.0 -0.040015485,0.37143818 26.905045,-4.217345,418.953 0.2238053125,0.22380524999999998 528,247,849,568 565,326,652,378 726,332,807,380
p00\face\1408.jpg p00\left\1408.jpg p00\right\1408.jpg p00\grid\1408.jpg day13/0281.jpg left 955.0,626.0 0.069047324,0.07887522 -1.173768,4.087626,442.08713 0.2238053125,0.22380524999999998 470,273,773,576 509,349,587,395 655,349,737,398
p00\face\1409.jpg p00\left\1409.jpg p00\right\1409.jpg p00\grid\1409.jpg day24/0635.jpg left 769.0,459.0 0.041739706,0.12639427 12.487779,16.001549,377.43573 0.2238053125,0.22380524999999998 482,288,839,645 523,383,617,439 696,373,793,431
p00\face\1410.jpg p00\left\1410.jpg p00\right\1410.jpg p00\grid\1410.jpg day15/0141.jpg left 1263.0,583.0 0.21517862,0.21536382 -33.22205,30.72825,516.2236 0.2238053125,0.22380524999999998 434,341,687,594 469,408,530,444 588,399,660,442
p00\face\1411.jpg p00\left\1411.jpg p00\right\1411.jpg p00\grid\1411.jpg day06/0390.jpg left 446.0,709.0 0.19433258,0.07423129 20.350254,16.94906,456.81375 0.2238053125,0.22380524999999998 525,305,816,596 560,380,636,425 702,375,780,421
p00\face\1412.jpg p00\left\1412.jpg p00\right\1412.jpg p00\grid\1412.jpg day17/1017.jpg left 474.0,12.0 0.21328531,0.028977094 30.236822,-16.62135,405.2042 0.2238053125,0.22380524999999998 537,216,862,541 578,298,662,348 735,295,823,347
p00\face\1413.jpg p00\left\1413.jpg p00\right\1413.jpg p00\grid\1413.jpg day30/0007.jpg left 88.0,623.0 0.028781649,0.18526757 4.80327,-13.78753,414.32578 0.2238053125,0.22380524999999998 474,221,802,549 513,309,598,360 673,301,760,353
p00\face\1414.jpg p00\left\1414.jpg p00\right\1414.jpg p00\grid\1414.jpg day13/0454.jpg left 892.0,44.0 0.27868772,0.15070927 13.454221,-1.394184,391.79736 0.2238053125,0.22380524999999998 485,251,821,587 537,328,621,378 696,339,790,395
p00\face\1415.jpg p00\left\1415.jpg p00\right\1415.jpg p00\grid\1415.jpg day22/0891.jpg left 1097.0,335.0 -0.030919695,0.08288834 33.822548,10.864151,423.75922 0.2238053125,0.22380524999999998 543,284,861,602 583,361,668,412 738,366,823,417
p00\face\1416.jpg p00\left\1416.jpg p00\right\1416.jpg p00\grid\1416.jpg day17/0023.jpg left 844.0,523.0 0.15379347,0.1981302 24.619019,-25.349808,481.5623 0.2238053125,0.22380524999999998 538,218,818,498 572,296,642,338 705,283,784,330
p00\face\1417.jpg p00\left\1417.jpg p00\right\1417.jpg p00\grid\1417.jpg day31/0520.jpg left 717.0,567.0 0.16137022,0.065831356 2.48015,7.619518,368.57724 0.2238053125,0.22380524999999998 453,266,813,626 499,358,590,412 671,353,770,412
p00\face\1418.jpg p00\left\1418.jpg p00\right\1418.jpg p00\grid\1418.jpg day19/0510.jpg left 573.0,49.0 0.073938936,-0.030229542 8.224625,-29.374586,389.5547 0.2238053125,0.22380524999999998 475,174,820,519 517,266,605,318 683,257,777,313
p00\face\1419.jpg p00\left\1419.jpg p00\right\1419.jpg p00\grid\1419.jpg day04/0608.jpg left 1180.0,645.0 0.14724348,0.02588928 1.60896,-2.939004,459.50754 0.2238053125,0.22380524999999998 485,262,774,551 520,336,595,381 660,332,739,379
p00\face\1420.jpg p00\left\1420.jpg p00\right\1420.jpg p00\grid\1420.jpg day05/0023.jpg left 646.0,112.0 0.09903834,0.07108933 -8.535926,-9.654927,486.38937 0.2238053125,0.22380524999999998 474,253,748,527 505,329,575,371 637,315,712,360
p00\face\1421.jpg p00\left\1421.jpg p00\right\1421.jpg p00\grid\1421.jpg day32/0344.jpg left 1225.0,566.0 0.31365585,0.078545675 -20.809294,-5.152098,441.69498 0.2238053125,0.22380524999999998 435,261,721,547 474,332,544,374 609,326,690,374
p00\face\1422.jpg p00\left\1422.jpg p00\right\1422.jpg p00\grid\1422.jpg day03/0486.jpg left 490.0,66.0 -0.094179705,0.2555904 22.953232,29.349016,524.27313 0.2238053125,0.22380524999999998 540,336,795,591 570,398,640,440 696,400,763,440
p00\face\1423.jpg p00\left\1423.jpg p00\right\1423.jpg p00\grid\1423.jpg day04/1013.jpg left 154.0,758.0 0.1631034,0.06369642 21.002932,0.208868,508.29282 0.2238053125,0.22380524999999998 533,277,797,541 568,343,635,383 696,344,766,386
p00\face\1424.jpg p00\left\1424.jpg p00\right\1424.jpg p00\grid\1424.jpg day38/1134.jpg left 349.0,161.0 0.11237632,0.05325379 4.815912,-24.139807,465.818 0.2238053125,0.22380524999999998 491,217,779,505 527,290,602,335 667,288,745,334
p00\face\1425.jpg p00\left\1425.jpg p00\right\1425.jpg p00\grid\1425.jpg day13/0463.jpg left 603.0,317.0 0.079902135,-0.19633695 55.632854,-38.98025,407.46707 0.2238053125,0.22380524999999998 593,155,927,489 634,244,721,296 797,240,887,294
p00\face\1426.jpg p00\left\1426.jpg p00\right\1426.jpg p00\grid\1426.jpg day09/0999.jpg left 907.0,353.0 0.123953186,0.39358312 15.612214,-20.460775,556.93005 0.2238053125,0.22380524999999998 535,245,776,486 563,316,624,352 679,301,745,340
p00\face\1427.jpg p00\left\1427.jpg p00\right\1427.jpg p00\grid\1427.jpg day07/0131.jpg left 1237.0,300.0 -0.09899609,0.21058129 34.340183,27.359236,400.73676 0.2238053125,0.22380524999999998 545,324,876,655 582,405,672,459 747,405,832,456
p00\face\1428.jpg p00\left\1428.jpg p00\right\1428.jpg p00\grid\1428.jpg day20/0152.jpg left 763.0,376.0 0.09751196,-0.0076781297 24.508886,-39.757904,428.84827 0.2238053125,0.22380524999999998 529,167,842,480 564,254,645,302 716,239,801,290
p00\face\1429.jpg p00\left\1429.jpg p00\right\1429.jpg p00\grid\1429.jpg day36/0196.jpg left 679.0,85.0 0.07667082,-0.04088004 -0.80156,-43.4533,419.07706 0.2238053125,0.22380524999999998 462,155,781,474 503,234,587,284 659,235,744,286
p00\face\1430.jpg p00\left\1430.jpg p00\right\1430.jpg p00\grid\1430.jpg day02/0273.jpg left 830.0,463.0 -0.030489022,0.29478383 45.112926,51.793694,499.31702 0.2238053125,0.22380524999999998 588,381,850,643 614,453,683,494 743,439,812,480
p00\face\1431.jpg p00\left\1431.jpg p00\right\1431.jpg p00\grid\1431.jpg day23/0066.jpg left 148.0,381.0 0.067704335,0.5087871 22.257996,-2.733093,410.34772 0.2238053125,0.22380524999999998 516,247,841,572 557,333,641,383 714,331,802,383
p00\face\1432.jpg p00\left\1432.jpg p00\right\1432.jpg p00\grid\1432.jpg day23/0327.jpg left 867.0,581.0 0.2377218,0.2676007 3.424586,28.70289,548.46783 0.2238053125,0.22380524999999998 510,337,751,578 543,401,601,435 656,393,725,434
p00\face\1433.jpg p00\left\1433.jpg p00\right\1433.jpg p00\grid\1433.jpg day03/0065.jpg left 377.0,507.0 0.23416829,0.23400985 -0.620536,61.361984,424.9506 0.2238053125,0.22380524999999998 469,408,776,715 505,478,598,533 653,480,740,532
p00\face\1434.jpg p00\left\1434.jpg p00\right\1434.jpg p00\grid\1434.jpg day22/0553.jpg left 945.0,144.0 -0.3192023,-0.0006757247 26.483465,8.882804,396.3261 0.2238053125,0.22380524999999998 531,282,852,603 563,363,662,422 719,352,809,406
p00\face\1435.jpg p00\left\1435.jpg p00\right\1435.jpg p00\grid\1435.jpg day02/0336.jpg left 658.0,24.0 0.30491307,0.044592697 5.73585,30.62982,476.47244 0.2238053125,0.22380524999999998 504,340,775,611 536,409,606,451 668,403,741,446
p00\face\1436.jpg p00\left\1436.jpg p00\right\1436.jpg p00\grid\1436.jpg day17/0011.jpg left 831.0,777.0 0.046930544,0.29012787 6.333644,-1.905545,478.79504 0.2238053125,0.22380524999999998 495,265,778,548 532,338,605,381 669,338,745,383
p00\face\1437.jpg p00\left\1437.jpg p00\right\1437.jpg p00\grid\1437.jpg day27/0484.jpg left 691.0,167.0 0.24265301,0.09660492 -8.120554,3.137821,368.36243 0.2238053125,0.22380524999999998 424,255,784,615 472,347,563,401 642,339,744,400
p00\face\1438.jpg p00\left\1438.jpg p00\right\1438.jpg p00\grid\1438.jpg day02/0154.jpg left 86.0,190.0 -0.23517981,0.14899203 16.610306,13.681221,418.0724 0.2238053125,0.22380524999999998 507,295,819,607 542,369,629,421 699,373,778,420
p00\face\1439.jpg p00\left\1439.jpg p00\right\1439.jpg p00\grid\1439.jpg day17/0729.jpg left 877.0,353.0 0.041945424,0.39945427 30.752468,13.432565,417.225 0.2238053125,0.22380524999999998 530,285,860,615 573,366,660,418 735,374,822,426
p00\face\1440.jpg p00\left\1440.jpg p00\right\1440.jpg p00\grid\1440.jpg day35/0620.jpg left 131.0,623.0 -0.018775389,0.24282312 -1.585976,9.13422,470.2323 0.2238053125,0.22380524999999998 478,286,769,577 511,364,589,410 653,357,731,403
p00\face\1441.jpg p00\left\1441.jpg p00\right\1441.jpg p00\grid\1441.jpg day17/0489.jpg left 1239.0,535.0 -0.24411926,-0.12321195 -14.176585,-2.094196,449.5549 0.2238053125,0.22380524999999998 449,264,737,552 484,342,562,388 623,329,702,376
p00\face\1442.jpg p00\left\1442.jpg p00\right\1442.jpg p00\grid\1442.jpg day24/0542.jpg left 53.0,129.0 -0.0071857115,0.39897427 20.538538,-13.182379,494.2206 0.2238053125,0.22380524999999998 531,246,802,517 563,316,635,359 697,316,767,358
p00\face\1443.jpg p00\left\1443.jpg p00\right\1443.jpg p00\grid\1443.jpg day08/0682.jpg left 677.0,208.0 0.043626484,0.12752818 3.278579,27.646576,573.0643 0.2238053125,0.22380524999999998 514,333,751,570 542,398,603,434 656,389,720,427
p00\face\1444.jpg p00\left\1444.jpg p00\right\1444.jpg p00\grid\1444.jpg day04/0394.jpg left 805.0,440.0 -0.012804727,0.07308104 24.987192,-26.806145,481.59286 0.2238053125,0.22380524999999998 534,216,813,495 571,282,644,325 706,290,781,335
p00\face\1445.jpg p00\left\1445.jpg p00\right\1445.jpg p00\grid\1445.jpg day38/0171.jpg left 43.0,242.0 0.020150896,0.2960756 1.524124,53.874866,488.459 0.2238053125,0.22380524999999998 487,381,766,660 523,451,596,494 658,452,733,497
p00\face\1446.jpg p00\left\1446.jpg p00\right\1446.jpg p00\grid\1446.jpg day26/0032.jpg left 585.0,387.0 0.068197794,0.260731 28.089258,-28.757368,436.30307 0.2238053125,0.22380524999999998 536,195,845,504 572,277,653,325 723,271,805,320
p00\face\1447.jpg p00\left\1447.jpg p00\right\1447.jpg p00\grid\1447.jpg day13/0053.jpg left 289.0,571.0 0.028646648,0.11980455 -2.33973,5.502198,466.1641 0.2238053125,0.22380524999999998 479,281,767,569 511,359,586,404 652,347,728,392
p00\face\1448.jpg p00\left\1448.jpg p00\right\1448.jpg p00\grid\1448.jpg day22/0786.jpg left 817.0,776.0 -0.05606604,0.098357126 16.885067,13.990687,378.99585 0.2238053125,0.22380524999999998 485,284,837,636 534,362,628,418 707,383,800,438
p00\face\1449.jpg p00\left\1449.jpg p00\right\1449.jpg p00\grid\1449.jpg day17/0295.jpg left 954.0,711.0 0.05256807,0.28652394 -27.793175,5.917449,433.98065 0.2238053125,0.22380524999999998 411,277,717,583 448,361,523,406 592,345,679,397
p00\face\1450.jpg p00\left\1450.jpg p00\right\1450.jpg p00\grid\1450.jpg day32/0250.jpg left 668.0,114.0 0.027162017,0.31519008 0.263847,10.288582,504.89505 0.2238053125,0.22380524999999998 491,295,759,563 524,364,594,406 655,362,727,405
p00\face\1451.jpg p00\left\1451.jpg p00\right\1451.jpg p00\grid\1451.jpg day02/0231.jpg left 305.0,679.0 0.07428863,0.16020238 40.696316,93.88312,559.2383 0.2238053125,0.22380524999999998 576,452,816,692 606,512,669,549 723,511,787,549
p00\face\1452.jpg p00\left\1452.jpg p00\right\1452.jpg p00\grid\1452.jpg day23/0567.jpg left 84.0,437.0 -0.119611084,0.11068149 29.986506,24.84098,429.40607 0.2238053125,0.22380524999999998 542,322,848,628 578,400,657,447 729,394,808,441
p00\face\1453.jpg p00\left\1453.jpg p00\right\1453.jpg p00\grid\1453.jpg day28/0696.jpg left 1154.0,207.0 0.11048395,0.033209864 -22.114063,5.692545,452.7495 0.2238053125,0.22380524999999998 431,280,723,572 468,356,541,399 609,351,688,398
p00\face\1454.jpg p00\left\1454.jpg p00\right\1454.jpg p00\grid\1454.jpg day15/0038.jpg left 973.0,656.0 0.07752323,0.12572396 1.178094,6.38975,437.808 0.2238053125,0.22380524999999998 474,277,781,584 513,357,592,404 661,351,745,401
p00\face\1455.jpg p00\left\1455.jpg p00\right\1455.jpg p00\grid\1455.jpg day15/0449.jpg left 829.0,658.0 0.09013196,0.036042783 17.797537,7.228664,501.09045 0.2238053125,0.22380524999999998 525,288,796,559 559,360,628,401 691,355,764,398
p00\face\1456.jpg p00\left\1456.jpg p00\right\1456.jpg p00\grid\1456.jpg day06/0331.jpg left 896.0,708.0 0.057295784,0.07385031 -22.845675,19.078968,525.08716 0.2238053125,0.22380524999999998 457,316,712,571 486,384,552,423 609,375,678,416
p00\face\1457.jpg p00\left\1457.jpg p00\right\1457.jpg p00\grid\1457.jpg day28/0704.jpg left 1201.0,97.0 0.06297442,0.20377399 13.842589,12.064217,474.89575 0.2238053125,0.22380524999999998 511,296,794,579 548,367,621,410 684,366,762,412
p00\face\1458.jpg p00\left\1458.jpg p00\right\1458.jpg p00\grid\1458.jpg day01/0653.jpg left 1050.0,534.0 0.27131575,0.27151284 -0.061943,89.11608,515.3352 0.2238053125,0.22380524999999998 499,454,752,707 527,515,603,560 651,511,720,552
p00\face\1459.jpg p00\left\1459.jpg p00\right\1459.jpg p00\grid\1459.jpg day09/0180.jpg left 9.0,41.0 0.038414333,0.29666474 6.742093,53.36095,620.5624 0.2238053125,0.22380524999999998 527,377,744,594 553,434,610,468 660,431,717,465
p00\face\1460.jpg p00\left\1460.jpg p00\right\1460.jpg p00\grid\1460.jpg day03/0959.jpg left 1066.0,734.0 0.20343363,-0.007954395 -5.767305,-0.470486,528.6006 0.2238053125,0.22380524999999998 492,281,741,530 521,346,585,384 642,340,709,380
p00\face\1461.jpg p00\left\1461.jpg p00\right\1461.jpg p00\grid\1461.jpg day06/0099.jpg left 469.0,570.0 0.07545113,0.020134857 17.60547,-20.407204,468.49472 0.2238053125,0.22380524999999998 515,224,804,513 553,296,629,341 694,299,772,345
p00\face\1462.jpg p00\left\1462.jpg p00\right\1462.jpg p00\grid\1462.jpg day14/0239.jpg left 106.0,546.0 -0.17385232,0.35954392 17.350767,47.694447,546.3785 0.2238053125,0.22380524999999998 533,371,776,614 562,425,634,468 678,434,747,475
p00\face\1463.jpg p00\left\1463.jpg p00\right\1463.jpg p00\grid\1463.jpg day14/0358.jpg left 365.0,107.0 -0.015926648,0.036575325 -16.359646,-18.613598,475.0044 0.2238053125,0.22380524999999998 448,228,737,517 480,304,565,355 614,294,701,346
p00\face\1464.jpg p00\left\1464.jpg p00\right\1464.jpg p00\grid\1464.jpg day06/0653.jpg left 848.0,6.0 0.18943682,-0.010362657 -65.94842,6.651796,463.03763 0.2238053125,0.22380524999999998 348,287,627,566 380,361,453,404 514,350,590,395
p00\face\1465.jpg p00\left\1465.jpg p00\right\1465.jpg p00\grid\1465.jpg day32/0168.jpg left 1274.0,713.0 0.221218,-0.0168785 13.846425,10.252924,381.55508 0.2238053125,0.22380524999999998 489,276,835,622 533,364,621,416 699,362,795,419
p00\face\1466.jpg p00\left\1466.jpg p00\right\1466.jpg p00\grid\1466.jpg day38/0630.jpg left 987.0,689.0 0.18649323,0.42156544 40.46958,21.446177,558.81116 0.2238053125,0.22380524999999998 578,321,818,561 608,388,668,424 723,379,789,418
p00\face\1467.jpg p00\left\1467.jpg p00\right\1467.jpg p00\grid\1467.jpg day02/0057.jpg left 439.0,39.0 -0.14165561,0.14742263 14.475019,17.21793,418.5944 0.2238053125,0.22380524999999998 499,301,815,617 538,377,623,428 693,381,777,431
p00\face\1468.jpg p00\left\1468.jpg p00\right\1468.jpg p00\grid\1468.jpg day39/0288.jpg left 400.0,674.0 0.026081521,0.044833377 9.783832,16.140589,421.73068 0.2238053125,0.22380524999999998 487,295,808,616 527,377,611,427 684,377,769,428
p00\face\1469.jpg p00\left\1469.jpg p00\right\1469.jpg p00\grid\1469.jpg day12/0462.jpg left 584.0,654.0 0.02111376,0.079597294 19.67144,-24.561296,473.60367 0.2238053125,0.22380524999999998 524,218,809,503 558,291,633,336 697,288,773,333
p00\face\1470.jpg p00\left\1470.jpg p00\right\1470.jpg p00\grid\1470.jpg day23/0243.jpg left 264.0,362.0 0.072535135,0.09106318 8.391289,17.32547,395.2226 0.2238053125,0.22380524999999998 473,297,809,633 519,372,609,426 684,387,772,439
p00\face\1471.jpg p00\left\1471.jpg p00\right\1471.jpg p00\grid\1471.jpg day12/0474.jpg left 514.0,207.0 0.0571218,0.009129452 19.140892,-23.989344,463.8297 0.2238053125,0.22380524999999998 521,216,810,505 558,291,631,334 698,288,776,334
p00\face\1472.jpg p00\left\1472.jpg p00\right\1472.jpg p00\grid\1472.jpg day09/0392.jpg left 839.0,46.0 -0.18738319,0.28137466 -38.387836,19.102423,555.8179 0.2238053125,0.22380524999999998 436,318,677,559 463,379,530,419 582,379,645,416
p00\face\1473.jpg p00\left\1473.jpg p00\right\1473.jpg p00\grid\1473.jpg day22/0703.jpg left 971.0,531.0 0.112966105,0.13997595 24.408049,33.325153,493.4916 0.2238053125,0.22380524999999998 537,341,810,614 572,410,642,452 703,408,778,453
p00\face\1474.jpg p00\left\1474.jpg p00\right\1474.jpg p00\grid\1474.jpg day01/0087.jpg left 1092.0,26.0 0.15022127,0.11038204 11.531599,16.153131,431.66327 0.2238053125,0.22380524999999998 502,301,808,607 538,383,616,429 684,370,769,421
p00\face\1475.jpg p00\left\1475.jpg p00\right\1475.jpg p00\grid\1475.jpg day28/0561.jpg left 612.0,77.0 0.036346614,0.08109542 15.128092,8.340103,406.81644 0.2238053125,0.22380524999999998 497,274,830,607 536,361,624,413 697,354,788,408
p00\face\1476.jpg p00\left\1476.jpg p00\right\1476.jpg p00\grid\1476.jpg day36/0412.jpg left 1252.0,40.0 0.062457837,-0.01791107 0.97265,-36.492897,442.7459 0.2238053125,0.22380524999999998 473,181,777,485 513,256,592,303 660,259,742,308
p00\face\1477.jpg p00\left\1477.jpg p00\right\1477.jpg p00\grid\1477.jpg day26/0330.jpg left 132.0,657.0 0.09527772,0.06860068 1.518948,-0.024274,353.62778 0.2238053125,0.22380524999999998 438,239,817,618 489,335,583,391 673,334,775,395
p00\face\1478.jpg p00\left\1478.jpg p00\right\1478.jpg p00\grid\1478.jpg day23/0871.jpg left 487.0,767.0 0.18090332,0.09003461 -15.224142,-18.606033,413.0578 0.2238053125,0.22380524999999998 434,214,753,533 472,306,548,351 624,283,712,335
p00\face\1479.jpg p00\left\1479.jpg p00\right\1479.jpg p00\grid\1479.jpg day17/0222.jpg left 463.0,351.0 0.026646597,0.08898718 37.040222,-4.359715,421.9713 0.2238053125,0.22380524999999998 549,248,868,567 591,323,676,374 747,333,832,384
p00\face\1480.jpg p00\left\1480.jpg p00\right\1480.jpg p00\grid\1480.jpg day10/0847.jpg left 619.0,48.0 0.09347693,0.0025456257 18.981329,-53.42024,436.82208 0.2238053125,0.22380524999999998 514,140,823,449 552,220,633,268 701,215,786,266
p00\face\1481.jpg p00\left\1481.jpg p00\right\1481.jpg p00\grid\1481.jpg day34/0341.jpg left 631.0,697.0 0.082318984,0.028649587 28.757698,-19.341167,373.49625 0.2238053125,0.22380524999999998 516,192,879,555 565,280,659,336 742,288,839,346
p00\face\1482.jpg p00\left\1482.jpg p00\right\1482.jpg p00\grid\1482.jpg day35/0117.jpg left 875.0,28.0 0.3174442,0.012663431 13.959231,14.678922,367.88553 0.2238053125,0.22380524999999998 490,289,842,641 531,375,627,432 702,373,798,430
p00\face\1483.jpg p00\left\1483.jpg p00\right\1483.jpg p00\grid\1483.jpg day35/0669.jpg left 796.0,339.0 -0.22404055,0.08105417 5.512541,18.748888,443.11777 0.2238053125,0.22380524999999998 490,312,781,603 525,382,606,430 665,381,746,429
p00\face\1484.jpg p00\left\1484.jpg p00\right\1484.jpg p00\grid\1484.jpg day02/0518.jpg left 492.0,4.0 0.31444862,0.03966099 9.901486,20.755322,447.27237 0.2238053125,0.22380524999999998 503,315,794,606 538,386,617,433 680,386,758,432
p00\face\1485.jpg p00\left\1485.jpg p00\right\1485.jpg p00\grid\1485.jpg day24/0943.jpg left 523.0,127.0 -0.007738054,0.19418804 5.353792,14.210591,447.87186 0.2238053125,0.22380524999999998 487,296,788,597 523,374,602,421 669,370,750,418
p00\face\1486.jpg p00\left\1486.jpg p00\right\1486.jpg p00\grid\1486.jpg day22/0653.jpg left 817.0,740.0 0.009735002,0.32791486 39.466297,9.943864,410.67712 0.2238053125,0.22380524999999998 552,277,883,608 594,358,682,410 757,367,844,419
p00\face\1487.jpg p00\left\1487.jpg p00\right\1487.jpg p00\grid\1487.jpg day10/0355.jpg left 1131.0,491.0 -0.051770076,0.091950394 3.284772,-1.125831,363.5626 0.2238053125,0.22380524999999998 449,238,819,608 492,333,591,392 673,329,772,388
p00\face\1488.jpg p00\left\1488.jpg p00\right\1488.jpg p00\grid\1488.jpg day17/0657.jpg left 378.0,329.0 0.1676814,0.10713482 19.005877,-8.629731,439.7075 0.2238053125,0.22380524999999998 516,243,822,549 555,324,631,369 702,317,786,367
p00\face\1489.jpg p00\left\1489.jpg p00\right\1489.jpg p00\grid\1489.jpg day36/0843.jpg left 1137.0,448.0 0.35180128,0.030865474 1.541307,10.728366,407.08426 0.2238053125,0.22380524999999998 475,288,790,603 514,370,593,417 664,359,751,411
p00\face\1490.jpg p00\left\1490.jpg p00\right\1490.jpg p00\grid\1490.jpg day25/0074.jpg left 292.0,104.0 0.10870025,0.11033792 -9.481171,2.219888,455.8472 0.2238053125,0.22380524999999998 456,271,751,566 494,347,570,392 636,344,717,392
p00\face\1491.jpg p00\left\1491.jpg p00\right\1491.jpg p00\grid\1491.jpg day23/0745.jpg left 1235.0,325.0 0.2781057,0.0026705635 34.72266,-5.648695,420.96475 0.2238053125,0.22380524999999998 551,248,863,560 590,324,672,373 742,326,826,376
p00\face\1492.jpg p00\left\1492.jpg p00\right\1492.jpg p00\grid\1492.jpg day17/0480.jpg left 902.0,105.0 0.116334334,0.20871614 9.020375,-12.534695,478.0854 0.2238053125,0.22380524999999998 501,244,783,526 539,316,611,359 674,315,752,361
p00\face\1493.jpg p00\left\1493.jpg p00\right\1493.jpg p00\grid\1493.jpg day32/0229.jpg left 579.0,786.0 -0.01261294,0.041125517 12.424199,5.388627,359.3016 0.2238053125,0.22380524999999998 473,255,846,628 517,351,616,410 700,346,799,405
p00\face\1494.jpg p00\left\1494.jpg p00\right\1494.jpg p00\grid\1494.jpg day24/0446.jpg left 4.0,713.0 0.042222694,0.38638481 39.00782,38.327263,493.03308 0.2238053125,0.22380524999999998 565,351,838,624 600,417,673,460 734,423,806,466
p00\face\1495.jpg p00\left\1495.jpg p00\right\1495.jpg p00\grid\1495.jpg day29/0453.jpg left 191.0,403.0 0.0200087,0.038185574 12.033843,-9.772153,408.0978 0.2238053125,0.22380524999999998 487,231,817,561 529,312,616,364 691,316,778,368
p00\face\1496.jpg p00\left\1496.jpg p00\right\1496.jpg p00\grid\1496.jpg day34/0083.jpg left 1123.0,565.0 0.0609286,0.074285954 -1.823444,-13.577446,424.28326 0.2238053125,0.22380524999999998 463,227,779,543 502,309,583,357 656,305,741,356
p00\face\1497.jpg p00\left\1497.jpg p00\right\1497.jpg p00\grid\1497.jpg day23/0449.jpg left 57.0,366.0 0.14367533,0.17103867 3.099188,15.146088,490.2324 0.2238053125,0.22380524999999998 494,304,768,578 529,375,599,417 661,371,736,416
p00\face\1498.jpg p00\left\1498.jpg p00\right\1498.jpg p00\grid\1498.jpg day26/0380.jpg left 617.0,286.0 0.06310343,0.20508823 16.851646,-4.517873,517.8361 0.2238053125,0.22380524999999998 525,268,787,530 558,335,627,376 686,334,756,376
p00\face\1499.jpg p00\left\1499.jpg p00\right\1499.jpg p00\grid\1499.jpg day22/0588.jpg left 8.0,494.0 -0.07636855,0.34216592 28.200024,-4.784809,373.00797 0.2238053125,0.22380524999999998 511,234,862,585 565,302,662,360 741,345,829,397
p00\face\1500.jpg p00\left\1500.jpg p00\right\1500.jpg p00\grid\1500.jpg day03/0423.jpg left 295.0,191.0 0.13784099,0.14170013 24.01917,25.943974,411.7576 0.2238053125,0.22380524999999998 523,321,845,643 562,402,647,453 718,397,805,449
p00\face\1501.jpg p00\left\1501.jpg p00\right\1501.jpg p00\grid\1501.jpg day10/0551.jpg right 1164.0,95.0 -0.077772796,0.3383455 18.65823,-14.660416,414.298 0.2238053125,0.22380524999999998 504,219,831,546 544,297,634,351 706,308,791,359
p00\face\1502.jpg p00\left\1502.jpg p00\right\1502.jpg p00\grid\1502.jpg day17/0607.jpg right 11.0,472.0 0.014333359,0.030789366 7.09507,-14.608156,385.34222 0.2238053125,0.22380524999999998 471,211,819,559 512,302,602,356 683,296,774,350
p00\face\1503.jpg p00\left\1503.jpg p00\right\1503.jpg p00\grid\1503.jpg day03/1058.jpg right 1156.0,424.0 0.3753791,-0.09880116 25.925552,-17.212011,415.27536 0.2238053125,0.22380524999999998 536,221,846,531 571,298,656,349 722,295,806,345
p00\face\1504.jpg p00\left\1504.jpg p00\right\1504.jpg p00\grid\1504.jpg day33/0026.jpg right 1143.0,170.0 0.16386953,0.10759518 -12.531159,-25.76411,402.84167 0.2238053125,0.22380524999999998 430,192,758,520 473,277,555,326 630,271,721,325
p00\face\1505.jpg p00\left\1505.jpg p00\right\1505.jpg p00\grid\1505.jpg day21/0026.jpg right 720.0,569.0 0.02435403,0.079925574 24.338999,1.626509,489.56796 0.2238053125,0.22380524999999998 537,276,813,552 570,347,643,390 703,343,778,388
p00\face\1506.jpg p00\left\1506.jpg p00\right\1506.jpg p00\grid\1506.jpg day24/0350.jpg right 473.0,304.0 0.07417081,0.16533245 17.494314,-3.998841,416.776 0.2238053125,0.22380524999999998 504,246,829,571 545,331,629,381 702,327,790,379
p00\face\1507.jpg p00\left\1507.jpg p00\right\1507.jpg p00\grid\1507.jpg day03/0431.jpg right 1077.0,609.0 0.3720356,0.22457764 23.479483,63.82091,521.5987 0.2238053125,0.22380524999999998 547,406,794,653 580,471,640,507 696,460,766,502
p00\face\1508.jpg p00\left\1508.jpg p00\right\1508.jpg p00\grid\1508.jpg day39/0162.jpg right 1215.0,255.0 0.24456677,0.22388938 -15.104031,2.460308,394.42422 0.2238053125,0.22380524999999998 421,265,748,592 469,347,547,393 622,342,715,397
p00\face\1509.jpg p00\left\1509.jpg p00\right\1509.jpg p00\grid\1509.jpg day16/0154.jpg right 1014.0,95.0 -0.073356405,0.20766312 24.488424,-5.641161,511.007 0.2238053125,0.22380524999999998 538,266,800,528 572,327,642,369 701,337,770,378
p00\face\1510.jpg p00\left\1510.jpg p00\right\1510.jpg p00\grid\1510.jpg day35/0135.jpg right 413.0,516.0 -0.053823173,0.08563333 24.009945,-13.391673,471.36633 0.2238053125,0.22380524999999998 530,240,818,528 565,310,644,357 706,315,782,360
p00\face\1511.jpg p00\left\1511.jpg p00\right\1511.jpg p00\grid\1511.jpg day33/0744.jpg right 671.0,76.0 -0.030680284,0.41211477 16.157396,-35.32976,348.7073 0.2238053125,0.22380524999999998 478,134,859,515 526,227,628,288 713,238,813,298
p00\face\1512.jpg p00\left\1512.jpg p00\right\1512.jpg p00\grid\1512.jpg day38/0102.jpg right 1041.0,593.0 0.19017644,0.019325161 -20.115126,-8.416353,433.2009 0.2238053125,0.22380524999999998 429,245,732,548 467,323,543,368 612,317,696,367
p00\face\1513.jpg p00\left\1513.jpg p00\right\1513.jpg p00\grid\1513.jpg day03/1044.jpg right 284.0,307.0 0.344525,-0.045925874 21.258562,-15.195695,411.13748 0.2238053125,0.22380524999999998 525,224,840,539 560,309,642,358 711,292,798,344
p00\face\1514.jpg p00\left\1514.jpg p00\right\1514.jpg p00\grid\1514.jpg day34/0066.jpg right 1220.0,117.0 0.16871132,-0.013217905 -15.033912,-22.674387,416.80756 0.2238053125,0.22380524999999998 433,205,751,523 471,289,553,338 623,279,711,331
p00\face\1515.jpg p00\left\1515.jpg p00\right\1515.jpg p00\grid\1515.jpg day06/0005.jpg right 609.0,587.0 0.19295888,0.1912596 8.514104,49.560806,421.1061 0.2238053125,0.22380524999999998 490,378,805,693 525,457,616,511 679,450,764,501
p00\face\1516.jpg p00\left\1516.jpg p00\right\1516.jpg p00\grid\1516.jpg day19/0363.jpg right 129.0,273.0 -0.021276388,0.23470491 44.807453,-6.082378,467.58655 0.2238053125,0.22380524999999998 577,255,866,544 609,330,688,377 752,326,827,371
p00\face\1517.jpg p00\left\1517.jpg p00\right\1517.jpg p00\grid\1517.jpg day08/0283.jpg right 618.0,187.0 0.059682477,0.12102264 17.134,0.332133,457.24814 0.2238053125,0.22380524999999998 514,268,806,560 552,339,627,384 695,344,773,390
p00\face\1518.jpg p00\left\1518.jpg p00\right\1518.jpg p00\grid\1518.jpg day26/0557.jpg right 505.0,696.0 0.12507418,0.28060958 7.954001,30.000835,421.83377 0.2238053125,0.22380524999999998 481,328,803,650 524,412,605,460 679,408,767,460
p00\face\1519.jpg p00\left\1519.jpg p00\right\1519.jpg p00\grid\1519.jpg day30/0060.jpg right 222.0,676.0 -0.06177227,0.12851797 6.85273,7.45759,437.511 0.2238053125,0.22380524999999998 485,279,794,588 522,356,606,406 674,357,755,405
p00\face\1520.jpg p00\left\1520.jpg p00\right\1520.jpg p00\grid\1520.jpg day09/0962.jpg right 194.0,70.0 0.074351914,0.25748238 -8.377048,34.163654,569.2951 0.2238053125,0.22380524999999998 493,345,730,582 522,409,583,445 635,401,701,440
p00\face\1521.jpg p00\left\1521.jpg p00\right\1521.jpg p00\grid\1521.jpg day34/0677.jpg right 846.0,59.0 0.006366115,0.13138239 1.362673,-18.178106,449.79138 0.2238053125,0.22380524999999998 478,223,781,526 514,303,593,350 660,296,742,345
p00\face\1522.jpg p00\left\1522.jpg p00\right\1522.jpg p00\grid\1522.jpg day10/0826.jpg right 814.0,647.0 0.16792007,0.3847033 40.433147,-25.446402,517.1776 0.2238053125,0.22380524999999998 576,227,835,486 603,301,676,344 734,288,798,326
p00\face\1523.jpg p00\left\1523.jpg p00\right\1523.jpg p00\grid\1523.jpg day36/0376.jpg right 909.0,376.0 0.11500244,0.01817456 -0.527927,3.519033,537.0841 0.2238053125,0.22380524999999998 504,289,751,536 531,358,594,395 652,344,718,383
p00\face\1524.jpg p00\left\1524.jpg p00\right\1524.jpg p00\grid\1524.jpg day12/0343.jpg right 707.0,523.0 0.083577774,0.21796127 18.311352,39.47966,532.71564 0.2238053125,0.22380524999999998 533,354,786,607 564,420,630,459 686,415,755,456
p00\face\1525.jpg p00\left\1525.jpg p00\right\1525.jpg p00\grid\1525.jpg day28/0547.jpg right 576.0,647.0 0.057954814,0.0951167 -3.443265,8.419906,413.53452 0.2238053125,0.22380524999999998 457,277,782,602 495,365,577,414 653,353,740,405
p00\face\1526.jpg p00\left\1526.jpg p00\right\1526.jpg p00\grid\1526.jpg day32/0043.jpg right 783.0,100.0 0.046527423,0.3626277 -1.221818,-17.07803,434.12317 0.2238053125,0.22380524999999998 466,220,778,532 506,303,585,350 656,297,741,348
p00\face\1527.jpg p00\left\1527.jpg p00\right\1527.jpg p00\grid\1527.jpg day32/0066.jpg right 655.0,790.0 0.11451856,0.024887666 -6.345562,6.935446,380.09924 0.2238053125,0.22380524999999998 434,266,785,617 478,356,568,410 647,352,743,409
p00\face\1528.jpg p00\left\1528.jpg p00\right\1528.jpg p00\grid\1528.jpg day01/0885.jpg right 379.0,232.0 -0.12665273,0.18266733 39.58713,42.762863,457.4976 0.2238053125,0.22380524999999998 564,364,850,650 600,428,679,475 743,440,816,483
p00\face\1529.jpg p00\left\1529.jpg p00\right\1529.jpg p00\grid\1529.jpg day21/0066.jpg right 1221.0,633.0 -0.06948866,0.044892076 40.620117,-18.602282,377.4648 0.2238053125,0.22380524999999998 556,200,905,549 599,287,689,341 769,287,862,342
p00\face\1530.jpg p00\left\1530.jpg p00\right\1530.jpg p00\grid\1530.jpg day25/0664.jpg right 539.0,594.0 0.12569791,0.035504352 2.977027,-15.563578,405.38254 0.2238053125,0.22380524999999998 466,215,799,548 509,300,594,351 669,298,760,352
p00\face\1531.jpg p00\left\1531.jpg p00\right\1531.jpg p00\grid\1531.jpg day37/0057.jpg right 474.0,494.0 -0.09689467,0.09684283 -7.526824,-4.266277,377.49606 0.2238053125,0.22380524999999998 426,235,781,590 468,320,576,384 635,319,740,382
p00\face\1532.jpg p00\left\1532.jpg p00\right\1532.jpg p00\grid\1532.jpg day03/0372.jpg right 344.0,456.0 0.05112198,0.064703956 13.991401,17.703623,442.36905 0.2238053125,0.22380524999999998 502,303,806,607 541,378,622,426 689,381,771,430
p00\face\1533.jpg p00\left\1533.jpg p00\right\1533.jpg p00\grid\1533.jpg day17/0222.jpg right 463.0,351.0 0.026646597,0.08898718 37.040222,-4.359715,421.9713 0.2238053125,0.22380524999999998 549,248,868,567 591,323,676,374 747,333,832,384
p00\face\1534.jpg p00\left\1534.jpg p00\right\1534.jpg p00\grid\1534.jpg day02/0839.jpg right 1264.0,726.0 0.1573654,0.2241463 14.127235,23.533758,516.53674 0.2238053125,0.22380524999999998 522,325,778,581 557,390,620,427 681,389,750,430
p00\face\1535.jpg p00\left\1535.jpg p00\right\1535.jpg p00\grid\1535.jpg day09/0195.jpg right 849.0,668.0 0.053368233,0.3599673 21.264786,45.285885,592.489 0.2238053125,0.22380524999999998 550,365,776,591 575,428,633,462 686,417,746,453
p00\face\1536.jpg p00\left\1536.jpg p00\right\1536.jpg p00\grid\1536.jpg day34/0838.jpg right 164.0,488.0 -0.050951496,0.20937459 34.241753,9.810959,434.84537 0.2238053125,0.22380524999999998 552,284,861,593 584,366,669,417 738,358,817,405
p00\face\1537.jpg p00\left\1537.jpg p00\right\1537.jpg p00\grid\1537.jpg day33/0706.jpg right 850.0,14.0 0.045808677,0.48423317 26.70054,-7.751955,414.2142 0.2238053125,0.22380524999999998 527,235,851,559 567,320,651,370 726,320,811,371
p00\face\1538.jpg p00\left\1538.jpg p00\right\1538.jpg p00\grid\1538.jpg day03/0142.jpg right 1133.0,137.0 0.22215082,0.20503555 -8.955353,46.805775,497.21036 0.2238053125,0.22380524999999998 477,372,741,636 510,441,577,481 634,431,709,476
p00\face\1539.jpg p00\left\1539.jpg p00\right\1539.jpg p00\grid\1539.jpg day35/0449.jpg right 427.0,234.0 0.092008516,0.0938912 4.021718,-8.792021,446.1811 0.2238053125,0.22380524999999998 482,244,785,547 521,322,599,368 667,319,749,368
p00\face\1540.jpg p00\left\1540.jpg p00\right\1540.jpg p00\grid\1540.jpg day09/0758.jpg right 1002.0,321.0 -0.06664841,0.39927554 -17.657871,88.94513,592.3587 0.2238053125,0.22380524999999998 479,438,707,666 509,493,569,529 620,497,681,533
p00\face\1541.jpg p00\left\1541.jpg p00\right\1541.jpg p00\grid\1541.jpg day25/0490.jpg right 231.0,296.0 0.101586804,0.050398465 -1.059278,-20.394018,423.43314 0.2238053125,0.22380524999999998 467,211,783,527 504,296,586,345 658,285,743,336
p00\face\1542.jpg p00\left\1542.jpg p00\right\1542.jpg p00\grid\1542.jpg day32/0175.jpg right 343.0,611.0 0.2064274,0.045027103 18.320444,11.893958,381.226 0.2238053125,0.22380524999999998 497,280,846,629 544,366,634,420 711,367,808,425
p00\face\1543.jpg p00\left\1543.jpg p00\right\1543.jpg p00\grid\1543.jpg day08/0667.jpg right 469.0,335.0 -0.09637869,0.06705067 51.600784,4.18484,373.93982 0.2238053125,0.22380524999999998 588,260,939,611 627,352,721,408 798,341,892,397
p00\face\1544.jpg p00\left\1544.jpg p00\right\1544.jpg p00\grid\1544.jpg day29/0252.jpg right 99.0,648.0 0.026015252,0.3399648 -2.25984,-5.687301,389.23593 0.2238053125,0.22380524999999998 442,232,793,583 488,322,578,376 657,322,753,379
p00\face\1545.jpg p00\left\1545.jpg p00\right\1545.jpg p00\grid\1545.jpg day29/0053.jpg right 186.0,799.0 0.08327393,0.06632451 17.710712,-20.865038,467.6481 0.2238053125,0.22380524999999998 524,225,809,510 556,303,629,346 694,290,770,335
p00\face\1546.jpg p00\left\1546.jpg p00\right\1546.jpg p00\grid\1546.jpg day03/0418.jpg right 273.0,754.0 0.19787976,0.19734074 16.309885,24.599352,426.889 0.2238053125,0.22380524999999998 506,318,819,631 548,399,626,445 697,394,784,446
p00\face\1547.jpg p00\left\1547.jpg p00\right\1547.jpg p00\grid\1547.jpg day01/0987.jpg right 784.0,592.0 0.22441398,0.037297193 7.331432,21.051447,451.58594 0.2238053125,0.22380524999999998 496,316,785,605 532,384,610,430 674,389,750,434
p00\face\1548.jpg p00\left\1548.jpg p00\right\1548.jpg p00\grid\1548.jpg day33/0420.jpg right 663.0,184.0 0.047020715,0.26212823 43.518604,49.56446,548.63904 0.2238053125,0.22380524999999998 578,374,819,615 612,428,676,466 730,441,794,479
p00\face\1549.jpg p00\left\1549.jpg p00\right\1549.jpg p00\grid\1549.jpg day29/0413.jpg right 1236.0,504.0 0.058319077,0.14331299 -9.314927,-5.580265,516.81085 0.2238053125,0.22380524999999998 477,267,736,526 510,334,576,373 636,332,705,373
p00\face\1550.jpg p00\left\1550.jpg p00\right\1550.jpg p00\grid\1550.jpg day18/0264.jpg right 341.0,550.0 0.041424554,0.46795854 27.888338,-13.240535,456.3752 0.2238053125,0.22380524999999998 536,234,831,529 574,311,650,356 720,314,796,359
p00\face\1551.jpg p00\left\1551.jpg p00\right\1551.jpg p00\grid\1551.jpg day01/0809.jpg right 580.0,774.0 -0.32649058,0.10018625 17.433226,69.43335,472.33707 0.2238053125,0.22380524999999998 524,424,792,692 552,484,639,536 688,489,757,530
p00\face\1552.jpg p00\left\1552.jpg p00\right\1552.jpg p00\grid\1552.jpg day03/0962.jpg right 945.0,253.0 0.22780001,0.018765323 -4.247593,-2.718525,520.5388 0.2238053125,0.22380524999999998 492,275,745,528 523,341,587,379 644,335,714,377
p00\face\1553.jpg p00\left\1553.jpg p00\right\1553.jpg p00\grid\1553.jpg day18/0096.jpg right 1.0,520.0 0.049447693,0.4239342 41.27474,12.303223,465.9754 0.2238053125,0.22380524999999998 579,294,864,579 604,379,679,424 746,357,819,400
p00\face\1554.jpg p00\left\1554.jpg p00\right\1554.jpg p00\grid\1554.jpg day17/0553.jpg right 359.0,559.0 0.102037095,0.46375325 8.193476,-7.967772,443.3109 0.2238053125,0.22380524999999998 490,242,794,546 530,325,606,370 677,320,759,369
p00\face\1555.jpg p00\left\1555.jpg p00\right\1555.jpg p00\grid\1555.jpg day22/0028.jpg right 486.0,316.0 0.0813308,0.42393833 27.32354,0.973253,420.24142 0.2238053125,0.22380524999999998 529,258,850,579 569,343,651,392 726,339,811,390
p00\face\1556.jpg p00\left\1556.jpg p00\right\1556.jpg p00\grid\1556.jpg day07/0186.jpg right 851.0,383.0 0.26883522,0.12641744 26.14463,17.351063,384.9566 0.2238053125,0.22380524999999998 520,297,863,640 567,382,652,433 732,381,825,436
p00\face\1557.jpg p00\left\1557.jpg p00\right\1557.jpg p00\grid\1557.jpg day37/0225.jpg right 62.0,44.0 -0.05922218,0.1985788 14.697654,-6.619649,445.82495 0.2238053125,0.22380524999999998 507,249,810,552 541,326,623,375 692,325,770,371
p00\face\1558.jpg p00\left\1558.jpg p00\right\1558.jpg p00\grid\1558.jpg day38/0308.jpg right 1140.0,475.0 0.12597264,0.07553491 3.932352,-15.595948,430.56314 0.2238053125,0.22380524999999998 478,225,788,535 519,304,598,351 668,302,753,353
p00\face\1559.jpg p00\left\1559.jpg p00\right\1559.jpg p00\grid\1559.jpg day30/0569.jpg right 1075.0,536.0 0.21151324,0.052687746 -6.93558,-5.410456,416.1182 0.2238053125,0.22380524999999998 458,248,773,563 493,337,572,384 642,314,730,366
p00\face\1560.jpg p00\left\1560.jpg p00\right\1560.jpg p00\grid\1560.jpg day35/0883.jpg right 385.0,764.0 0.17412075,0.027747616 17.743517,-8.90814,473.18146 0.2238053125,0.22380524999999998 521,254,800,533 558,320,630,363 693,325,768,370
p00\face\1561.jpg p00\left\1561.jpg p00\right\1561.jpg p00\grid\1561.jpg day01/0645.jpg right 1180.0,323.0 0.19990821,0.34135333 -0.59131,86.64279,511.70416 0.2238053125,0.22380524999999998 494,446,756,708 522,512,603,560 648,504,723,549
p00\face\1562.jpg p00\left\1562.jpg p00\right\1562.jpg p00\grid\1562.jpg day37/0063.jpg right 920.0,603.0 0.101645485,0.14596692 -22.764168,9.489802,436.53085 0.2238053125,0.22380524999999998 421,286,725,590 460,364,538,410 606,358,690,408
p00\face\1563.jpg p00\left\1563.jpg p00\right\1563.jpg p00\grid\1563.jpg day38/0327.jpg right 1225.0,619.0 0.033248104,0.11452021 10.085447,11.265292,454.6256 0.2238053125,0.22380524999999998 499,290,796,587 535,367,613,413 680,363,759,410
p00\face\1564.jpg p00\left\1564.jpg p00\right\1564.jpg p00\grid\1564.jpg day06/0024.jpg right 728.0,551.0 0.09067453,0.19347791 30.624178,105.000175,598.80005 0.2238053125,0.22380524999999998 560,462,788,690 590,520,648,554 701,521,762,557
p00\face\1565.jpg p00\left\1565.jpg p00\right\1565.jpg p00\grid\1565.jpg day06/0521.jpg right 1154.0,644.0 0.20182541,0.32619372 -13.020691,58.153408,454.6845 0.2238053125,0.22380524999999998 451,400,736,685 488,464,573,515 622,466,706,516
p00\face\1566.jpg p00\left\1566.jpg p00\right\1566.jpg p00\grid\1566.jpg day24/0413.jpg right 749.0,91.0 0.21227823,0.133102 7.815469,33.62643,473.84058 0.2238053125,0.22380524999999998 507,343,786,622 538,420,610,463 671,404,749,450
p00\face\1567.jpg p00\left\1567.jpg p00\right\1567.jpg p00\grid\1567.jpg day13/0375.jpg right 220.0,52.0 0.16287874,0.10733038 -10.568888,28.395966,465.10226 0.2238053125,0.22380524999999998 457,331,743,617 495,399,570,444 634,404,712,450
p00\face\1568.jpg p00\left\1568.jpg p00\right\1568.jpg p00\grid\1568.jpg day03/0179.jpg right 377.0,525.0 -0.17398418,0.4352963 21.30281,66.27039,543.8373 0.2238053125,0.22380524999999998 537,405,778,646 569,455,638,496 692,477,752,513
p00\face\1569.jpg p00\left\1569.jpg p00\right\1569.jpg p00\grid\1569.jpg day36/0560.jpg right 754.0,83.0 -0.0856682,0.029110087 26.981134,-39.506104,441.82974 0.2238053125,0.22380524999999998 534,175,837,478 569,250,651,299 717,250,798,298
p00\face\1570.jpg p00\left\1570.jpg p00\right\1570.jpg p00\grid\1570.jpg day29/0363.jpg right 892.0,232.0 0.1554569,0.21847528 12.708481,9.621699,431.5444 0.2238053125,0.22380524999999998 496,282,809,595 539,363,617,409 688,360,775,412
p00\face\1571.jpg p00\left\1571.jpg p00\right\1571.jpg p00\grid\1571.jpg day31/0433.jpg right 1224.0,77.0 0.25845668,0.052766923 -7.926114,-9.254905,401.96262 0.2238053125,0.22380524999999998 447,236,769,558 487,320,568,368 641,309,731,363
p00\face\1572.jpg p00\left\1572.jpg p00\right\1572.jpg p00\grid\1572.jpg day38/0210.jpg right 57.0,425.0 0.09245509,0.12836541 22.637005,23.051464,433.5008 0.2238053125,0.22380524999999998 522,314,832,624 560,394,641,442 711,390,795,440
p00\face\1573.jpg p00\left\1573.jpg p00\right\1573.jpg p00\grid\1573.jpg day38/0515.jpg right 158.0,8.0 0.18649071,0.070633374 9.254699,0.917217,422.12738 0.2238053125,0.22380524999999998 490,262,806,578 529,344,611,393 681,336,768,388
p00\face\1574.jpg p00\left\1574.jpg p00\right\1574.jpg p00\grid\1574.jpg day06/0347.jpg right 30.0,456.0 0.03164277,0.06870157 21.73,2.634077,451.16132 0.2238053125,0.22380524999999998 528,272,823,567 561,352,639,398 706,340,784,386
p00\face\1575.jpg p00\left\1575.jpg p00\right\1575.jpg p00\grid\1575.jpg day28/0194.jpg right 85.0,127.0 0.07026274,0.1455529 -11.275456,36.304268,449.7839 0.2238053125,0.22380524999999998 448,344,751,647 487,422,566,469 633,418,715,467
p00\face\1576.jpg p00\left\1576.jpg p00\right\1576.jpg p00\grid\1576.jpg day33/0487.jpg right 326.0,552.0 0.044098977,0.444449 11.2485,1.596164,409.00522 0.2238053125,0.22380524999999998 491,259,816,584 530,346,614,396 688,339,775,391
p00\face\1577.jpg p00\left\1577.jpg p00\right\1577.jpg p00\grid\1577.jpg day31/0322.jpg right 736.0,454.0 -0.033737775,-0.024086697 3.808497,-31.717817,408.22653 0.2238053125,0.22380524999999998 469,178,797,506 509,259,596,311 670,260,757,312
p00\face\1578.jpg p00\left\1578.jpg p00\right\1578.jpg p00\grid\1578.jpg day01/0171.jpg right 713.0,216.0 0.012779559,0.18753192 -0.101028,49.912212,504.45404 0.2238053125,0.22380524999999998 496,375,761,640 524,448,594,490 653,433,725,476
p00\face\1579.jpg p00\left\1579.jpg p00\right\1579.jpg p00\grid\1579.jpg day36/0422.jpg right 431.0,405.0 0.056075133,-0.087345354 25.06038,-32.829166,442.87744 0.2238053125,0.22380524999999998 524,188,830,494 565,261,646,309 715,271,796,319
p00\face\1580.jpg p00\left\1580.jpg p00\right\1580.jpg p00\grid\1580.jpg day07/0029.jpg right 252.0,640.0 0.31071553,0.14363205 24.828629,31.520786,455.7537 0.2238053125,0.22380524999999998 535,337,827,629 568,409,656,461 703,402,793,456
p00\face\1581.jpg p00\left\1581.jpg p00\right\1581.jpg p00\grid\1581.jpg day38/0910.jpg right 693.0,565.0 0.11116174,0.09882824 -5.703969,9.518451,481.21848 0.2238053125,0.22380524999999998 474,292,753,571 509,364,582,407 643,359,719,404
p00\face\1582.jpg p00\left\1582.jpg p00\right\1582.jpg p00\grid\1582.jpg day23/0375.jpg right 367.0,436.0 0.11632722,0.097466774 -2.803407,9.946543,404.0745 0.2238053125,0.22380524999999998 453,279,784,610 495,364,580,415 655,359,745,413
p00\face\1583.jpg p00\left\1583.jpg p00\right\1583.jpg p00\grid\1583.jpg day14/0298.jpg right 359.0,627.0 0.032701824,0.24690782 0.759327,-13.136482,441.12 0.2238053125,0.22380524999999998 469,230,781,542 509,310,591,359 660,309,745,360
p00\face\1584.jpg p00\left\1584.jpg p00\right\1584.jpg p00\grid\1584.jpg day18/0428.jpg right 850.0,147.0 0.08849431,0.13600674 -21.055292,-34.07884,427.33704 0.2238053125,0.22380524999999998 419,180,734,495 460,264,538,310 610,256,697,308
p00\face\1585.jpg p00\left\1585.jpg p00\right\1585.jpg p00\grid\1585.jpg day28/0667.jpg right 945.0,77.0 0.13436897,-0.00045707717 -0.457218,-46.318302,532.2414 0.2238053125,0.22380524999999998 500,195,749,444 531,259,594,296 652,256,719,296
p00\face\1586.jpg p00\left\1586.jpg p00\right\1586.jpg p00\grid\1586.jpg day24/1162.jpg right 1138.0,488.0 -0.07524863,0.062203843 13.668176,-19.134706,431.78104 0.2238053125,0.22380524999999998 503,217,813,527 538,298,620,347 689,291,773,341
p00\face\1587.jpg p00\left\1587.jpg p00\right\1587.jpg p00\grid\1587.jpg day33/0201.jpg right 116.0,334.0 -0.10903925,0.39104152 49.556675,47.69932,562.03375 0.2238053125,0.22380524999999998 590,370,825,605 621,420,687,459 740,440,798,474
p00\face\1588.jpg p00\left\1588.jpg p00\right\1588.jpg p00\grid\1588.jpg day38/0561.jpg right 729.0,364.0 0.0726555,0.08253663 9.95132,-14.855294,431.50626 0.2238053125,0.22380524999999998 489,226,802,539 530,303,612,352 682,306,767,357
p00\face\1589.jpg p00\left\1589.jpg p00\right\1589.jpg p00\grid\1589.jpg day19/0494.jpg right 38.0,622.0 0.2028536,-0.005608503 -10.82152,-22.12281,422.38635 0.2238053125,0.22380524999999998 446,208,759,521 483,292,564,340 635,280,720,331
p00\face\1590.jpg p00\left\1590.jpg p00\right\1590.jpg p00\grid\1590.jpg day02/0691.jpg right 994.0,747.0 0.34251136,0.07679074 0.189187,46.422474,501.353 0.2238053125,0.22380524999999998 499,374,754,629 531,436,597,475 654,435,723,476
p00\face\1591.jpg p00\left\1591.jpg p00\right\1591.jpg p00\grid\1591.jpg day03/0546.jpg right 1215.0,464.0 -0.045673203,0.23130275 12.86476,41.664066,500.45697 0.2238053125,0.22380524999999998 515,359,782,626 549,423,619,465 679,427,751,470
p00\face\1592.jpg p00\left\1592.jpg p00\right\1592.jpg p00\grid\1592.jpg day17/1033.jpg right 1019.0,141.0 -0.051929217,0.21871977 12.953901,-19.41217,390.5738 0.2238053125,0.22380524999999998 487,202,829,544 528,287,618,341 695,287,786,341
p00\face\1593.jpg p00\left\1593.jpg p00\right\1593.jpg p00\grid\1593.jpg day13/0344.jpg right 26.0,563.0 -0.0075847153,0.21986388 37.78721,38.887295,463.39517 0.2238053125,0.22380524999999998 559,351,851,643 594,424,672,470 739,425,814,470
p00\face\1594.jpg p00\left\1594.jpg p00\right\1594.jpg p00\grid\1594.jpg day01/0162.jpg right 379.0,352.0 0.03144264,0.18631096 16.21136,47.49747,499.64084 0.2238053125,0.22380524999999998 522,370,792,640 555,437,627,480 686,437,759,480
p00\face\1595.jpg p00\left\1595.jpg p00\right\1595.jpg p00\grid\1595.jpg day01/0596.jpg right 1275.0,392.0 0.16290072,0.1621617 -8.430568,72.22967,564.3825 0.2238053125,0.22380524999999998 493,414,728,649 522,474,583,510 636,471,699,508
p00\face\1596.jpg p00\left\1596.jpg p00\right\1596.jpg p00\grid\1596.jpg day29/0263.jpg right 312.0,91.0 0.090748586,0.0908055 11.734556,2.957165,388.9522 0.2238053125,0.22380524999999998 480,258,825,603 526,342,616,396 693,346,786,401
p00\face\1597.jpg p00\left\1597.jpg p00\right\1597.jpg p00\grid\1597.jpg day17/0095.jpg right 74.0,299.0 0.11865985,0.1459208 25.842606,-21.552227,520.97565 0.2238053125,0.22380524999999998 543,236,804,497 577,304,643,343 704,301,773,342
p00\face\1598.jpg p00\left\1598.jpg p00\right\1598.jpg p00\grid\1598.jpg day04/1155.jpg right 1252.0,686.0 -0.024900204,0.17156556 37.801937,21.504923,418.50986 0.2238053125,0.22380524999999998 551,309,872,630 592,386,677,437 751,394,833,443
p00\face\1599.jpg p00\left\1599.jpg p00\right\1599.jpg p00\grid\1599.jpg day38/0459.jpg right 369.0,632.0 0.07265284,0.106646016 2.223471,23.870533,466.5221 0.2238053125,0.22380524999999998 486,319,775,608 521,395,596,440 662,389,740,435
p00\face\1600.jpg p00\left\1600.jpg p00\right\1600.jpg p00\grid\1600.jpg day25/0285.jpg right 506.0,206.0 0.09032736,0.37446547 12.690543,1.855451,443.46973 0.2238053125,0.22380524999999998 499,265,806,572 539,347,617,393 687,342,771,392
p00\face\1601.jpg p00\left\1601.jpg p00\right\1601.jpg p00\grid\1601.jpg day35/0953.jpg right 1111.0,187.0 0.24989875,-0.04071137 9.781818,-9.396355,468.95728 0.2238053125,0.22380524999999998 507,253,784,530 542,320,615,363 676,323,751,368
p00\face\1602.jpg p00\left\1602.jpg p00\right\1602.jpg p00\grid\1602.jpg day29/0096.jpg right 15.0,341.0 -0.07909641,0.10096925 27.813099,-14.433651,431.87964 0.2238053125,0.22380524999999998 534,229,843,538 570,305,652,354 725,308,803,354
p00\face\1603.jpg p00\left\1603.jpg p00\right\1603.jpg p00\grid\1603.jpg day35/0862.jpg right 86.0,141.0 -0.13738038,0.14858101 31.586256,7.729693,439.88016 0.2238053125,0.22380524999999998 544,283,844,583 580,353,662,402 729,361,807,407
p00\face\1604.jpg p00\left\1604.jpg p00\right\1604.jpg p00\grid\1604.jpg day09/0768.jpg right 547.0,372.0 0.063689485,0.31696385 48.441563,-31.888731,498.2624 0.2238053125,0.22380524999999998 582,208,853,479 619,275,691,318 751,283,824,326
p00\face\1605.jpg p00\left\1605.jpg p00\right\1605.jpg p00\grid\1605.jpg day15/0395.jpg right 647.0,406.0 0.11743835,0.2854118 -24.808617,2.042767,410.42163 0.2238053125,0.22380524999999998 402,260,730,588 444,351,525,399 599,336,692,391
p00\face\1606.jpg p00\left\1606.jpg p00\right\1606.jpg p00\grid\1606.jpg day25/0395.jpg right 984.0,430.0 -0.19204043,0.15946968 33.6583,-6.208487,512.3044 0.2238053125,0.22380524999999998 554,268,807,521 591,316,663,359 719,347,782,384
p00\face\1607.jpg p00\left\1607.jpg p00\right\1607.jpg p00\grid\1607.jpg day13/0217.jpg right 478.0,469.0 0.058205698,0.10784842 45.818893,3.386844,410.61826 0.2238053125,0.22380524999999998 567,263,895,591 611,340,698,392 771,352,859,404
p00\face\1608.jpg p00\left\1608.jpg p00\right\1608.jpg p00\grid\1608.jpg day13/0428.jpg right 1092.0,353.0 0.081654884,0.10258107 -4.504524,17.048008,533.2932 0.2238053125,0.22380524999999998 488,311,743,566 521,375,588,415 644,376,713,417
p00\face\1609.jpg p00\left\1609.jpg p00\right\1609.jpg p00\grid\1609.jpg day37/0315.jpg right 333.0,448.0 0.12095268,0.02969561 -2.737079,1.725869,408.04028 0.2238053125,0.22380524999999998 453,260,780,587 495,339,582,391 654,344,742,396
p00\face\1610.jpg p00\left\1610.jpg p00\right\1610.jpg p00\grid\1610.jpg day06/0197.jpg right 1235.0,489.0 0.107318036,0.116471685 -3.985897,-2.061642,516.6039 0.2238053125,0.22380524999999998 486,273,748,535 520,341,587,381 645,337,718,380
p00\face\1611.jpg p00\left\1611.jpg p00\right\1611.jpg p00\grid\1611.jpg day24/0576.jpg right 174.0,415.0 -0.104759395,0.4939289 24.0138,48.249878,611.98224 0.2238053125,0.22380524999999998 562,370,778,586 580,432,640,468 689,419,743,451
p00\face\1612.jpg p00\left\1612.jpg p00\right\1612.jpg p00\grid\1612.jpg day08/0304.jpg right 1019.0,162.0 0.017922306,0.22506043 25.153564,63.983482,592.8159 0.2238053125,0.22380524999999998 556,397,782,623 581,457,641,493 692,449,752,485
p00\face\1613.jpg p00\left\1613.jpg p00\right\1613.jpg p00\grid\1613.jpg day36/0817.jpg right 585.0,154.0 0.10923159,0.04255043 -12.148619,-0.03036,406.81448 0.2238053125,0.22380524999999998 437,257,762,582 474,344,558,394 630,330,720,384
p00\face\1614.jpg p00\left\1614.jpg p00\right\1614.jpg p00\grid\1614.jpg day17/0615.jpg right 145.0,5.0 0.02340953,0.025429016 5.78209,-17.750866,381.58603 0.2238053125,0.22380524999999998 465,202,816,553 508,292,599,346 679,287,772,342
p00\face\1615.jpg p00\left\1615.jpg p00\right\1615.jpg p00\grid\1615.jpg day10/0145.jpg right 946.0,61.0 0.09217475,0.2094564 28.911287,63.26451,598.44116 0.2238053125,0.22380524999999998 558,395,783,620 588,449,648,485 697,453,758,489
p00\face\1616.jpg p00\left\1616.jpg p00\right\1616.jpg p00\grid\1616.jpg day35/0674.jpg right 265.0,74.0 0.16550703,0.056355007 9.639479,16.533396,446.6222 0.2238053125,0.22380524999999998 498,303,795,600 535,377,613,423 680,377,759,424
p00\face\1617.jpg p00\left\1617.jpg p00\right\1617.jpg p00\grid\1617.jpg day29/0790.jpg right 1028.0,353.0 -0.051046465,0.38517275 -19.97639,-28.54223,394.3842 0.2238053125,0.22380524999999998 406,178,745,517 446,267,536,321 611,263,702,317
p00\face\1618.jpg p00\left\1618.jpg p00\right\1618.jpg p00\grid\1618.jpg day02/0219.jpg right 632.0,581.0 0.05096975,0.2718136 21.36223,88.12934,552.03357 0.2238053125,0.22380524999999998 546,444,786,684 572,507,639,547 687,496,754,536
p00\face\1619.jpg p00\left\1619.jpg p00\right\1619.jpg p00\grid\1619.jpg day24/0716.jpg right 412.0,561.0 0.026031576,0.32840547 11.80289,41.29517,530.3357 0.2238053125,0.22380524999999998 519,357,774,612 551,421,618,461 674,421,743,462
p00\face\1620.jpg p00\left\1620.jpg p00\right\1620.jpg p00\grid\1620.jpg day39/0391.jpg right 666.0,449.0 0.02979081,0.007411992 -13.29122,-17.996017,389.38086 0.2238053125,0.22380524999999998 415,202,763,550 461,290,551,344 629,291,723,347
p00\face\1621.jpg p00\left\1621.jpg p00\right\1621.jpg p00\grid\1621.jpg day17/0271.jpg right 245.0,375.0 0.0926285,0.40899238 16.61272,27.017588,558.9937 0.2238053125,0.22380524999999998 532,332,772,572 565,393,626,429 681,394,745,432
p00\face\1622.jpg p00\left\1622.jpg p00\right\1622.jpg p00\grid\1622.jpg day15/0485.jpg right 1231.0,367.0 0.04862047,-0.026527565 22.136751,-14.402556,467.017 0.2238053125,0.22380524999999998 528,235,820,527 562,315,638,360 704,306,783,353
p00\face\1623.jpg p00\left\1623.jpg p00\right\1623.jpg p00\grid\1623.jpg day31/0082.jpg right 268.0,556.0 -0.06809446,0.18470362 9.915577,-17.481415,412.62314 0.2238053125,0.22380524999999998 489,213,816,540 524,297,618,353 673,286,775,347
p00\face\1624.jpg p00\left\1624.jpg p00\right\1624.jpg p00\grid\1624.jpg day29/0334.jpg right 41.0,99.0 -0.024572598,0.13750982 25.681175,12.677355,407.9867 0.2238053125,0.22380524999999998 521,286,851,616 561,368,649,420 725,370,810,421
p00\face\1625.jpg p00\left\1625.jpg p00\right\1625.jpg p00\grid\1625.jpg day17/0314.jpg right 988.0,382.0 0.13753709,0.12490104 7.605126,8.725914,441.74036 0.2238053125,0.22380524999999998 492,285,793,586 530,363,606,408 675,357,757,406
p00\face\1626.jpg p00\left\1626.jpg p00\right\1626.jpg p00\grid\1626.jpg day05/0441.jpg right 1272.0,732.0 0.20289631,0.12183283 -3.801842,56.802208,552.83966 0.2238053125,0.22380524999999998 499,388,739,628 528,448,591,485 644,445,710,484
p00\face\1627.jpg p00\left\1627.jpg p00\right\1627.jpg p00\grid\1627.jpg day36/0012.jpg right 527.0,600.0 0.025846144,0.15823568 20.091928,-14.848893,436.28284 0.2238053125,0.22380524999999998 515,227,825,537 553,307,634,355 705,305,787,354
p00\face\1628.jpg p00\left\1628.jpg p00\right\1628.jpg p00\grid\1628.jpg day33/0588.jpg right 61.0,175.0 -0.058406033,0.24777137 9.926064,-9.99066,422.57446 0.2238053125,0.22380524999999998 492,238,804,550 529,315,611,364 685,317,764,364
p00\face\1629.jpg p00\left\1629.jpg p00\right\1629.jpg p00\grid\1629.jpg day22/0184.jpg right 828.0,696.0 0.04172036,0.043900836 6.17875,-18.753403,400.75333 0.2238053125,0.22380524999999998 476,207,810,541 514,297,601,349 677,284,767,338
p00\face\1630.jpg p00\left\1630.jpg p00\right\1630.jpg p00\grid\1630.jpg day10/0434.jpg right 98.0,464.0 0.20443507,0.3981196 25.05628,41.64513,458.777 0.2238053125,0.22380524999999998 540,358,831,649 572,444,644,487 710,419,791,467
p00\face\1631.jpg p00\left\1631.jpg p00\right\1631.jpg p00\grid\1631.jpg day03/0095.jpg right 1138.0,563.0 -0.40990573,0.119030476 -15.890188,63.822685,427.603 0.2238053125,0.22380524999999998 436,417,734,715 470,487,561,541 613,483,698,534
p00\face\1632.jpg p00\left\1632.jpg p00\right\1632.jpg p00\grid\1632.jpg day06/0675.jpg right 282.0,7.0 -0.0361656,0.3082565 -12.851704,-21.371284,480.8464 0.2238053125,0.22380524999999998 456,228,732,504 494,294,567,337 629,302,702,345
p00\face\1633.jpg p00\left\1633.jpg p00\right\1633.jpg p00\grid\1633.jpg day06/0582.jpg right 372.0,593.0 -0.11093187,0.22156897 15.325942,27.94853,594.67395 0.2238053125,0.22380524999999998 536,335,764,563 562,392,625,429 676,394,734,428
p00\face\1634.jpg p00\left\1634.jpg p00\right\1634.jpg p00\grid\1634.jpg day03/0965.jpg right 1053.0,780.0 0.15491487,0.02433268 -2.887094,-0.57508,532.56006 0.2238053125,0.22380524999999998 496,281,745,530 526,345,590,383 648,341,714,380
p00\face\1635.jpg p00\left\1635.jpg p00\right\1635.jpg p00\grid\1635.jpg day33/0636.jpg right 287.0,455.0 0.09946558,0.15706213 12.664744,-5.867711,394.2076 0.2238053125,0.22380524999999998 490,238,829,577 531,329,616,380 696,317,786,371
p00\face\1636.jpg p00\left\1636.jpg p00\right\1636.jpg p00\grid\1636.jpg day06/0515.jpg right 748.0,704.0 0.014202375,0.1257013 -33.270454,17.496752,464.36768 0.2238053125,0.22380524999999998 408,304,700,596 444,381,519,426 586,376,665,423
p00\face\1637.jpg p00\left\1637.jpg p00\right\1637.jpg p00\grid\1637.jpg day17/0083.jpg right 943.0,544.0 0.08942972,0.1292174 32.484077,-17.509111,519.2832 0.2238053125,0.22380524999999998 556,244,815,503 590,310,656,349 716,310,785,351
p00\face\1638.jpg p00\left\1638.jpg p00\right\1638.jpg p00\grid\1638.jpg day06/0380.jpg right 1101.0,432.0 -0.28900677,0.12864372 5.570181,36.814022,411.78653 0.2238053125,0.22380524999999998 479,353,791,665 516,424,607,478 669,428,753,478
p00\face\1639.jpg p00\left\1639.jpg p00\right\1639.jpg p00\grid\1639.jpg day01/0225.jpg right 671.0,640.0 0.16987565,0.11675684 4.50674,46.282627,461.86435 0.2238053125,0.22380524999999998 490,370,776,656 527,439,602,484 667,442,743,487
p00\face\1640.jpg p00\left\1640.jpg p00\right\1640.jpg p00\grid\1640.jpg day31/0506.jpg right 285.0,693.0 -0.11663084,0.17387411 10.430372,4.525198,370.05194 0.2238053125,0.22380524999999998 468,253,838,623 507,342,624,412 681,341,792,407
p00\face\1641.jpg p00\left\1641.jpg p00\right\1641.jpg p00\grid\1641.jpg day38/0638.jpg right 837.0,664.0 0.17549054,0.38332978 38.033436,21.416836,552.1382 0.2238053125,0.22380524999999998 572,320,816,564 603,388,664,424 720,379,787,419
p00\face\1642.jpg p00\left\1642.jpg p00\right\1642.jpg p00\grid\1642.jpg day08/0247.jpg right 980.0,387.0 -0.011657165,0.18927947 24.381496,-16.150269,447.33963 0.2238053125,0.22380524999999998 529,229,827,527 566,303,644,349 713,306,791,352
p00\face\1643.jpg p00\left\1643.jpg p00\right\1643.jpg p00\grid\1643.jpg day27/0134.jpg right 653.0,696.0 0.062974624,0.28749263 6.723774,-19.578836,405.7345 0.2238053125,0.22380524999999998 473,203,809,539 515,292,602,344 679,287,769,341
p00\face\1644.jpg p00\left\1644.jpg p00\right\1644.jpg p00\grid\1644.jpg day21/0143.jpg right 772.0,33.0 0.17663036,-0.0033321113 -3.518522,-20.913334,418.09082 0.2238053125,0.22380524999999998 463,211,778,526 499,295,581,344 650,281,737,333
p00\face\1645.jpg p00\left\1645.jpg p00\right\1645.jpg p00\grid\1645.jpg day27/0313.jpg right 21.0,658.0 0.029831395,0.29854771 -4.40804,27.165218,414.05154 0.2238053125,0.22380524999999998 450,321,777,648 492,405,574,454 651,403,738,455
p00\face\1646.jpg p00\left\1646.jpg p00\right\1646.jpg p00\grid\1646.jpg day29/0492.jpg right 414.0,606.0 0.051614236,0.23934737 43.32525,-51.332535,448.99524 0.2238053125,0.22380524999999998 566,147,870,451 606,224,685,271 754,230,835,278
p00\face\1647.jpg p00\left\1647.jpg p00\right\1647.jpg p00\grid\1647.jpg day33/0230.jpg right 1273.0,479.0 -0.03096172,0.31267196 15.865634,6.555404,528.6265 0.2238053125,0.22380524999999998 523,292,775,544 559,348,626,388 684,365,748,403
p00\face\1648.jpg p00\left\1648.jpg p00\right\1648.jpg p00\grid\1648.jpg day31/0273.jpg right 844.0,123.0 0.05974377,0.14131865 12.857298,24.90571,532.0756 0.2238053125,0.22380524999999998 530,329,779,578 555,400,619,438 676,381,743,421
p00\face\1649.jpg p00\left\1649.jpg p00\right\1649.jpg p00\grid\1649.jpg day15/0154.jpg right 1061.0,277.0 0.07337506,0.09136589 -13.473558,32.788937,510.63458 0.2238053125,0.22380524999999998 464,340,729,605 499,406,568,447 627,408,700,451
p00\face\1650.jpg p00\left\1650.jpg p00\right\1650.jpg p00\grid\1650.jpg day05/0307.jpg right 200.0,561.0 0.13252094,0.3125631 -1.252967,9.181574,501.70966 0.2238053125,0.22380524999999998 488,292,758,562 523,366,590,406 651,356,726,401
p00\face\1651.jpg p00\left\1651.jpg p00\right\1651.jpg p00\grid\1651.jpg day27/0171.jpg right 1167.0,198.0 -0.0033190276,0.14831239 6.148222,19.700636,373.9941 0.2238053125,0.22380524999999998 467,299,824,656 506,395,599,450 680,380,776,437
p00\face\1652.jpg p00\left\1652.jpg p00\right\1652.jpg p00\grid\1652.jpg day10/0525.jpg right 210.0,33.0 0.06718683,0.62401426 39.06065,60.328934,542.0257 0.2238053125,0.22380524999999998 572,391,816,635 604,454,668,492 723,457,789,496
p00\face\1653.jpg p00\left\1653.jpg p00\right\1653.jpg p00\grid\1653.jpg day19/0301.jpg right 653.0,118.0 0.051623706,0.093587235 18.738945,32.700558,458.43228 0.2238053125,0.22380524999999998 516,337,811,632 554,411,632,457 699,412,777,458
p00\face\1654.jpg p00\left\1654.jpg p00\right\1654.jpg p00\grid\1654.jpg day32/0120.jpg right 1108.0,30.0 -0.094120204,0.21458802 30.941692,25.59758,481.49252 0.2238053125,0.22380524999999998 546,326,822,602 582,387,658,432 719,402,791,445
p00\face\1655.jpg p00\left\1655.jpg p00\right\1655.jpg p00\grid\1655.jpg day34/0397.jpg right 3.0,764.0 -0.07539646,0.15685518 32.676277,11.166134,433.50836 0.2238053125,0.22380524999999998 545,287,855,597 580,365,665,416 735,365,814,412
p00\face\1656.jpg p00\left\1656.jpg p00\right\1656.jpg p00\grid\1656.jpg day09/0970.jpg right 328.0,237.0 0.081017345,0.17216313 -1.665203,35.313335,569.39 0.2238053125,0.22380524999999998 503,348,738,583 534,407,595,443 647,407,711,445
p00\face\1657.jpg p00\left\1657.jpg p00\right\1657.jpg p00\grid\1657.jpg day04/0554.jpg right 370.0,404.0 0.23140125,-0.0045762146 2.899501,-7.234615,453.13742 0.2238053125,0.22380524999999998 487,253,776,542 523,325,599,370 664,324,742,370
p00\face\1658.jpg p00\left\1658.jpg p00\right\1658.jpg p00\grid\1658.jpg day04/0240.jpg right 447.0,28.0 0.24745907,0.144695 9.453908,65.91039,515.13464 0.2238053125,0.22380524999999998 516,408,771,663 548,471,615,511 671,469,740,510
p00\face\1659.jpg p00\left\1659.jpg p00\right\1659.jpg p00\grid\1659.jpg day31/0458.jpg right 1199.0,189.0 -0.4685638,-0.022401234 -23.063173,-6.656023,360.4933 0.2238053125,0.22380524999999998 391,237,731,577 429,324,526,382 587,305,689,366
p00\face\1660.jpg p00\left\1660.jpg p00\right\1660.jpg p00\grid\1660.jpg day14/0338.jpg right 1208.0,465.0 0.03407503,0.27876517 18.26314,-17.124575,552.0273 0.2238053125,0.22380524999999998 536,250,782,496 565,316,628,353 685,312,751,351
p00\face\1661.jpg p00\left\1661.jpg p00\right\1661.jpg p00\grid\1661.jpg day31/0619.jpg right 693.0,741.0 0.07632136,0.033591017 -7.244585,-12.049259,425.62027 0.2238053125,0.22380524999999998 448,231,764,547 490,310,571,358 642,311,729,363
p00\face\1662.jpg p00\left\1662.jpg p00\right\1662.jpg p00\grid\1662.jpg day38/0282.jpg right 7.0,672.0 -0.055827588,0.18844846 45.01698,-20.266075,441.61688 0.2238053125,0.22380524999999998 574,218,877,521 609,292,691,341 761,298,837,343
p00\face\1663.jpg p00\left\1663.jpg p00\right\1663.jpg p00\grid\1663.jpg day23/0260.jpg right 1116.0,762.0 0.10500223,0.08167181 -8.761716,19.438694,411.06772 0.2238053125,0.22380524999999998 440,305,764,629 483,384,565,433 640,387,727,439
p00\face\1664.jpg p00\left\1664.jpg p00\right\1664.jpg p00\grid\1664.jpg day19/0436.jpg right 156.0,222.0 -0.019475244,0.496521 35.57071,5.60818,470.21228 0.2238053125,0.22380524999999998 558,278,844,564 590,352,669,399 733,354,806,397
p00\face\1665.jpg p00\left\1665.jpg p00\right\1665.jpg p00\grid\1665.jpg day13/0499.jpg right 277.0,313.0 0.010722858,-0.0019879509 -8.170795,-12.389956,424.76767 0.2238053125,0.22380524999999998 449,229,767,547 486,314,568,363 642,306,726,356
p00\face\1666.jpg p00\left\1666.jpg p00\right\1666.jpg p00\grid\1666.jpg day06/0494.jpg right 238.0,574.0 -0.21437491,0.10542168 11.972785,39.438274,395.83517 0.2238053125,0.22380524999999998 483,354,816,687 524,429,627,490 683,437,779,494
p00\face\1667.jpg p00\left\1667.jpg p00\right\1667.jpg p00\grid\1667.jpg day09/0484.jpg right 311.0,22.0 -0.15984896,0.1465443 7.569487,38.55788,484.86996 0.2238053125,0.22380524999999998 501,354,774,627 536,418,609,461 670,424,742,467
p00\face\1668.jpg p00\left\1668.jpg p00\right\1668.jpg p00\grid\1668.jpg day27/0277.jpg right 1147.0,406.0 -0.018482888,0.1834033 -1.664135,35.7199,429.03543 0.2238053125,0.22380524999999998 465,344,778,657 502,424,584,473 655,420,739,470
p00\face\1669.jpg p00\left\1669.jpg p00\right\1669.jpg p00\grid\1669.jpg day10/0424.jpg right 1069.0,563.0 0.09914818,0.49848455 26.972075,26.474874,490.03275 0.2238053125,0.22380524999999998 542,323,821,602 575,401,648,444 709,391,785,436
p00\face\1670.jpg p00\left\1670.jpg p00\right\1670.jpg p00\grid\1670.jpg day01/0879.jpg right 848.0,39.0 0.2522466,0.13200867 3.011913,31.055407,474.60452 0.2238053125,0.22380524999999998 494,339,770,615 529,409,598,450 664,406,737,449
p00\face\1671.jpg p00\left\1671.jpg p00\right\1671.jpg p00\grid\1671.jpg day10/0894.jpg right 383.0,409.0 0.07317365,0.187322 34.270473,-41.683422,440.0127 0.2238053125,0.22380524999999998 548,165,858,475 585,248,667,297 735,241,820,292
p00\face\1672.jpg p00\left\1672.jpg p00\right\1672.jpg p00\grid\1672.jpg day36/0788.jpg right 1021.0,92.0 0.28409693,0.047906548 -8.712068,-5.240274,382.92133 0.2238053125,0.22380524999999998 434,240,773,579 478,325,565,377 639,320,735,377
p00\face\1673.jpg p00\left\1673.jpg p00\right\1673.jpg p00\grid\1673.jpg day13/0390.jpg right 639.0,107.0 -0.33022657,0.06876608 -26.695578,2.518477,430.97318 0.2238053125,0.22380524999999998 415,269,721,575 443,351,539,408 583,330,679,387
p00\face\1674.jpg p00\left\1674.jpg p00\right\1674.jpg p00\grid\1674.jpg day16/0802.jpg right 1077.0,772.0 0.018098675,0.08605516 23.505634,2.157192,406.1895 0.2238053125,0.22380524999999998 516,259,849,592 556,344,643,396 719,342,807,394
p00\face\1675.jpg p00\left\1675.jpg p00\right\1675.jpg p00\grid\1675.jpg day14/0296.jpg right 1274.0,454.0 -0.007829146,0.11177632 -0.955992,-13.919539,439.95728 0.2238053125,0.22380524999999998 467,229,777,539 505,308,587,357 656,307,740,357
p00\face\1676.jpg p00\left\1676.jpg p00\right\1676.jpg p00\grid\1676.jpg day30/0542.jpg right 104.0,277.0 -0.1190191,0.20301887 23.34727,-23.20875,416.59253 0.2238053125,0.22380524999999998 522,207,834,519 559,277,646,329 717,290,795,336
p00\face\1677.jpg p00\left\1677.jpg p00\right\1677.jpg p00\grid\1677.jpg day32/0457.jpg right 1062.0,119.0 0.18197846,0.067621455 -0.042163,35.510765,452.87512 0.2238053125,0.22380524999999998 481,346,773,638 515,421,591,466 658,416,736,462
p00\face\1678.jpg p00\left\1678.jpg p00\right\1678.jpg p00\grid\1678.jpg day30/0364.jpg right 296.0,433.0 -0.006536885,0.30381855 14.693978,-12.813344,397.32874 0.2238053125,0.22380524999999998 487,217,829,559 532,300,623,354 700,310,790,364
p00\face\1679.jpg p00\left\1679.jpg p00\right\1679.jpg p00\grid\1679.jpg day13/0181.jpg right 222.0,372.0 -0.059104513,0.28303197 35.543156,5.592068,500.09006 0.2238053125,0.22380524999999998 562,285,832,555 591,353,666,398 725,353,795,395
p00\face\1680.jpg p00\left\1680.jpg p00\right\1680.jpg p00\grid\1680.jpg day08/0531.jpg right 530.0,45.0 0.075421385,0.082284026 11.464498,-8.187725,434.93896 0.2238053125,0.22380524999999998 498,244,805,551 535,322,616,370 685,318,767,367
p00\face\1681.jpg p00\left\1681.jpg p00\right\1681.jpg p00\grid\1681.jpg day17/0721.jpg right 283.0,188.0 0.02236635,0.10467301 36.07266,15.896529,401.94498 0.2238053125,0.22380524999999998 542,292,878,628 586,371,676,425 752,382,839,434
p00\face\1682.jpg p00\left\1682.jpg p00\right\1682.jpg p00\grid\1682.jpg day32/0379.jpg right 1025.0,286.0 0.18657511,0.0675125 -14.088584,-3.569664,363.59006 0.2238053125,0.22380524999999998 406,236,767,597 454,328,545,382 626,322,726,382
p00\face\1683.jpg p00\left\1683.jpg p00\right\1683.jpg p00\grid\1683.jpg day06/0089.jpg right 254.0,328.0 0.12089951,0.027968 18.613813,-25.836653,468.9434 0.2238053125,0.22380524999999998 520,215,805,500 558,286,631,329 697,287,772,332
p00\face\1684.jpg p00\left\1684.jpg p00\right\1684.jpg p00\grid\1684.jpg day29/0838.jpg right 1236.0,16.0 0.28729376,-0.058768146 -0.447646,-23.308922,473.24506 0.2238053125,0.22380524999999998 496,228,764,496 524,300,594,342 654,285,727,328
p00\face\1685.jpg p00\left\1685.jpg p00\right\1685.jpg p00\grid\1685.jpg day35/0173.jpg right 338.0,641.0 0.11234367,0.009244787 10.831666,-17.110355,442.5119 0.2238053125,0.22380524999999998 499,225,802,528 536,304,615,351 682,298,764,347
p00\face\1686.jpg p00\left\1686.jpg p00\right\1686.jpg p00\grid\1686.jpg day31/0171.jpg right 1182.0,787.0 0.071140856,0.18338834 -8.317316,-3.504033,527.02856 0.2238053125,0.22380524999999998 483,273,738,528 514,341,578,379 637,334,706,375
p00\face\1687.jpg p00\left\1687.jpg p00\right\1687.jpg p00\grid\1687.jpg day19/0330.jpg right 558.0,285.0 0.016591625,0.026949026 15.186388,-8.007992,401.62833 0.2238053125,0.22380524999999998 492,231,831,570 534,317,625,371 699,317,790,371
p00\face\1688.jpg p00\left\1688.jpg p00\right\1688.jpg p00\grid\1688.jpg day33/0053.jpg right 832.0,756.0 0.04432404,0.13755001 14.96799,13.131036,420.3363 0.2238053125,0.22380524999999998 500,288,822,610 539,373,623,423 695,367,782,419
p00\face\1689.jpg p00\left\1689.jpg p00\right\1689.jpg p00\grid\1689.jpg day37/0056.jpg right 893.0,632.0 0.0705711,0.20297375 -9.237705,-4.225419,390.88782 0.2238053125,0.22380524999999998 428,239,773,584 473,327,560,379 639,325,733,381
p00\face\1690.jpg p00\left\1690.jpg p00\right\1690.jpg p00\grid\1690.jpg day16/0934.jpg right 328.0,423.0 0.28789625,0.021242108 29.606752,-2.512536,404.92905 0.2238053125,0.22380524999999998 533,252,857,576 576,326,663,378 734,336,821,388
p00\face\1691.jpg p00\left\1691.jpg p00\right\1691.jpg p00\grid\1691.jpg day37/0207.jpg right 97.0,214.0 0.18073873,0.05424439 4.733997,4.30504,411.09998 0.2238053125,0.22380524999999998 474,267,799,592 514,348,602,400 672,347,760,399
p00\face\1692.jpg p00\left\1692.jpg p00\right\1692.jpg p00\grid\1692.jpg day10/0416.jpg right 158.0,8.0 -0.11145157,0.17025132 7.226467,29.641375,494.9005 0.2238053125,0.22380524999999998 502,335,772,605 536,399,609,442 669,405,739,447
p00\face\1693.jpg p00\left\1693.jpg p00\right\1693.jpg p00\grid\1693.jpg day36/0045.jpg right 873.0,85.0 0.14406714,0.012599254 -2.123269,-19.76861,398.385 0.2238053125,0.22380524999999998 453,205,786,538 495,287,582,339 656,287,747,341
p00\face\1694.jpg p00\left\1694.jpg p00\right\1694.jpg p00\grid\1694.jpg day38/0017.jpg right 861.0,650.0 -0.034571916,0.09067681 23.559221,2.485404,418.37326 0.2238053125,0.22380524999999998 518,263,840,585 557,342,644,394 716,345,801,396
p00\face\1695.jpg p00\left\1695.jpg p00\right\1695.jpg p00\grid\1695.jpg day11/0071.jpg right 976.0,252.0 0.05034973,0.07985029 38.929592,-52.53866,455.7909 0.2238053125,0.22380524999999998 559,150,857,448 596,224,677,272 740,226,822,275
p00\face\1696.jpg p00\left\1696.jpg p00\right\1696.jpg p00\grid\1696.jpg day23/0330.jpg right 983.0,100.0 0.23068117,0.3195704 7.851346,31.028301,551.6794 0.2238053125,0.22380524999999998 521,342,758,579 552,407,610,441 664,396,731,436
p00\face\1697.jpg p00\left\1697.jpg p00\right\1697.jpg p00\grid\1697.jpg day02/0585.jpg right 962.0,245.0 -0.07524193,0.10264852 63.427353,10.234079,458.48862 0.2238053125,0.22380524999999998 619,292,907,580 652,365,728,410 792,360,870,406
p00\face\1698.jpg p00\left\1698.jpg p00\right\1698.jpg p00\grid\1698.jpg day27/0049.jpg right 526.0,380.0 0.075130425,0.10514668 6.833128,13.380129,395.96356 0.2238053125,0.22380524999999998 471,286,810,625 515,369,602,421 681,372,771,426
p00\face\1699.jpg p00\left\1699.jpg p00\right\1699.jpg p00\grid\1699.jpg day18/0476.jpg right 124.0,94.0 0.18315741,0.119022235 19.919178,5.149373,427.64838 0.2238053125,0.22380524999999998 514,272,829,587 554,353,636,402 705,348,792,400
p00\face\1700.jpg p00\left\1700.jpg p00\right\1700.jpg p00\grid\1700.jpg day28/0356.jpg right 394.0,212.0 0.08320772,0.13576707 -5.784852,16.675581,455.9554 0.2238053125,0.22380524999999998 466,303,761,598 502,381,578,426 643,372,725,421
p00\face\1701.jpg p00\left\1701.jpg p00\right\1701.jpg p00\grid\1701.jpg day33/0350.jpg right 963.0,327.0 0.02868973,0.24153577 -23.200727,-26.846607,415.8706 0.2238053125,0.22380524999999998 405,188,736,519 446,278,531,329 605,269,696,323
p00\face\1702.jpg p00\left\1702.jpg p00\right\1702.jpg p00\grid\1702.jpg day31/0141.jpg right 1122.0,293.0 0.18152687,0.31168136 -5.440872,-38.90547,391.27426 0.2238053125,0.22380524999999998 438,149,781,492 486,244,568,293 649,233,745,290
p00\face\1703.jpg p00\left\1703.jpg p00\right\1703.jpg p00\grid\1703.jpg day24/0377.jpg right 9.0,524.0 0.06006628,0.19111663 -3.496584,31.802977,421.75046 0.2238053125,0.22380524999999998 456,334,775,653 497,415,579,464 653,413,738,464
p00\face\1704.jpg p00\left\1704.jpg p00\right\1704.jpg p00\grid\1704.jpg day35/0003.jpg right 512.0,684.0 -0.1709137,0.08313319 -9.767768,5.521707,447.36716 0.2238053125,0.22380524999999998 452,278,750,576 488,351,569,399 635,353,714,400
p00\face\1705.jpg p00\left\1705.jpg p00\right\1705.jpg p00\grid\1705.jpg day16/0888.jpg right 871.0,435.0 -0.03629392,0.013833214 40.931084,-9.558909,400.99863 0.2238053125,0.22380524999999998 555,229,889,563 599,308,689,362 761,316,852,370
p00\face\1706.jpg p00\left\1706.jpg p00\right\1706.jpg p00\grid\1706.jpg day06/0396.jpg right 130.0,764.0 0.052335188,0.05231805 17.94097,19.393164,461.8356 0.2238053125,0.22380524999999998 518,308,812,602 553,387,631,433 696,379,775,426
p00\face\1707.jpg p00\left\1707.jpg p00\right\1707.jpg p00\grid\1707.jpg day25/0070.jpg right 600.0,122.0 0.10537218,0.08998712 -9.236637,3.041745,457.77435 0.2238053125,0.22380524999999998 458,273,752,567 495,349,571,394 636,345,717,393
p00\face\1708.jpg p00\left\1708.jpg p00\right\1708.jpg p00\grid\1708.jpg day38/0277.jpg right 579.0,605.0 0.011132764,0.0022433263 9.922821,-18.905834,439.47513 0.2238053125,0.22380524999999998 493,218,802,527 530,298,612,347 681,295,763,344
p00\face\1709.jpg p00\left\1709.jpg p00\right\1709.jpg p00\grid\1709.jpg day34/0680.jpg right 10.0,642.0 0.0021295324,0.2877456 10.770404,-16.038027,455.83414 0.2238053125,0.22380524999999998 499,228,799,528 535,306,614,353 682,305,761,352
p00\face\1710.jpg p00\left\1710.jpg p00\right\1710.jpg p00\grid\1710.jpg day03/0636.jpg right 9.0,198.0 0.37091085,-0.013413842 14.330748,-1.39356,384.8771 0.2238053125,0.22380524999999998 498,253,829,584 538,331,629,385 701,334,788,386
p00\face\1711.jpg p00\left\1711.jpg p00\right\1711.jpg p00\grid\1711.jpg day02/0701.jpg right 209.0,392.0 0.32417476,0.015113021 28.536148,22.831175,473.01996 0.2238053125,0.22380524999999998 548,322,824,598 580,388,656,433 717,390,789,433
p00\face\1712.jpg p00\left\1712.jpg p00\right\1712.jpg p00\grid\1712.jpg day27/0360.jpg right 408.0,433.0 0.006935011,0.0843908 -1.036392,22.418678,407.67078 0.2238053125,0.22380524999999998 454,308,787,641 496,391,584,443 659,394,747,446
p00\face\1713.jpg p00\left\1713.jpg p00\right\1713.jpg p00\grid\1713.jpg day08/0255.jpg right 1215.0,408.0 -0.051556293,0.16614367 27.067345,-13.430897,454.25735 0.2238053125,0.22380524999999998 536,238,830,532 572,310,650,356 717,313,793,358
p00\face\1714.jpg p00\left\1714.jpg p00\right\1714.jpg p00\grid\1714.jpg day24/0376.jpg right 279.0,140.0 0.11942533,0.15589787 -3.683703,30.094608,417.35645 0.2238053125,0.22380524999999998 456,331,775,650 497,411,579,460 651,409,738,461
p00\face\1715.jpg p00\left\1715.jpg p00\right\1715.jpg p00\grid\1715.jpg day17/0616.jpg right 927.0,767.0 -0.0040353825,0.04251124 2.40852,-15.448366,392.90448 0.2238053125,0.22380524999999998 461,211,804,554 501,301,591,355 669,294,760,348
p00\face\1716.jpg p00\left\1716.jpg p00\right\1716.jpg p00\grid\1716.jpg day38/1182.jpg right 382.0,120.0 -0.068731084,0.22050494 34.76584,-0.984562,391.79367 0.2238053125,0.22380524999999998 540,249,880,589 581,329,675,385 751,339,838,391
p00\face\1717.jpg p00\left\1717.jpg p00\right\1717.jpg p00\grid\1717.jpg day04/0947.jpg right 656.0,188.0 -0.078719355,0.05099081 8.751605,-19.100124,429.1222 0.2238053125,0.22380524999999998 488,217,798,527 527,293,609,342 678,295,762,345
p00\face\1718.jpg p00\left\1718.jpg p00\right\1718.jpg p00\grid\1718.jpg day30/0443.jpg right 80.0,560.0 -0.21339333,-0.012643613 11.98548,-23.16009,387.7822 0.2238053125,0.22380524999999998 485,193,824,532 523,276,617,332 692,277,779,329
p00\face\1719.jpg p00\left\1719.jpg p00\right\1719.jpg p00\grid\1719.jpg day08/0186.jpg right 740.0,17.0 0.19662796,0.6773516 101.95063,61.34813,630.3156 0.2238053125,0.22380524999999998 681,387,891,597 706,446,761,479 807,441,864,475
p00\face\1720.jpg p00\left\1720.jpg p00\right\1720.jpg p00\grid\1720.jpg day29/0515.jpg right 530.0,572.0 0.05636478,0.013877966 6.986011,-24.583847,434.2036 0.2238053125,0.22380524999999998 485,205,794,514 524,282,605,330 675,283,757,332
p00\face\1721.jpg p00\left\1721.jpg p00\right\1721.jpg p00\grid\1721.jpg day39/0329.jpg right 1262.0,49.0 0.32627624,0.13466461 -17.776503,-20.175837,411.10263 0.2238053125,0.22380524999999998 428,217,735,524 472,296,545,339 615,285,703,337
p00\face\1722.jpg p00\left\1722.jpg p00\right\1722.jpg p00\grid\1722.jpg day21/0411.jpg right 430.0,398.0 0.053539697,-0.018096073 34.00037,-7.254,402.45673 0.2238053125,0.22380524999999998 537,233,874,570 581,315,671,369 746,322,836,376
p00\face\1723.jpg p00\left\1723.jpg p00\right\1723.jpg p00\grid\1723.jpg day30/0553.jpg right 378.0,655.0 -0.029413933,0.43756923 9.29302,-10.414266,436.18192 0.2238053125,0.22380524999999998 487,234,797,544 528,310,612,360 680,321,762,370
p00\face\1724.jpg p00\left\1724.jpg p00\right\1724.jpg p00\grid\1724.jpg day29/0235.jpg right 1147.0,359.0 -9.948481e-05,0.3165481 2.217781,-10.82975,379.9664 0.2238053125,0.22380524999999998 452,216,810,574 495,309,589,365 670,306,766,363
p00\face\1725.jpg p00\left\1725.jpg p00\right\1725.jpg p00\grid\1725.jpg day29/0044.jpg right 499.0,722.0 0.23018686,-0.032324124 12.442412,-19.858938,417.10052 0.2238053125,0.22380524999999998 502,213,817,528 537,297,618,345 691,285,775,335
p00\face\1726.jpg p00\left\1726.jpg p00\right\1726.jpg p00\grid\1726.jpg day34/0034.jpg right 1222.0,229.0 0.24197897,0.11962486 -10.359638,-0.14832,375.35672 0.2238053125,0.22380524999999998 424,253,767,596 473,337,557,387 635,335,732,393
p00\face\1727.jpg p00\left\1727.jpg p00\right\1727.jpg p00\grid\1727.jpg day01/0667.jpg right 329.0,453.0 0.43844593,0.25203556 40.528576,85.10998,486.17572 0.2238053125,0.22380524999999998 578,456,836,714 609,513,684,558 736,517,805,558
p00\face\1728.jpg p00\left\1728.jpg p00\right\1728.jpg p00\grid\1728.jpg day02/0258.jpg right 1130.0,257.0 -0.23028885,0.16316475 -10.085958,49.395527,474.38748 0.2238053125,0.22380524999999998 465,377,742,654 496,446,571,491 634,444,706,487
p00\face\1729.jpg p00\left\1729.jpg p00\right\1729.jpg p00\grid\1729.jpg day09/0609.jpg right 988.0,446.0 0.18263948,0.13357179 25.320042,-26.901648,473.29105 0.2238053125,0.22380524999999998 536,213,821,498 573,288,645,331 709,281,788,328
p00\face\1730.jpg p00\left\1730.jpg p00\right\1730.jpg p00\grid\1730.jpg day37/0308.jpg right 270.0,752.0 0.03091139,0.028875405 -1.1252,-4.369432,424.65338 0.2238053125,0.22380524999999998 461,249,777,565 503,325,585,374 658,332,742,382
p00\face\1731.jpg p00\left\1731.jpg p00\right\1731.jpg p00\grid\1731.jpg day20/0019.jpg right 850.0,671.0 0.13510902,0.062433627 31.210299,-28.281487,440.2601 0.2238053125,0.22380524999999998 541,198,848,505 581,276,660,323 729,275,813,325
p00\face\1732.jpg p00\left\1732.jpg p00\right\1732.jpg p00\grid\1732.jpg day16/0025.jpg right 1114.0,451.0 0.116743326,-0.006784979 4.558668,-26.981407,463.3611 0.2238053125,0.22380524999999998 491,211,777,497 527,282,602,327 665,283,744,330
p00\face\1733.jpg p00\left\1733.jpg p00\right\1733.jpg p00\grid\1733.jpg day25/0144.jpg right 674.0,492.0 -0.027283797,0.058376383 23.408058,-26.402006,447.32858 0.2238053125,0.22380524999999998 524,206,824,506 562,278,643,326 710,284,789,331
p00\face\1734.jpg p00\left\1734.jpg p00\right\1734.jpg p00\grid\1734.jpg day12/0308.jpg right 409.0,679.0 -0.044294238,0.12677848 -12.505248,12.539637,404.18784 0.2238053125,0.22380524999999998 428,284,762,618 467,370,557,424 630,365,720,419
p00\face\1735.jpg p00\left\1735.jpg p00\right\1735.jpg p00\grid\1735.jpg day38/0367.jpg right 476.0,466.0 0.11263268,0.13794644 16.654293,-8.990021,437.12045 0.2238053125,0.22380524999999998 505,241,814,550 548,316,627,363 697,322,781,372
p00\face\1736.jpg p00\left\1736.jpg p00\right\1736.jpg p00\grid\1736.jpg day10/0255.jpg right 15.0,310.0 -0.05551385,0.074194245 43.799763,5.360278,388.33524 0.2238053125,0.22380524999999998 563,266,903,606 605,345,702,403 773,354,863,408
p00\face\1737.jpg p00\left\1737.jpg p00\right\1737.jpg p00\grid\1737.jpg day09/0245.jpg right 303.0,165.0 0.017169958,0.23408727 17.711422,82.59344,616.5644 0.2238053125,0.22380524999999998 543,425,762,644 570,480,628,514 677,480,735,514
p00\face\1738.jpg p00\left\1738.jpg p00\right\1738.jpg p00\grid\1738.jpg day23/0017.jpg right 916.0,677.0 0.022588372,-0.07519702 -3.866709,-37.938274,417.58463 0.2238053125,0.22380524999999998 455,166,777,488 494,249,579,300 650,245,737,297
p00\face\1739.jpg p00\left\1739.jpg p00\right\1739.jpg p00\grid\1739.jpg day21/0676.jpg right 407.0,411.0 0.13197263,0.21146794 23.29371,-48.00531,450.8641 0.2238053125,0.22380524999999998 527,157,828,458 564,240,640,285 709,229,791,278
p00\face\1740.jpg p00\left\1740.jpg p00\right\1740.jpg p00\grid\1740.jpg day35/0892.jpg right 479.0,653.0 0.17164461,0.017199384 12.544546,-7.690154,476.17053 0.2238053125,0.22380524999999998 510,256,789,535 547,324,620,367 681,327,757,372
p00\face\1741.jpg p00\left\1741.jpg p00\right\1741.jpg p00\grid\1741.jpg day31/0175.jpg right 120.0,223.0 0.07497986,0.17159282 -3.89909,-4.439653,511.9713 0.2238053125,0.22380524999999998 486,268,750,532 519,337,586,377 647,332,717,374
p00\face\1742.jpg p00\left\1742.jpg p00\right\1742.jpg p00\grid\1742.jpg day03/0617.jpg right 621.0,387.0 -0.11813213,0.16413705 34.39855,113.54944,524.3022 0.2238053125,0.22380524999999998 565,498,814,747 594,561,663,602 714,553,783,594
p00\face\1743.jpg p00\left\1743.jpg p00\right\1743.jpg p00\grid\1743.jpg day15/0231.jpg right 944.0,261.0 -0.0058388305,0.099543996 16.680862,8.79951,419.85635 0.2238053125,0.22380524999999998 502,279,823,600 543,357,628,408 698,360,785,412
p00\face\1744.jpg p00\left\1744.jpg p00\right\1744.jpg p00\grid\1744.jpg day30/0301.jpg right 386.0,538.0 -0.053438332,0.3063469 23.295237,-18.43346,424.5093 0.2238053125,0.22380524999999998 519,216,834,531 559,290,644,341 715,302,796,350
p00\face\1745.jpg p00\left\1745.jpg p00\right\1745.jpg p00\grid\1745.jpg day29/0533.jpg right 1055.0,668.0 0.01953827,0.059210304 17.968914,-14.968598,377.2596 0.2238053125,0.22380524999999998 495,206,852,563 537,299,630,354 711,293,807,350
p00\face\1746.jpg p00\left\1746.jpg p00\right\1746.jpg p00\grid\1746.jpg day06/0224.jpg right 695.0,295.0 0.24412131,0.023684459 25.652777,6.609748,459.15472 0.2238053125,0.22380524999999998 535,283,824,572 572,352,650,398 712,356,791,403
p00\face\1747.jpg p00\left\1747.jpg p00\right\1747.jpg p00\grid\1747.jpg day35/0423.jpg right 383.0,248.0 -0.018481756,0.061739367 8.405458,-6.12031,417.17242 0.2238053125,0.22380524999999998 483,244,802,563 524,321,609,372 680,324,765,375
p00\face\1748.jpg p00\left\1748.jpg p00\right\1748.jpg p00\grid\1748.jpg day38/0455.jpg right 778.0,222.0 0.07820963,0.122935005 3.703033,21.89998,463.42172 0.2238053125,0.22380524999999998 489,316,778,605 524,390,599,435 665,386,743,432
p00\face\1749.jpg p00\left\1749.jpg p00\right\1749.jpg p00\grid\1749.jpg day24/0142.jpg right 1118.0,603.0 0.07257271,0.15786515 20.747417,29.005308,471.91476 0.2238053125,0.22380524999999998 523,330,811,618 560,401,636,446 699,403,778,450
p00\face\1750.jpg p00\left\1750.jpg p00\right\1750.jpg p00\grid\1750.jpg day09/0951.jpg right 596.0,38.0 0.10490789,0.2460786 27.901047,-56.679108,418.88202 0.2238053125,0.22380524999999998 533,121,855,443 570,211,654,261 726,197,813,249
p00\face\1751.jpg p00\left\1751.jpg p00\right\1751.jpg p00\grid\1751.jpg day10/0241.jpg right 298.0,473.0 -0.076217316,0.28022677 117.755135,-36.62208,464.2312 0.2238053125,0.22380524999999998 734,193,1014,473 764,256,845,304 909,272,976,312
p00\face\1752.jpg p00\left\1752.jpg p00\right\1752.jpg p00\grid\1752.jpg day04/0721.jpg right 631.0,712.0 0.17373258,0.008512199 13.248298,1.780281,410.06732 0.2238053125,0.22380524999999998 495,261,820,586 536,342,621,393 692,341,782,395
p00\face\1753.jpg p00\left\1753.jpg p00\right\1753.jpg p00\grid\1753.jpg day26/0310.jpg right 662.0,197.0 0.03088375,0.33571026 -3.807269,63.651344,612.7622 0.2238053125,0.22380524999999998 510,394,730,614 535,454,593,488 643,447,701,481
p00\face\1754.jpg p00\left\1754.jpg p00\right\1754.jpg p00\grid\1754.jpg day24/0712.jpg right 655.0,111.0 -0.0060948473,0.25539893 2.575328,39.068512,527.2549 0.2238053125,0.22380524999999998 505,354,758,607 534,422,601,462 656,413,725,454
p00\face\1755.jpg p00\left\1755.jpg p00\right\1755.jpg p00\grid\1755.jpg day09/0619.jpg right 1142.0,188.0 0.22302,0.17293964 21.131577,-28.53381,457.63788 0.2238053125,0.22380524999999998 530,210,812,492 568,284,635,324 703,276,779,321
p00\face\1756.jpg p00\left\1756.jpg p00\right\1756.jpg p00\grid\1756.jpg day35/0577.jpg right 90.0,374.0 -0.015975727,0.10880077 21.387794,3.321947,412.77985 0.2238053125,0.22380524999999998 515,264,842,591 551,350,639,402 713,342,798,393
p00\face\1757.jpg p00\left\1757.jpg p00\right\1757.jpg p00\grid\1757.jpg day32/0108.jpg right 928.0,640.0 0.0017045903,0.13358 9.018858,19.068663,499.61816 0.2238053125,0.22380524999999998 507,312,778,583 540,381,612,424 673,380,745,423
p00\face\1758.jpg p00\left\1758.jpg p00\right\1758.jpg p00\grid\1758.jpg day10/0554.jpg right 621.0,38.0 -0.03503563,0.3491625 18.269575,-12.970025,413.99277 0.2238053125,0.22380524999999998 501,222,829,550 543,301,634,355 704,312,791,364
p00\face\1759.jpg p00\left\1759.jpg p00\right\1759.jpg p00\grid\1759.jpg day28/0127.jpg right 567.0,735.0 0.06778236,0.2206151 -4.104478,11.931073,495.0323 0.2238053125,0.22380524999999998 479,297,753,571 514,368,584,410 646,364,721,409
p00\face\1760.jpg p00\left\1760.jpg p00\right\1760.jpg p00\grid\1760.jpg day26/0171.jpg right 231.0,538.0 0.08263556,0.123218365 19.50824,21.308096,516.50916 0.2238053125,0.22380524999999998 530,319,791,580 565,383,632,423 691,386,761,428
p00\face\1761.jpg p00\left\1761.jpg p00\right\1761.jpg p00\grid\1761.jpg day12/0058.jpg right 462.0,250.0 0.037682343,0.3172493 45.232132,-23.845932,458.89108 0.2238053125,0.22380524999999998 576,216,865,505 613,286,689,331 755,293,831,338
p00\face\1762.jpg p00\left\1762.jpg p00\right\1762.jpg p00\grid\1762.jpg day19/0276.jpg right 334.0,633.0 -0.25455824,0.08149979 -1.083221,4.35565,448.9472 0.2238053125,0.22380524999999998 474,277,768,571 507,347,594,399 649,348,731,397
p00\face\1763.jpg p00\left\1763.jpg p00\right\1763.jpg p00\grid\1763.jpg day02/0557.jpg right 704.0,439.0 -0.07467511,0.08562709 51.149616,7.29427,394.38516 0.2238053125,0.22380524999999998 583,272,919,608 625,352,715,406 789,357,879,411
p00\face\1764.jpg p00\left\1764.jpg p00\right\1764.jpg p00\grid\1764.jpg day10/0777.jpg right 424.0,658.0 0.049049627,0.5276933 25.155663,29.6886,500.1711 0.2238053125,0.22380524999999998 543,332,811,600 573,406,645,449 704,397,776,440
p00\face\1765.jpg p00\left\1765.jpg p00\right\1765.jpg p00\grid\1765.jpg day03/0303.jpg right 1070.0,164.0 0.2272711,0.066515625 -7.084438,-6.46828,463.71774 0.2238053125,0.22380524999999998 471,258,753,540 506,332,576,374 641,323,719,369
p00\face\1766.jpg p00\left\1766.jpg p00\right\1766.jpg p00\grid\1766.jpg day36/0109.jpg right 531.0,655.0 0.04313086,0.015287372 -19.28398,-29.324924,413.1244 0.2238053125,0.22380524999999998 418,185,743,510 457,272,541,322 614,263,702,315
p00\face\1767.jpg p00\left\1767.jpg p00\right\1767.jpg p00\grid\1767.jpg day18/0296.jpg right 1016.0,74.0 0.1157308,0.14509887 7.775204,-9.669104,402.7671 0.2238053125,0.22380524999999998 475,230,808,563 521,313,605,363 681,315,772,369
p00\face\1768.jpg p00\left\1768.jpg p00\right\1768.jpg p00\grid\1768.jpg day30/0505.jpg right 880.0,117.0 -0.025278749,0.45203358 -17.269033,7.315808,448.75128 0.2238053125,0.22380524999999998 439,279,739,579 472,361,553,409 618,351,699,399
p00\face\1769.jpg p00\left\1769.jpg p00\right\1769.jpg p00\grid\1769.jpg day15/0287.jpg right 1193.0,345.0 0.08774541,0.346596 -34.0894,35.07713,501.20184 0.2238053125,0.22380524999999998 428,346,693,611 457,422,526,463 588,404,657,445
p00\face\1770.jpg p00\left\1770.jpg p00\right\1770.jpg p00\grid\1770.jpg day12/0500.jpg right 772.0,716.0 0.06502821,0.35909462 33.079613,-0.527045,457.9026 0.2238053125,0.22380524999999998 551,264,846,559 585,343,663,389 730,336,808,382
p00\face\1771.jpg p00\left\1771.jpg p00\right\1771.jpg p00\grid\1771.jpg day25/0188.jpg right 1180.0,202.0 0.11396948,0.05899552 -14.021238,7.766511,424.59488 0.2238053125,0.22380524999999998 438,279,751,592 475,361,556,409 625,352,712,404
p00\face\1772.jpg p00\left\1772.jpg p00\right\1772.jpg p00\grid\1772.jpg day27/0391.jpg right 568.0,322.0 -0.020726256,0.13244422 24.633028,17.44918,408.60553 0.2238053125,0.22380524999999998 519,297,850,628 558,381,646,433 721,380,808,432
p00\face\1773.jpg p00\left\1773.jpg p00\right\1773.jpg p00\grid\1773.jpg day13/0145.jpg right 380.0,718.0 -0.027519928,0.28028327 79.42628,57.05128,470.33224 0.2238053125,0.22380524999999998 647,391,930,674 683,455,764,503 816,463,900,513
p00\face\1774.jpg p00\left\1774.jpg p00\right\1774.jpg p00\grid\1774.jpg day02/0856.jpg right 749.0,426.0 0.12043388,0.12682353 38.023617,25.888002,510.90533 0.2238053125,0.22380524999999998 568,329,829,590 600,393,669,434 727,393,797,435
p00\face\1775.jpg p00\left\1775.jpg p00\right\1775.jpg p00\grid\1775.jpg day35/0069.jpg right 1162.0,713.0 -0.0289065,0.110289805 -8.893084,13.91458,417.04193 0.2238053125,0.22380524999999998 439,290,763,614 481,369,566,420 640,374,725,425
p00\face\1776.jpg p00\left\1776.jpg p00\right\1776.jpg p00\grid\1776.jpg day29/0264.jpg right 1254.0,576.0 0.024853522,0.08356899 8.60804,4.746283,397.76654 0.2238053125,0.22380524999999998 475,263,815,603 518,349,606,401 684,350,775,404
p00\face\1777.jpg p00\left\1777.jpg p00\right\1777.jpg p00\grid\1777.jpg day08/0163.jpg right 479.0,441.0 0.040218078,0.27104023 10.301982,9.828239,480.63385 0.2238053125,0.22380524999999998 506,290,789,573 540,366,613,409 677,359,753,404
p00\face\1778.jpg p00\left\1778.jpg p00\right\1778.jpg p00\grid\1778.jpg day31/0440.jpg right 697.0,574.0 0.017094573,0.027909657 6.873046,-4.088842,406.33725 0.2238053125,0.22380524999999998 477,244,808,575 516,329,604,381 678,325,766,377
p00\face\1779.jpg p00\left\1779.jpg p00\right\1779.jpg p00\grid\1779.jpg day16/0879.jpg right 365.0,725.0 0.10838274,0.048842423 25.505377,-13.276361,432.60507 0.2238053125,0.22380524999999998 526,229,839,542 566,309,647,357 718,307,803,358
p00\face\1780.jpg p00\left\1780.jpg p00\right\1780.jpg p00\grid\1780.jpg day15/0147.jpg right 749.0,208.0 0.045536537,0.097524084 -14.321085,30.796764,507.32944 0.2238053125,0.22380524999999998 461,335,729,603 496,402,566,444 626,404,699,447
p00\face\1781.jpg p00\left\1781.jpg p00\right\1781.jpg p00\grid\1781.jpg day16/0625.jpg right 902.0,64.0 0.0018011807,0.28741172 6.712827,54.134655,625.1866 0.2238053125,0.22380524999999998 526,379,740,593 555,431,610,464 659,435,716,469
p00\face\1782.jpg p00\left\1782.jpg p00\right\1782.jpg p00\grid\1782.jpg day35/0919.jpg right 881.0,715.0 0.13214749,0.026916893 7.790169,-3.355345,446.25546 0.2238053125,0.22380524999999998 492,259,789,556 531,330,607,375 676,335,755,382
p00\face\1783.jpg p00\left\1783.jpg p00\right\1783.jpg p00\grid\1783.jpg day04/0807.jpg right 1025.0,627.0 0.14831416,0.077026874 3.642101,3.641894,529.13025 0.2238053125,0.22380524999999998 508,288,760,540 538,355,602,393 658,346,728,388
p00\face\1784.jpg p00\left\1784.jpg p00\right\1784.jpg p00\grid\1784.jpg day39/0410.jpg right 931.0,518.0 0.055666793,0.050776895 -5.03617,-32.998978,441.30508 0.2238053125,0.22380524999999998 458,187,765,494 499,265,578,312 647,265,731,315
p00\face\1785.jpg p00\left\1785.jpg p00\right\1785.jpg p00\grid\1785.jpg day12/0205.jpg right 1064.0,88.0 0.0786056,0.21651623 6.264811,-14.462132,476.54303 0.2238053125,0.22380524999999998 501,242,780,521 529,315,613,365 671,306,740,347
p00\face\1786.jpg p00\left\1786.jpg p00\right\1786.jpg p00\grid\1786.jpg day17/0892.jpg right 640.0,473.0 -0.38119557,0.2226107 3.205515,25.460373,493.8907 0.2238053125,0.22380524999999998 493,335,742,584 532,369,611,416 653,417,722,458
p00\face\1787.jpg p00\left\1787.jpg p00\right\1787.jpg p00\grid\1787.jpg day02/0700.jpg right 2.0,575.0 0.31158242,0.023279633 24.407185,27.297787,478.10196 0.2238053125,0.22380524999999998 541,332,812,603 572,397,647,442 708,399,777,440
p00\face\1788.jpg p00\left\1788.jpg p00\right\1788.jpg p00\grid\1788.jpg day04/0096.jpg right 995.0,129.0 0.208312,0.057423666 19.866245,38.57008,494.63696 0.2238053125,0.22380524999999998 534,354,801,621 564,422,634,464 695,417,765,459
p00\face\1789.jpg p00\left\1789.jpg p00\right\1789.jpg p00\grid\1789.jpg day39/0232.jpg right 313.0,619.0 0.05854824,0.013810375 4.249599,-5.941354,416.36237 0.2238053125,0.22380524999999998 476,243,798,565 514,327,599,378 670,319,757,371
p00\face\1790.jpg p00\left\1790.jpg p00\right\1790.jpg p00\grid\1790.jpg day19/0245.jpg right 931.0,385.0 0.084259376,0.07492291 10.421258,3.219801,450.9352 0.2238053125,0.22380524999999998 498,271,799,572 536,352,611,397 682,344,763,392
p00\face\1791.jpg p00\left\1791.jpg p00\right\1791.jpg p00\grid\1791.jpg day08/0516.jpg right 493.0,552.0 -0.06528045,0.10661445 13.880998,-3.590738,472.58694 0.2238053125,0.22380524999999998 514,264,796,546 546,336,621,381 686,332,759,375
p00\face\1792.jpg p00\left\1792.jpg p00\right\1792.jpg p00\grid\1792.jpg day03/1064.jpg right 330.0,797.0 0.31002772,-0.062373422 28.743366,-16.925028,422.75958 0.2238053125,0.22380524999999998 539,221,851,533 576,299,661,350 727,296,812,347
p00\face\1793.jpg p00\left\1793.jpg p00\right\1793.jpg p00\grid\1793.jpg day32/0155.jpg right 814.0,404.0 0.20501786,0.05291583 -1.226286,5.1518,414.3184 0.2238053125,0.22380524999999998 464,271,783,590 504,355,585,403 657,347,745,399
p00\face\1794.jpg p00\left\1794.jpg p00\right\1794.jpg p00\grid\1794.jpg day04/0344.jpg right 885.0,604.0 0.06811737,0.04062229 22.558971,-18.35227,451.157 0.2238053125,0.22380524999999998 523,224,823,524 562,299,640,345 707,301,788,349
p00\face\1795.jpg p00\left\1795.jpg p00\right\1795.jpg p00\grid\1795.jpg day21/0664.jpg right 990.0,253.0 0.024139006,-0.015963042 25.71178,-47.909523,441.00357 0.2238053125,0.22380524999999998 530,153,837,460 567,235,646,282 717,229,798,277
p00\face\1796.jpg p00\left\1796.jpg p00\right\1796.jpg p00\grid\1796.jpg day38/0876.jpg right 787.0,74.0 0.07959801,0.12868968 1.085377,0.057649,430.20312 0.2238053125,0.22380524999999998 470,260,783,573 510,341,591,389 662,338,747,389
p00\face\1797.jpg p00\left\1797.jpg p00\right\1797.jpg p00\grid\1797.jpg day19/0208.jpg right 436.0,58.0 0.10254451,0.048515603 8.687207,-8.215065,428.37976 0.2238053125,0.22380524999999998 485,240,801,556 527,320,608,368 681,320,766,371
p00\face\1798.jpg p00\left\1798.jpg p00\right\1798.jpg p00\grid\1798.jpg day35/0397.jpg right 746.0,636.0 0.008996738,0.09017129 1.653471,-13.682168,443.45972 0.2238053125,0.22380524999999998 476,232,780,536 513,310,594,358 661,307,743,356
p00\face\1799.jpg p00\left\1799.jpg p00\right\1799.jpg p00\grid\1799.jpg day16/0680.jpg right 735.0,325.0 0.045557033,0.41063496 25.428152,-21.35438,581.5452 0.2238053125,0.22380524999999998 549,248,781,480 581,306,642,342 693,312,756,349
p00\face\1800.jpg p00\left\1800.jpg p00\right\1800.jpg p00\grid\1800.jpg day12/0493.jpg right 342.0,85.0 0.063500054,0.32548535 35.99713,-3.141836,453.5069 0.2238053125,0.22380524999999998 557,257,855,555 591,337,670,384 737,330,816,377
p00\face\1801.jpg p00\left\1801.jpg p00\right\1801.jpg p00\grid\1801.jpg day08/0640.jpg right 1091.0,90.0 -0.089906506,0.15091898 -17.838444,-10.841118,423.38672 0.2238053125,0.22380524999999998 420,233,738,551 462,308,546,358 618,319,702,369
p00\face\1802.jpg p00\left\1802.jpg p00\right\1802.jpg p00\grid\1802.jpg day09/0340.jpg right 1254.0,466.0 -0.12438754,0.22414766 16.689875,-22.465178,548.59595 0.2238053125,0.22380524999999998 534,242,778,486 561,303,628,343 682,304,745,341
p00\face\1803.jpg p00\left\1803.jpg p00\right\1803.jpg p00\grid\1803.jpg day29/0539.jpg right 941.0,3.0 0.12954074,0.024135707 14.561093,-16.08777,366.83185 0.2238053125,0.22380524999999998 486,201,847,562 529,295,622,350 705,287,802,345
p00\face\1804.jpg p00\left\1804.jpg p00\right\1804.jpg p00\grid\1804.jpg day08/0541.jpg right 755.0,137.0 0.14184602,0.18919635 87.85573,49.653862,579.1152 0.2238053125,0.22380524999999998 657,372,889,604 688,429,749,465 799,431,863,469
p00\face\1805.jpg p00\left\1805.jpg p00\right\1805.jpg p00\grid\1805.jpg day01/0531.jpg right 456.0,260.0 0.2004108,0.12261447 4.172838,57.684105,588.9123 0.2238053125,0.22380524999999998 519,387,745,613 547,444,607,480 657,442,718,478
p00\face\1806.jpg p00\left\1806.jpg p00\right\1806.jpg p00\grid\1806.jpg day18/0389.jpg right 994.0,273.0 0.044413336,0.1831171 40.76706,-21.798117,447.43527 0.2238053125,0.22380524999999998 565,215,868,518 601,294,680,341 750,290,829,337
p00\face\1807.jpg p00\left\1807.jpg p00\right\1807.jpg p00\grid\1807.jpg day23/0904.jpg right 1220.0,777.0 -0.24178512,0.2064694 26.462029,43.95483,369.7401 0.2238053125,0.22380524999999998 522,370,871,719 557,454,666,519 727,447,824,505
p00\face\1808.jpg p00\left\1808.jpg p00\right\1808.jpg p00\grid\1808.jpg day32/0127.jpg right 422.0,612.0 -0.03264886,0.322138 22.492706,-17.825392,340.23697 0.2238053125,0.22380524999999998 488,180,884,576 539,273,645,336 736,289,838,350
p00\face\1809.jpg p00\left\1809.jpg p00\right\1809.jpg p00\grid\1809.jpg day17/0767.jpg right 673.0,300.0 0.057740815,0.09759119 -4.790381,18.463964,465.21777 0.2238053125,0.22380524999999998 466,306,758,598 505,379,580,424 648,382,726,428
p00\face\1810.jpg p00\left\1810.jpg p00\right\1810.jpg p00\grid\1810.jpg day30/0210.jpg right 674.0,595.0 0.030441916,0.4335281 -1.913542,-15.582814,419.5255 0.2238053125,0.22380524999999998 457,217,781,541 499,302,583,352 655,301,743,353
p00\face\1811.jpg p00\left\1811.jpg p00\right\1811.jpg p00\grid\1811.jpg day13/0493.jpg right 902.0,467.0 -0.022318836,0.04249561 -10.731087,-11.447726,429.29163 0.2238053125,0.22380524999999998 446,234,758,546 483,317,562,364 635,309,717,358
p00\face\1812.jpg p00\left\1812.jpg p00\right\1812.jpg p00\grid\1812.jpg day34/0079.jpg right 866.0,74.0 0.17377605,-0.009870869 -18.047703,-17.520784,407.6212 0.2238053125,0.22380524999999998 424,214,748,538 461,302,545,352 616,287,706,341
p00\face\1813.jpg p00\left\1813.jpg p00\right\1813.jpg p00\grid\1813.jpg day03/0526.jpg right 1164.0,361.0 0.13778502,0.21901421 4.036168,81.74968,555.0487 0.2238053125,0.22380524999999998 512,432,752,672 543,492,604,528 658,490,724,529
p00\face\1814.jpg p00\left\1814.jpg p00\right\1814.jpg p00\grid\1814.jpg day36/0387.jpg right 1035.0,226.0 0.20481157,0.112965256 -23.150871,-32.74346,454.3321 0.2238053125,0.22380524999999998 428,196,720,488 468,274,538,316 606,265,688,314
p00\face\1815.jpg p00\left\1815.jpg p00\right\1815.jpg p00\grid\1815.jpg day04/1215.jpg right 70.0,543.0 0.07893689,0.09165004 27.630114,8.22092,440.95624 0.2238053125,0.22380524999999998 535,282,839,586 573,359,652,406 721,357,802,405
p00\face\1816.jpg p00\left\1816.jpg p00\right\1816.jpg p00\grid\1816.jpg day17/0366.jpg right 244.0,201.0 0.10849902,0.21508214 40.219284,-4.861526,409.97464 0.2238053125,0.22380524999999998 556,243,886,573 599,326,684,377 759,327,847,379
p00\face\1817.jpg p00\left\1817.jpg p00\right\1817.jpg p00\grid\1817.jpg day28/0017.jpg right 1151.0,166.0 0.14560267,-0.08989828 -13.877806,-60.79306,465.4119 0.2238053125,0.22380524999999998 458,140,741,423 490,218,563,261 626,204,704,250
p00\face\1818.jpg p00\left\1818.jpg p00\right\1818.jpg p00\grid\1818.jpg day09/0693.jpg right 588.0,674.0 0.09374192,-0.030993838 16.902494,-21.781216,491.81354 0.2238053125,0.22380524999999998 524,228,798,502 557,304,626,345 689,293,764,338
p00\face\1819.jpg p00\left\1819.jpg p00\right\1819.jpg p00\grid\1819.jpg day31/0628.jpg right 37.0,631.0 0.036703113,-0.00019327676 1.412281,-10.180793,420.68362 0.2238053125,0.22380524999999998 467,234,786,553 508,313,592,363 664,316,749,367
p00\face\1820.jpg p00\left\1820.jpg p00\right\1820.jpg p00\grid\1820.jpg day03/1042.jpg right 790.0,749.0 0.29320693,-0.05607542 19.316463,-13.418887,422.57944 0.2238053125,0.22380524999999998 524,231,831,538 557,316,636,363 705,298,789,348
p00\face\1821.jpg p00\left\1821.jpg p00\right\1821.jpg p00\grid\1821.jpg day03/0767.jpg right 12.0,371.0 0.06001991,0.20162885 11.700993,59.41577,475.5835 0.2238053125,0.22380524999999998 509,396,789,676 544,467,617,510 680,464,755,509
p00\face\1822.jpg p00\left\1822.jpg p00\right\1822.jpg p00\grid\1822.jpg day29/0206.jpg right 53.0,782.0 0.037024304,0.39047736 12.198773,-6.515158,533.2712 0.2238053125,0.22380524999999998 518,265,773,520 552,330,618,369 675,333,744,374
p00\face\1823.jpg p00\left\1823.jpg p00\right\1823.jpg p00\grid\1823.jpg day37/0494.jpg right 1194.0,631.0 0.11101049,0.0365406 -1.119117,-9.68513,406.34317 0.2238053125,0.22380524999999998 456,232,784,560 500,312,584,362 658,316,748,370
p00\face\1824.jpg p00\left\1824.jpg p00\right\1824.jpg p00\grid\1824.jpg day38/1291.jpg right 151.0,112.0 0.35159874,-0.028238019 7.992456,-10.983759,429.57516 0.2238053125,0.22380524999999998 497,242,795,540 533,316,612,363 677,311,758,359
p00\face\1825.jpg p00\left\1825.jpg p00\right\1825.jpg p00\grid\1825.jpg day26/0547.jpg right 533.0,562.0 0.20433779,0.15173835 8.46184,28.539024,405.10336 0.2238053125,0.22380524999999998 481,327,809,655 525,409,607,458 682,407,773,461
p00\face\1826.jpg p00\left\1826.jpg p00\right\1826.jpg p00\grid\1826.jpg day16/1079.jpg right 950.0,368.0 0.18431754,0.07087915 15.458429,-15.608411,446.5217 0.2238053125,0.22380524999999998 509,231,807,529 550,307,623,350 693,305,774,353
p00\face\1827.jpg p00\left\1827.jpg p00\right\1827.jpg p00\grid\1827.jpg day06/0067.jpg right 356.0,297.0 0.26784515,-0.0043465886 5.796244,-3.821463,431.5619 0.2238053125,0.22380524999999998 490,255,794,559 526,335,605,382 672,325,756,375
p00\face\1828.jpg p00\left\1828.jpg p00\right\1828.jpg p00\grid\1828.jpg day04/0654.jpg right 444.0,374.0 0.14311086,0.13914919 -60.972786,123.15727,645.60016 0.2238053125,0.22380524999999998 380,439,678,737 455,534,509,566 554,539,608,571
p00\face\1829.jpg p00\left\1829.jpg p00\right\1829.jpg p00\grid\1829.jpg day04/0692.jpg right 559.0,191.0 0.22479159,-0.022056928 13.313664,-16.261604,438.63187 0.2238053125,0.22380524999999998 505,229,803,527 542,299,623,347 689,305,768,352
p00\face\1830.jpg p00\left\1830.jpg p00\right\1830.jpg p00\grid\1830.jpg day26/0274.jpg right 1002.0,592.0 0.019221826,0.061140873 5.652094,-9.419344,400.0208 0.2238053125,0.22380524999999998 470,228,809,567 511,316,599,368 676,312,767,366
p00\face\1831.jpg p00\left\1831.jpg p00\right\1831.jpg p00\grid\1831.jpg day03/0747.jpg right 756.0,19.0 0.1914023,0.19732133 13.97081,84.4159,575.432 0.2238053125,0.22380524999999998 533,435,762,664 563,491,623,527 675,492,736,528
p00\face\1832.jpg p00\left\1832.jpg p00\right\1832.jpg p00\grid\1832.jpg day09/0908.jpg right 300.0,519.0 -0.032235604,0.28828663 -31.330706,1.30046,550.7071 0.2238053125,0.22380524999999998 445,284,691,530 475,348,541,387 595,345,661,384
p00\face\1833.jpg p00\left\1833.jpg p00\right\1833.jpg p00\grid\1833.jpg day31/0689.jpg right 1131.0,549.0 0.19818038,0.012325057 -7.783094,-3.473938,334.5596 0.2238053125,0.22380524999999998 409,225,800,616 458,326,557,385 643,317,754,383
p00\face\1834.jpg p00\left\1834.jpg p00\right\1834.jpg p00\grid\1834.jpg day23/0619.jpg right 920.0,171.0 0.4083229,0.0033508837 24.683035,14.843022,380.4064 0.2238053125,0.22380524999999998 527,296,860,629 566,377,654,429 728,373,818,427
p00\face\1835.jpg p00\left\1835.jpg p00\right\1835.jpg p00\grid\1835.jpg day08/0342.jpg right 1197.0,704.0 0.039803855,0.27959383 30.681915,63.371315,633.1117 0.2238053125,0.22380524999999998 565,393,778,606 593,446,648,479 696,448,753,482
p00\face\1836.jpg p00\left\1836.jpg p00\right\1836.jpg p00\grid\1836.jpg day03/0035.jpg right 469.0,376.0 0.2308674,0.07563234 2.684173,25.024782,422.5058 0.2238053125,0.22380524999999998 478,322,788,632 515,399,597,448 666,395,750,445
p00\face\1837.jpg p00\left\1837.jpg p00\right\1837.jpg p00\grid\1837.jpg day02/0695.jpg right 821.0,139.0 0.35827497,0.06854083 2.969382,44.2987,491.1966 0.2238053125,0.22380524999999998 503,370,762,629 535,434,602,474 661,432,730,473
p00\face\1838.jpg p00\left\1838.jpg p00\right\1838.jpg p00\grid\1838.jpg day04/0599.jpg right 1258.0,713.0 -0.07411904,0.15053785 10.381414,42.04283,530.3308 0.2238053125,0.22380524999999998 517,359,770,612 548,423,615,463 672,422,739,462
p00\face\1839.jpg p00\left\1839.jpg p00\right\1839.jpg p00\grid\1839.jpg day01/0484.jpg right 1213.0,190.0 0.34228107,0.29778153 2.961069,47.378197,472.6145 0.2238053125,0.22380524999999998 493,375,767,649 529,442,608,489 655,436,739,486
p00\face\1840.jpg p00\left\1840.jpg p00\right\1840.jpg p00\grid\1840.jpg day31/0633.jpg right 1162.0,747.0 0.31878492,0.088887714 -8.752554,-1.202471,379.86136 0.2238053125,0.22380524999999998 432,253,768,589 481,334,562,382 639,334,735,391
p00\face\1841.jpg p00\left\1841.jpg p00\right\1841.jpg p00\grid\1841.jpg day03/0899.jpg right 1082.0,293.0 0.37631196,-0.057193357 9.324085,-13.646224,431.8362 0.2238053125,0.22380524999999998 502,237,797,532 537,309,616,356 679,306,760,354
p00\face\1842.jpg p00\left\1842.jpg p00\right\1842.jpg p00\grid\1842.jpg day35/0610.jpg right 343.0,605.0 -0.07845656,0.3705501 1.761383,6.731456,471.84436 0.2238053125,0.22380524999999998 488,281,776,569 518,358,597,405 660,352,735,397
p00\face\1843.jpg p00\left\1843.jpg p00\right\1843.jpg p00\grid\1843.jpg day14/0248.jpg right 599.0,414.0 0.06539424,-0.010130389 37.299534,8.93492,443.21313 0.2238053125,0.22380524999999998 555,280,864,589 591,361,673,410 742,358,824,407
p00\face\1844.jpg p00\left\1844.jpg p00\right\1844.jpg p00\grid\1844.jpg day28/0750.jpg right 732.0,648.0 0.04266756,0.41785732 13.112691,9.762698,456.62488 0.2238053125,0.22380524999999998 505,284,803,582 541,364,620,411 685,359,766,407
p00\face\1845.jpg p00\left\1845.jpg p00\right\1845.jpg p00\grid\1845.jpg day06/0281.jpg right 74.0,423.0 0.12676576,0.0592422 5.672963,0.164585,513.1043 0.2238053125,0.22380524999999998 504,277,766,539 537,343,606,384 665,343,735,385
p00\face\1846.jpg p00\left\1846.jpg p00\right\1846.jpg p00\grid\1846.jpg day38/1011.jpg right 946.0,537.0 0.01904206,0.23069592 -16.026655,16.067966,456.23547 0.2238053125,0.22380524999999998 442,301,737,596 479,378,554,423 623,374,702,421
p00\face\1847.jpg p00\left\1847.jpg p00\right\1847.jpg p00\grid\1847.jpg day15/0116.jpg right 782.0,180.0 0.15695164,0.108927555 -4.064317,3.664905,438.08267 0.2238053125,0.22380524999999998 465,271,771,577 503,353,581,399 647,342,734,394
p00\face\1848.jpg p00\left\1848.jpg p00\right\1848.jpg p00\grid\1848.jpg day26/0577.jpg right 61.0,45.0 -0.0023008191,0.056599252 22.554022,-26.317736,398.75278 0.2238053125,0.22380524999999998 514,188,848,522 554,272,642,324 718,271,806,323
p00\face\1849.jpg p00\left\1849.jpg p00\right\1849.jpg p00\grid\1849.jpg day09/0680.jpg right 646.0,217.0 -0.0069061844,0.037528843 6.01641,-29.798285,518.5112 0.2238053125,0.22380524999999998 505,220,766,481 537,285,607,327 664,286,734,328
p00\face\1850.jpg p00\left\1850.jpg p00\right\1850.jpg p00\grid\1850.jpg day03/0550.jpg right 1198.0,650.0 -0.3764198,0.10081663 25.025976,66.49465,494.83456 0.2238053125,0.22380524999999998 561,423,799,661 582,492,646,530 701,465,762,501
p00\face\1851.jpg p00\left\1851.jpg p00\right\1851.jpg p00\grid\1851.jpg day14/0082.jpg right 10.0,477.0 -0.04803556,0.31399557 5.545218,-10.009042,471.03256 0.2238053125,0.22380524999999998 492,245,781,534 526,320,605,367 668,320,744,365
p00\face\1852.jpg p00\left\1852.jpg p00\right\1852.jpg p00\grid\1852.jpg day23/0427.jpg right 55.0,760.0 0.18497308,0.33622 12.742763,-3.986258,478.42465 0.2238053125,0.22380524999999998 509,260,792,543 547,339,616,380 683,329,761,375
p00\face\1853.jpg p00\left\1853.jpg p00\right\1853.jpg p00\grid\1853.jpg day14/0450.jpg right 237.0,546.0 0.030595994,0.0529248 10.749471,0.185192,456.98004 0.2238053125,0.22380524999999998 500,265,798,563 536,344,614,390 680,338,761,386
p00\face\1854.jpg p00\left\1854.jpg p00\right\1854.jpg p00\grid\1854.jpg day03/1043.jpg right 614.0,81.0 0.3765186,-0.068499885 19.652348,-15.103578,406.9763 0.2238053125,0.22380524999999998 524,225,837,538 557,309,639,358 709,292,794,343
p00\face\1855.jpg p00\left\1855.jpg p00\right\1855.jpg p00\grid\1855.jpg day11/0159.jpg right 197.0,220.0 0.03895235,0.38557744 17.19779,31.402412,479.30066 0.2238053125,0.22380524999999998 515,334,798,617 553,403,628,448 692,410,767,455
p00\face\1856.jpg p00\left\1856.jpg p00\right\1856.jpg p00\grid\1856.jpg day06/0513.jpg right 1267.0,413.0 0.04876554,0.062161736 -33.694855,17.13231,451.68066 0.2238053125,0.22380524999999998 404,304,699,599 440,381,515,426 584,376,663,423
p00\face\1857.jpg p00\left\1857.jpg p00\right\1857.jpg p00\grid\1857.jpg day01/0366.jpg right 1155.0,714.0 0.437227,0.23572217 15.312135,81.1539,563.9415 0.2238053125,0.22380524999999998 547,437,767,657 569,500,630,536 677,478,735,512
p00\face\1858.jpg p00\left\1858.jpg p00\right\1858.jpg p00\grid\1858.jpg day08/0265.jpg right 1096.0,339.0 0.083484724,0.56289744 14.12706,4.58055,437.7632 0.2238053125,0.22380524999999998 508,271,811,574 544,356,622,402 688,344,773,395
p00\face\1859.jpg p00\left\1859.jpg p00\right\1859.jpg p00\grid\1859.jpg day34/0168.jpg right 291.0,102.0 0.0071096434,0.041907337 3.04987,-19.911337,404.0548 0.2238053125,0.22380524999999998 463,205,796,538 506,285,594,337 669,291,757,343
p00\face\1860.jpg p00\left\1860.jpg p00\right\1860.jpg p00\grid\1860.jpg day27/0244.jpg right 941.0,347.0 -0.11938893,0.12141809 3.079663,38.75923,461.05142 0.2238053125,0.22380524999999998 488,352,779,643 519,426,604,477 659,419,740,467
p00\face\1861.jpg p00\left\1861.jpg p00\right\1861.jpg p00\grid\1861.jpg day31/0470.jpg right 1190.0,201.0 0.031392746,0.23938139 -18.767532,-15.320881,418.90765 0.2238053125,0.22380524999999998 425,226,735,536 465,305,543,351 612,300,699,352
p00\face\1862.jpg p00\left\1862.jpg p00\right\1862.jpg p00\grid\1862.jpg day34/0595.jpg right 521.0,77.0 0.060284957,0.1361377 -7.727539,-1.784683,406.26657 0.2238053125,0.22380524999999998 440,249,773,582 481,336,568,388 642,330,733,384
p00\face\1863.jpg p00\left\1863.jpg p00\right\1863.jpg p00\grid\1863.jpg day09/0342.jpg right 664.0,613.0 -0.0098765455,0.22945268 28.328321,27.14513,548.01355 0.2238053125,0.22380524999999998 552,331,799,578 582,393,649,433 703,394,769,433
p00\face\1864.jpg p00\left\1864.jpg p00\right\1864.jpg p00\grid\1864.jpg day33/0072.jpg right 378.0,607.0 0.050199807,0.12704788 5.48229,34.165733,497.22498 0.2238053125,0.22380524999999998 501,343,771,613 534,412,604,454 666,409,738,452
p00\face\1865.jpg p00\left\1865.jpg p00\right\1865.jpg p00\grid\1865.jpg day26/0469.jpg right 494.0,455.0 0.14787456,0.053134147 16.082102,-4.500831,388.69467 0.2238053125,0.22380524999999998 491,238,836,583 538,323,626,375 704,327,798,383
p00\face\1866.jpg p00\left\1866.jpg p00\right\1866.jpg p00\grid\1866.jpg day38/1196.jpg right 575.0,209.0 0.4070131,-0.09149774 31.7807,5.591372,379.3621 0.2238053125,0.22380524999999998 539,266,879,606 584,346,674,400 738,352,843,415
p00\face\1867.jpg p00\left\1867.jpg p00\right\1867.jpg p00\grid\1867.jpg day22/0614.jpg right 329.0,290.0 0.10798297,0.23347233 14.497563,-5.016895,367.77036 0.2238053125,0.22380524999999998 481,229,848,596 527,325,621,381 705,319,804,378
p00\face\1868.jpg p00\left\1868.jpg p00\right\1868.jpg p00\grid\1868.jpg day15/0449.jpg right 829.0,658.0 0.09013196,0.036042783 17.797537,7.228664,501.09045 0.2238053125,0.22380524999999998 525,288,796,559 559,360,628,401 691,355,764,398
p00\face\1869.jpg p00\left\1869.jpg p00\right\1869.jpg p00\grid\1869.jpg day02/0620.jpg right 735.0,258.0 -0.09419553,0.08189409 12.932249,8.968328,478.96622 0.2238053125,0.22380524999999998 514,291,793,570 546,365,619,408 681,355,756,400
p00\face\1870.jpg p00\left\1870.jpg p00\right\1870.jpg p00\grid\1870.jpg day06/0018.jpg right 1101.0,694.0 0.24792483,0.21302538 7.656605,54.546776,424.6778 0.2238053125,0.22380524999999998 490,391,800,701 523,466,617,522 675,461,760,512
p00\face\1871.jpg p00\left\1871.jpg p00\right\1871.jpg p00\grid\1871.jpg day26/0295.jpg right 947.0,283.0 0.29479355,0.2651948 1.006666,13.062473,418.26465 0.2238053125,0.22380524999999998 473,292,788,607 509,377,597,429 661,360,748,412
p00\face\1872.jpg p00\left\1872.jpg p00\right\1872.jpg p00\grid\1872.jpg day09/0331.jpg right 894.0,200.0 -0.041953325,0.18206663 -7.506139,-22.1033,556.8112 0.2238053125,0.22380524999999998 491,243,734,486 519,307,583,345 638,303,702,341
p00\face\1873.jpg p00\left\1873.jpg p00\right\1873.jpg p00\grid\1873.jpg day02/0594.jpg right 28.0,218.0 -0.095348686,0.043128267 63.962822,13.354711,452.65884 0.2238053125,0.22380524999999998 618,298,909,589 654,370,732,416 795,368,874,415
p00\face\1874.jpg p00\left\1874.jpg p00\right\1874.jpg p00\grid\1874.jpg day14/0072.jpg right 42.0,769.0 0.13195656,0.050614744 59.136818,-1.251379,413.6093 0.2238053125,0.22380524999999998 602,253,927,578 645,335,729,385 803,336,890,388
p00\face\1875.jpg p00\left\1875.jpg p00\right\1875.jpg p00\grid\1875.jpg day29/0076.jpg right 1083.0,532.0 -0.020828715,0.17468433 8.146952,-6.056936,426.461 0.2238053125,0.22380524999999998 490,245,806,561 524,332,608,382 676,317,763,369
p00\face\1876.jpg p00\left\1876.jpg p00\right\1876.jpg p00\grid\1876.jpg day37/0259.jpg right 568.0,354.0 0.07467075,0.069282904 25.519182,21.383326,452.6582 0.2238053125,0.22380524999999998 532,312,830,610 569,390,647,436 713,385,794,433
p00\face\1877.jpg p00\left\1877.jpg p00\right\1877.jpg p00\grid\1877.jpg day34/0506.jpg right 692.0,218.0 0.028839985,0.27433503 -4.971936,-6.839096,387.09824 0.2238053125,0.22380524999999998 437,230,788,581 481,321,572,375 649,316,746,374
p00\face\1878.jpg p00\left\1878.jpg p00\right\1878.jpg p00\grid\1878.jpg day17/0756.jpg right 149.0,289.0 0.27092746,0.28214982 40.431816,48.489017,494.43018 0.2238053125,0.22380524999999998 569,371,842,644 605,443,674,484 736,437,811,482
p00\face\1879.jpg p00\left\1879.jpg p00\right\1879.jpg p00\grid\1879.jpg day21/0663.jpg right 38.0,337.0 -0.02697618,0.09241664 41.538425,-46.324856,436.57935 0.2238053125,0.22380524999999998 565,155,875,465 600,235,685,286 753,233,834,281
p00\face\1880.jpg p00\left\1880.jpg p00\right\1880.jpg p00\grid\1880.jpg day34/0338.jpg right 541.0,259.0 0.05475057,0.113305666 27.6987,9.858274,427.3629 0.2238053125,0.22380524999999998 530,282,846,598 570,362,654,412 724,361,809,412
p00\face\1881.jpg p00\left\1881.jpg p00\right\1881.jpg p00\grid\1881.jpg day23/0669.jpg right 542.0,280.0 0.12027601,0.14963402 22.733694,31.940979,464.60248 0.2238053125,0.22380524999999998 525,335,817,627 564,408,640,453 706,410,785,457
p00\face\1882.jpg p00\left\1882.jpg p00\right\1882.jpg p00\grid\1882.jpg day29/0699.jpg right 1019.0,313.0 0.11261504,0.030054994 -8.35631,-7.929891,441.9913 0.2238053125,0.22380524999999998 456,246,759,549 493,324,572,371 639,319,721,368
p00\face\1883.jpg p00\left\1883.jpg p00\right\1883.jpg p00\grid\1883.jpg day25/0435.jpg right 528.0,446.0 0.1502893,0.057828806 -1.463113,-19.194561,435.43622 0.2238053125,0.22380524999999998 465,217,775,527 506,295,587,343 654,295,741,347
p00\face\1884.jpg p00\left\1884.jpg p00\right\1884.jpg p00\grid\1884.jpg day37/0388.jpg right 1187.0,54.0 0.19363867,0.10574013 -25.642199,1.284408,423.0048 0.2238053125,0.22380524999999998 413,267,720,574 452,349,528,394 597,336,684,388
p00\face\1885.jpg p00\left\1885.jpg p00\right\1885.jpg p00\grid\1885.jpg day03/0063.jpg right 1234.0,690.0 -0.4285256,0.09012622 -13.308122,60.686558,416.54102 0.2238053125,0.22380524999999998 439,413,740,714 475,484,562,536 618,480,705,532
p00\face\1886.jpg p00\left\1886.jpg p00\right\1886.jpg p00\grid\1886.jpg day13/0622.jpg right 434.0,188.0 0.139897,0.10355259 3.642066,15.497959,401.40683 0.2238053125,0.22380524999999998 469,292,803,626 509,379,596,431 671,371,762,425
p00\face\1887.jpg p00\left\1887.jpg p00\right\1887.jpg p00\grid\1887.jpg day17/0828.jpg right 652.0,20.0 -0.07471809,0.0026433396 17.853493,-20.26654,422.4983 0.2238053125,0.22380524999999998 508,212,823,527 547,289,631,339 701,291,785,341
p00\face\1888.jpg p00\left\1888.jpg p00\right\1888.jpg p00\grid\1888.jpg day38/1289.jpg right 708.0,744.0 0.28716078,-0.032836087 6.550623,-8.238548,442.194 0.2238053125,0.22380524999999998 495,248,790,543 530,325,608,371 672,317,753,365
p00\face\1889.jpg p00\left\1889.jpg p00\right\1889.jpg p00\grid\1889.jpg day31/0507.jpg right 526.0,291.0 0.17661057,0.039893057 8.349181,3.222553,364.54758 0.2238053125,0.22380524999999998 467,253,831,617 512,344,608,401 687,341,787,401
p00\face\1890.jpg p00\left\1890.jpg p00\right\1890.jpg p00\grid\1890.jpg day01/0576.jpg right 289.0,328.0 0.14386934,0.13348778 12.489983,53.234467,561.2512 0.2238053125,0.22380524999999998 528,379,768,619 556,441,620,479 673,436,737,474
p00\face\1891.jpg p00\left\1891.jpg p00\right\1891.jpg p00\grid\1891.jpg day30/0606.jpg right 559.0,393.0 0.01233553,0.18253922 -12.215998,-17.315578,429.18698 0.2238053125,0.22380524999999998 436,218,754,536 477,298,559,347 632,300,717,351
p00\face\1892.jpg p00\left\1892.jpg p00\right\1892.jpg p00\grid\1892.jpg day28/0773.jpg right 695.0,664.0 -0.028901769,0.3586062 -0.773888,30.80839,452.65683 0.2238053125,0.22380524999999998 477,333,775,631 510,414,589,461 656,403,735,450
p00\face\1893.jpg p00\left\1893.jpg p00\right\1893.jpg p00\grid\1893.jpg day03/0189.jpg right 717.0,714.0 -0.06528591,0.29529947 21.108305,75.69026,532.9085 0.2238053125,0.22380524999999998 539,422,791,674 568,487,635,527 692,484,758,523
p00\face\1894.jpg p00\left\1894.jpg p00\right\1894.jpg p00\grid\1894.jpg day04/1041.jpg right 1144.0,674.0 0.26646346,0.029918915 24.349348,-8.782101,486.15607 0.2238053125,0.22380524999999998 540,256,813,529 574,327,643,368 704,321,780,366
p00\face\1895.jpg p00\left\1895.jpg p00\right\1895.jpg p00\grid\1895.jpg day16/1065.jpg right 1106.0,607.0 0.14376292,0.051627345 14.673107,-12.790867,447.91797 0.2238053125,0.22380524999999998 509,238,806,535 548,313,621,356 692,312,771,359
p00\face\1896.jpg p00\left\1896.jpg p00\right\1896.jpg p00\grid\1896.jpg day37/0021.jpg right 1236.0,100.0 0.11722728,0.40283623 -13.846093,-20.78224,436.2108 0.2238053125,0.22380524999999998 434,212,741,519 480,292,556,337 627,293,712,344
p00\face\1897.jpg p00\left\1897.jpg p00\right\1897.jpg p00\grid\1897.jpg day29/0498.jpg right 466.0,224.0 0.13503648,0.13290608 31.19151,-50.131126,443.9863 0.2238053125,0.22380524999999998 541,149,847,455 581,229,659,275 728,226,812,276
p00\face\1898.jpg p00\left\1898.jpg p00\right\1898.jpg p00\grid\1898.jpg day29/0509.jpg right 1269.0,194.0 -0.06036512,0.040905196 6.265097,-25.702217,431.67178 0.2238053125,0.22380524999999998 483,202,793,512 521,278,603,327 672,280,756,330
p00\face\1899.jpg p00\left\1899.jpg p00\right\1899.jpg p00\grid\1899.jpg day03/0977.jpg right 268.0,234.0 0.31025192,-0.0075072865 13.073016,-7.944828,449.68668 0.2238053125,0.22380524999999998 510,252,799,541 546,323,624,369 686,321,765,368
p00\face\1900.jpg p00\left\1900.jpg p00\right\1900.jpg p00\grid\1900.jpg day16/0497.jpg right 648.0,297.0 0.0737126,0.01647125 -10.048209,-13.647371,432.60086 0.2238053125,0.22380524999999998 446,229,758,541 485,310,566,358 636,305,721,356
p00\face\1901.jpg p00\left\1901.jpg p00\right\1901.jpg p00\grid\1901.jpg day03/0853.jpg right 614.0,24.0 0.2873893,0.050280813 40.58878,2.469533,414.95697 0.2238053125,0.22380524999999998 563,266,879,582 604,342,688,392 758,345,843,396
p00\face\1902.jpg p00\left\1902.jpg p00\right\1902.jpg p00\grid\1902.jpg day12/0142.jpg right 851.0,586.0 -0.1295095,0.2989164 -59.291176,-43.966293,543.02966 0.2238053125,0.22380524999999998 392,198,642,448 421,265,488,305 544,262,610,301
p00\face\1903.jpg p00\left\1903.jpg p00\right\1903.jpg p00\grid\1903.jpg day34/0768.jpg right 111.0,96.0 -0.064091764,0.21479751 14.979215,-13.152662,411.11102 0.2238053125,0.22380524999999998 495,222,826,553 534,304,624,358 697,308,784,360
p00\face\1904.jpg p00\left\1904.jpg p00\right\1904.jpg p00\grid\1904.jpg day23/0863.jpg right 959.0,167.0 0.25509346,0.020290924 -18.636026,-18.413235,404.83746 0.2238053125,0.22380524999999998 428,216,744,532 464,305,542,351 614,281,702,333
p00\face\1905.jpg p00\left\1905.jpg p00\right\1905.jpg p00\grid\1905.jpg day38/0859.jpg right 1.0,795.0 0.11841924,0.37832597 17.965408,-18.88323,373.624 0.2238053125,0.22380524999999998 490,192,851,553 539,287,630,341 712,284,811,343
p00\face\1906.jpg p00\left\1906.jpg p00\right\1906.jpg p00\grid\1906.jpg day37/0079.jpg right 430.0,294.0 -0.033909947,0.092291944 -6.731036,8.237425,424.6512 0.2238053125,0.22380524999999998 449,279,765,595 489,357,573,407 644,359,728,409
p00\face\1907.jpg p00\left\1907.jpg p00\right\1907.jpg p00\grid\1907.jpg day03/0244.jpg right 300.0,286.0 0.07045498,0.21129185 17.808832,53.576584,462.59128 0.2238053125,0.22380524999999998 518,384,807,673 554,457,629,502 695,455,773,501
p00\face\1908.jpg p00\left\1908.jpg p00\right\1908.jpg p00\grid\1908.jpg day04/0615.jpg right 1008.0,23.0 0.22496794,0.0069582257 2.62482,-4.441481,449.47665 0.2238053125,0.22380524999999998 488,259,779,550 522,333,598,378 663,327,742,374
p00\face\1909.jpg p00\left\1909.jpg p00\right\1909.jpg p00\grid\1909.jpg day29/0139.jpg right 1210.0,243.0 -0.054170225,0.026865108 20.202066,-40.594658,448.94498 0.2238053125,0.22380524999999998 521,176,818,473 557,251,635,297 702,249,781,296
p00\face\1910.jpg p00\left\1910.jpg p00\right\1910.jpg p00\grid\1910.jpg day31/0719.jpg right 734.0,46.0 0.087795205,0.052993167 0.71459,-4.786599,360.05725 0.2238053125,0.22380524999999998 435,231,799,595 490,308,586,365 668,334,765,392
p00\face\1911.jpg p00\left\1911.jpg p00\right\1911.jpg p00\grid\1911.jpg day38/1283.jpg right 209.0,680.0 -0.14225127,0.047667485 17.84071,-23.461128,458.15692 0.2238053125,0.22380524999999998 521,218,810,507 552,293,631,340 695,286,770,331
p00\face\1912.jpg p00\left\1912.jpg p00\right\1912.jpg p00\grid\1912.jpg day14/0097.jpg right 509.0,730.0 -0.008386494,0.24611168 2.523145,-4.271585,474.58093 0.2238053125,0.22380524999999998 486,259,774,547 521,333,597,378 661,331,739,377
p00\face\1913.jpg p00\left\1913.jpg p00\right\1913.jpg p00\grid\1913.jpg day34/0535.jpg right 591.0,262.0 -0.05154753,0.12378116 20.140432,14.843415,333.29712 0.2238053125,0.22380524999999998 482,277,882,677 532,372,640,436 727,378,835,442
p00\face\1914.jpg p00\left\1914.jpg p00\right\1914.jpg p00\grid\1914.jpg day12/0378.jpg right 334.0,714.0 -0.061592836,0.1746018 11.060399,25.4492,463.0888 0.2238053125,0.22380524999999998 500,322,792,614 537,393,615,439 681,399,757,444
p00\face\1915.jpg p00\left\1915.jpg p00\right\1915.jpg p00\grid\1915.jpg day14/0047.jpg right 437.0,211.0 -0.027550783,0.11764728 18.638636,3.071385,428.4262 0.2238053125,0.22380524999999998 508,267,823,582 547,342,634,394 702,349,786,399
p00\face\1916.jpg p00\left\1916.jpg p00\right\1916.jpg p00\grid\1916.jpg day16/0995.jpg right 1253.0,33.0 0.24223761,-0.067166574 21.485634,-29.043182,430.4852 0.2238053125,0.22380524999999998 521,195,828,502 560,272,639,319 712,272,791,319
p00\face\1917.jpg p00\left\1917.jpg p00\right\1917.jpg p00\grid\1917.jpg day04/0733.jpg right 342.0,517.0 0.12976958,0.1097801 -15.855866,-15.28772,439.80557 0.2238053125,0.22380524999999998 439,230,742,533 477,310,553,355 622,300,706,350
p00\face\1918.jpg p00\left\1918.jpg p00\right\1918.jpg p00\grid\1918.jpg day04/0948.jpg right 589.0,344.0 -0.018388273,0.022980751 7.542343,-17.967527,429.71954 0.2238053125,0.22380524999999998 485,219,797,531 524,296,606,345 676,297,760,347
p00\face\1919.jpg p00\left\1919.jpg p00\right\1919.jpg p00\grid\1919.jpg day22/0615.jpg right 1251.0,789.0 0.046254046,0.3509588 11.724492,-2.035747,376.72324 0.2238053125,0.22380524999999998 480,241,835,596 523,335,613,389 695,326,791,383
p00\face\1920.jpg p00\left\1920.jpg p00\right\1920.jpg p00\grid\1920.jpg day01/0712.jpg right 799.0,111.0 0.24563594,0.27937642 2.048146,71.55098,439.9797 0.2238053125,0.22380524999999998 478,427,781,730 515,501,602,553 659,496,746,548
p00\face\1921.jpg p00\left\1921.jpg p00\right\1921.jpg p00\grid\1921.jpg day02/0074.jpg right 718.0,540.0 -0.18020271,0.19456273 56.34115,113.07832,579.617 0.2238053125,0.22380524999999998 611,485,834,708 633,542,699,581 744,536,802,570
p00\face\1922.jpg p00\left\1922.jpg p00\right\1922.jpg p00\grid\1922.jpg day08/0208.jpg right 125.0,238.0 0.07750395,0.1843171 53.547565,8.302674,424.76547 0.2238053125,0.22380524999999998 588,280,903,595 631,354,712,402 786,364,868,413
p00\face\1923.jpg p00\left\1923.jpg p00\right\1923.jpg p00\grid\1923.jpg day06/0610.jpg right 320.0,671.0 0.24787576,0.052809898 -13.816811,19.182175,408.41803 0.2238053125,0.22380524999999998 434,306,755,627 473,389,555,438 627,380,715,432
p00\face\1924.jpg p00\left\1924.jpg p00\right\1924.jpg p00\grid\1924.jpg day36/0273.jpg right 1191.0,361.0 0.017179715,0.04763712 -17.646545,-16.084229,424.6576 0.2238053125,0.22380524999999998 425,221,743,539 464,303,546,352 619,299,704,350
p00\face\1925.jpg p00\left\1925.jpg p00\right\1925.jpg p00\grid\1925.jpg day38/0372.jpg right 423.0,80.0 0.10230986,0.1227854 15.637717,-8.126323,427.10745 0.2238053125,0.22380524999999998 501,240,817,556 543,318,625,367 695,321,782,373
p00\face\1926.jpg p00\left\1926.jpg p00\right\1926.jpg p00\grid\1926.jpg day33/0489.jpg right 902.0,595.0 0.036852755,0.42361036 4.457589,1.806415,411.80774 0.2238053125,0.22380524999999998 477,260,801,584 514,349,598,399 670,337,758,389
p00\face\1927.jpg p00\left\1927.jpg p00\right\1927.jpg p00\grid\1927.jpg day30/0147.jpg right 1234.0,796.0 0.21785697,0.13995692 -22.329905,22.811401,379.61765 0.2238053125,0.22380524999999998 400,317,734,651 445,401,524,448 606,395,696,449
p00\face\1928.jpg p00\left\1928.jpg p00\right\1928.jpg p00\grid\1928.jpg day01/0605.jpg right 903.0,265.0 0.47942,0.11992363 24.383987,56.283394,402.41147 0.2238053125,0.22380524999999998 538,405,847,714 570,484,658,536 715,466,806,520
p00\face\1929.jpg p00\left\1929.jpg p00\right\1929.jpg p00\grid\1929.jpg day18/0258.jpg right 1261.0,649.0 0.12291458,0.08746216 3.580249,0.19406,427.32755 0.2238053125,0.22380524999999998 479,261,792,574 516,344,597,392 668,334,753,385
p00\face\1930.jpg p00\left\1930.jpg p00\right\1930.jpg p00\grid\1930.jpg day31/0552.jpg right 942.0,100.0 0.22805323,0.08629314 -14.010468,-14.062134,491.41562 0.2238053125,0.22380524999999998 466,248,733,515 499,321,565,360 625,307,700,352
p00\face\1931.jpg p00\left\1931.jpg p00\right\1931.jpg p00\grid\1931.jpg day30/0025.jpg right 1261.0,559.0 0.14642967,0.13614145 -25.809942,15.21004,383.9039 0.2238053125,0.22380524999999998 388,292,730,634 433,380,518,431 594,372,691,430
p00\face\1932.jpg p00\left\1932.jpg p00\right\1932.jpg p00\grid\1932.jpg day09/0959.jpg right 1136.0,498.0 0.095405325,0.22652082 26.008846,-51.60209,416.47067 0.2238053125,0.22380524999999998 531,132,853,454 566,225,648,274 722,206,809,258
p00\face\1933.jpg p00\left\1933.jpg p00\right\1933.jpg p00\grid\1933.jpg day30/0115.jpg right 1180.0,380.0 -0.08054971,0.6421383 -36.192375,20.909885,406.10944 0.2238053125,0.22380524999999998 372,304,697,629 414,390,498,440 570,388,660,442
p00\face\1934.jpg p00\left\1934.jpg p00\right\1934.jpg p00\grid\1934.jpg day15/0029.jpg right 684.0,330.0 0.10603647,0.085583076 -7.422181,3.795286,428.6837 0.2238053125,0.22380524999999998 454,269,767,582 491,354,572,402 640,341,728,393
p00\face\1935.jpg p00\left\1935.jpg p00\right\1935.jpg p00\grid\1935.jpg day03/0984.jpg right 722.0,634.0 0.3752819,-0.052102584 8.566925,-2.629974,440.17935 0.2238053125,0.22380524999999998 503,263,794,554 536,337,612,382 679,332,755,377
p00\face\1936.jpg p00\left\1936.jpg p00\right\1936.jpg p00\grid\1936.jpg day11/0224.jpg right 599.0,613.0 0.13940482,0.27364862 20.688911,48.910744,447.7704 0.2238053125,0.22380524999999998 521,373,822,674 559,453,634,498 704,446,786,495
p00\face\1937.jpg p00\left\1937.jpg p00\right\1937.jpg p00\grid\1937.jpg day24/0927.jpg right 613.0,654.0 0.100708924,0.41965073 11.089411,4.256967,381.346 0.2238053125,0.22380524999999998 478,257,830,609 523,351,613,405 690,342,789,401
p00\face\1938.jpg p00\left\1938.jpg p00\right\1938.jpg p00\grid\1938.jpg day22/0305.jpg right 631.0,564.0 0.12036644,0.024892446 -3.400161,6.56169,402.9951 0.2238053125,0.22380524999999998 451,271,782,602 494,355,578,405 653,352,744,406
p00\face\1939.jpg p00\left\1939.jpg p00\right\1939.jpg p00\grid\1939.jpg day09/0972.jpg right 593.0,86.0 -0.10815537,0.15398312 14.548639,34.93426,564.7144 0.2238053125,0.22380524999999998 527,348,762,583 560,399,624,437 675,414,738,451
p00\face\1940.jpg p00\left\1940.jpg p00\right\1940.jpg p00\grid\1940.jpg day18/0034.jpg right 284.0,290.0 0.0248074,0.052036896 13.106484,-5.880208,399.1327 0.2238053125,0.22380524999999998 489,236,829,576 529,325,620,379 693,319,786,374
p00\face\1941.jpg p00\left\1941.jpg p00\right\1941.jpg p00\grid\1941.jpg day15/0161.jpg right 178.0,593.0 -0.06642216,0.45295563 21.75431,58.02453,601.24457 0.2238053125,0.22380524999999998 548,384,774,610 573,442,636,479 686,443,744,477
p00\face\1942.jpg p00\left\1942.jpg p00\right\1942.jpg p00\grid\1942.jpg day15/0194.jpg right 477.0,155.0 0.14160451,0.30038622 14.945134,38.446796,445.3337 0.2238053125,0.22380524999999998 507,351,808,652 546,429,622,474 692,424,773,472
p00\face\1943.jpg p00\left\1943.jpg p00\right\1943.jpg p00\grid\1943.jpg day10/0078.jpg right 133.0,27.0 0.1968908,0.10396936 -2.312344,-23.000175,435.77304 0.2238053125,0.22380524999999998 465,211,771,517 507,287,586,334 651,285,738,337
p00\face\1944.jpg p00\left\1944.jpg p00\right\1944.jpg p00\grid\1944.jpg day26/0434.jpg right 876.0,459.0 -0.047266167,0.12553018 -26.202927,43.006905,516.8369 0.2238053125,0.22380524999999998 444,361,705,622 475,427,544,468 603,425,672,466
p00\face\1945.jpg p00\left\1945.jpg p00\right\1945.jpg p00\grid\1945.jpg day11/0488.jpg right 870.0,400.0 -0.021619793,0.21711735 3.043078,-22.963795,496.7991 0.2238053125,0.22380524999999998 493,224,770,501 525,297,600,342 660,294,735,339
p00\face\1946.jpg p00\left\1946.jpg p00\right\1946.jpg p00\grid\1946.jpg day31/0739.jpg right 887.0,572.0 0.097326346,0.013531322 -2.995775,0.628956,387.89792 0.2238053125,0.22380524999999998 444,251,789,596 489,339,577,391 654,338,750,395
p00\face\1947.jpg p00\left\1947.jpg p00\right\1947.jpg p00\grid\1947.jpg day04/1173.jpg right 195.0,141.0 0.28260693,0.024756309 22.420883,2.610169,459.08276 0.2238053125,0.22380524999999998 534,276,819,561 567,350,642,395 705,342,783,388
p00\face\1948.jpg p00\left\1948.jpg p00\right\1948.jpg p00\grid\1948.jpg day27/0567.jpg right 182.0,776.0 0.032915447,0.077263206 4.639672,28.406672,423.39655 0.2238053125,0.22380524999999998 477,324,798,645 515,408,599,458 670,402,757,454
p00\face\1949.jpg p00\left\1949.jpg p00\right\1949.jpg p00\grid\1949.jpg day29/0516.jpg right 46.0,574.0 -0.072152846,0.0863778 18.733047,-24.681599,437.9812 0.2238053125,0.22380524999999998 513,206,820,513 549,282,633,332 702,285,781,332
p00\face\1950.jpg p00\left\1950.jpg p00\right\1950.jpg p00\grid\1950.jpg day02/0614.jpg right 1238.0,740.0 0.33346403,0.07410857 52.537594,38.29236,426.08972 0.2238053125,0.22380524999999998 596,353,903,660 633,430,712,477 783,426,864,474
p00\face\1951.jpg p00\left\1951.jpg p00\right\1951.jpg p00\grid\1951.jpg day29/0572.jpg right 919.0,700.0 0.087086394,0.077105224 -7.91182,-26.150137,427.22275 0.2238053125,0.22380524999999998 454,200,766,512 491,285,569,331 641,272,726,323
p00\face\1952.jpg p00\left\1952.jpg p00\right\1952.jpg p00\grid\1952.jpg day25/0369.jpg right 930.0,2.0 0.24910979,0.08183391 2.065688,17.846922,402.30093 0.2238053125,0.22380524999999998 469,303,793,627 510,382,595,433 665,380,755,434
p00\face\1953.jpg p00\left\1953.jpg p00\right\1953.jpg p00\grid\1953.jpg day28/0053.jpg right 908.0,468.0 -0.11220875,0.032963168 12.200821,13.282231,391.8887 0.2238053125,0.22380524999999998 488,286,827,625 526,376,617,430 694,365,781,417
p00\face\1954.jpg p00\left\1954.jpg p00\right\1954.jpg p00\grid\1954.jpg day05/0002.jpg right 519.0,281.0 0.10855566,-0.036901798 13.227822,-29.59183,472.6742 0.2238053125,0.22380524999999998 511,206,797,492 545,282,620,327 684,275,762,321
p00\face\1955.jpg p00\left\1955.jpg p00\right\1955.jpg p00\grid\1955.jpg day07/0267.jpg right 257.0,395.0 0.18755916,0.1248503 20.083778,40.215027,419.8038 0.2238053125,0.22380524999999998 514,355,832,673 554,435,636,484 707,432,794,484
p00\face\1956.jpg p00\left\1956.jpg p00\right\1956.jpg p00\grid\1956.jpg day34/0306.jpg right 540.0,502.0 0.13549802,0.075422555 -10.401673,-4.02292,402.94495 0.2238053125,0.22380524999999998 433,246,761,574 477,325,562,376 636,330,724,382
p00\face\1957.jpg p00\left\1957.jpg p00\right\1957.jpg p00\grid\1957.jpg day21/0282.jpg right 225.0,332.0 -0.017618809,0.2791948 20.816484,-15.894273,487.80905 0.2238053125,0.22380524999999998 526,236,809,519 559,309,634,354 700,310,773,353
p00\face\1958.jpg p00\left\1958.jpg p00\right\1958.jpg p00\grid\1958.jpg day16/0772.jpg right 924.0,765.0 0.024599118,0.29083428 27.28471,-26.399902,454.32416 0.2238053125,0.22380524999999998 533,204,836,507 569,282,650,330 719,283,798,330
p00\face\1959.jpg p00\left\1959.jpg p00\right\1959.jpg p00\grid\1959.jpg day29/0107.jpg right 798.0,200.0 0.010599253,0.022574503 24.077412,-24.19421,399.03094 0.2238053125,0.22380524999999998 516,191,855,530 556,277,647,331 721,275,812,329
p00\face\1960.jpg p00\left\1960.jpg p00\right\1960.jpg p00\grid\1960.jpg day12/0371.jpg right 1005.0,502.0 -0.070962384,0.14331716 9.779263,24.794485,453.09232 0.2238053125,0.22380524999999998 495,319,795,619 531,393,612,441 679,396,758,443
p00\face\1961.jpg p00\left\1961.jpg p00\right\1961.jpg p00\grid\1961.jpg day15/0216.jpg right 1179.0,575.0 0.040736143,0.3661735 10.462026,17.171286,387.5758 0.2238053125,0.22380524999999998 476,292,825,641 521,381,611,435 689,380,785,437
p00\face\1962.jpg p00\left\1962.jpg p00\right\1962.jpg p00\grid\1962.jpg day03/0331.jpg right 1051.0,383.0 0.19693218,0.20079073 11.129567,97.59825,542.10645 0.2238053125,0.22380524999999998 519,463,763,707 554,518,617,555 672,528,739,568
p00\face\1963.jpg p00\left\1963.jpg p00\right\1963.jpg p00\grid\1963.jpg day01/0455.jpg right 221.0,502.0 -0.27253708,0.16843039 41.50642,71.4023,551.8424 0.2238053125,0.22380524999999998 579,418,810,649 609,467,673,505 725,481,783,515
p00\face\1964.jpg p00\left\1964.jpg p00\right\1964.jpg p00\grid\1964.jpg day02/0121.jpg right 1094.0,134.0 0.276237,0.06092678 -11.143826,6.535414,373.46872 0.2238053125,0.22380524999999998 424,271,767,614 469,353,557,405 633,353,729,410
p00\face\1965.jpg p00\left\1965.jpg p00\right\1965.jpg p00\grid\1965.jpg day04/0559.jpg right 138.0,162.0 -0.08036511,0.009028867 36.6699,-18.307833,467.90152 0.2238053125,0.22380524999999998 557,232,839,514 595,297,670,342 733,306,808,351
p00\face\1966.jpg p00\left\1966.jpg p00\right\1966.jpg p00\grid\1966.jpg day38/0668.jpg right 610.0,665.0 0.03948934,0.19785404 -11.326893,-5.074641,381.43387 0.2238053125,0.22380524999999998 418,234,770,586 464,323,554,377 634,323,730,380
p00\face\1967.jpg p00\left\1967.jpg p00\right\1967.jpg p00\grid\1967.jpg day34/0359.jpg right 1240.0,258.0 0.13950473,0.054767832 9.040835,-13.718853,368.433 0.2238053125,0.22380524999999998 472,209,832,569 516,304,607,358 690,292,787,350
p00\face\1968.jpg p00\left\1968.jpg p00\right\1968.jpg p00\grid\1968.jpg day36/0462.jpg right 1060.0,84.0 0.16001643,0.022695204 -0.872834,-12.532359,390.87982 0.2238053125,0.22380524999999998 450,221,787,558 497,299,584,351 659,310,752,365
p00\face\1969.jpg p00\left\1969.jpg p00\right\1969.jpg p00\grid\1969.jpg day22/0515.jpg right 94.0,555.0 0.2013657,0.19966018 12.981818,19.034878,373.6606 0.2238053125,0.22380524999999998 487,302,836,651 532,393,616,443 699,382,795,439
p00\face\1970.jpg p00\left\1970.jpg p00\right\1970.jpg p00\grid\1970.jpg day29/0055.jpg right 1104.0,455.0 0.14469576,0.023951214 10.417349,-21.467945,460.2405 0.2238053125,0.22380524999999998 508,222,797,511 539,303,614,348 679,285,758,332
p00\face\1971.jpg p00\left\1971.jpg p00\right\1971.jpg p00\grid\1971.jpg day28/0467.jpg right 242.0,10.0 0.050369035,0.05427619 23.824936,7.429141,440.0844 0.2238053125,0.22380524999999998 524,279,831,586 562,356,643,404 713,358,794,406
p00\face\1972.jpg p00\left\1972.jpg p00\right\1972.jpg p00\grid\1972.jpg day11/0413.jpg right 713.0,579.0 0.023675745,0.26705378 12.307924,13.571179,544.4252 0.2238053125,0.22380524999999998 520,304,773,557 551,367,623,410 671,368,744,411
p00\face\1973.jpg p00\left\1973.jpg p00\right\1973.jpg p00\grid\1973.jpg day12/0377.jpg right 67.0,763.0 -0.051010363,0.21906392 13.139021,25.512465,459.3837 0.2238053125,0.22380524999999998 503,321,800,618 539,393,620,441 686,399,764,445
p00\face\1974.jpg p00\left\1974.jpg p00\right\1974.jpg p00\grid\1974.jpg day16/0797.jpg right 722.0,394.0 0.06575936,0.023606144 17.07755,-8.854163,442.66443 0.2238053125,0.22380524999999998 508,241,817,550 547,320,628,368 697,319,781,369
p00\face\1975.jpg p00\left\1975.jpg p00\right\1975.jpg p00\grid\1975.jpg day27/0280.jpg right 524.0,787.0 0.025677016,0.16620478 -0.283222,38.02621,435.5758 0.2238053125,0.22380524999999998 469,348,779,658 508,429,587,476 659,425,741,474
p00\face\1976.jpg p00\left\1976.jpg p00\right\1976.jpg p00\grid\1976.jpg day26/0783.jpg right 840.0,444.0 0.16016404,0.11183634 4.512718,-6.036037,447.7538 0.2238053125,0.22380524999999998 487,251,787,551 524,332,599,377 668,321,750,370
p00\face\1977.jpg p00\left\1977.jpg p00\right\1977.jpg p00\grid\1977.jpg day04/0453.jpg right 1229.0,543.0 0.41134772,0.055356946 -6.500863,-8.882872,417.42316 0.2238053125,0.22380524999999998 464,250,758,544 504,323,574,365 642,315,726,365
p00\face\1978.jpg p00\left\1978.jpg p00\right\1978.jpg p00\grid\1978.jpg day36/0511.jpg right 960.0,211.0 0.099160895,0.017851854 -5.661779,-33.296097,455.8885 0.2238053125,0.22380524999999998 464,193,759,488 502,268,580,314 644,267,725,315
p00\face\1979.jpg p00\left\1979.jpg p00\right\1979.jpg p00\grid\1979.jpg day09/0121.jpg right 805.0,231.0 0.2343038,0.51976436 -52.65657,-31.828194,541.519 0.2238053125,0.22380524999999998 422,225,651,454 441,304,507,343 549,266,616,306
p00\face\1980.jpg p00\left\1980.jpg p00\right\1980.jpg p00\grid\1980.jpg day26/0451.jpg right 950.0,613.0 0.027258066,0.14455843 -20.96896,39.40564,513.8885 0.2238053125,0.22380524999999998 452,354,714,616 485,419,554,460 613,420,683,462
p00\face\1981.jpg p00\left\1981.jpg p00\right\1981.jpg p00\grid\1981.jpg day26/0537.jpg right 66.0,401.0 0.049451172,0.19844727 21.873667,28.701168,417.8404 0.2238053125,0.22380524999999998 513,327,834,648 556,404,638,453 714,411,798,461
p00\face\1982.jpg p00\left\1982.jpg p00\right\1982.jpg p00\grid\1982.jpg day38/0305.jpg right 1038.0,317.0 0.20153959,0.1844247 0.21328,-21.115503,435.18387 0.2238053125,0.22380524999999998 471,215,775,519 515,293,588,336 659,291,744,342
p00\face\1983.jpg p00\left\1983.jpg p00\right\1983.jpg p00\grid\1983.jpg day09/0759.jpg right 770.0,528.0 0.0144280195,0.049761865 -13.995364,89.250595,589.6411 0.2238053125,0.22380524999999998 485,439,713,667 515,494,576,530 626,499,687,535
p00\face\1984.jpg p00\left\1984.jpg p00\right\1984.jpg p00\grid\1984.jpg day26/0480.jpg right 705.0,80.0 0.27552116,0.016800078 8.200375,-1.857991,433.18903 0.2238053125,0.22380524999999998 496,261,797,562 532,339,611,386 677,330,759,379
p00\face\1985.jpg p00\left\1985.jpg p00\right\1985.jpg p00\grid\1985.jpg day29/0470.jpg right 1255.0,48.0 0.3064344,0.03891328 -23.032455,-6.220399,384.11142 0.2238053125,0.22380524999999998 407,245,731,569 449,328,528,375 598,314,694,371
p00\face\1986.jpg p00\left\1986.jpg p00\right\1986.jpg p00\grid\1986.jpg day06/0379.jpg right 476.0,133.0 0.19769166,0.12745775 6.042476,35.86143,419.07614 0.2238053125,0.22380524999999998 480,346,796,662 521,422,605,472 675,424,760,475
p00\face\1987.jpg p00\left\1987.jpg p00\right\1987.jpg p00\grid\1987.jpg day38/1156.jpg right 1266.0,257.0 -0.09652665,0.10239617 -2.469602,-3.092932,408.18546 0.2238053125,0.22380524999999998 457,248,785,576 493,335,581,387 653,325,741,377
p00\face\1988.jpg p00\left\1988.jpg p00\right\1988.jpg p00\grid\1988.jpg day31/0307.jpg right 536.0,649.0 0.050580803,0.3029834 -8.875823,-11.127497,430.31036 0.2238053125,0.22380524999999998 445,234,758,547 488,314,566,360 640,315,724,365
p00\face\1989.jpg p00\left\1989.jpg p00\right\1989.jpg p00\grid\1989.jpg day36/0069.jpg right 702.0,457.0 0.04157927,0.14960876 -5.519023,-16.426582,436.87604 0.2238053125,0.22380524999999998 459,224,768,533 497,306,576,353 646,298,730,348
p00\face\1990.jpg p00\left\1990.jpg p00\right\1990.jpg p00\grid\1990.jpg day24/0928.jpg right 147.0,128.0 0.08230181,0.32962608 13.220679,1.732281,373.51282 0.2238053125,0.22380524999999998 479,249,840,610 526,343,617,397 699,338,798,397
p00\face\1991.jpg p00\left\1991.jpg p00\right\1991.jpg p00\grid\1991.jpg day01/0356.jpg right 685.0,273.0 0.36636508,0.13726546 56.911087,74.05341,546.3914 0.2238053125,0.22380524999999998 617,422,852,657 641,489,701,525 754,469,818,507
p00\face\1992.jpg p00\left\1992.jpg p00\right\1992.jpg p00\grid\1992.jpg day25/0334.jpg right 421.0,614.0 0.05052521,0.028592959 -2.593517,-11.502321,379.59293 0.2238053125,0.22380524999999998 438,214,796,572 484,306,577,361 656,305,755,364
p00\face\1993.jpg p00\left\1993.jpg p00\right\1993.jpg p00\grid\1993.jpg day29/0205.jpg right 1237.0,413.0 0.026599128,0.3542878 7.042611,-8.834522,537.5046 0.2238053125,0.22380524999999998 511,263,763,515 543,327,609,366 666,328,733,368
p00\face\1994.jpg p00\left\1994.jpg p00\right\1994.jpg p00\grid\1994.jpg day30/0085.jpg right 459.0,398.0 0.027036473,0.18269369 17.586016,-3.886221,423.6343 0.2238053125,0.22380524999999998 505,248,826,569 545,330,629,380 702,329,787,380
p00\face\1995.jpg p00\left\1995.jpg p00\right\1995.jpg p00\grid\1995.jpg day23/0170.jpg right 681.0,373.0 0.04422877,0.6606327 8.386838,-15.418692,409.54453 0.2238053125,0.22380524999999998 485,216,800,531 527,301,608,349 680,301,765,352
p00\face\1996.jpg p00\left\1996.jpg p00\right\1996.jpg p00\grid\1996.jpg day10/0662.jpg right 183.0,328.0 0.055283245,0.23803477 -13.958718,11.850695,496.2253 0.2238053125,0.22380524999999998 462,296,736,570 494,371,566,414 626,360,701,405
p00\face\1997.jpg p00\left\1997.jpg p00\right\1997.jpg p00\grid\1997.jpg day15/0003.jpg right 967.0,202.0 0.10685013,0.10977005 -20.32704,10.008836,455.16513 0.2238053125,0.22380524999999998 433,289,727,583 471,364,547,409 611,360,693,409
p00\face\1998.jpg p00\left\1998.jpg p00\right\1998.jpg p00\grid\1998.jpg day26/0025.jpg right 301.0,476.0 0.011796488,0.255668 42.97348,-27.467422,426.5815 0.2238053125,0.22380524999999998 568,194,884,510 604,276,689,327 761,274,842,322
p00\face\1999.jpg p00\left\1999.jpg p00\right\1999.jpg p00\grid\1999.jpg day03/0231.jpg right 1030.0,492.0 0.12897006,0.18311884 -15.34468,33.86824,473.56686 0.2238053125,0.22380524999999998 458,344,737,623 489,422,559,464 623,404,699,449
p00\face\2000.jpg p00\left\2000.jpg p00\right\2000.jpg p00\grid\2000.jpg day31/0221.jpg right 1135.0,713.0 0.13314931,0.1950056 10.231583,-47.134293,444.08694 0.2238053125,0.22380524999999998 496,158,797,459 536,237,611,282 681,233,763,282
p00\face\2001.jpg p00\left\2001.jpg p00\right\2001.jpg p00\grid\2001.jpg day33/0380.jpg right 1069.0,265.0 -0.056063503,0.19233924 10.343856,-22.019276,380.81 0.2238053125,0.22380524999999998 472,188,827,543 516,275,610,331 691,282,784,337
p00\face\2002.jpg p00\left\2002.jpg p00\right\2002.jpg p00\grid\2002.jpg day23/0756.jpg right 1021.0,726.0 -0.042822774,0.08374127 37.717663,-5.455677,433.78885 0.2238053125,0.22380524999999998 556,250,863,557 595,325,674,372 745,329,826,377
p00\face\2003.jpg p00\left\2003.jpg p00\right\2003.jpg p00\grid\2003.jpg day27/0288.jpg right 1127.0,0.0 0.18999441,0.066436574 -11.82913,21.55887,401.80432 0.2238053125,0.22380524999999998 435,311,762,638 474,394,559,445 632,388,720,440
p00\face\2004.jpg p00\left\2004.jpg p00\right\2004.jpg p00\grid\2004.jpg day02/0625.jpg right 1104.0,694.0 -0.13381168,0.11028821 16.90595,15.021495,478.71774 0.2238053125,0.22380524999999998 524,304,801,581 553,378,628,423 690,368,763,411
p00\face\2005.jpg p00\left\2005.jpg p00\right\2005.jpg p00\grid\2005.jpg day36/0798.jpg right 521.0,766.0 -0.074620806,0.15339282 5.850753,1.077788,391.52325 0.2238053125,0.22380524999999998 469,254,811,596 508,340,601,395 677,338,767,392
p00\face\2006.jpg p00\left\2006.jpg p00\right\2006.jpg p00\grid\2006.jpg day11/0359.jpg right 874.0,92.0 0.18894374,0.10964877 7.764437,67.44062,570.3883 0.2238053125,0.22380524999999998 523,405,755,637 550,463,613,500 663,462,726,499
p00\face\2007.jpg p00\left\2007.jpg p00\right\2007.jpg p00\grid\2007.jpg day38/0101.jpg right 1216.0,55.0 0.2079976,0.14613569 -29.918234,-26.800821,469.31052 0.2238053125,0.22380524999999998 423,215,703,495 459,292,528,333 590,277,671,325
p00\face\2008.jpg p00\left\2008.jpg p00\right\2008.jpg p00\grid\2008.jpg day02/0492.jpg right 350.0,280.0 0.27216497,-0.0066826115 27.121574,-0.568126,453.8462 0.2238053125,0.22380524999999998 539,267,830,558 575,338,653,384 718,340,794,385
p00\face\2009.jpg p00\left\2009.jpg p00\right\2009.jpg p00\grid\2009.jpg day21/0206.jpg right 388.0,349.0 0.029887384,0.029395249 44.6993,13.266258,479.9876 0.2238053125,0.22380524999999998 574,296,859,581 609,369,685,414 748,368,824,413
p00\face\2010.jpg p00\left\2010.jpg p00\right\2010.jpg p00\grid\2010.jpg day16/0352.jpg right 247.0,623.0 0.059906952,0.22404914 12.938298,-20.306015,407.48895 0.2238053125,0.22380524999999998 490,203,823,536 532,291,617,342 694,287,782,339
p00\face\2011.jpg p00\left\2011.jpg p00\right\2011.jpg p00\grid\2011.jpg day26/0188.jpg right 63.0,370.0 0.1414806,0.2251566 13.723956,15.41635,586.2157 0.2238053125,0.22380524999999998 538,315,766,543 563,380,621,414 672,364,735,401
p00\face\2012.jpg p00\left\2012.jpg p00\right\2012.jpg p00\grid\2012.jpg day22/0011.jpg right 638.0,247.0 -0.04135618,0.3740773 15.89579,16.689417,434.90958 0.2238053125,0.22380524999999998 505,298,817,610 542,376,626,426 696,379,777,427
p00\face\2013.jpg p00\left\2013.jpg p00\right\2013.jpg p00\grid\2013.jpg day03/0638.jpg right 1113.0,181.0 0.35563228,-0.06586844 7.776677,-2.225493,381.8324 0.2238053125,0.22380524999999998 482,249,816,583 519,330,612,385 684,330,772,382
p00\face\2014.jpg p00\left\2014.jpg p00\right\2014.jpg p00\grid\2014.jpg day24/0780.jpg right 12.0,196.0 0.1998232,0.02046533 -22.265543,-16.610394,415.77734 0.2238053125,0.22380524999999998 417,220,733,536 455,305,536,353 605,291,695,345
p00\face\2015.jpg p00\left\2015.jpg p00\right\2015.jpg p00\grid\2015.jpg day02/0363.jpg right 379.0,420.0 0.300079,0.032403197 17.07361,19.968525,390.37204 0.2238053125,0.22380524999999998 504,306,838,640 543,388,634,442 707,386,795,438
p00\face\2016.jpg p00\left\2016.jpg p00\right\2016.jpg p00\grid\2016.jpg day16/0177.jpg right 1073.0,382.0 -0.008799658,0.36778632 35.867165,20.191017,441.08267 0.2238053125,0.22380524999999998 552,308,858,614 589,383,670,431 739,388,820,436
p00\face\2017.jpg p00\left\2017.jpg p00\right\2017.jpg p00\grid\2017.jpg day25/0578.jpg right 32.0,620.0 -0.0964518,0.0034043654 26.24424,-18.664745,412.59726 0.2238053125,0.22380524999999998 526,213,847,534 566,293,650,343 724,293,808,343
p00\face\2018.jpg p00\left\2018.jpg p00\right\2018.jpg p00\grid\2018.jpg day37/0398.jpg right 1093.0,398.0 0.16885452,0.107611254 -21.909641,9.771534,419.92688 0.2238053125,0.22380524999999998 418,285,731,598 458,367,537,414 606,357,694,409
p00\face\2019.jpg p00\left\2019.jpg p00\right\2019.jpg p00\grid\2019.jpg day30/0080.jpg right 980.0,274.0 0.11046145,0.056979418 -14.033655,17.168695,425.70386 0.2238053125,0.22380524999999998 435,300,750,615 474,380,556,429 627,377,712,428
p00\face\2020.jpg p00\left\2020.jpg p00\right\2020.jpg p00\grid\2020.jpg day15/0275.jpg right 941.0,252.0 0.08238482,0.39963064 -9.706729,13.125581,511.1528 0.2238053125,0.22380524999999998 484,302,743,561 509,382,576,422 633,355,705,398
p00\face\2021.jpg p00\left\2021.jpg p00\right\2021.jpg p00\grid\2021.jpg day13/0100.jpg right 1196.0,71.0 0.36351618,0.091155745 55.990906,42.83576,470.2101 0.2238053125,0.22380524999999998 610,365,886,641 641,439,710,480 774,425,849,470
p00\face\2022.jpg p00\left\2022.jpg p00\right\2022.jpg p00\grid\2022.jpg day10/0689.jpg right 92.0,528.0 -0.036500014,0.27089927 47.700848,86.70948,579.98944 0.2238053125,0.22380524999999998 589,437,820,668 617,492,680,529 733,497,791,531
p00\face\2023.jpg p00\left\2023.jpg p00\right\2023.jpg p00\grid\2023.jpg day19/0563.jpg right 243.0,550.0 0.011441256,0.32191864 -35.515144,-10.705594,507.6825 0.2238053125,0.22380524999999998 419,252,689,522 454,323,523,364 585,321,658,364
p00\face\2024.jpg p00\left\2024.jpg p00\right\2024.jpg p00\grid\2024.jpg day11/0026.jpg right 1236.0,644.0 0.08030485,0.061840985 34.553726,-27.209017,449.93704 0.2238053125,0.22380524999999998 563,206,857,500 591,295,666,340 732,265,813,313
p00\face\2025.jpg p00\left\2025.jpg p00\right\2025.jpg p00\grid\2025.jpg day23/0167.jpg right 1259.0,749.0 0.21193086,0.32730773 -9.782207,-10.042048,429.08957 0.2238053125,0.22380524999999998 450,242,751,543 493,321,565,364 635,312,720,363
p00\face\2026.jpg p00\left\2026.jpg p00\right\2026.jpg p00\grid\2026.jpg day09/0583.jpg right 39.0,110.0 0.044164345,0.19481997 21.219276,84.25036,661.29913 0.2238053125,0.22380524999999998 556,424,758,626 580,477,634,509 679,472,733,504
p00\face\2027.jpg p00\left\2027.jpg p00\right\2027.jpg p00\grid\2027.jpg day30/0576.jpg right 500.0,480.0 0.013006132,0.41666108 32.50356,4.320359,421.17233 0.2238053125,0.22380524999999998 538,265,860,587 578,344,668,398 737,352,822,403
p00\face\2028.jpg p00\left\2028.jpg p00\right\2028.jpg p00\grid\2028.jpg day38/0226.jpg right 297.0,782.0 0.054835737,0.370491 36.590366,28.977777,466.30035 0.2238053125,0.22380524999999998 561,329,850,618 593,407,669,452 735,399,811,444
p00\face\2029.jpg p00\left\2029.jpg p00\right\2029.jpg p00\grid\2029.jpg day17/0466.jpg right 731.0,631.0 0.06341462,0.32236394 16.02853,-10.184702,477.1248 0.2238053125,0.22380524999999998 514,247,799,532 552,320,625,363 689,321,767,367
p00\face\2030.jpg p00\left\2030.jpg p00\right\2030.jpg p00\grid\2030.jpg day11/0202.jpg right 827.0,176.0 0.20093693,0.13397221 22.162424,12.099627,484.37512 0.2238053125,0.22380524999999998 525,297,802,574 566,357,641,402 700,375,776,420
p00\face\2031.jpg p00\left\2031.jpg p00\right\2031.jpg p00\grid\2031.jpg day21/0037.jpg right 877.0,557.0 -0.0122603215,0.10518437 29.836266,2.951064,484.26254 0.2238053125,0.22380524999999998 548,278,825,555 581,349,654,392 717,347,790,390
p00\face\2032.jpg p00\left\2032.jpg p00\right\2032.jpg p00\grid\2032.jpg day14/0034.jpg right 1275.0,150.0 -0.12205343,0.2843662 34.124233,23.275534,409.68256 0.2238053125,0.22380524999999998 549,314,874,639 581,398,672,452 743,391,827,441
p00\face\2033.jpg p00\left\2033.jpg p00\right\2033.jpg p00\grid\2033.jpg day07/0066.jpg right 535.0,746.0 0.032495007,0.21540858 8.630275,42.76491,485.45297 0.2238053125,0.22380524999999998 509,360,786,637 538,438,610,481 674,422,747,465
p00\face\2034.jpg p00\left\2034.jpg p00\right\2034.jpg p00\grid\2034.jpg day02/0352.jpg right 895.0,111.0 0.2670205,0.08783943 19.102201,39.21035,489.54938 0.2238053125,0.22380524999999998 530,355,800,625 563,423,635,466 692,419,767,464
p00\face\2035.jpg p00\left\2035.jpg p00\right\2035.jpg p00\grid\2035.jpg day04/0553.jpg right 110.0,401.0 0.20528378,0.021230489 3.633764,-7.917549,453.01288 0.2238053125,0.22380524999999998 488,251,779,542 524,323,600,368 666,323,744,369
p00\face\2036.jpg p00\left\2036.jpg p00\right\2036.jpg p00\grid\2036.jpg day03/0907.jpg right 514.0,205.0 0.3800515,-0.060663354 15.036053,-15.784766,432.85822 0.2238053125,0.22380524999999998 516,232,810,526 550,305,629,352 694,301,772,347
p00\face\2037.jpg p00\left\2037.jpg p00\right\2037.jpg p00\grid\2037.jpg day38/0416.jpg right 988.0,635.0 0.07716539,0.1572114 38.28808,-7.013955,459.94275 0.2238053125,0.22380524999999998 558,251,852,545 597,323,673,368 740,328,819,375
p00\face\2038.jpg p00\left\2038.jpg p00\right\2038.jpg p00\grid\2038.jpg day01/0444.jpg right 963.0,247.0 0.2636608,0.14532109 -5.034278,71.322586,547.9878 0.2238053125,0.22380524999999998 498,416,736,654 528,477,589,513 641,471,708,511
p00\face\2039.jpg p00\left\2039.jpg p00\right\2039.jpg p00\grid\2039.jpg day25/0260.jpg right 429.0,319.0 0.15509185,0.09780031 11.008449,-0.841791,392.22565 0.2238053125,0.22380524999999998 483,249,825,591 526,338,613,390 690,331,784,387
p00\face\2040.jpg p00\left\2040.jpg p00\right\2040.jpg p00\grid\2040.jpg day23/0850.jpg right 743.0,135.0 0.42669028,0.010825128 40.51346,-7.550909,369.71634 0.2238053125,0.22380524999999998 561,231,907,577 607,313,697,367 773,316,869,373
p00\face\2041.jpg p00\left\2041.jpg p00\right\2041.jpg p00\grid\2041.jpg day29/0836.jpg right 888.0,333.0 -0.009300811,0.030163446 18.619806,-36.79243,496.5267 0.2238053125,0.22380524999999998 527,200,798,471 559,271,632,314 691,266,764,309
p00\face\2042.jpg p00\left\2042.jpg p00\right\2042.jpg p00\grid\2042.jpg day24/0003.jpg right 908.0,42.0 -0.24717277,0.17526174 26.40188,39.294506,368.23004 0.2238053125,0.22380524999999998 519,357,871,709 557,439,662,502 726,438,826,498
p00\face\2043.jpg p00\left\2043.jpg p00\right\2043.jpg p00\grid\2043.jpg day23/0715.jpg right 149.0,581.0 0.041184235,0.25639203 16.9078,24.192272,435.98203 0.2238053125,0.22380524999999998 508,317,818,627 547,397,626,444 699,394,780,442
p00\face\2044.jpg p00\left\2044.jpg p00\right\2044.jpg p00\grid\2044.jpg day29/0385.jpg right 903.0,329.0 0.04693563,0.39553183 -3.461774,27.268503,493.5677 0.2238053125,0.22380524999999998 482,327,756,601 515,401,585,443 647,393,722,438
p00\face\2045.jpg p00\left\2045.jpg p00\right\2045.jpg p00\grid\2045.jpg day04/0324.jpg right 594.0,309.0 0.038324527,0.24692306 16.374369,84.251724,657.8876 0.2238053125,0.22380524999999998 550,425,752,627 573,479,625,510 672,472,726,504
p00\face\2046.jpg p00\left\2046.jpg p00\right\2046.jpg p00\grid\2046.jpg day33/0001.jpg right 697.0,586.0 0.06522053,0.48522788 11.897532,-18.94036,430.88068 0.2238053125,0.22380524999999998 494,209,813,528 532,299,616,349 688,291,773,342
p00\face\2047.jpg p00\left\2047.jpg p00\right\2047.jpg p00\grid\2047.jpg day08/0111.jpg right 826.0,482.0 0.09703585,0.011424343 -30.499334,40.83254,432.02478 0.2238053125,0.22380524999999998 413,359,714,660 442,446,520,492 588,422,669,470
p00\face\2048.jpg p00\left\2048.jpg p00\right\2048.jpg p00\grid\2048.jpg day27/0342.jpg right 423.0,676.0 0.04921841,0.91436785 16.812187,33.145737,398.5336 0.2238053125,0.22380524999999998 484,306,853,675 526,419,628,480 706,416,805,475
p00\face\2049.jpg p00\left\2049.jpg p00\right\2049.jpg p00\grid\2049.jpg day13/0603.jpg right 743.0,63.0 -0.10656619,0.31429344 8.645005,43.966736,480.0516 0.2238053125,0.22380524999999998 501,363,781,643 535,428,616,476 665,432,750,483
p00\face\2050.jpg p00\left\2050.jpg p00\right\2050.jpg p00\grid\2050.jpg day14/0445.jpg right 1051.0,275.0 0.050123,0.0481829 9.433261,-1.011272,435.74338 0.2238053125,0.22380524999999998 493,258,805,570 529,340,611,389 678,332,765,384
p00\face\2051.jpg p00\left\2051.jpg p00\right\2051.jpg p00\grid\2051.jpg day20/0115.jpg right 65.0,596.0 0.13533239,0.058284715 7.126553,-14.955017,421.1081 0.2238053125,0.22380524999999998 483,223,802,542 523,307,604,355 677,299,764,351
p00\face\2052.jpg p00\left\2052.jpg p00\right\2052.jpg p00\grid\2052.jpg day23/0282.jpg right 545.0,362.0 0.15969124,0.05749585 15.89284,0.654339,428.45572 0.2238053125,0.22380524999999998 505,262,818,575 545,342,626,390 695,338,782,390
p00\face\2053.jpg p00\left\2053.jpg p00\right\2053.jpg p00\grid\2053.jpg day02/0018.jpg right 656.0,203.0 0.2416274,0.07617206 15.425815,33.551975,499.5111 0.2238053125,0.22380524999999998 525,344,789,608 558,412,625,452 685,407,757,450
p00\face\2054.jpg p00\left\2054.jpg p00\right\2054.jpg p00\grid\2054.jpg day22/0624.jpg right 236.0,170.0 0.032887194,0.3221308 24.18278,1.613673,445.87253 0.2238053125,0.22380524999999998 526,264,833,571 562,345,643,393 713,342,794,390
p00\face\2055.jpg p00\left\2055.jpg p00\right\2055.jpg p00\grid\2055.jpg day34/0483.jpg right 395.0,337.0 -0.019319586,0.072406664 -0.379173,-18.347818,426.9552 0.2238053125,0.22380524999999998 467,216,783,532 504,299,588,349 659,293,743,343
p00\face\2056.jpg p00\left\2056.jpg p00\right\2056.jpg p00\grid\2056.jpg day21/0067.jpg right 798.0,160.0 0.33094934,-0.057246394 38.878624,-19.446201,367.66934 0.2238053125,0.22380524999999998 555,195,909,549 598,282,691,337 770,282,866,339
p00\face\2057.jpg p00\left\2057.jpg p00\right\2057.jpg p00\grid\2057.jpg day29/0123.jpg right 1169.0,292.0 0.16956514,-0.015770592 13.97022,-40.92187,428.2442 0.2238053125,0.22380524999999998 501,167,810,476 543,242,621,288 692,246,776,296
p00\face\2058.jpg p00\left\2058.jpg p00\right\2058.jpg p00\grid\2058.jpg day07/0009.jpg right 150.0,185.0 0.20129664,0.18073596 28.074099,20.856497,456.1391 0.2238053125,0.22380524999999998 539,313,833,607 577,388,652,433 718,384,799,432
p00\face\2059.jpg p00\left\2059.jpg p00\right\2059.jpg p00\grid\2059.jpg day23/0393.jpg right 51.0,354.0 0.11477288,0.12489973 7.422878,3.249459,418.66293 0.2238053125,0.22380524999999998 478,266,799,587 523,343,605,392 678,350,765,402
p00\face\2060.jpg p00\left\2060.jpg p00\right\2060.jpg p00\grid\2060.jpg day02/0479.jpg right 666.0,142.0 0.38906187,0.022919733 34.663414,-3.277719,447.6388 0.2238053125,0.22380524999999998 559,264,845,550 595,332,670,377 736,334,811,379
p00\face\2061.jpg p00\left\2061.jpg p00\right\2061.jpg p00\grid\2061.jpg day37/0569.jpg right 853.0,732.0 0.06465986,0.08841214 -4.800068,7.622431,454.22366 0.2238053125,0.22380524999999998 466,282,763,579 503,358,581,404 646,355,727,403
p00\face\2062.jpg p00\left\2062.jpg p00\right\2062.jpg p00\grid\2062.jpg day15/0069.jpg right 49.0,481.0 -0.038734898,-0.15135665 6.879824,-10.167458,450.94415 0.2238053125,0.22380524999999998 492,242,789,539 531,324,604,367 672,313,754,362
p00\face\2063.jpg p00\left\2063.jpg p00\right\2063.jpg p00\grid\2063.jpg day10/0463.jpg right 485.0,625.0 -0.06231423,0.29092473 3.398664,35.638496,540.3701 0.2238053125,0.22380524999999998 507,346,759,598 534,413,603,454 659,407,725,446
p00\face\2064.jpg p00\left\2064.jpg p00\right\2064.jpg p00\grid\2064.jpg day09/0905.jpg right 350.0,87.0 -0.0053895265,0.14062881 -33.467316,-0.081805,546.65955 0.2238053125,0.22380524999999998 442,282,688,528 471,346,537,385 590,341,657,381
p00\face\2065.jpg p00\left\2065.jpg p00\right\2065.jpg p00\grid\2065.jpg day12/0478.jpg right 1107.0,465.0 0.01983081,0.06031475 20.330318,-22.016525,470.87292 0.2238053125,0.22380524999999998 527,223,812,508 561,298,634,341 699,292,775,337
p00\face\2066.jpg p00\left\2066.jpg p00\right\2066.jpg p00\grid\2066.jpg day15/0007.jpg right 323.0,771.0 0.038588945,0.265746 -14.578226,10.153656,472.32388 0.2238053125,0.22380524999999998 448,290,736,578 487,363,560,406 626,363,704,409
p00\face\2067.jpg p00\left\2067.jpg p00\right\2067.jpg p00\grid\2067.jpg day21/0164.jpg right 260.0,301.0 -0.0036116417,-0.09164374 9.509554,-43.873512,482.7799 0.2238053125,0.22380524999999998 502,178,785,461 536,251,612,296 675,251,750,296
p00\face\2068.jpg p00\left\2068.jpg p00\right\2068.jpg p00\grid\2068.jpg day35/0057.jpg right 101.0,799.0 -0.014462986,0.20924686 1.859103,-9.87082,455.67142 0.2238053125,0.22380524999999998 479,243,777,541 516,319,594,365 663,320,741,366
p00\face\2069.jpg p00\left\2069.jpg p00\right\2069.jpg p00\grid\2069.jpg day36/0706.jpg right 170.0,311.0 0.13681437,0.07920444 -27.448715,14.016542,401.4654 0.2238053125,0.22380524999999998 392,290,723,621 433,374,520,426 594,369,684,423
p00\face\2070.jpg p00\left\2070.jpg p00\right\2070.jpg p00\grid\2070.jpg day17/0656.jpg right 1268.0,190.0 0.1792632,0.0693727 17.722271,-10.02952,437.64578 0.2238053125,0.22380524999999998 516,242,819,545 553,321,629,366 698,312,782,362
p00\face\2071.jpg p00\left\2071.jpg p00\right\2071.jpg p00\grid\2071.jpg day33/0556.jpg right 443.0,124.0 -0.0690701,0.07659505 8.736424,-11.956467,404.51706 0.2238053125,0.22380524999999998 484,226,814,556 520,311,610,365 681,304,769,356
p00\face\2072.jpg p00\left\2072.jpg p00\right\2072.jpg p00\grid\2072.jpg day28/0409.jpg right 266.0,786.0 0.07385303,0.23158458 21.850504,1.490667,480.85074 0.2238053125,0.22380524999999998 529,271,815,557 562,349,637,394 701,340,779,386
p00\face\2073.jpg p00\left\2073.jpg p00\right\2073.jpg p00\grid\2073.jpg day17/0205.jpg right 105.0,717.0 0.14843145,0.36082292 24.235481,19.0471,441.06613 0.2238053125,0.22380524999999998 526,305,832,611 566,386,642,431 714,381,796,430
p00\face\2074.jpg p00\left\2074.jpg p00\right\2074.jpg p00\grid\2074.jpg day29/0578.jpg right 1136.0,314.0 0.16944253,0.2170753 -12.060235,-44.62419,448.74075 0.2238053125,0.22380524999999998 450,165,750,465 489,250,561,293 631,234,715,284
p00\face\2075.jpg p00\left\2075.jpg p00\right\2075.jpg p00\grid\2075.jpg day14/0050.jpg right 966.0,331.0 -0.017577283,0.10386085 14.676595,3.237274,429.97018 0.2238053125,0.22380524999999998 500,267,815,582 539,344,624,395 692,347,777,398
p00\face\2076.jpg p00\left\2076.jpg p00\right\2076.jpg p00\grid\2076.jpg day10/0177.jpg right 865.0,791.0 0.10835246,0.30920327 -10.726887,53.577206,557.46564 0.2238053125,0.22380524999999998 492,381,730,619 517,451,578,487 631,430,697,469
p00\face\2077.jpg p00\left\2077.jpg p00\right\2077.jpg p00\grid\2077.jpg day14/0037.jpg right 1133.0,17.0 -0.11324289,0.2534782 33.654427,23.128428,408.11856 0.2238053125,0.22380524999999998 547,313,874,640 580,398,671,452 742,390,827,441
p00\face\2078.jpg p00\left\2078.jpg p00\right\2078.jpg p00\grid\2078.jpg day22/0216.jpg right 999.0,151.0 -0.0118570635,0.09104278 10.090772,-11.153337,486.15918 0.2238053125,0.22380524999999998 506,248,785,527 540,320,613,363 677,319,750,362
p00\face\2079.jpg p00\left\2079.jpg p00\right\2079.jpg p00\grid\2079.jpg day37/0091.jpg right 685.0,418.0 0.12167818,0.035818823 -3.748639,16.110346,435.2522 0.2238053125,0.22380524999999998 464,299,771,606 500,378,582,427 650,373,732,422
p00\face\2080.jpg p00\left\2080.jpg p00\right\2080.jpg p00\grid\2080.jpg day09/0403.jpg right 221.0,589.0 0.13931689,0.4285388 47.103054,69.09957,615.29785 0.2238053125,0.22380524999999998 593,402,812,621 618,462,675,496 725,455,783,489
p00\face\2081.jpg p00\left\2081.jpg p00\right\2081.jpg p00\grid\2081.jpg day24/0467.jpg right 464.0,636.0 0.09851144,0.20735154 8.510334,38.596638,535.268 0.2238053125,0.22380524999999998 517,352,770,605 546,422,612,461 667,409,737,451
p00\face\2082.jpg p00\left\2082.jpg p00\right\2082.jpg p00\grid\2082.jpg day35/0160.jpg right 598.0,608.0 -0.078125566,0.03950342 11.047677,-12.972669,420.46616 0.2238053125,0.22380524999999998 489,227,810,548 527,306,615,358 686,309,770,359
p00\face\2083.jpg p00\left\2083.jpg p00\right\2083.jpg p00\grid\2083.jpg day33/0207.jpg right 919.0,262.0 0.04064286,0.31312206 1.429238,47.18581,560.4477 0.2238053125,0.22380524999999998 508,368,749,609 536,432,599,469 654,426,718,464
p00\face\2084.jpg p00\left\2084.jpg p00\right\2084.jpg p00\grid\2084.jpg day09/0694.jpg right 1246.0,393.0 0.08750289,0.06533112 16.538212,-23.807917,493.3116 0.2238053125,0.22380524999999998 525,225,798,498 556,300,626,342 687,288,762,333
p00\face\2085.jpg p00\left\2085.jpg p00\right\2085.jpg p00\grid\2085.jpg day04/0700.jpg right 49.0,259.0 0.2026869,0.005622751 14.435676,-16.936262,443.18698 0.2238053125,0.22380524999999998 507,228,804,525 546,299,625,346 691,304,770,351
p00\face\2086.jpg p00\left\2086.jpg p00\right\2086.jpg p00\grid\2086.jpg day03/0016.jpg right 1114.0,408.0 0.06408849,0.13662185 4.787599,24.650393,490.11884 0.2238053125,0.22380524999999998 499,324,772,597 532,394,602,436 665,390,738,433
p00\face\2087.jpg p00\left\2087.jpg p00\right\2087.jpg p00\grid\2087.jpg day19/0522.jpg right 184.0,756.0 -0.0006065031,0.23034893 1.737743,-33.746315,455.333 0.2238053125,0.22380524999999998 483,191,780,488 514,269,602,321 654,259,741,311
p00\face\2088.jpg p00\left\2088.jpg p00\right\2088.jpg p00\grid\2088.jpg day26/0627.jpg right 918.0,367.0 0.3051787,0.11796568 0.914187,23.552229,366.97064 0.2238053125,0.22380524999999998 456,315,807,666 501,407,586,458 666,392,765,451
p00\face\2089.jpg p00\left\2089.jpg p00\right\2089.jpg p00\grid\2089.jpg day01/0038.jpg right 211.0,69.0 -0.1266917,0.1727729 29.575033,23.892778,507.3558 0.2238053125,0.22380524999999998 553,325,814,586 582,391,654,434 712,389,779,429
p00\face\2090.jpg p00\left\2090.jpg p00\right\2090.jpg p00\grid\2090.jpg day33/0728.jpg right 340.0,406.0 -0.011922491,0.4725889 27.704063,3.089788,388.03033 0.2238053125,0.22380524999999998 521,258,861,598 567,338,655,390 735,353,823,405
p00\face\2091.jpg p00\left\2091.jpg p00\right\2091.jpg p00\grid\2091.jpg day17/0005.jpg right 390.0,156.0 0.09666997,0.10202686 5.66356,-4.348394,471.9304 0.2238053125,0.22380524999999998 492,259,780,547 529,332,604,377 668,332,747,379
p00\face\2092.jpg p00\left\2092.jpg p00\right\2092.jpg p00\grid\2092.jpg day25/0712.jpg right 1108.0,25.0 0.20347393,0.024380382 -23.57112,1.6979,442.06015 0.2238053125,0.22380524999999998 429,271,724,566 462,350,540,396 603,337,685,386
p00\face\2093.jpg p00\left\2093.jpg p00\right\2093.jpg p00\grid\2093.jpg day08/0575.jpg right 5.0,628.0 -0.01589996,0.29182008 35.54612,36.06998,412.21613 0.2238053125,0.22380524999999998 546,346,868,668 588,421,672,471 748,431,830,480
p00\face\2094.jpg p00\left\2094.jpg p00\right\2094.jpg p00\grid\2094.jpg day01/0124.jpg right 248.0,66.0 -0.14163882,0.16046421 27.662258,15.026944,463.55054 0.2238053125,0.22380524999999998 541,305,823,587 575,371,651,416 717,377,787,419
p00\face\2095.jpg p00\left\2095.jpg p00\right\2095.jpg p00\grid\2095.jpg day28/0456.jpg right 1119.0,433.0 0.01868551,0.2518805 -5.310314,14.688577,427.35883 0.2238053125,0.22380524999999998 461,296,773,608 496,382,575,429 646,365,731,416
p00\face\2096.jpg p00\left\2096.jpg p00\right\2096.jpg p00\grid\2096.jpg day23/0528.jpg right 28.0,292.0 0.30982986,0.03395198 27.418646,-3.21489,405.93637 0.2238053125,0.22380524999999998 530,251,852,573 571,326,658,378 730,332,815,383
p00\face\2097.jpg p00\left\2097.jpg p00\right\2097.jpg p00\grid\2097.jpg day24/0566.jpg right 619.0,780.0 -0.029976834,0.64133584 18.911709,42.99274,533.90137 0.2238053125,0.22380524999999998 534,358,783,607 564,421,633,462 688,427,752,465
p00\face\2098.jpg p00\left\2098.jpg p00\right\2098.jpg p00\grid\2098.jpg day32/0426.jpg right 658.0,577.0 0.110061236,0.055849407 1.14604,6.089474,398.76007 0.2238053125,0.22380524999999998 461,268,797,604 502,354,589,406 665,350,756,404
p00\face\2099.jpg p00\left\2099.jpg p00\right\2099.jpg p00\grid\2099.jpg day01/0119.jpg right 421.0,790.0 0.027353633,0.065824494 28.094824,10.075986,477.5448 0.2238053125,0.22380524999999998 541,292,823,574 576,361,651,406 714,364,789,409
p00\face\2100.jpg p00\left\2100.jpg p00\right\2100.jpg p00\grid\2100.jpg day29/0705.jpg right 648.0,328.0 0.039695278,-0.025387604 -1.732647,-29.282637,410.58978 0.2238053125,0.22380524999999998 457,184,784,511 498,267,583,318 656,266,744,318
p00\face\2101.jpg p00\left\2101.jpg p00\right\2101.jpg p00\grid\2101.jpg day11/0334.jpg right 261.0,499.0 -0.009571928,0.3092099 11.239094,55.05651,596.3718 0.2238053125,0.22380524999999998 526,381,752,607 558,433,618,469 668,443,729,479
p00\face\2102.jpg p00\left\2102.jpg p00\right\2102.jpg p00\grid\2102.jpg day31/0671.jpg right 537.0,4.0 0.19539614,0.07886368 -3.190887,4.075248,411.71393 0.2238053125,0.22380524999999998 456,268,778,590 498,349,582,399 652,346,742,400
p00\face\2103.jpg p00\left\2103.jpg p00\right\2103.jpg p00\grid\2103.jpg day10/0490.jpg right 348.0,586.0 0.12539044,0.3478174 17.159344,14.76871,449.45444 0.2238053125,0.22380524999999998 516,297,816,597 551,381,627,426 695,365,777,414
p00\face\2104.jpg p00\left\2104.jpg p00\right\2104.jpg p00\grid\2104.jpg day17/1031.jpg right 223.0,555.0 0.0036939275,0.24840805 14.666516,-19.227068,395.0672 0.2238053125,0.22380524999999998 491,202,831,542 533,289,621,341 700,289,790,343
p00\face\2105.jpg p00\left\2105.jpg p00\right\2105.jpg p00\grid\2105.jpg day38/0442.jpg right 593.0,103.0 0.06930662,0.1413969 11.118336,16.45996,469.8431 0.2238053125,0.22380524999999998 504,304,792,592 540,376,615,421 680,376,758,422
p00\face\2106.jpg p00\left\2106.jpg p00\right\2106.jpg p00\grid\2106.jpg day30/0430.jpg right 273.0,633.0 -0.032411024,0.7182675 -3.82138,4.712909,364.26297 0.2238053125,0.22380524999999998 428,248,794,614 475,343,575,403 653,351,752,410
p00\face\2107.jpg p00\left\2107.jpg p00\right\2107.jpg p00\grid\2107.jpg day13/0419.jpg right 502.0,618.0 0.18070924,-0.008713372 -19.812117,-9.188788,491.50943 0.2238053125,0.22380524999999998 450,255,723,528 482,324,561,371 608,318,690,367
p00\face\2108.jpg p00\left\2108.jpg p00\right\2108.jpg p00\grid\2108.jpg day18/0069.jpg right 941.0,375.0 0.054216903,0.56800103 12.119603,46.2659,404.47092 0.2238053125,0.22380524999999998 494,370,819,695 530,455,621,509 691,448,776,499
p00\face\2109.jpg p00\left\2109.jpg p00\right\2109.jpg p00\grid\2109.jpg day02/0858.jpg right 1206.0,554.0 -0.012371786,0.1398146 35.23829,26.712048,507.33948 0.2238053125,0.22380524999999998 562,330,824,592 594,396,663,437 722,394,792,436
p00\face\2110.jpg p00\left\2110.jpg p00\right\2110.jpg p00\grid\2110.jpg day17/1000.jpg right 223.0,21.0 0.20126006,0.0971416 -31.765388,-18.635336,443.44757 0.2238053125,0.22380524999999998 404,224,702,522 444,300,519,345 586,296,670,346
p00\face\2111.jpg p00\left\2111.jpg p00\right\2111.jpg p00\grid\2111.jpg day04/0913.jpg right 623.0,740.0 -0.1003261,0.18206173 15.466932,8.544712,493.9034 0.2238053125,0.22380524999999998 521,292,792,563 552,360,625,403 686,359,756,401
p00\face\2112.jpg p00\left\2112.jpg p00\right\2112.jpg p00\grid\2112.jpg day04/0017.jpg right 887.0,75.0 0.31562176,-0.00608734 9.170211,-16.06557,467.06317 0.2238053125,0.22380524999999998 506,239,783,516 542,308,614,351 675,306,751,351
p00\face\2113.jpg p00\left\2113.jpg p00\right\2113.jpg p00\grid\2113.jpg day23/0699.jpg right 386.0,377.0 -0.0069233254,0.052606065 19.736715,-5.823118,370.26358 0.2238053125,0.22380524999999998 496,228,859,591 540,319,637,377 717,318,814,376
p00\face\2114.jpg p00\left\2114.jpg p00\right\2114.jpg p00\grid\2114.jpg day31/0622.jpg right 830.0,618.0 0.074899316,-0.00362739 -8.30876,-11.518156,423.1531 0.2238053125,0.22380524999999998 445,231,763,549 487,311,568,359 639,312,727,364
p00\face\2115.jpg p00\left\2115.jpg p00\right\2115.jpg p00\grid\2115.jpg day16/1020.jpg right 185.0,207.0 0.18111812,0.023406299 4.349288,-13.710284,420.34418 0.2238053125,0.22380524999999998 474,226,793,545 516,304,601,355 670,306,757,358
p00\face\2116.jpg p00\left\2116.jpg p00\right\2116.jpg p00\grid\2116.jpg day19/0016.jpg right 271.0,412.0 0.10344397,0.1544215 23.198578,32.210304,444.50168 0.2238053125,0.22380524999999998 524,336,827,639 564,413,640,458 711,413,792,461
p00\face\2117.jpg p00\left\2117.jpg p00\right\2117.jpg p00\grid\2117.jpg day14/0150.jpg right 122.0,468.0 0.05692142,0.214608 3.512072,15.788855,432.48932 0.2238053125,0.22380524999999998 478,300,785,607 518,377,596,423 668,376,749,424
p00\face\2118.jpg p00\left\2118.jpg p00\right\2118.jpg p00\grid\2118.jpg day24/0108.jpg right 428.0,713.0 -0.043147676,0.29864478 6.699481,15.428474,405.8655 0.2238053125,0.22380524999999998 475,293,805,623 515,374,603,426 680,379,764,429
p00\face\2119.jpg p00\left\2119.jpg p00\right\2119.jpg p00\grid\2119.jpg day19/0042.jpg right 1209.0,468.0 0.12084909,0.17574583 -4.238411,-13.463894,431.99792 0.2238053125,0.22380524999999998 466,232,772,538 502,317,577,362 649,301,733,351
p00\face\2120.jpg p00\left\2120.jpg p00\right\2120.jpg p00\grid\2120.jpg day34/0718.jpg right 103.0,209.0 0.2476916,-0.008789713 22.062822,-11.45886,371.90668 0.2238053125,0.22380524999999998 505,216,860,571 551,300,647,357 724,307,820,364
p00\face\2121.jpg p00\left\2121.jpg p00\right\2121.jpg p00\grid\2121.jpg day36/0136.jpg right 853.0,334.0 0.03183259,0.13454238 -7.877525,-23.923748,427.675 0.2238053125,0.22380524999999998 448,203,764,519 488,285,569,333 640,281,727,333
p00\face\2122.jpg p00\left\2122.jpg p00\right\2122.jpg p00\grid\2122.jpg day33/0107.jpg right 1168.0,746.0 0.06713535,0.25646406 8.061512,13.427642,498.73245 0.2238053125,0.22380524999999998 505,301,776,572 539,371,609,413 671,368,744,411
p00\face\2123.jpg p00\left\2123.jpg p00\right\2123.jpg p00\grid\2123.jpg day23/0472.jpg right 71.0,255.0 0.04138024,0.070615746 30.059868,18.696625,443.22333 0.2238053125,0.22380524999999998 536,304,842,610 576,378,657,426 726,385,807,433
p00\face\2124.jpg p00\left\2124.jpg p00\right\2124.jpg p00\grid\2124.jpg day16/0392.jpg right 1237.0,179.0 0.041183416,0.15273458 25.631128,-13.928241,445.66364 0.2238053125,0.22380524999999998 530,232,833,535 568,309,647,356 715,309,796,357
p00\face\2125.jpg p00\left\2125.jpg p00\right\2125.jpg p00\grid\2125.jpg day03/0461.jpg right 1057.0,207.0 -0.32295367,0.2209873 15.170657,93.53179,524.6997 0.2238053125,0.22380524999999998 529,463,773,707 555,516,633,562 677,523,741,561
p00\face\2126.jpg p00\left\2126.jpg p00\right\2126.jpg p00\grid\2126.jpg day03/0348.jpg right 321.0,731.0 -0.371977,0.17826055 9.222646,96.35379,517.80145 0.2238053125,0.22380524999999998 517,472,758,713 547,523,617,565 667,533,730,570
p00\face\2127.jpg p00\left\2127.jpg p00\right\2127.jpg p00\grid\2127.jpg day24/0479.jpg right 1087.0,76.0 -0.04104177,0.1324634 20.927116,36.565765,522.38226 0.2238053125,0.22380524999999998 536,348,794,606 566,414,635,455 692,411,761,452
p00\face\2128.jpg p00\left\2128.jpg p00\right\2128.jpg p00\grid\2128.jpg day13/0734.jpg right 208.0,38.0 0.07850287,0.036999147 50.004814,23.218124,508.75488 0.2238053125,0.22380524999999998 585,319,853,587 621,385,693,428 752,391,824,434
p00\face\2129.jpg p00\left\2129.jpg p00\right\2129.jpg p00\grid\2129.jpg day36/0240.jpg right 1260.0,497.0 0.12177705,0.08045973 24.940168,6.052779,581.32605 0.2238053125,0.22380524999999998 551,298,782,529 581,355,641,391 694,357,755,393
p00\face\2130.jpg p00\left\2130.jpg p00\right\2130.jpg p00\grid\2130.jpg day01/0880.jpg right 554.0,344.0 -0.0970826,0.18075538 26.708643,35.581818,467.7395 0.2238053125,0.22380524999999998 539,348,819,628 575,415,648,458 714,420,786,463
p00\face\2131.jpg p00\left\2131.jpg p00\right\2131.jpg p00\grid\2131.jpg day21/0091.jpg right 945.0,238.0 0.42861328,0.0905335 20.670115,-18.84359,420.47202 0.2238053125,0.22380524999999998 526,226,820,520 570,299,637,339 706,293,791,344
p00\face\2132.jpg p00\left\2132.jpg p00\right\2132.jpg p00\grid\2132.jpg day14/0093.jpg right 831.0,730.0 -0.035241842,0.32035413 1.272318,-4.950219,474.58356 0.2238053125,0.22380524999999998 484,257,772,545 518,331,596,377 658,330,736,376
p00\face\2133.jpg p00\left\2133.jpg p00\right\2133.jpg p00\grid\2133.jpg day28/0151.jpg right 617.0,27.0 0.04777457,0.10151125 -2.350678,10.247404,435.16925 0.2238053125,0.22380524999999998 465,284,777,596 502,366,584,415 653,359,738,410
p00\face\2134.jpg p00\left\2134.jpg p00\right\2134.jpg p00\grid\2134.jpg day12/0197.jpg right 1079.0,603.0 0.14581583,0.017609581 -6.373276,-6.757648,428.50537 0.2238053125,0.22380524999999998 459,247,766,554 496,327,574,373 644,320,728,370
p00\face\2135.jpg p00\left\2135.jpg p00\right\2135.jpg p00\grid\2135.jpg day34/0608.jpg right 771.0,16.0 -0.03926489,0.27496493 17.990261,5.048417,416.18335 0.2238053125,0.22380524999999998 508,268,833,593 543,354,630,406 705,348,789,398
p00\face\2136.jpg p00\left\2136.jpg p00\right\2136.jpg p00\grid\2136.jpg day35/0437.jpg right 727.0,664.0 0.09171158,0.082328714 -6.21159,-9.055716,449.33453 0.2238053125,0.22380524999999998 459,244,760,545 499,321,577,367 644,319,726,368
p00\face\2137.jpg p00\left\2137.jpg p00\right\2137.jpg p00\grid\2137.jpg day17/0897.jpg right 62.0,671.0 -0.39119548,0.26939273 9.034701,27.64334,498.00406 0.2238053125,0.22380524999999998 506,339,753,586 544,374,619,419 668,422,732,460
p00\face\2138.jpg p00\left\2138.jpg p00\right\2138.jpg p00\grid\2138.jpg day19/0213.jpg right 492.0,18.0 0.10861617,0.15959604 6.123451,-6.071282,443.96426 0.2238053125,0.22380524999999998 483,247,792,556 523,327,604,375 672,325,757,376
p00\face\2139.jpg p00\left\2139.jpg p00\right\2139.jpg p00\grid\2139.jpg day19/0127.jpg right 71.0,405.0 0.039198503,0.120908834 23.121773,9.094535,430.56314 0.2238053125,0.22380524999999998 520,282,832,594 560,358,642,407 713,363,795,412
p00\face\2140.jpg p00\left\2140.jpg p00\right\2140.jpg p00\grid\2140.jpg day36/0044.jpg right 181.0,52.0 0.053853817,0.036503658 4.585417,-21.535423,403.20572 0.2238053125,0.22380524999999998 469,201,800,532 511,283,598,335 673,285,761,337
p00\face\2141.jpg p00\left\2141.jpg p00\right\2141.jpg p00\grid\2141.jpg day24/0182.jpg right 467.0,693.0 0.011472289,0.041566726 22.571106,-4.289602,403.47345 0.2238053125,0.22380524999999998 515,242,851,578 553,330,643,384 716,322,807,376
p00\face\2142.jpg p00\left\2142.jpg p00\right\2142.jpg p00\grid\2142.jpg day11/0514.jpg right 338.0,480.0 0.013042107,0.1639066 63.06131,-17.514847,462.81793 0.2238053125,0.22380524999999998 610,227,905,522 646,298,728,347 792,307,870,353
p00\face\2143.jpg p00\left\2143.jpg p00\right\2143.jpg p00\grid\2143.jpg day33/0359.jpg right 57.0,185.0 0.053641364,0.012897133 -21.861277,-11.325237,373.32367 0.2238053125,0.22380524999999998 388,214,748,574 432,307,526,363 605,302,704,361
p00\face\2144.jpg p00\left\2144.jpg p00\right\2144.jpg p00\grid\2144.jpg day25/0043.jpg right 528.0,762.0 0.18138605,0.08805366 -1.534806,12.495767,466.35794 0.2238053125,0.22380524999999998 479,296,765,582 516,370,589,413 653,365,732,412
p00\face\2145.jpg p00\left\2145.jpg p00\right\2145.jpg p00\grid\2145.jpg day04/1197.jpg right 521.0,427.0 0.13723782,0.07934704 2.867123,23.406998,458.2734 0.2238053125,0.22380524999999998 487,319,778,610 522,393,597,438 664,390,742,436
p00\face\2146.jpg p00\left\2146.jpg p00\right\2146.jpg p00\grid\2146.jpg day04/0111.jpg right 562.0,747.0 0.16058956,0.077038854 11.212588,33.621056,465.03372 0.2238053125,0.22380524999999998 507,342,793,628 541,414,617,459 680,411,758,457
p00\face\2147.jpg p00\left\2147.jpg p00\right\2147.jpg p00\grid\2147.jpg day36/0327.jpg right 1270.0,301.0 0.23898941,0.109837204 -27.339075,-22.579012,373.98584 0.2238053125,0.22380524999999998 380,194,720,534 429,277,511,326 590,276,686,333
p00\face\2148.jpg p00\left\2148.jpg p00\right\2148.jpg p00\grid\2148.jpg day13/0686.jpg right 706.0,544.0 0.026342647,0.31255868 2.941516,0.445606,549.8749 0.2238053125,0.22380524999999998 506,282,753,529 537,347,600,384 658,344,724,383
p00\face\2149.jpg p00\left\2149.jpg p00\right\2149.jpg p00\grid\2149.jpg day03/0377.jpg right 1046.0,46.0 0.10890431,0.3300989 -16.80965,17.1094,442.227 0.2238053125,0.22380524999999998 441,305,738,602 478,386,551,429 618,372,702,422
p00\face\2150.jpg p00\left\2150.jpg p00\right\2150.jpg p00\grid\2150.jpg day30/0502.jpg right 4.0,764.0 -0.0146387005,-0.44436514 -3.259877,18.633139,431.13016 0.2238053125,0.22380524999999998 467,302,764,599 504,383,585,431 648,384,729,432
p00\face\2151.jpg p00\left\2151.jpg p00\right\2151.jpg p00\grid\2151.jpg day12/0077.jpg right 42.0,26.0 0.043888163,0.31698012 22.202354,-0.211559,444.8743 0.2238053125,0.22380524999999998 525,263,826,564 560,342,641,390 706,336,788,385
p00\face\2152.jpg p00\left\2152.jpg p00\right\2152.jpg p00\grid\2152.jpg day17/0961.jpg right 190.0,233.0 -0.16255431,0.20623422 36.42063,0.941532,477.2486 0.2238053125,0.22380524999999998 560,274,839,553 592,340,670,386 732,347,802,389
p00\face\2153.jpg p00\left\2153.jpg p00\right\2153.jpg p00\grid\2153.jpg day07/0036.jpg right 820.0,223.0 0.18904997,0.12096126 24.885603,26.320951,469.78973 0.2238053125,0.22380524999999998 536,326,821,611 572,400,645,443 709,394,787,440
p00\face\2154.jpg p00\left\2154.jpg p00\right\2154.jpg p00\grid\2154.jpg day06/0473.jpg right 74.0,285.0 0.16764472,0.08277252 -20.420904,11.28542,364.15482 0.2238053125,0.22380524999999998 387,277,748,638 435,365,528,420 611,367,708,425
p00\face\2155.jpg p00\left\2155.jpg p00\right\2155.jpg p00\grid\2155.jpg day10/0158.jpg right 1032.0,32.0 0.016019931,0.27229398 32.04792,61.89593,597.63354 0.2238053125,0.22380524999999998 564,393,789,618 593,447,653,483 702,451,763,487
p00\face\2156.jpg p00\left\2156.jpg p00\right\2156.jpg p00\grid\2156.jpg day04/0971.jpg right 526.0,729.0 0.017921615,0.3415656 26.324425,-7.394979,485.03342 0.2238053125,0.22380524999999998 538,254,818,534 572,326,647,371 709,327,784,372
p00\face\2157.jpg p00\left\2157.jpg p00\right\2157.jpg p00\grid\2157.jpg day03/0437.jpg right 681.0,130.0 0.37750688,0.17852259 35.902397,61.65584,505.81015 0.2238053125,0.22380524999999998 568,402,824,658 601,467,667,506 723,461,795,504
p00\face\2158.jpg p00\left\2158.jpg p00\right\2158.jpg p00\grid\2158.jpg day36/0303.jpg right 1073.0,406.0 0.21093887,0.07858987 -5.366067,-2.196723,356.24982 0.2238053125,0.22380524999999998 428,238,795,605 476,333,567,387 651,323,753,384
p00\face\2159.jpg p00\left\2159.jpg p00\right\2159.jpg p00\grid\2159.jpg day38/1083.jpg right 203.0,631.0 -0.13022177,0.15233573 25.412157,-0.428629,415.90872 0.2238053125,0.22380524999999998 526,258,845,577 561,337,649,389 723,339,802,386
p00\face\2160.jpg p00\left\2160.jpg p00\right\2160.jpg p00\grid\2160.jpg day17/0367.jpg right 417.0,733.0 0.052537378,0.29863822 29.6873,-0.559962,413.40836 0.2238053125,0.22380524999999998 532,253,860,581 573,337,658,388 732,337,820,389
p00\face\2161.jpg p00\left\2161.jpg p00\right\2161.jpg p00\grid\2161.jpg day22/0285.jpg right 803.0,364.0 0.033711165,0.10894749 31.20266,-20.908287,432.2489 0.2238053125,0.22380524999999998 541,212,854,525 578,293,660,342 730,289,815,340
p00\face\2162.jpg p00\left\2162.jpg p00\right\2162.jpg p00\grid\2162.jpg day38/0558.jpg right 130.0,149.0 0.15430255,0.07145926 7.07398,-24.336512,508.6805 0.2238053125,0.22380524999999998 507,230,769,492 540,295,609,336 668,295,738,337
p00\face\2163.jpg p00\left\2163.jpg p00\right\2163.jpg p00\grid\2163.jpg day33/0725.jpg right 1049.0,112.0 0.020734083,0.42430335 27.009298,-1.416458,383.6244 0.2238053125,0.22380524999999998 517,243,866,592 564,328,654,382 732,337,828,394
p00\face\2164.jpg p00\left\2164.jpg p00\right\2164.jpg p00\grid\2164.jpg day13/0019.jpg right 557.0,568.0 -0.03642716,0.03232564 17.554762,-2.979085,475.0531 0.2238053125,0.22380524999999998 520,263,805,548 553,337,629,382 692,332,768,377
p00\face\2165.jpg p00\left\2165.jpg p00\right\2165.jpg p00\grid\2165.jpg day22/0405.jpg right 683.0,762.0 0.13678274,0.075219385 0.080501,25.496431,453.20255 0.2238053125,0.22380524999999998 479,322,774,617 515,400,591,445 657,392,738,440
p00\face\2166.jpg p00\left\2166.jpg p00\right\2166.jpg p00\grid\2166.jpg day35/0510.jpg right 170.0,165.0 0.0002836071,0.20763661 -0.835472,-3.967734,459.5505 0.2238053125,0.22380524999999998 473,256,770,553 511,332,589,378 656,333,735,380
p00\face\2167.jpg p00\left\2167.jpg p00\right\2167.jpg p00\grid\2167.jpg day31/0468.jpg right 598.0,210.0 0.21307333,0.08226978 4.476544,-8.196534,399.58923 0.2238053125,0.22380524999999998 473,236,801,564 515,320,599,370 672,313,763,367
p00\face\2168.jpg p00\left\2168.jpg p00\right\2168.jpg p00\grid\2168.jpg day02/0128.jpg right 996.0,11.0 0.2816447,0.07161472 -12.953341,4.003095,376.07687 0.2238053125,0.22380524999999998 421,265,761,605 467,348,552,399 628,345,724,402
p00\face\2169.jpg p00\left\2169.jpg p00\right\2169.jpg p00\grid\2169.jpg day09/0910.jpg right 918.0,372.0 -0.053641647,0.2827502 -32.520844,0.481857,546.80634 0.2238053125,0.22380524999999998 443,282,690,529 472,347,538,386 592,343,659,383
p00\face\2170.jpg p00\left\2170.jpg p00\right\2170.jpg p00\grid\2170.jpg day08/0030.jpg right 980.0,123.0 0.054190118,0.38362807 36.11185,3.063473,458.3863 0.2238053125,0.22380524999999998 558,270,855,567 591,353,669,399 736,342,815,389
p00\face\2171.jpg p00\left\2171.jpg p00\right\2171.jpg p00\grid\2171.jpg day22/0519.jpg right 1147.0,750.0 0.16764487,0.18454197 5.843508,17.36126,369.728 0.2238053125,0.22380524999999998 465,295,822,652 511,389,596,440 679,376,779,436
p00\face\2172.jpg p00\left\2172.jpg p00\right\2172.jpg p00\grid\2172.jpg day27/0178.jpg right 450.0,649.0 0.18132076,0.20313476 7.799591,25.434067,364.29355 0.2238053125,0.22380524999999998 468,315,831,678 509,407,612,468 683,396,785,457
p00\face\2173.jpg p00\left\2173.jpg p00\right\2173.jpg p00\grid\2173.jpg day37/0028.jpg right 526.0,621.0 0.059994616,0.08718239 -1.166652,3.141894,399.67838 0.2238053125,0.22380524999999998 449,259,789,599 495,344,583,396 658,346,752,402
p00\face\2174.jpg p00\left\2174.jpg p00\right\2174.jpg p00\grid\2174.jpg day37/0587.jpg right 294.0,54.0 0.15490745,0.011818653 30.32051,-15.872727,451.33218 0.2238053125,0.22380524999999998 542,231,839,528 580,304,659,351 725,305,804,352
p00\face\2175.jpg p00\left\2175.jpg p00\right\2175.jpg p00\grid\2175.jpg day01/0761.jpg right 98.0,742.0 -0.25968987,0.1493312 21.342535,46.00891,431.73834 0.2238053125,0.22380524999999998 521,374,819,672 557,443,638,491 709,450,782,493
p00\face\2176.jpg p00\left\2176.jpg p00\right\2176.jpg p00\grid\2176.jpg day32/0048.jpg right 35.0,488.0 -0.15873154,0.1924679 29.837587,-0.805883,411.16806 0.2238053125,0.22380524999999998 536,258,855,577 572,332,662,386 734,341,813,388
p00\face\2177.jpg p00\left\2177.jpg p00\right\2177.jpg p00\grid\2177.jpg day16/1019.jpg right 268.0,729.0 0.15950261,0.029067544 3.215545,-13.068768,427.46414 0.2238053125,0.22380524999999998 475,230,788,543 515,307,597,356 668,309,752,359
p00\face\2178.jpg p00\left\2178.jpg p00\right\2178.jpg p00\grid\2178.jpg day39/0100.jpg right 798.0,504.0 -0.28122178,0.050493512 -1.93021,26.579094,411.05713 0.2238053125,0.22380524999999998 455,324,774,643 495,395,592,453 646,404,739,459
p00\face\2179.jpg p00\left\2179.jpg p00\right\2179.jpg p00\grid\2179.jpg day29/0500.jpg right 1140.0,459.0 0.09903442,0.09699338 25.850805,-48.96583,448.67645 0.2238053125,0.22380524999999998 531,154,834,457 569,235,647,281 715,229,797,278
p00\face\2180.jpg p00\left\2180.jpg p00\right\2180.jpg p00\grid\2180.jpg day01/0425.jpg right 708.0,769.0 0.16919908,0.013544537 -10.775665,58.543274,473.84344 0.2238053125,0.22380524999999998 468,395,745,672 500,471,569,512 632,458,710,504
p00\face\2181.jpg p00\left\2181.jpg p00\right\2181.jpg p00\grid\2181.jpg day09/0788.jpg right 837.0,322.0 0.010779549,0.093216635 12.997716,-0.375756,507.64722 0.2238053125,0.22380524999999998 517,275,784,542 549,342,621,385 679,341,751,384
p00\face\2182.jpg p00\left\2182.jpg p00\right\2182.jpg p00\grid\2182.jpg day02/0494.jpg right 653.0,792.0 -0.105125144,0.049473386 24.986034,0.608071,466.78934 0.2238053125,0.22380524999999998 535,271,820,556 569,342,644,387 709,342,784,387
p00\face\2183.jpg p00\left\2183.jpg p00\right\2183.jpg p00\grid\2183.jpg day21/0032.jpg right 208.0,127.0 0.029567353,0.09143096 29.874468,0.068388,481.24728 0.2238053125,0.22380524999999998 548,273,825,550 582,342,655,385 716,340,791,385
p00\face\2184.jpg p00\left\2184.jpg p00\right\2184.jpg p00\grid\2184.jpg day05/0260.jpg right 649.0,337.0 -0.092882775,0.02438921 4.354219,-18.998806,405.16592 0.2238053125,0.22380524999999998 470,209,798,537 510,290,598,342 670,291,758,343
p00\face\2185.jpg p00\left\2185.jpg p00\right\2185.jpg p00\grid\2185.jpg day35/0162.jpg right 715.0,707.0 0.05068343,0.1274484 9.787705,-35.657856,454.1129 0.2238053125,0.22380524999999998 499,186,797,484 534,267,612,313 680,258,759,305
p00\face\2186.jpg p00\left\2186.jpg p00\right\2186.jpg p00\grid\2186.jpg day30/0592.jpg right 170.0,192.0 0.045958795,0.3490681 21.7337,-18.095419,425.1844 0.2238053125,0.22380524999999998 513,216,828,531 557,291,638,339 712,304,794,353
p00\face\2187.jpg p00\left\2187.jpg p00\right\2187.jpg p00\grid\2187.jpg day01/0980.jpg right 80.0,295.0 0.34436056,0.030002361 16.659634,19.337212,444.34314 0.2238053125,0.22380524999999998 519,315,805,601 554,380,633,427 697,388,770,431
p00\face\2188.jpg p00\left\2188.jpg p00\right\2188.jpg p00\grid\2188.jpg day03/0196.jpg right 220.0,504.0 0.005394014,0.33298016 18.812956,72.83671,531.698 0.2238053125,0.22380524999999998 534,417,787,670 564,482,631,522 688,478,755,518
p00\face\2189.jpg p00\left\2189.jpg p00\right\2189.jpg p00\grid\2189.jpg day35/0183.jpg right 1043.0,401.0 0.18266529,0.06851182 -11.882835,-13.648697,458.9801 0.2238053125,0.22380524999999998 459,240,747,528 493,318,566,361 631,304,710,351
p00\face\2190.jpg p00\left\2190.jpg p00\right\2190.jpg p00\grid\2190.jpg day03/0327.jpg right 1258.0,240.0 -0.02736443,0.7217441 -16.511686,-3.84844,396.67883 0.2238053125,0.22380524999999998 424,242,743,561 464,331,545,379 615,325,706,379
p00\face\2191.jpg p00\left\2191.jpg p00\right\2191.jpg p00\grid\2191.jpg day15/0112.jpg right 95.0,526.0 -0.07958672,0.13970213 21.601364,7.651961,433.66153 0.2238053125,0.22380524999999998 518,281,824,587 557,353,639,402 709,361,788,408
p00\face\2192.jpg p00\left\2192.jpg p00\right\2192.jpg p00\grid\2192.jpg day10/0126.jpg right 735.0,228.0 0.17647335,0.21003614 26.631002,29.999578,540.70294 0.2238053125,0.22380524999999998 551,337,800,586 581,404,645,442 700,395,769,436
p00\face\2193.jpg p00\left\2193.jpg p00\right\2193.jpg p00\grid\2193.jpg day25/0035.jpg right 230.0,281.0 -0.0085268,0.039369658 13.217687,-13.666393,447.38248 0.2238053125,0.22380524999999998 505,234,805,534 541,312,619,358 688,307,767,354
p00\face\2194.jpg p00\left\2194.jpg p00\right\2194.jpg p00\grid\2194.jpg day37/0529.jpg right 977.0,194.0 0.052713476,0.035296295 26.323381,-0.535711,446.16757 0.2238053125,0.22380524999999998 529,261,833,565 568,336,649,384 716,340,798,389
p00\face\2195.jpg p00\left\2195.jpg p00\right\2195.jpg p00\grid\2195.jpg day10/0019.jpg right 258.0,686.0 0.12319299,0.2448596 21.46781,-30.790133,473.19043 0.2238053125,0.22380524999999998 525,201,816,492 561,279,637,324 700,273,781,321
p00\face\2196.jpg p00\left\2196.jpg p00\right\2196.jpg p00\grid\2196.jpg day05/0108.jpg right 904.0,232.0 0.21694171,0.061978266 9.779746,37.386696,561.3735 0.2238053125,0.22380524999999998 524,353,759,588 553,411,616,448 668,412,731,449
p00\face\2197.jpg p00\left\2197.jpg p00\right\2197.jpg p00\grid\2197.jpg day12/0095.jpg right 785.0,572.0 0.012070251,0.18716283 24.055054,-64.811005,477.1787 0.2238053125,0.22380524999999998 531,134,814,417 567,203,643,248 705,209,781,254
p00\face\2198.jpg p00\left\2198.jpg p00\right\2198.jpg p00\grid\2198.jpg day08/0244.jpg right 774.0,231.0 -0.0013389707,0.1394986 19.869612,-18.861347,450.2401 0.2238053125,0.22380524999999998 521,225,816,520 557,299,633,344 702,299,780,345
p00\face\2199.jpg p00\left\2199.jpg p00\right\2199.jpg p00\grid\2199.jpg day29/0351.jpg right 15.0,59.0 -0.008341382,0.18865582 11.931383,4.449999,538.8583 0.2238053125,0.22380524999999998 519,288,772,541 551,351,618,391 675,353,742,393
p00\face\2200.jpg p00\left\2200.jpg p00\right\2200.jpg p00\grid\2200.jpg day03/0834.jpg right 706.0,641.0 0.28330028,0.08760106 -2.884615,20.481325,398.7268 0.2238053125,0.22380524999999998 459,310,783,634 499,394,580,442 654,383,744,437
p00\face\2201.jpg p00\left\2201.jpg p00\right\2201.jpg p00\grid\2201.jpg day26/0007.jpg right 595.0,25.0 0.08409228,-0.0027807574 -16.262222,2.926446,373.9508 0.2238053125,0.22380524999999998 418,255,769,606 450,361,543,416 619,325,716,383
p00\face\2202.jpg p00\left\2202.jpg p00\right\2202.jpg p00\grid\2202.jpg day19/0499.jpg right 325.0,287.0 0.23548858,-0.034858488 -11.469791,-21.973116,416.3872 0.2238053125,0.22380524999999998 444,208,759,523 481,292,562,340 632,279,719,331
p00\face\2203.jpg p00\left\2203.jpg p00\right\2203.jpg p00\grid\2203.jpg day01/0903.jpg right 655.0,340.0 0.14833824,0.1430368 13.155412,55.076885,548.68365 0.2238053125,0.22380524999999998 528,384,771,627 557,446,620,483 676,443,740,481
p00\face\2204.jpg p00\left\2204.jpg p00\right\2204.jpg p00\grid\2204.jpg day33/0710.jpg right 336.0,382.0 0.014422241,0.5030882 39.284378,-3.537087,422.65802 0.2238053125,0.22380524999999998 557,249,870,562 598,325,680,374 755,338,834,385
p00\face\2205.jpg p00\left\2205.jpg p00\right\2205.jpg p00\grid\2205.jpg day10/0840.jpg right 1265.0,110.0 0.22550213,0.032399032 3.42727,-46.115437,437.11105 0.2238053125,0.22380524999999998 482,160,783,461 522,238,598,283 663,231,750,283
p00\face\2206.jpg p00\left\2206.jpg p00\right\2206.jpg p00\grid\2206.jpg day33/0473.jpg right 52.0,136.0 0.0290336,0.25486764 48.89332,17.916798,523.2815 0.2238053125,0.22380524999999998 585,311,846,572 618,375,688,417 746,380,815,421
p00\face\2207.jpg p00\left\2207.jpg p00\right\2207.jpg p00\grid\2207.jpg day06/0292.jpg right 767.0,349.0 0.17241569,0.07866146 -7.805045,3.272642,505.90112 0.2238053125,0.22380524999999998 478,283,742,547 512,351,579,391 639,347,711,390
p00\face\2208.jpg p00\left\2208.jpg p00\right\2208.jpg p00\grid\2208.jpg day12/0313.jpg right 442.0,560.0 -0.06075423,0.16529365 -13.138443,11.64939,394.71417 0.2238053125,0.22380524999999998 424,284,760,620 464,368,552,420 629,364,717,416
p00\face\2209.jpg p00\left\2209.jpg p00\right\2209.jpg p00\grid\2209.jpg day37/0206.jpg right 437.0,531.0 -0.06712039,0.20683138 16.35827,4.703903,430.5636 0.2238053125,0.22380524999999998 504,272,816,584 543,345,628,396 697,355,778,403
p00\face\2210.jpg p00\left\2210.jpg p00\right\2210.jpg p00\grid\2210.jpg day15/0566.jpg right 419.0,43.0 0.078552,0.1532283 24.61692,-4.295597,453.77408 0.2238053125,0.22380524999999998 531,255,829,553 567,335,645,381 710,327,792,376
p00\face\2211.jpg p00\left\2211.jpg p00\right\2211.jpg p00\grid\2211.jpg day29/0821.jpg right 675.0,175.0 -0.19958492,0.012205996 53.523716,-39.46958,474.7055 0.2238053125,0.22380524999999998 594,194,862,462 631,246,707,291 767,273,834,313
p00\face\2212.jpg p00\left\2212.jpg p00\right\2212.jpg p00\grid\2212.jpg day30/0179.jpg right 503.0,112.0 0.15293802,0.011265328 7.874489,-17.280222,394.6048 0.2238053125,0.22380524999999998 476,210,812,546 519,293,606,345 683,293,773,347
p00\face\2213.jpg p00\left\2213.jpg p00\right\2213.jpg p00\grid\2213.jpg day15/0248.jpg right 294.0,301.0 0.14409286,0.1699222 4.687365,18.258514,434.16653 0.2238053125,0.22380524999999998 479,303,789,613 521,382,600,429 670,380,755,431
p00\face\2214.jpg p00\left\2214.jpg p00\right\2214.jpg p00\grid\2214.jpg day16/0875.jpg right 330.0,777.0 0.13367407,0.043139853 24.472097,-11.422602,436.64386 0.2238053125,0.22380524999999998 526,235,835,544 566,315,644,361 716,313,798,362
p00\face\2215.jpg p00\left\2215.jpg p00\right\2215.jpg p00\grid\2215.jpg day09/0410.jpg right 411.0,307.0 0.09709656,0.30632862 50.400864,67.19012,605.29865 0.2238053125,0.22380524999999998 598,400,821,623 623,461,681,495 732,453,792,489
p00\face\2216.jpg p00\left\2216.jpg p00\right\2216.jpg p00\grid\2216.jpg day04/0727.jpg right 737.0,230.0 0.1494642,0.028834814 -17.296967,-15.317137,431.5298 0.2238053125,0.22380524999999998 435,228,741,534 472,310,550,356 618,298,703,349
p00\face\2217.jpg p00\left\2217.jpg p00\right\2217.jpg p00\grid\2217.jpg day03/0359.jpg right 1074.0,123.0 0.31458038,0.20045263 7.11594,74.96036,442.9797 0.2238053125,0.22380524999999998 492,437,786,731 530,502,617,554 665,507,756,561
p00\face\2218.jpg p00\left\2218.jpg p00\right\2218.jpg p00\grid\2218.jpg day39/0070.jpg right 343.0,465.0 -0.00903679,0.24645935 -13.037872,8.681403,418.12012 0.2238053125,0.22380524999999998 432,277,756,601 472,361,556,411 629,357,716,409
p00\face\2219.jpg p00\left\2219.jpg p00\right\2219.jpg p00\grid\2219.jpg day04/0057.jpg right 1061.0,57.0 0.34094012,-0.08048053 0.217718,-8.758291,406.32413 0.2238053125,0.22380524999999998 475,240,788,553 510,323,591,371 660,310,747,362
p00\face\2220.jpg p00\left\2220.jpg p00\right\2220.jpg p00\grid\2220.jpg day34/0271.jpg right 280.0,720.0 0.08158065,0.08853848 21.05845,7.084661,402.5654 0.2238053125,0.22380524999999998 512,270,848,606 551,361,638,413 714,349,805,403
p00\face\2221.jpg p00\left\2221.jpg p00\right\2221.jpg p00\grid\2221.jpg day24/0179.jpg right 707.0,297.0 0.0039335527,0.42259678 -17.677269,3.847474,425.55325 0.2238053125,0.22380524999999998 430,266,746,582 464,357,548,407 616,338,703,390
p00\face\2222.jpg p00\left\2222.jpg p00\right\2222.jpg p00\grid\2222.jpg day07/0092.jpg right 636.0,633.0 0.15459576,0.28489208 -7.548595,26.123343,374.341 0.2238053125,0.22380524999999998 434,314,794,674 470,419,572,480 634,385,745,451
p00\face\2223.jpg p00\left\2223.jpg p00\right\2223.jpg p00\grid\2223.jpg day18/0431.jpg right 448.0,685.0 0.077952124,0.23294327 -15.435635,-33.33622,432.61636 0.2238053125,0.22380524999999998 432,183,744,495 474,266,550,311 625,261,709,311
p00\face\2224.jpg p00\left\2224.jpg p00\right\2224.jpg p00\grid\2224.jpg day17/0412.jpg right 843.0,382.0 0.06296044,0.16031443 4.57064,-19.198685,452.18414 0.2238053125,0.22380524999999998 483,222,783,522 523,298,599,343 667,299,749,348
p00\face\2225.jpg p00\left\2225.jpg p00\right\2225.jpg p00\grid\2225.jpg day01/0927.jpg right 1172.0,535.0 0.24696434,0.11874646 2.070811,44.771927,502.76123 0.2238053125,0.22380524999999998 502,368,761,627 533,436,599,475 658,428,728,470
p00\face\2226.jpg p00\left\2226.jpg p00\right\2226.jpg p00\grid\2226.jpg day17/0406.jpg right 1182.0,294.0 0.29064327,0.17049465 -8.381537,-20.141174,451.94492 0.2238053125,0.22380524999999998 461,227,746,512 503,298,572,339 637,296,718,344
p00\face\2227.jpg p00\left\2227.jpg p00\right\2227.jpg p00\grid\2227.jpg day21/0512.jpg right 1011.0,298.0 -0.0286349,0.21793087 17.057178,-25.474241,375.22662 0.2238053125,0.22380524999999998 491,177,851,537 533,269,627,325 710,268,804,324
p00\face\2228.jpg p00\left\2228.jpg p00\right\2228.jpg p00\grid\2228.jpg day01/0502.jpg right 709.0,716.0 0.2143785,0.13057636 15.280452,51.068825,644.54517 0.2238053125,0.22380524999999998 544,375,751,582 571,426,625,458 672,426,727,459
p00\face\2229.jpg p00\left\2229.jpg p00\right\2229.jpg p00\grid\2229.jpg day33/0746.jpg right 191.0,259.0 -0.027528556,0.36379027 21.33747,-25.869593,341.28613 0.2238053125,0.22380524999999998 492,160,877,545 540,254,643,315 731,263,830,322
p00\face\2230.jpg p00\left\2230.jpg p00\right\2230.jpg p00\grid\2230.jpg day08/0417.jpg right 257.0,610.0 -0.17497562,0.37934017 15.658132,56.07063,620.92474 0.2238053125,0.22380524999999998 539,383,752,596 567,429,627,465 675,445,727,476
p00\face\2231.jpg p00\left\2231.jpg p00\right\2231.jpg p00\grid\2231.jpg day23/0076.jpg right 863.0,300.0 0.050317954,0.47054753 24.435709,-1.200488,409.65 0.2238053125,0.22380524999999998 520,250,848,578 560,335,647,387 719,334,809,388
p00\face\2232.jpg p00\left\2232.jpg p00\right\2232.jpg p00\grid\2232.jpg day09/0318.jpg right 1009.0,194.0 -0.17072113,0.18414013 -6.429278,35.954556,407.885 0.2238053125,0.22380524999999998 452,347,774,669 486,432,571,483 642,418,729,470
p00\face\2233.jpg p00\left\2233.jpg p00\right\2233.jpg p00\grid\2233.jpg day08/0123.jpg right 651.0,655.0 0.008989524,0.06821554 -3.780067,3.516159,512.15094 0.2238053125,0.22380524999999998 491,285,750,544 520,356,586,395 648,345,715,385
p00\face\2234.jpg p00\left\2234.jpg p00\right\2234.jpg p00\grid\2234.jpg day26/0243.jpg right 592.0,279.0 0.12624575,0.19731012 11.404113,-26.632385,415.40952 0.2238053125,0.22380524999999998 489,191,816,518 531,279,613,328 688,270,778,324
p00\face\2235.jpg p00\left\2235.jpg p00\right\2235.jpg p00\grid\2235.jpg day04/0590.jpg right 1048.0,508.0 -0.06443153,0.15089618 16.020061,40.937267,532.89923 0.2238053125,0.22380524999999998 528,357,780,609 559,420,626,460 682,420,749,460
p00\face\2236.jpg p00\left\2236.jpg p00\right\2236.jpg p00\grid\2236.jpg day21/0011.jpg right 524.0,216.0 -0.01622761,0.20508894 7.392709,11.381839,454.07938 0.2238053125,0.22380524999999998 496,291,791,586 529,370,607,416 674,361,752,407
p00\face\2237.jpg p00\left\2237.jpg p00\right\2237.jpg p00\grid\2237.jpg day10/0536.jpg right 1201.0,787.0 0.061691687,0.5168226 50.556232,57.244095,549.09406 0.2238053125,0.22380524999999998 591,385,835,629 624,445,688,483 742,451,809,491
p00\face\2238.jpg p00\left\2238.jpg p00\right\2238.jpg p00\grid\2238.jpg day38/0657.jpg right 1138.0,216.0 0.1687897,0.11849117 18.558859,32.58053,522.04236 0.2238053125,0.22380524999999998 536,342,791,597 565,411,631,450 688,400,757,441
p00\face\2239.jpg p00\left\2239.jpg p00\right\2239.jpg p00\grid\2239.jpg day12/0081.jpg right 523.0,479.0 -0.031192562,0.11489671 39.426617,-80.686714,501.7253 0.2238053125,0.22380524999999998 563,113,834,384 599,177,672,220 733,189,803,231
p00\face\2240.jpg p00\left\2240.jpg p00\right\2240.jpg p00\grid\2240.jpg day23/0538.jpg right 526.0,279.0 0.2174602,0.025438434 22.90282,-6.274274,410.92435 0.2238053125,0.22380524999999998 520,243,841,564 560,321,645,372 718,323,802,373
p00\face\2241.jpg p00\left\2241.jpg p00\right\2241.jpg p00\grid\2241.jpg day36/0293.jpg right 463.0,347.0 0.082235135,0.091266334 -0.975632,-18.32296,413.05713 0.2238053125,0.22380524999999998 460,211,787,538 501,298,583,347 659,291,747,343
p00\face\2242.jpg p00\left\2242.jpg p00\right\2242.jpg p00\grid\2242.jpg day03/0858.jpg right 364.0,769.0 0.14745861,0.0851369 31.36532,8.607016,431.86838 0.2238053125,0.22380524999999998 541,281,851,591 582,359,661,406 732,359,816,409
p00\face\2243.jpg p00\left\2243.jpg p00\right\2243.jpg p00\grid\2243.jpg day16/0925.jpg right 988.0,306.0 0.3171974,-0.017737683 27.218271,-4.626993,402.2327 0.2238053125,0.22380524999999998 529,246,853,570 572,322,657,373 729,330,816,382
p00\face\2244.jpg p00\left\2244.jpg p00\right\2244.jpg p00\grid\2244.jpg day29/0626.jpg right 1140.0,223.0 -0.11122273,0.07138007 11.501115,-16.391354,402.6204 0.2238053125,0.22380524999999998 484,214,815,545 526,292,614,344 689,301,776,353
p00\face\2245.jpg p00\left\2245.jpg p00\right\2245.jpg p00\grid\2245.jpg day29/0340.jpg right 627.0,774.0 0.08309872,0.19932398 7.598083,17.687023,417.4776 0.2238053125,0.22380524999999998 481,298,806,623 522,384,604,433 678,378,768,432
p00\face\2246.jpg p00\left\2246.jpg p00\right\2246.jpg p00\grid\2246.jpg day35/0843.jpg right 1176.0,7.0 0.2597104,0.13090314 -2.340504,8.277171,396.47687 0.2238053125,0.22380524999999998 454,279,781,606 501,359,580,406 654,358,747,413
p00\face\2247.jpg p00\left\2247.jpg p00\right\2247.jpg p00\grid\2247.jpg day29/0563.jpg right 720.0,546.0 0.08294854,0.055921122 -7.32244,-23.98665,423.68866 0.2238053125,0.22380524999999998 453,204,768,519 490,289,571,337 641,276,728,328
p00\face\2248.jpg p00\left\2248.jpg p00\right\2248.jpg p00\grid\2248.jpg day35/0548.jpg right 281.0,706.0 0.010972665,0.025379302 -6.78189,-3.401608,410.84027 0.2238053125,0.22380524999999998 443,247,771,575 484,329,571,381 644,330,732,382
p00\face\2249.jpg p00\left\2249.jpg p00\right\2249.jpg p00\grid\2249.jpg day14/0320.jpg right 348.0,22.0 0.11762039,0.08030695 24.412977,14.151278,461.04007 0.2238053125,0.22380524999999998 533,298,825,590 568,374,643,419 710,368,789,415
p00\face\2250.jpg p00\left\2250.jpg p00\right\2250.jpg p00\grid\2250.jpg day23/0038.jpg right 1045.0,222.0 0.21450408,-0.10570702 20.675741,-55.71507,396.65894 0.2238053125,0.22380524999999998 512,113,848,449 552,203,639,255 712,190,806,246
p00\face\2251.jpg p00\left\2251.jpg p00\right\2251.jpg p00\grid\2251.jpg day38/0278.jpg right 584.0,272.0 0.042687356,0.0261122 9.870703,-18.102715,436.94113 0.2238053125,0.22380524999999998 493,219,803,529 530,300,612,349 681,295,765,345
p00\face\2252.jpg p00\left\2252.jpg p00\right\2252.jpg p00\grid\2252.jpg day17/0242.jpg right 551.0,365.0 0.11093768,0.36888525 21.092834,9.576485,427.39694 0.2238053125,0.22380524999999998 515,281,830,596 556,363,637,411 709,360,794,411
p00\face\2253.jpg p00\left\2253.jpg p00\right\2253.jpg p00\grid\2253.jpg day04/0676.jpg right 37.0,446.0 0.07101934,0.10024858 17.090284,-24.927753,427.6181 0.2238053125,0.22380524999999998 508,202,823,517 546,283,628,332 700,279,784,329
p00\face\2254.jpg p00\left\2254.jpg p00\right\2254.jpg p00\grid\2254.jpg day09/0300.jpg right 756.0,114.0 -0.06877605,0.17504512 42.479404,24.957375,452.1284 0.2238053125,0.22380524999999998 570,322,865,617 604,395,685,443 750,395,828,441
p00\face\2255.jpg p00\left\2255.jpg p00\right\2255.jpg p00\grid\2255.jpg day12/0413.jpg right 567.0,354.0 0.0798195,0.13239047 38.148945,49.972485,470.3638 0.2238053125,0.22380524999999998 560,375,846,661 597,445,672,490 737,449,813,494
p00\face\2256.jpg p00\left\2256.jpg p00\right\2256.jpg p00\grid\2256.jpg day36/0066.jpg right 706.0,596.0 0.0432125,0.11864911 -4.505587,-15.372183,435.78955 0.2238053125,0.22380524999999998 460,226,770,536 499,308,578,355 648,301,733,352
p00\face\2257.jpg p00\left\2257.jpg p00\right\2257.jpg p00\grid\2257.jpg day23/0296.jpg right 625.0,77.0 0.22045912,0.10011627 9.211654,4.057987,417.1352 0.2238053125,0.22380524999999998 487,269,805,587 529,347,611,396 682,348,769,400
p00\face\2258.jpg p00\left\2258.jpg p00\right\2258.jpg p00\grid\2258.jpg day19/0195.jpg right 897.0,574.0 -0.0019463331,0.17574832 1.611428,-6.062167,434.65848 0.2238053125,0.22380524999999998 473,247,783,557 512,327,591,374 664,325,745,373
p00\face\2259.jpg p00\left\2259.jpg p00\right\2259.jpg p00\grid\2259.jpg day15/0235.jpg right 562.0,347.0 0.017563714,0.09186184 17.820566,12.127069,419.09567 0.2238053125,0.22380524999999998 505,287,826,608 546,364,631,415 701,368,788,420
p00\face\2260.jpg p00\left\2260.jpg p00\right\2260.jpg p00\grid\2260.jpg day31/0252.jpg right 834.0,435.0 0.08142369,0.2449844 -4.679259,20.845772,535.8575 0.2238053125,0.22380524999999998 493,319,745,571 522,389,586,427 643,377,712,418
p00\face\2261.jpg p00\left\2261.jpg p00\right\2261.jpg p00\grid\2261.jpg day19/0434.jpg right 692.0,142.0 0.053291675,0.5018585 11.328439,2.003535,474.5491 0.2238053125,0.22380524999999998 507,272,789,554 543,348,615,391 680,344,755,389
p00\face\2262.jpg p00\left\2262.jpg p00\right\2262.jpg p00\grid\2262.jpg day29/0311.jpg right 970.0,55.0 0.239076,0.085993856 9.97616,22.02301,393.51007 0.2238053125,0.22380524999999998 485,311,818,644 526,394,613,446 687,391,778,445
p00\face\2263.jpg p00\left\2263.jpg p00\right\2263.jpg p00\grid\2263.jpg day18/0493.jpg right 1031.0,149.0 -0.0015816927,0.18117149 14.791944,0.057973,461.0022 0.2238053125,0.22380524999999998 510,266,805,561 545,343,621,388 690,340,768,386
p00\face\2264.jpg p00\left\2264.jpg p00\right\2264.jpg p00\grid\2264.jpg day26/0694.jpg right 176.0,541.0 -0.04197197,0.27477562 21.827583,10.789279,443.005 0.2238053125,0.22380524999999998 525,287,829,591 557,368,638,416 709,361,787,407
p00\face\2265.jpg p00\left\2265.jpg p00\right\2265.jpg p00\grid\2265.jpg day21/0416.jpg right 378.0,72.0 0.006994018,-0.0142859835 31.678106,-8.476128,395.38705 0.2238053125,0.22380524999999998 531,229,873,571 575,312,666,366 742,317,833,371
p00\face\2266.jpg p00\left\2266.jpg p00\right\2266.jpg p00\grid\2266.jpg day04/0787.jpg right 643.0,277.0 0.020965086,0.07383893 5.928183,-5.029807,408.6829 0.2238053125,0.22380524999999998 470,242,801,573 514,322,601,374 676,330,764,382
p00\face\2267.jpg p00\left\2267.jpg p00\right\2267.jpg p00\grid\2267.jpg day08/0261.jpg right 1131.0,435.0 0.19179243,0.15257707 24.140434,-16.479422,485.73297 0.2238053125,0.22380524999999998 535,239,811,515 572,309,642,351 704,307,780,352
p00\face\2268.jpg p00\left\2268.jpg p00\right\2268.jpg p00\grid\2268.jpg day12/0351.jpg right 56.0,282.0 0.18153603,0.13289917 21.669588,38.544353,518.5209 0.2238053125,0.22380524999999998 537,352,796,611 570,419,637,459 695,415,765,457
p00\face\2269.jpg p00\left\2269.jpg p00\right\2269.jpg p00\grid\2269.jpg day25/0168.jpg right 952.0,210.0 0.11451945,0.047980983 -0.430837,-7.121719,426.99692 0.2238053125,0.22380524999999998 465,243,780,558 506,320,590,370 656,322,744,374
p00\face\2270.jpg p00\left\2270.jpg p00\right\2270.jpg p00\grid\2270.jpg day38/1261.jpg right 219.0,194.0 -0.19386686,0.1783077 24.135157,-8.026522,397.91534 0.2238053125,0.22380524999999998 522,237,850,565 557,317,648,371 722,318,804,367
p00\face\2271.jpg p00\left\2271.jpg p00\right\2271.jpg p00\grid\2271.jpg day05/0304.jpg right 1197.0,654.0 0.08360345,0.28560576 5.376219,8.227795,503.58496 0.2238053125,0.22380524999999998 503,291,771,559 536,364,603,404 665,355,738,398
p00\face\2272.jpg p00\left\2272.jpg p00\right\2272.jpg p00\grid\2272.jpg day38/0156.jpg right 1163.0,366.0 0.12716416,0.18090668 -2.173231,22.132425,446.60754 0.2238053125,0.22380524999999998 470,313,773,616 508,394,584,439 653,385,737,435
p00\face\2273.jpg p00\left\2273.jpg p00\right\2273.jpg p00\grid\2273.jpg day37/0598.jpg right 420.0,402.0 -0.102312624,0.021755489 24.847858,-8.596318,438.81577 0.2238053125,0.22380524999999998 528,245,831,548 566,320,645,367 715,321,794,368
p00\face\2274.jpg p00\left\2274.jpg p00\right\2274.jpg p00\grid\2274.jpg day04/0544.jpg right 117.0,371.0 0.25761443,0.0050239386 14.59202,-7.457194,449.11115 0.2238053125,0.22380524999999998 511,252,802,543 548,321,626,367 691,326,767,371
p00\face\2275.jpg p00\left\2275.jpg p00\right\2275.jpg p00\grid\2275.jpg day14/0317.jpg right 682.0,303.0 0.06367621,0.10853789 23.989952,15.760454,464.2271 0.2238053125,0.22380524999999998 532,301,824,593 566,378,642,423 708,371,787,418
p00\face\2276.jpg p00\left\2276.jpg p00\right\2276.jpg p00\grid\2276.jpg day32/0007.jpg right 1238.0,722.0 0.12248345,0.11916165 -3.813848,-4.220656,417.77213 0.2238053125,0.22380524999999998 456,248,777,569 497,332,578,380 650,324,740,378
p00\face\2277.jpg p00\left\2277.jpg p00\right\2277.jpg p00\grid\2277.jpg day36/0382.jpg right 202.0,410.0 -0.069524825,0.18958654 29.684084,-35.70153,462.42087 0.2238053125,0.22380524999999998 536,188,831,483 574,256,656,305 722,272,797,317
p00\face\2278.jpg p00\left\2278.jpg p00\right\2278.jpg p00\grid\2278.jpg day28/0381.jpg right 1193.0,622.0 0.2037657,0.111049406 14.749527,21.839289,423.87814 0.2238053125,0.22380524999999998 505,313,817,625 543,393,624,441 694,387,779,438
p00\face\2279.jpg p00\left\2279.jpg p00\right\2279.jpg p00\grid\2279.jpg day21/0329.jpg right 549.0,188.0 0.18364818,0.04039868 25.814348,-28.650126,415.10248 0.2238053125,0.22380524999999998 525,188,849,512 567,273,649,322 722,266,812,320
p00\face\2280.jpg p00\left\2280.jpg p00\right\2280.jpg p00\grid\2280.jpg day32/0209.jpg right 321.0,500.0 0.06741191,0.29670537 21.666239,5.923344,487.31024 0.2238053125,0.22380524999999998 528,282,808,562 564,355,637,398 699,354,775,399
p00\face\2281.jpg p00\left\2281.jpg p00\right\2281.jpg p00\grid\2281.jpg day29/0769.jpg right 1103.0,763.0 0.1108706,0.1216878 0.745979,-28.284473,414.4452 0.2238053125,0.22380524999999998 468,188,793,513 506,280,588,329 662,261,752,315
p00\face\2282.jpg p00\left\2282.jpg p00\right\2282.jpg p00\grid\2282.jpg day34/0145.jpg right 175.0,732.0 -0.12420123,0.11671302 26.892769,-10.126865,372.22208 0.2238053125,0.22380524999999998 519,220,874,575 559,308,656,366 737,309,827,363
p00\face\2283.jpg p00\left\2283.jpg p00\right\2283.jpg p00\grid\2283.jpg day06/0369.jpg right 370.0,374.0 -0.110688485,0.13401918 16.467627,37.119343,424.86472 0.2238053125,0.22380524999999998 504,349,816,661 544,423,626,472 698,429,779,477
p00\face\2284.jpg p00\left\2284.jpg p00\right\2284.jpg p00\grid\2284.jpg day23/0443.jpg right 928.0,603.0 0.07478939,0.08516435 14.677985,5.60156,508.25452 0.2238053125,0.22380524999999998 519,286,786,553 553,354,622,395 684,354,754,396
p00\face\2285.jpg p00\left\2285.jpg p00\right\2285.jpg p00\grid\2285.jpg day14/0478.jpg right 1107.0,521.0 -0.006332929,0.03438785 20.385159,-16.773098,412.83066 0.2238053125,0.22380524999999998 511,213,841,543 548,301,636,353 709,294,797,346
p00\face\2286.jpg p00\left\2286.jpg p00\right\2286.jpg p00\grid\2286.jpg day29/0543.jpg right 349.0,276.0 0.04389308,-0.047180314 28.127926,-46.121834,398.88013 0.2238053125,0.22380524999999998 522,137,859,474 567,217,657,271 732,226,822,280
p00\face\2287.jpg p00\left\2287.jpg p00\right\2287.jpg p00\grid\2287.jpg day31/0553.jpg right 442.0,535.0 0.09439288,0.043920986 5.42364,-11.964182,498.43558 0.2238053125,0.22380524999999998 500,250,771,521 534,320,604,362 666,317,739,360
p00\face\2288.jpg p00\left\2288.jpg p00\right\2288.jpg p00\grid\2288.jpg day13/0495.jpg right 662.0,547.0 0.0041199746,0.05011371 -10.275491,-10.554006,428.31354 0.2238053125,0.22380524999999998 445,234,761,550 482,319,564,368 636,309,721,360
p00\face\2289.jpg p00\left\2289.jpg p00\right\2289.jpg p00\grid\2289.jpg day16/0034.jpg right 630.0,323.0 0.18619175,0.04224128 -7.548651,-27.701176,462.82605 0.2238053125,0.22380524999999998 470,211,753,494 504,287,576,330 640,276,718,322
p00\face\2290.jpg p00\left\2290.jpg p00\right\2290.jpg p00\grid\2290.jpg day09/0467.jpg right 587.0,213.0 0.14503184,0.13732727 9.878348,4.168842,379.4387 0.2238053125,0.22380524999999998 478,259,830,611 521,355,609,407 688,339,787,398
p00\face\2291.jpg p00\left\2291.jpg p00\right\2291.jpg p00\grid\2291.jpg day06/0283.jpg right 379.0,766.0 0.10846325,0.062151115 5.356201,2.134119,518.466 0.2238053125,0.22380524999999998 504,281,765,542 538,348,605,388 664,347,734,389
p00\face\2292.jpg p00\left\2292.jpg p00\right\2292.jpg p00\grid\2292.jpg day02/0819.jpg right 1275.0,171.0 0.26949796,0.093567036 4.95113,19.254425,510.30902 0.2238053125,0.22380524999999998 507,319,762,574 541,383,604,420 662,379,734,422
p00\face\2293.jpg p00\left\2293.jpg p00\right\2293.jpg p00\grid\2293.jpg day27/0243.jpg right 961.0,467.0 0.0060940282,0.047544558 7.781695,37.575935,466.33542 0.2238053125,0.22380524999999998 496,346,788,638 531,424,607,469 674,419,752,465
p00\face\2294.jpg p00\left\2294.jpg p00\right\2294.jpg p00\grid\2294.jpg day24/0684.jpg right 1214.0,341.0 -0.05813344,0.19053338 9.821226,40.193268,521.2817 0.2238053125,0.22380524999999998 515,356,773,614 545,420,614,461 670,419,740,461
p00\face\2295.jpg p00\left\2295.jpg p00\right\2295.jpg p00\grid\2295.jpg day33/0610.jpg right 213.0,495.0 -0.057447992,0.1875903 6.828021,-9.223897,362.55228 0.2238053125,0.22380524999999998 462,219,828,585 504,312,601,370 685,308,779,364
p00\face\2296.jpg p00\left\2296.jpg p00\right\2296.jpg p00\grid\2296.jpg day34/0459.jpg right 1090.0,585.0 0.039795578,0.09567101 -8.880204,-13.123822,392.74008 0.2238053125,0.22380524999999998 432,217,775,560 474,307,562,359 639,300,733,356
p00\face\2297.jpg p00\left\2297.jpg p00\right\2297.jpg p00\grid\2297.jpg day26/0300.jpg right 477.0,231.0 0.04185308,0.34624594 -3.801576,62.40323,617.48596 0.2238053125,0.22380524999999998 511,392,730,611 536,451,593,485 642,443,702,479
p00\face\2298.jpg p00\left\2298.jpg p00\right\2298.jpg p00\grid\2298.jpg day27/0128.jpg right 1149.0,478.0 0.040918425,0.23275876 4.816716,-19.610176,400.5305 0.2238053125,0.22380524999999998 467,201,807,541 509,291,597,343 673,286,766,341
p00\face\2299.jpg p00\left\2299.jpg p00\right\2299.jpg p00\grid\2299.jpg day38/0299.jpg right 207.0,657.0 0.040508453,0.03315542 32.952377,-10.882361,428.36578 0.2238053125,0.22380524999999998 541,234,856,549 582,311,666,361 736,316,820,366
p00\face\2300.jpg p00\left\2300.jpg p00\right\2300.jpg p00\grid\2300.jpg day26/0211.jpg right 1267.0,217.0 0.2254909,-0.012318264 -10.522883,-10.983472,464.0876 0.2238053125,0.22380524999999998 466,249,746,529 499,324,569,366 633,312,711,358
p00\face\2301.jpg p00\left\2301.jpg p00\right\2301.jpg p00\grid\2301.jpg day28/0015.jpg right 1112.0,331.0 0.10685258,-0.082996726 -11.283183,-62.155006,469.90106 0.2238053125,0.22380524999999998 464,139,746,421 496,216,568,259 632,204,708,249
p00\face\2302.jpg p00\left\2302.jpg p00\right\2302.jpg p00\grid\2302.jpg day17/0337.jpg right 431.0,390.0 0.039336786,0.07917593 18.749369,0.178154,412.98935 0.2238053125,0.22380524999999998 509,258,833,582 548,341,632,391 707,337,792,388
p00\face\2303.jpg p00\left\2303.jpg p00\right\2303.jpg p00\grid\2303.jpg day30/0148.jpg right 1256.0,485.0 0.20053828,0.1259777 -20.1521,19.343779,370.21494 0.2238053125,0.22380524999999998 397,304,745,652 444,391,528,441 611,387,705,443
p00\face\2304.jpg p00\left\2304.jpg p00\right\2304.jpg p00\grid\2304.jpg day27/0526.jpg right 438.0,378.0 -0.005728146,0.015959961 0.882178,-6.19699,414.2343 0.2238053125,0.22380524999999998 461,239,789,567 502,322,590,374 662,324,750,376
p00\face\2305.jpg p00\left\2305.jpg p00\right\2305.jpg p00\grid\2305.jpg day21/0133.jpg right 741.0,337.0 0.10329684,0.04828457 13.438802,-14.247556,420.32797 0.2238053125,0.22380524999999998 499,226,815,542 538,307,620,356 690,302,777,354
p00\face\2306.jpg p00\left\2306.jpg p00\right\2306.jpg p00\grid\2306.jpg day22/0878.jpg right 458.0,227.0 0.15743725,0.093399644 22.836946,10.324737,453.36694 0.2238053125,0.22380524999999998 528,288,826,586 564,367,642,413 707,358,789,407
p00\face\2307.jpg p00\left\2307.jpg p00\right\2307.jpg p00\grid\2307.jpg day25/0336.jpg right 1033.0,158.0 0.092688195,0.042650092 -4.55485,-12.717643,373.6421 0.2238053125,0.22380524999999998 434,212,791,569 479,301,572,356 650,300,749,359
p00\face\2308.jpg p00\left\2308.jpg p00\right\2308.jpg p00\grid\2308.jpg day10/0839.jpg right 981.0,683.0 0.34170872,-0.042102724 5.676869,-40.738895,421.75333 0.2238053125,0.22380524999999998 489,170,790,471 528,245,603,290 672,241,756,291
p00\face\2309.jpg p00\left\2309.jpg p00\right\2309.jpg p00\grid\2309.jpg day37/0551.jpg right 370.0,441.0 0.2960258,0.018390367 11.158229,8.016052,417.83023 0.2238053125,0.22380524999999998 497,282,807,592 535,356,619,406 687,358,769,407
p00\face\2310.jpg p00\left\2310.jpg p00\right\2310.jpg p00\grid\2310.jpg day04/0384.jpg right 760.0,798.0 0.0071965745,0.009401861 26.573017,-23.318712,469.28973 0.2238053125,0.22380524999999998 534,219,820,505 572,286,648,331 712,297,788,342
p00\face\2311.jpg p00\left\2311.jpg p00\right\2311.jpg p00\grid\2311.jpg day15/0062.jpg right 633.0,0.0 0.098498814,0.33286348 12.672349,-15.152712,455.46533 0.2238053125,0.22380524999999998 503,230,801,528 541,309,619,355 684,305,766,354
p00\face\2312.jpg p00\left\2312.jpg p00\right\2312.jpg p00\grid\2312.jpg day35/0602.jpg right 264.0,331.0 -0.07624374,0.31936696 0.943175,2.583715,470.2442 0.2238053125,0.22380524999999998 484,272,773,561 516,349,595,396 658,344,734,389
p00\face\2313.jpg p00\left\2313.jpg p00\right\2313.jpg p00\grid\2313.jpg day30/0602.jpg right 1065.0,403.0 0.19907083,0.10738923 -19.416168,-16.84646,420.1035 0.2238053125,0.22380524999999998 424,224,733,533 466,302,541,347 612,297,699,349
p00\face\2314.jpg p00\left\2314.jpg p00\right\2314.jpg p00\grid\2314.jpg day22/0354.jpg right 15.0,223.0 0.110211626,0.19160412 0.130653,23.102818,423.76825 0.2238053125,0.22380524999999998 465,312,786,633 506,397,588,446 660,390,748,442
p00\face\2315.jpg p00\left\2315.jpg p00\right\2315.jpg p00\grid\2315.jpg day24/0892.jpg right 287.0,339.0 0.06762547,0.28324145 13.613566,11.753296,416.40753 0.2238053125,0.22380524999999998 496,283,823,610 535,371,619,421 694,362,781,414
p00\face\2316.jpg p00\left\2316.jpg p00\right\2316.jpg p00\grid\2316.jpg day34/0544.jpg right 812.0,307.0 0.0022315776,0.3230196 -15.901834,5.666031,421.64215 0.2238053125,0.22380524999999998 429,270,751,592 466,358,551,409 621,345,709,397
p00\face\2317.jpg p00\left\2317.jpg p00\right\2317.jpg p00\grid\2317.jpg day04/0713.jpg right 955.0,27.0 0.24447812,-0.0666428 5.470883,-22.237131,418.59674 0.2238053125,0.22380524999999998 483,209,793,519 521,283,605,333 673,288,755,337
p00\face\2318.jpg p00\left\2318.jpg p00\right\2318.jpg p00\grid\2318.jpg day30/0008.jpg right 1078.0,523.0 0.056672707,0.21076724 -3.412244,-13.670613,410.99594 0.2238053125,0.22380524999999998 453,220,784,551 493,311,578,362 653,299,743,353
p00\face\2319.jpg p00\left\2319.jpg p00\right\2319.jpg p00\grid\2319.jpg day18/0171.jpg right 465.0,22.0 0.1658026,0.23946382 18.90983,79.10449,579.9315 0.2238053125,0.22380524999999998 542,424,773,655 571,483,631,519 682,479,745,516
p00\face\2320.jpg p00\left\2320.jpg p00\right\2320.jpg p00\grid\2320.jpg day16/0218.jpg right 744.0,731.0 0.15463887,0.18403198 14.555312,15.344517,435.4063 0.2238053125,0.22380524999999998 505,298,812,605 545,379,620,424 692,371,777,422
p00\face\2321.jpg p00\left\2321.jpg p00\right\2321.jpg p00\grid\2321.jpg day09/0303.jpg right 150.0,100.0 -0.14917625,0.12836763 20.934374,18.64465,420.5576 0.2238053125,0.22380524999999998 514,305,829,620 552,379,639,431 708,385,790,434
p00\face\2322.jpg p00\left\2322.jpg p00\right\2322.jpg p00\grid\2322.jpg day16/0110.jpg right 606.0,281.0 0.12265961,0.18064302 14.041438,-14.484967,430.7809 0.2238053125,0.22380524999999998 506,231,810,535 544,309,622,355 690,302,774,352
p00\face\2323.jpg p00\left\2323.jpg p00\right\2323.jpg p00\grid\2323.jpg day02/0017.jpg right 343.0,615.0 0.1760147,0.091710486 17.849697,34.95712,503.29794 0.2238053125,0.22380524999999998 529,346,793,610 562,413,629,453 690,411,760,453
p00\face\2324.jpg p00\left\2324.jpg p00\right\2324.jpg p00\grid\2324.jpg day03/0270.jpg right 737.0,247.0 0.069192976,0.18449952 -17.344124,46.67297,438.6581 0.2238053125,0.22380524999999998 433,368,742,677 468,446,558,500 614,438,704,492
p00\face\2325.jpg p00\left\2325.jpg p00\right\2325.jpg p00\grid\2325.jpg day25/0610.jpg right 1014.0,81.0 0.3193961,0.020785246 17.463627,-6.745292,393.89917 0.2238053125,0.22380524999999998 506,239,837,570 546,323,634,375 704,315,797,370
p00\face\2326.jpg p00\left\2326.jpg p00\right\2326.jpg p00\grid\2326.jpg day33/0682.jpg right 347.0,432.0 0.020266248,0.5974401 23.021435,-9.954825,374.15854 0.2238053125,0.22380524999999998 510,216,862,568 552,308,646,364 725,311,818,366
p00\face\2327.jpg p00\left\2327.jpg p00\right\2327.jpg p00\grid\2327.jpg day27/0325.jpg right 416.0,727.0 -0.004117106,0.12849298 -9.347727,22.219152,440.15396 0.2238053125,0.22380524999999998 452,312,759,619 487,394,568,442 637,386,719,435
p00\face\2328.jpg p00\left\2328.jpg p00\right\2328.jpg p00\grid\2328.jpg day14/0123.jpg right 925.0,571.0 -0.091376975,0.11790124 18.146399,25.177448,404.49286 0.2238053125,0.22380524999999998 501,317,832,648 542,396,632,450 705,402,792,454
p00\face\2329.jpg p00\left\2329.jpg p00\right\2329.jpg p00\grid\2329.jpg day38/1029.jpg right 347.0,245.0 0.030869095,0.2884025 -2.846119,-2.116172,496.23047 0.2238053125,0.22380524999999998 485,271,753,539 519,341,585,380 651,338,720,379
p00\face\2330.jpg p00\left\2330.jpg p00\right\2330.jpg p00\grid\2330.jpg day24/0948.jpg right 133.0,210.0 0.08603144,0.24841274 1.048781,15.185161,449.86935 0.2238053125,0.22380524999999998 479,298,779,598 515,378,593,424 660,370,741,418
p00\face\2331.jpg p00\left\2331.jpg p00\right\2331.jpg p00\grid\2331.jpg day02/0590.jpg right 792.0,143.0 -0.11180174,0.084120505 64.39868,11.63358,451.28375 0.2238053125,0.22380524999999998 620,294,912,586 654,367,733,414 797,364,875,410
p00\face\2332.jpg p00\left\2332.jpg p00\right\2332.jpg p00\grid\2332.jpg day22/0915.jpg right 103.0,340.0 -0.07373536,0.08856169 40.604347,24.470467,502.3792 0.2238053125,0.22380524999999998 571,324,838,591 603,391,675,434 734,390,804,432
p00\face\2333.jpg p00\left\2333.jpg p00\right\2333.jpg p00\grid\2333.jpg day26/0412.jpg right 213.0,613.0 0.14023982,0.5960295 20.253035,72.95499,569.327 0.2238053125,0.22380524999999998 546,412,780,646 573,480,630,514 686,467,749,504
p00\face\2334.jpg p00\left\2334.jpg p00\right\2334.jpg p00\grid\2334.jpg day26/0113.jpg right 1251.0,107.0 0.30685923,0.1160963 28.355448,12.119482,502.17462 0.2238053125,0.22380524999999998 552,304,810,562 586,369,650,407 710,366,780,408
p00\face\2335.jpg p00\left\2335.jpg p00\right\2335.jpg p00\grid\2335.jpg day29/0087.jpg right 1193.0,61.0 -0.025435185,0.3389252 9.765995,-17.03158,427.0826 0.2238053125,0.22380524999999998 488,217,806,535 527,298,612,349 682,300,767,351
p00\face\2336.jpg p00\left\2336.jpg p00\right\2336.jpg p00\grid\2336.jpg day21/0321.jpg right 882.0,707.0 0.1105254,0.027770549 27.78465,-30.42246,422.2717 0.2238053125,0.22380524999999998 532,186,851,505 571,271,652,319 725,264,812,316
p00\face\2337.jpg p00\left\2337.jpg p00\right\2337.jpg p00\grid\2337.jpg day26/0296.jpg right 1058.0,67.0 0.1764691,0.24844098 1.287833,11.641608,426.25113 0.2238053125,0.22380524999999998 474,288,787,601 513,374,591,420 661,359,749,411
p00\face\2338.jpg p00\left\2338.jpg p00\right\2338.jpg p00\grid\2338.jpg day32/0050.jpg right 1247.0,435.0 0.18365318,0.12263676 -15.584135,-1.563279,404.75473 0.2238053125,0.22380524999999998 427,255,751,579 469,341,547,387 622,329,713,383
p00\face\2339.jpg p00\left\2339.jpg p00\right\2339.jpg p00\grid\2339.jpg day32/0469.jpg right 802.0,215.0 0.252807,0.1047311 -11.646093,47.359142,424.48434 0.2238053125,0.22380524999999998 446,375,753,682 484,453,563,500 633,447,715,496
p00\face\2340.jpg p00\left\2340.jpg p00\right\2340.jpg p00\grid\2340.jpg day11/0161.jpg right 977.0,638.0 0.030933145,-0.0038494146 13.362037,32.5147,482.47168 0.2238053125,0.22380524999999998 510,337,790,617 547,408,620,451 683,411,758,456
p00\face\2341.jpg p00\left\2341.jpg p00\right\2341.jpg p00\grid\2341.jpg day29/0360.jpg right 435.0,372.0 0.017736182,0.1938703 3.809456,8.2957,535.61786 0.2238053125,0.22380524999999998 505,294,760,549 536,361,602,400 661,358,728,398
p00\face\2342.jpg p00\left\2342.jpg p00\right\2342.jpg p00\grid\2342.jpg day23/0463.jpg right 636.0,788.0 0.08280245,0.1000671 28.212053,18.036015,449.1643 0.2238053125,0.22380524999999998 536,305,834,603 575,379,651,424 723,382,799,427
p00\face\2343.jpg p00\left\2343.jpg p00\right\2343.jpg p00\grid\2343.jpg day15/0104.jpg right 622.0,196.0 0.009108052,0.08979516 10.967533,-1.685607,442.08554 0.2238053125,0.22380524999999998 494,258,801,565 533,334,615,383 682,336,766,386
p00\face\2344.jpg p00\left\2344.jpg p00\right\2344.jpg p00\grid\2344.jpg day16/0943.jpg right 965.0,727.0 0.23573056,0.025362466 6.651117,8.087746,466.92194 0.2238053125,0.22380524999999998 499,288,782,571 534,360,607,403 671,357,747,402
p00\face\2345.jpg p00\left\2345.jpg p00\right\2345.jpg p00\grid\2345.jpg day04/1112.jpg right 922.0,171.0 0.012915947,0.103936985 24.484339,16.985027,426.1334 0.2238053125,0.22380524999999998 525,299,841,615 562,380,646,430 716,376,801,427
p00\face\2346.jpg p00\left\2346.jpg p00\right\2346.jpg p00\grid\2346.jpg day16/0450.jpg right 15.0,446.0 0.11679185,0.01433011 49.85896,-6.134855,404.04117 0.2238053125,0.22380524999999998 582,237,916,571 623,327,708,378 785,319,875,373
p00\face\2347.jpg p00\left\2347.jpg p00\right\2347.jpg p00\grid\2347.jpg day29/0302.jpg right 1074.0,0.0 0.17094347,0.11921275 11.986407,18.171066,399.71503 0.2238053125,0.22380524999999998 488,301,819,632 532,382,617,433 691,382,782,436
p00\face\2348.jpg p00\left\2348.jpg p00\right\2348.jpg p00\grid\2348.jpg day13/0445.jpg right 1012.0,605.0 0.2306328,0.16824634 11.163274,-2.199263,402.53415 0.2238053125,0.22380524999999998 481,250,811,580 532,327,614,376 688,338,781,393
p00\face\2349.jpg p00\left\2349.jpg p00\right\2349.jpg p00\grid\2349.jpg day39/0314.jpg right 74.0,573.0 0.035784278,-0.027721755 -10.16317,-33.09123,417.11038 0.2238053125,0.22380524999999998 439,178,761,500 480,261,562,310 638,259,723,310
p00\face\2350.jpg p00\left\2350.jpg p00\right\2350.jpg p00\grid\2350.jpg day04/0953.jpg right 34.0,453.0 0.038108192,0.031580135 4.958198,-19.26725,430.96716 0.2238053125,0.22380524999999998 480,217,790,527 519,294,600,342 671,295,753,344
p00\face\2351.jpg p00\left\2351.jpg p00\right\2351.jpg p00\grid\2351.jpg day29/0556.jpg right 254.0,551.0 -0.0076681664,0.044911876 23.658585,-48.238327,413.7295 0.2238053125,0.22380524999999998 516,138,844,466 556,221,643,273 719,224,804,275
p00\face\2352.jpg p00\left\2352.jpg p00\right\2352.jpg p00\grid\2352.jpg day16/0349.jpg right 193.0,2.0 0.077544674,0.08740463 13.684131,-23.014486,401.3175 0.2238053125,0.22380524999999998 491,196,825,530 533,281,620,333 696,279,786,333
p00\face\2353.jpg p00\left\2353.jpg p00\right\2353.jpg p00\grid\2353.jpg day10/0762.jpg right 307.0,657.0 0.18304834,0.25217807 19.345213,-43.7295,446.65466 0.2238053125,0.22380524999999998 520,164,823,467 556,252,632,297 700,233,785,284
p00\face\2354.jpg p00\left\2354.jpg p00\right\2354.jpg p00\grid\2354.jpg day30/0082.jpg right 1187.0,790.0 0.10621564,0.111434534 12.702884,-3.783942,436.8746 0.2238053125,0.22380524999999998 497,252,807,562 539,332,617,378 688,331,773,382
p00\face\2355.jpg p00\left\2355.jpg p00\right\2355.jpg p00\grid\2355.jpg day36/0200.jpg right 1164.0,787.0 0.05114554,-0.037458792 -2.030901,-41.8212,428.08328 0.2238053125,0.22380524999999998 463,163,776,476 502,242,583,290 655,242,739,292
p00\face\2356.jpg p00\left\2356.jpg p00\right\2356.jpg p00\grid\2356.jpg day26/0457.jpg right 700.0,365.0 0.11526634,0.08684689 19.965399,-7.743283,398.50296 0.2238053125,0.22380524999999998 503,234,839,570 550,314,635,365 713,322,803,376
p00\face\2357.jpg p00\left\2357.jpg p00\right\2357.jpg p00\grid\2357.jpg day13/0137.jpg right 818.0,566.0 0.06082673,0.32343903 63.35914,34.69652,523.6594 0.2238053125,0.22380524999999998 616,343,875,602 646,410,715,451 773,408,842,449
p00\face\2358.jpg p00\left\2358.jpg p00\right\2358.jpg p00\grid\2358.jpg day29/0568.jpg right 94.0,408.0 0.13607289,0.06359438 -3.141686,-26.263994,420.71915 0.2238053125,0.22380524999999998 461,197,777,513 501,282,580,329 652,271,739,323
p00\face\2359.jpg p00\left\2359.jpg p00\right\2359.jpg p00\grid\2359.jpg day36/0681.jpg right 22.0,329.0 -0.09608519,0.04752509 45.27516,-13.350086,380.44122 0.2238053125,0.22380524999999998 562,216,907,561 609,288,705,345 781,314,869,366
p00\face\2360.jpg p00\left\2360.jpg p00\right\2360.jpg p00\grid\2360.jpg day34/0308.jpg right 721.0,724.0 0.09981523,0.072623976 -16.22636,-2.370129,409.1187 0.2238053125,0.22380524999999998 422,251,747,576 464,332,548,382 622,332,709,384
p00\face\2361.jpg p00\left\2361.jpg p00\right\2361.jpg p00\grid\2361.jpg day24/0663.jpg right 38.0,701.0 0.04627104,0.2325205 7.417319,37.42201,539.52435 0.2238053125,0.22380524999999998 515,350,765,600 544,417,610,456 667,410,733,449
p00\face\2362.jpg p00\left\2362.jpg p00\right\2362.jpg p00\grid\2362.jpg day37/0445.jpg right 272.0,697.0 0.04203985,0.14517874 13.488772,-18.41156,428.4579 0.2238053125,0.22380524999999998 501,217,814,530 538,300,619,348 691,293,775,343
p00\face\2363.jpg p00\left\2363.jpg p00\right\2363.jpg p00\grid\2363.jpg day02/0200.jpg right 226.0,587.0 -0.16097498,0.1510576 42.58613,15.59066,461.4346 0.2238053125,0.22380524999999998 572,305,855,588 605,370,686,418 748,379,820,422
p00\face\2364.jpg p00\left\2364.jpg p00\right\2364.jpg p00\grid\2364.jpg day03/0803.jpg right 24.0,748.0 0.11137675,0.06400636 28.817848,7.779715,435.6724 0.2238053125,0.22380524999999998 535,280,842,587 576,355,655,402 725,359,807,408
p00\face\2365.jpg p00\left\2365.jpg p00\right\2365.jpg p00\grid\2365.jpg day30/0474.jpg right 1039.0,104.0 0.038030505,0.11451458 -16.8399,-13.395657,386.70117 0.2238053125,0.22380524999999998 410,214,758,562 452,307,542,361 616,295,715,354
p00\face\2366.jpg p00\left\2366.jpg p00\right\2366.jpg p00\grid\2366.jpg day16/0085.jpg right 1234.0,539.0 0.1388426,0.30213338 24.576216,2.85282,453.16626 0.2238053125,0.22380524999999998 529,270,829,570 567,350,643,395 712,344,793,392
p00\face\2367.jpg p00\left\2367.jpg p00\right\2367.jpg p00\grid\2367.jpg day35/0204.jpg right 765.0,238.0 0.05769468,0.033472255 -2.708016,-11.342902,403.06216 0.2238053125,0.22380524999999998 450,226,783,559 493,307,580,359 654,311,745,365
p00\face\2368.jpg p00\left\2368.jpg p00\right\2368.jpg p00\grid\2368.jpg day22/0747.jpg right 918.0,242.0 0.15834834,0.16270037 34.255627,71.74294,518.8696 0.2238053125,0.22380524999999998 560,417,818,675 594,479,661,519 718,481,788,523
p00\face\2369.jpg p00\left\2369.jpg p00\right\2369.jpg p00\grid\2369.jpg day06/0226.jpg right 14.0,500.0 -0.11076204,0.056332216 30.887321,6.763253,465.21942 0.2238053125,0.22380524999999998 545,284,831,570 581,352,659,398 721,358,797,403
p00\face\2370.jpg p00\left\2370.jpg p00\right\2370.jpg p00\grid\2370.jpg day06/0571.jpg right 932.0,204.0 0.32238865,0.1303109 41.95816,42.146835,444.0606 0.2238053125,0.22380524999999998 572,363,866,657 609,434,685,479 753,435,831,481
p00\face\2371.jpg p00\left\2371.jpg p00\right\2371.jpg p00\grid\2371.jpg day22/0037.jpg right 51.0,77.0 0.10838116,0.40991175 28.023924,1.40492,419.61108 0.2238053125,0.22380524999999998 531,260,852,581 571,344,653,393 728,340,813,391
p00\face\2372.jpg p00\left\2372.jpg p00\right\2372.jpg p00\grid\2372.jpg day34/0423.jpg right 1235.0,652.0 0.14403512,0.35897782 -5.860962,5.808604,455.12946 0.2238053125,0.22380524999999998 461,278,756,573 504,354,576,397 644,353,726,402
p00\face\2373.jpg p00\left\2373.jpg p00\right\2373.jpg p00\grid\2373.jpg day04/0188.jpg right 1124.0,653.0 0.097406745,0.16452377 18.985735,64.69003,598.5479 0.2238053125,0.22380524999999998 544,398,767,621 572,454,630,488 681,453,741,489
p00\face\2374.jpg p00\left\2374.jpg p00\right\2374.jpg p00\grid\2374.jpg day37/0248.jpg right 404.0,640.0 0.03820432,0.4388492 40.254463,26.865326,444.2164 0.2238053125,0.22380524999999998 558,322,862,626 599,394,681,443 748,406,829,454
p00\face\2375.jpg p00\left\2375.jpg p00\right\2375.jpg p00\grid\2375.jpg day10/0292.jpg right 1194.0,541.0 0.0069628833,0.12778157 19.771837,17.911213,404.90695 0.2238053125,0.22380524999999998 514,299,844,629 548,390,635,442 708,372,798,426
p00\face\2376.jpg p00\left\2376.jpg p00\right\2376.jpg p00\grid\2376.jpg day12/0021.jpg right 429.0,680.0 -0.05408187,0.24445067 35.06129,25.041147,511.7083 0.2238053125,0.22380524999999998 562,324,827,589 591,393,663,436 722,390,791,431
p00\face\2377.jpg p00\left\2377.jpg p00\right\2377.jpg p00\grid\2377.jpg day01/0164.jpg right 471.0,169.0 0.09338321,0.1454515 10.108086,46.73277,500.2956 0.2238053125,0.22380524999999998 512,368,780,636 544,438,614,480 674,433,747,476
p00\face\2378.jpg p00\left\2378.jpg p00\right\2378.jpg p00\grid\2378.jpg day18/0355.jpg right 280.0,156.0 -0.043233313,0.15065943 30.20853,-17.668964,382.95312 0.2238053125,0.22380524999999998 526,201,878,553 568,288,662,344 743,293,834,347
p00\face\2379.jpg p00\left\2379.jpg p00\right\2379.jpg p00\grid\2379.jpg day05/0482.jpg right 897.0,253.0 0.28823623,0.023295641 19.268995,-4.359857,518.63525 0.2238053125,0.22380524999999998 536,272,789,525 568,337,634,376 689,332,759,374
p00\face\2380.jpg p00\left\2380.jpg p00\right\2380.jpg p00\grid\2380.jpg day02/0273.jpg right 830.0,463.0 -0.030489022,0.29478383 45.112926,51.793694,499.31702 0.2238053125,0.22380524999999998 588,381,850,643 614,453,683,494 743,439,812,480
p00\face\2381.jpg p00\left\2381.jpg p00\right\2381.jpg p00\grid\2381.jpg day05/0432.jpg right 865.0,292.0 -0.08055967,0.16416001 19.076982,49.039886,573.1138 0.2238053125,0.22380524999999998 540,372,774,606 568,430,631,467 684,431,745,467
p00\face\2382.jpg p00\left\2382.jpg p00\right\2382.jpg p00\grid\2382.jpg day19/0288.jpg right 1031.0,454.0 -0.14197418,0.32926357 28.751251,25.567703,453.49878 0.2238053125,0.22380524999999998 545,322,840,617 571,399,662,453 715,390,796,438
p00\face\2383.jpg p00\left\2383.jpg p00\right\2383.jpg p00\grid\2383.jpg day10/0189.jpg right 907.0,399.0 0.10797473,0.23177272 63.59882,46.878185,524.97253 0.2238053125,0.22380524999999998 618,367,876,625 647,435,716,476 772,428,842,470
p00\face\2384.jpg p00\left\2384.jpg p00\right\2384.jpg p00\grid\2384.jpg day28/0611.jpg right 726.0,309.0 0.017644065,0.09257578 10.242583,-10.242212,412.8579 0.2238053125,0.22380524999999998 490,233,812,555 528,317,613,368 684,308,771,360
p00\face\2385.jpg p00\left\2385.jpg p00\right\2385.jpg p00\grid\2385.jpg day24/0849.jpg right 355.0,197.0 0.08823635,0.17537913 19.981543,6.707245,450.41928 0.2238053125,0.22380524999999998 518,279,819,580 556,356,635,403 702,354,783,402
p00\face\2386.jpg p00\left\2386.jpg p00\right\2386.jpg p00\grid\2386.jpg day29/0621.jpg right 352.0,340.0 -0.041510995,0.08394845 17.450327,-23.547722,417.89243 0.2238053125,0.22380524999999998 500,202,821,523 544,275,629,326 703,291,785,340
p00\face\2387.jpg p00\left\2387.jpg p00\right\2387.jpg p00\grid\2387.jpg day01/0092.jpg right 441.0,318.0 0.06977334,0.08145366 23.143202,16.005241,436.67517 0.2238053125,0.22380524999999998 526,298,835,607 561,381,642,429 711,371,795,421
p00\face\2388.jpg p00\left\2388.jpg p00\right\2388.jpg p00\grid\2388.jpg day08/0642.jpg right 454.0,105.0 -0.08459669,0.10806764 -12.171088,-10.09153,419.97147 0.2238053125,0.22380524999999998 431,234,752,555 474,308,559,359 631,320,716,371
p00\face\2389.jpg p00\left\2389.jpg p00\right\2389.jpg p00\grid\2389.jpg day37/0073.jpg right 23.0,359.0 -0.09851884,0.16951574 4.920375,9.0895,425.78494 0.2238053125,0.22380524999999998 476,281,792,597 514,357,601,409 671,362,753,411
p00\face\2390.jpg p00\left\2390.jpg p00\right\2390.jpg p00\grid\2390.jpg day13/0432.jpg right 1127.0,511.0 0.0972329,0.1099509 -3.886743,14.926668,536.15027 0.2238053125,0.22380524999999998 490,307,743,560 523,371,589,410 645,372,714,413
p00\face\2391.jpg p00\left\2391.jpg p00\right\2391.jpg p00\grid\2391.jpg day33/0501.jpg right 203.0,488.0 -0.11617388,0.16270003 36.397835,3.555609,417.3156 0.2238053125,0.22380524999999998 554,270,869,585 589,346,676,398 746,348,827,396
p00\face\2392.jpg p00\left\2392.jpg p00\right\2392.jpg p00\grid\2392.jpg day06/0321.jpg right 185.0,257.0 -0.10356748,0.27554682 48.50482,2.003274,627.57043 0.2238053125,0.22380524999999998 592,295,808,511 618,346,678,382 727,354,781,386
p00\face\2393.jpg p00\left\2393.jpg p00\right\2393.jpg p00\grid\2393.jpg day30/0434.jpg right 544.0,446.0 -0.058742795,0.48738214 -4.614157,4.207112,372.88672 0.2238053125,0.22380524999999998 426,251,792,617 473,341,572,400 651,351,750,410
p00\face\2394.jpg p00\left\2394.jpg p00\right\2394.jpg p00\grid\2394.jpg day38/0971.jpg right 1119.0,313.0 0.12163779,0.022467572 -15.277107,-13.415558,414.26703 0.2238053125,0.22380524999999998 430,227,749,546 469,309,551,358 623,302,710,354
p00\face\2395.jpg p00\left\2395.jpg p00\right\2395.jpg p00\grid\2395.jpg day28/0349.jpg right 325.0,496.0 0.13120177,0.09139803 7.969867,14.376849,450.4614 0.2238053125,0.22380524999999998 494,297,792,595 531,375,609,421 675,369,756,417
p00\face\2396.jpg p00\left\2396.jpg p00\right\2396.jpg p00\grid\2396.jpg day26/0366.jpg right 54.0,339.0 -0.024153464,0.19782397 10.769566,25.115215,507.53915 0.2238053125,0.22380524999999998 519,327,781,589 546,399,615,440 674,385,744,427
p00\face\2397.jpg p00\left\2397.jpg p00\right\2397.jpg p00\grid\2397.jpg day32/0421.jpg right 120.0,628.0 0.008061055,0.014327893 19.425644,-5.207529,427.4477 0.2238053125,0.22380524999999998 512,246,830,564 549,329,633,379 706,325,788,374
p00\face\2398.jpg p00\left\2398.jpg p00\right\2398.jpg p00\grid\2398.jpg day24/0930.jpg right 535.0,29.0 0.09255875,0.43029773 11.643876,1.46689,371.4339 0.2238053125,0.22380524999999998 476,247,837,608 521,343,615,399 693,334,795,395
p00\face\2399.jpg p00\left\2399.jpg p00\right\2399.jpg p00\grid\2399.jpg day13/0030.jpg right 1135.0,548.0 0.009845598,0.14920162 17.352509,26.305075,461.6851 0.2238053125,0.22380524999999998 519,325,810,616 552,402,628,447 694,393,772,439
p00\face\2400.jpg p00\left\2400.jpg p00\right\2400.jpg p00\grid\2400.jpg day27/0199.jpg right 893.0,523.0 0.023331562,0.15213755 -9.909008,28.001064,420.04126 0.2238053125,0.22380524999999998 442,325,763,646 481,408,563,457 636,402,723,454
p00\face\2401.jpg p00\left\2401.jpg p00\right\2401.jpg p00\grid\2401.jpg day21/0382.jpg right 606.0,505.0 0.19972947,0.19231384 16.660526,-24.888418,442.58963 0.2238053125,0.22380524999999998 512,204,821,513 549,294,627,340 694,273,782,325
p00\face\2402.jpg p00\left\2402.jpg p00\right\2402.jpg p00\grid\2402.jpg day25/0677.jpg right 219.0,535.0 0.2119368,0.07054926 -5.536467,-11.941292,399.07944 0.2238053125,0.22380524999999998 444,224,778,558 489,311,573,361 647,304,741,360
p00\face\2403.jpg p00\left\2403.jpg p00\right\2403.jpg p00\grid\2403.jpg day35/0627.jpg right 1252.0,446.0 0.020260084,0.025595512 -2.532719,-6.958786,457.9894 0.2238053125,0.22380524999999998 474,250,769,545 508,329,586,375 650,321,731,369
p00\face\2404.jpg p00\left\2404.jpg p00\right\2404.jpg p00\grid\2404.jpg day24/0608.jpg right 44.0,718.0 0.0823757,0.33308658 36.932358,68.89385,573.38794 0.2238053125,0.22380524999999998 567,406,801,640 601,460,662,496 714,470,777,507
p00\face\2405.jpg p00\left\2405.jpg p00\right\2405.jpg p00\grid\2405.jpg day36/0032.jpg right 106.0,337.0 0.058685813,0.0040048757 9.433001,-28.99555,368.9249 0.2238053125,0.22380524999999998 470,166,833,529 514,260,608,316 691,253,788,311
p00\face\2406.jpg p00\left\2406.jpg p00\right\2406.jpg p00\grid\2406.jpg day36/0770.jpg right 840.0,445.0 0.029266467,0.024445212 -6.509573,-4.338171,451.73892 0.2238053125,0.22380524999999998 461,255,761,555 498,332,576,378 643,329,724,377
p00\face\2407.jpg p00\left\2407.jpg p00\right\2407.jpg p00\grid\2407.jpg day24/0499.jpg right 126.0,424.0 0.08477132,0.0481896 33.00373,5.382495,450.167 0.2238053125,0.22380524999999998 545,276,845,576 585,350,664,397 732,354,811,401
p00\face\2408.jpg p00\left\2408.jpg p00\right\2408.jpg p00\grid\2408.jpg day36/0267.jpg right 51.0,306.0 0.021498322,0.017902851 -7.303254,-14.646999,418.77283 0.2238053125,0.22380524999999998 445,222,767,544 486,303,571,354 644,304,729,355
p00\face\2409.jpg p00\left\2409.jpg p00\right\2409.jpg p00\grid\2409.jpg day31/0729.jpg right 1094.0,105.0 0.1859814,-0.004123254 -1.822196,3.063488,370.08667 0.2238053125,0.22380524999999998 441,255,796,610 489,341,580,395 658,346,757,405
p00\face\2410.jpg p00\left\2410.jpg p00\right\2410.jpg p00\grid\2410.jpg day36/0073.jpg right 876.0,560.0 0.09246017,0.14648217 -11.440518,-15.516051,443.65503 0.2238053125,0.22380524999999998 450,230,750,530 489,310,562,353 632,302,714,351
p00\face\2411.jpg p00\left\2411.jpg p00\right\2411.jpg p00\grid\2411.jpg day35/0785.jpg right 487.0,77.0 0.27028927,-0.009711126 15.308431,-9.187724,447.96378 0.2238053125,0.22380524999999998 512,248,804,540 550,319,626,364 692,321,771,368
p00\face\2412.jpg p00\left\2412.jpg p00\right\2412.jpg p00\grid\2412.jpg day16/1081.jpg right 1009.0,282.0 0.06641751,0.35700762 -25.235043,-29.070456,547.1844 0.2238053125,0.22380524999999998 456,226,705,475 487,297,548,333 607,287,674,327
p00\face\2413.jpg p00\left\2413.jpg p00\right\2413.jpg p00\grid\2413.jpg day12/0437.jpg right 776.0,470.0 -0.006431507,0.23780958 20.511646,27.678795,457.40714 0.2238053125,0.22380524999999998 519,325,817,623 554,396,644,450 697,399,782,450
p00\face\2414.jpg p00\left\2414.jpg p00\right\2414.jpg p00\grid\2414.jpg day29/0735.jpg right 70.0,671.0 0.046053335,-0.062375415 17.207952,-26.22208,391.06665 0.2238053125,0.22380524999999998 495,182,840,527 539,270,629,324 708,270,799,324
p00\face\2415.jpg p00\left\2415.jpg p00\right\2415.jpg p00\grid\2415.jpg day38/0186.jpg right 1172.0,625.0 0.15447178,0.25850764 2.527868,35.33929,460.26343 0.2238053125,0.22380524999999998 485,346,774,635 524,420,594,462 663,416,742,463
p00\face\2416.jpg p00\left\2416.jpg p00\right\2416.jpg p00\grid\2416.jpg day08/0628.jpg right 170.0,583.0 0.022932481,0.15254755 36.36479,43.977245,567.6908 0.2238053125,0.22380524999999998 567,363,804,600 598,419,661,456 716,426,777,462
p00\face\2417.jpg p00\left\2417.jpg p00\right\2417.jpg p00\grid\2417.jpg day32/0434.jpg right 883.0,681.0 0.075446494,0.04288462 5.110084,7.050879,391.59537 0.2238053125,0.22380524999999998 466,268,809,611 509,354,599,408 675,354,768,409
p00\face\2418.jpg p00\left\2418.jpg p00\right\2418.jpg p00\grid\2418.jpg day03/1034.jpg right 544.0,15.0 0.39104357,-0.063166656 14.298469,-14.374804,407.48444 0.2238053125,0.22380524999999998 513,228,823,538 545,313,627,362 695,292,780,343
p00\face\2419.jpg p00\left\2419.jpg p00\right\2419.jpg p00\grid\2419.jpg day24/0428.jpg right 596.0,532.0 -0.054387383,0.2544769 8.639456,-8.063037,386.84546 0.2238053125,0.22380524999999998 476,227,825,576 513,320,609,377 684,311,777,366
p00\face\2420.jpg p00\left\2420.jpg p00\right\2420.jpg p00\grid\2420.jpg day09/0802.jpg right 375.0,464.0 0.057001635,0.18390302 70.04264,-55.053417,558.5281 0.2238053125,0.22380524999999998 631,185,872,426 657,251,721,289 776,243,839,280
p00\face\2421.jpg p00\left\2421.jpg p00\right\2421.jpg p00\grid\2421.jpg day23/0431.jpg right 130.0,520.0 -0.17378555,0.1397869 -18.25784,-1.507059,455.1721 0.2238053125,0.22380524999999998 439,263,734,558 470,340,551,388 618,334,693,379
p00\face\2422.jpg p00\left\2422.jpg p00\right\2422.jpg p00\grid\2422.jpg day03/0429.jpg right 332.0,307.0 0.12116704,0.13213241 23.8077,26.061062,411.40982 0.2238053125,0.22380524999999998 522,321,846,645 561,403,646,454 718,397,805,449
p00\face\2423.jpg p00\left\2423.jpg p00\right\2423.jpg p00\grid\2423.jpg day11/0019.jpg right 219.0,602.0 0.28251043,0.09126381 37.405567,-31.83074,419.57364 0.2238053125,0.22380524999999998 567,185,880,498 597,279,682,330 745,244,835,298
p00\face\2424.jpg p00\left\2424.jpg p00\right\2424.jpg p00\grid\2424.jpg day28/0066.jpg right 430.0,434.0 0.121014774,0.0694199 0.35273,9.008121,439.1329 0.2238053125,0.22380524999999998 475,284,779,588 512,363,591,410 659,356,741,405
p00\face\2425.jpg p00\left\2425.jpg p00\right\2425.jpg p00\grid\2425.jpg day01/0267.jpg right 1013.0,227.0 0.26727465,0.09296834 -9.942035,25.950315,454.6089 0.2238053125,0.22380524999999998 461,328,747,614 498,400,571,443 635,396,714,443
p00\face\2426.jpg p00\left\2426.jpg p00\right\2426.jpg p00\grid\2426.jpg day16/0545.jpg right 972.0,741.0 0.13120927,0.23968743 22.652142,-21.815239,496.61884 0.2238053125,0.22380524999999998 533,228,807,502 568,301,638,343 699,296,775,341
p00\face\2427.jpg p00\left\2427.jpg p00\right\2427.jpg p00\grid\2427.jpg day17/0575.jpg right 970.0,213.0 0.15754439,0.34206074 15.664264,3.548885,455.1451 0.2238053125,0.22380524999999998 513,272,810,569 550,356,623,399 691,342,773,391
p00\face\2428.jpg p00\left\2428.jpg p00\right\2428.jpg p00\grid\2428.jpg day17/0059.jpg right 112.0,644.0 0.044910084,0.22053464 -11.232599,-20.288815,451.96835 0.2238053125,0.22380524999999998 449,219,749,519 488,297,564,342 633,295,714,343
p00\face\2429.jpg p00\left\2429.jpg p00\right\2429.jpg p00\grid\2429.jpg day23/0778.jpg right 588.0,178.0 0.41483212,-0.005479007 56.2224,1.0173,429.2083 0.2238053125,0.22380524999999998 605,268,906,569 642,339,723,387 789,343,870,391
p00\face\2430.jpg p00\left\2430.jpg p00\right\2430.jpg p00\grid\2430.jpg day06/0644.jpg right 139.0,572.0 0.15252775,0.0024503611 -66.04419,9.805913,470.9839 0.2238053125,0.22380524999999998 352,294,628,570 383,368,453,410 518,357,591,400
p00\face\2431.jpg p00\left\2431.jpg p00\right\2431.jpg p00\grid\2431.jpg day01/0275.jpg right 419.0,532.0 0.2050427,0.09718328 -0.155413,28.59057,467.43942 0.2238053125,0.22380524999999998 483,333,765,615 520,402,592,445 657,403,732,448
p00\face\2432.jpg p00\left\2432.jpg p00\right\2432.jpg p00\grid\2432.jpg day22/0892.jpg right 886.0,25.0 -0.098389946,0.09813208 33.75939,9.629575,417.4475 0.2238053125,0.22380524999999998 543,282,862,601 582,357,669,409 739,364,824,415
p00\face\2433.jpg p00\left\2433.jpg p00\right\2433.jpg p00\grid\2433.jpg day29/0486.jpg right 323.0,786.0 0.05109583,0.25270137 44.41921,-51.01987,454.67957 0.2238053125,0.22380524999999998 570,152,868,450 609,226,687,272 756,233,834,279
p00\face\2434.jpg p00\left\2434.jpg p00\right\2434.jpg p00\grid\2434.jpg day30/0108.jpg right 1049.0,556.0 0.03589075,0.32013974 -36.985588,11.753206,408.2557 0.2238053125,0.22380524999999998 377,288,696,607 417,376,493,421 569,360,657,412
p00\face\2435.jpg p00\left\2435.jpg p00\right\2435.jpg p00\grid\2435.jpg day17/0578.jpg right 1159.0,791.0 0.12769765,0.37419438 16.219328,5.176251,468.32495 0.2238053125,0.22380524999999998 520,281,803,564 554,359,623,400 692,347,767,392
p00\face\2436.jpg p00\left\2436.jpg p00\right\2436.jpg p00\grid\2436.jpg day04/1095.jpg right 772.0,295.0 0.15516993,0.04340478 -3.513972,9.711298,462.83273 0.2238053125,0.22380524999999998 476,291,762,577 511,365,584,408 649,359,727,405
p00\face\2437.jpg p00\left\2437.jpg p00\right\2437.jpg p00\grid\2437.jpg day15/0512.jpg right 790.0,482.0 0.17958611,0.26857117 13.259744,-12.63692,471.0515 0.2238053125,0.22380524999999998 510,241,798,529 547,320,619,363 683,309,764,357
p00\face\2438.jpg p00\left\2438.jpg p00\right\2438.jpg p00\grid\2438.jpg day24/0794.jpg right 1089.0,58.0 0.2767802,0.074533544 8.11463,2.508169,512.341 0.2238053125,0.22380524999999998 518,286,771,539 547,355,611,393 668,341,738,383
p00\face\2439.jpg p00\left\2439.jpg p00\right\2439.jpg p00\grid\2439.jpg day06/0259.jpg right 733.0,242.0 0.1133053,0.033370446 5.434623,-0.234726,530.6786 0.2238053125,0.22380524999999998 508,279,761,532 540,344,606,383 664,342,731,382
p00\face\2440.jpg p00\left\2440.jpg p00\right\2440.jpg p00\grid\2440.jpg day28/0180.jpg right 1051.0,654.0 0.02629107,0.1530134 -8.094984,34.948452,449.15442 0.2238053125,0.22380524999999998 457,342,758,643 494,421,572,467 640,414,721,462
p00\face\2441.jpg p00\left\2441.jpg p00\right\2441.jpg p00\grid\2441.jpg day24/0822.jpg right 64.0,167.0 -0.08934076,0.034180142 79.701935,-37.104572,447.58752 0.2238053125,0.22380524999999998 647,188,933,474 689,243,770,291 833,274,906,317
p00\face\2442.jpg p00\left\2442.jpg p00\right\2442.jpg p00\grid\2442.jpg day05/0155.jpg right 1143.0,99.0 0.19554645,0.03981559 28.816526,-3.248864,476.8201 0.2238053125,0.22380524999999998 544,264,824,544 581,335,653,378 715,334,793,380
p00\face\2443.jpg p00\left\2443.jpg p00\right\2443.jpg p00\grid\2443.jpg day08/0127.jpg right 651.0,716.0 -0.008952058,0.07317567 5.327196,1.169374,502.7701 0.2238053125,0.22380524999999998 505,278,772,545 534,350,604,392 665,340,735,382
p00\face\2444.jpg p00\left\2444.jpg p00\right\2444.jpg p00\grid\2444.jpg day18/0467.jpg right 830.0,503.0 0.21053791,0.16069767 7.510078,8.469933,428.68503 0.2238053125,0.22380524999999998 487,281,799,593 528,363,607,410 675,354,763,406
p00\face\2445.jpg p00\left\2445.jpg p00\right\2445.jpg p00\grid\2445.jpg day04/0085.jpg right 483.0,464.0 -0.0071538803,0.16705997 28.03554,38.990597,511.64005 0.2238053125,0.22380524999999998 547,352,812,617 578,420,650,463 708,417,778,459
p00\face\2446.jpg p00\left\2446.jpg p00\right\2446.jpg p00\grid\2446.jpg day26/0555.jpg right 524.0,221.0 0.14788684,0.24574524 6.271521,27.739618,417.36188 0.2238053125,0.22380524999999998 477,323,801,647 520,408,601,456 676,403,764,455
p00\face\2447.jpg p00\left\2447.jpg p00\right\2447.jpg p00\grid\2447.jpg day09/0231.jpg right 1029.0,83.0 0.15948729,0.03699776 10.912754,2.575119,436.573 0.2238053125,0.22380524999999998 502,271,803,572 537,350,615,396 683,341,764,389
p00\face\2448.jpg p00\left\2448.jpg p00\right\2448.jpg p00\grid\2448.jpg day18/0423.jpg right 276.0,257.0 0.06137183,0.078635536 0.116766,-32.048367,420.1554 0.2238053125,0.22380524999999998 460,181,781,502 505,258,587,307 662,268,747,319
p00\face\2449.jpg p00\left\2449.jpg p00\right\2449.jpg p00\grid\2449.jpg day33/0590.jpg right 22.0,200.0 -0.086548395,0.27805823 6.559677,-7.275144,431.13486 0.2238053125,0.22380524999999998 484,244,794,554 521,317,611,371 667,322,758,376
p00\face\2450.jpg p00\left\2450.jpg p00\right\2450.jpg p00\grid\2450.jpg day30/0189.jpg right 762.0,277.0 0.0138943605,0.08468253 17.930391,7.322277,446.00055 0.2238053125,0.22380524999999998 515,281,816,582 551,358,630,405 697,354,778,402
p00\face\2451.jpg p00\left\2451.jpg p00\right\2451.jpg p00\grid\2451.jpg day38/0199.jpg right 550.0,353.0 0.12655306,0.27364618 4.976417,35.06848,458.64883 0.2238053125,0.22380524999999998 487,342,782,637 527,420,600,463 668,415,749,463
p00\face\2452.jpg p00\left\2452.jpg p00\right\2452.jpg p00\grid\2452.jpg day30/0503.jpg right 788.0,308.0 -0.02299373,0.42405984 -19.066029,3.868571,455.8649 0.2238053125,0.22380524999999998 437,272,734,569 471,354,550,401 614,344,695,392
p00\face\2453.jpg p00\left\2453.jpg p00\right\2453.jpg p00\grid\2453.jpg day33/0134.jpg right 266.0,55.0 -0.058973253,0.24296942 4.044681,-21.237375,398.5147 0.2238053125,0.22380524999999998 466,197,806,537 505,286,596,340 673,283,761,335
p00\face\2454.jpg p00\left\2454.jpg p00\right\2454.jpg p00\grid\2454.jpg day31/0029.jpg right 106.0,630.0 -0.116092026,0.057982948 16.863052,-1.550395,383.74176 0.2238053125,0.22380524999999998 492,245,840,593 534,328,630,385 707,335,797,389
p00\face\2455.jpg p00\left\2455.jpg p00\right\2455.jpg p00\grid\2455.jpg day04/0967.jpg right 300.0,601.0 0.020139266,0.31474736 24.069818,-8.987115,478.96298 0.2238053125,0.22380524999999998 533,250,816,533 567,323,642,368 706,323,781,368
p00\face\2456.jpg p00\left\2456.jpg p00\right\2456.jpg p00\grid\2456.jpg day13/0748.jpg right 308.0,275.0 0.0746494,0.3423716 46.432495,3.961718,462.43155 0.2238053125,0.22380524999999998 579,276,868,565 615,349,693,395 756,350,834,396
p00\face\2457.jpg p00\left\2457.jpg p00\right\2457.jpg p00\grid\2457.jpg day30/0525.jpg right 1100.0,87.0 0.013398763,0.44100052 -12.97919,-20.344582,452.0713 0.2238053125,0.22380524999999998 449,218,746,515 485,299,561,344 627,292,709,341
p00\face\2458.jpg p00\left\2458.jpg p00\right\2458.jpg p00\grid\2458.jpg day35/0584.jpg right 166.0,127.0 0.074354805,0.04892494 18.682365,3.391659,394.78754 0.2238053125,0.22380524999999998 504,261,841,598 544,345,635,399 709,343,799,397
p00\face\2459.jpg p00\left\2459.jpg p00\right\2459.jpg p00\grid\2459.jpg day05/0339.jpg right 97.0,512.0 -0.18332534,0.091746524 19.618938,45.48692,423.32483 0.2238053125,0.22380524999999998 511,368,824,681 548,441,644,498 698,444,788,498
p00\face\2460.jpg p00\left\2460.jpg p00\right\2460.jpg p00\grid\2460.jpg day04/0869.jpg right 159.0,375.0 -0.098500215,-0.013567751 33.881184,-21.778965,413.8164 0.2238053125,0.22380524999999998 548,207,866,525 585,289,669,339 741,283,825,333
p00\face\2461.jpg p00\left\2461.jpg p00\right\2461.jpg p00\grid\2461.jpg day02/0199.jpg right 812.0,707.0 0.09922223,0.03696337 5.788559,11.75154,465.03732 0.2238053125,0.22380524999999998 492,293,781,582 529,366,604,411 667,366,748,414
p00\face\2462.jpg p00\left\2462.jpg p00\right\2462.jpg p00\grid\2462.jpg day38/1012.jpg right 334.0,235.0 0.027437085,0.09963639 -9.760033,13.648705,445.6981 0.2238053125,0.22380524999999998 450,293,754,597 488,371,569,419 636,369,718,418
p00\face\2463.jpg p00\left\2463.jpg p00\right\2463.jpg p00\grid\2463.jpg day31/0534.jpg right 911.0,649.0 0.20084748,0.08607677 -18.88206,3.836263,381.26205 0.2238053125,0.22380524999999998 405,262,748,605 451,351,535,401 613,342,710,400
p00\face\2464.jpg p00\left\2464.jpg p00\right\2464.jpg p00\grid\2464.jpg day17/0838.jpg right 938.0,752.0 0.07566365,0.020178074 16.189543,-19.577906,434.65182 0.2238053125,0.22380524999999998 506,216,816,526 545,295,626,343 696,294,780,344
p00\face\2465.jpg p00\left\2465.jpg p00\right\2465.jpg p00\grid\2465.jpg day32/0353.jpg right 787.0,53.0 0.050249632,0.23086578 5.015338,-12.83908,469.18338 0.2238053125,0.22380524999999998 492,242,777,527 529,314,601,357 668,315,743,360
p00\face\2466.jpg p00\left\2466.jpg p00\right\2466.jpg p00\grid\2466.jpg day01/0411.jpg right 143.0,609.0 -0.19780906,0.20226489 30.181492,95.025734,588.98535 0.2238053125,0.22380524999999998 564,452,786,674 590,507,650,543 700,506,757,540
p00\face\2467.jpg p00\left\2467.jpg p00\right\2467.jpg p00\grid\2467.jpg day11/0439.jpg right 58.0,38.0 -0.09841426,0.12269007 34.945084,-23.354607,480.38025 0.2238053125,0.22380524999999998 559,223,838,502 589,295,667,341 728,292,800,335
p00\face\2468.jpg p00\left\2468.jpg p00\right\2468.jpg p00\grid\2468.jpg day01/0387.jpg right 920.0,574.0 0.24728595,0.10198698 -23.782639,34.079636,571.28864 0.2238053125,0.22380524999999998 472,349,700,577 499,410,557,444 608,401,671,438
p00\face\2469.jpg p00\left\2469.jpg p00\right\2469.jpg p00\grid\2469.jpg day23/0311.jpg right 1166.0,583.0 0.12196407,0.09767378 -4.066021,17.66147,466.92703 0.2238053125,0.22380524999999998 476,307,762,593 510,386,583,429 648,372,726,418
p00\face\2470.jpg p00\left\2470.jpg p00\right\2470.jpg p00\grid\2470.jpg day08/0557.jpg right 617.0,697.0 0.18040264,0.2609706 85.507576,51.664135,581.7967 0.2238053125,0.22380524999999998 652,374,886,608 683,433,744,469 795,434,859,472
p00\face\2471.jpg p00\left\2471.jpg p00\right\2471.jpg p00\grid\2471.jpg day01/0245.jpg right 1159.0,289.0 -0.49399757,0.015788414 -26.904749,40.864895,399.81894 0.2238053125,0.22380524999999998 400,368,709,677 439,444,524,495 583,432,674,486
p00\face\2472.jpg p00\left\2472.jpg p00\right\2472.jpg p00\grid\2472.jpg day26/0734.jpg right 1151.0,529.0 0.22183715,0.1125215 11.385998,32.19757,422.35352 0.2238053125,0.22380524999999998 497,337,810,650 535,417,616,465 687,411,772,462
p00\face\2473.jpg p00\left\2473.jpg p00\right\2473.jpg p00\grid\2473.jpg day06/0009.jpg right 448.0,254.0 0.3180131,0.17379713 6.762,50.132942,417.0253 0.2238053125,0.22380524999999998 488,383,800,695 524,460,614,514 671,451,762,505
p00\face\2474.jpg p00\left\2474.jpg p00\right\2474.jpg p00\grid\2474.jpg day35/0195.jpg right 414.0,28.0 0.14026007,0.019013861 3.069292,-10.412206,451.9777 0.2238053125,0.22380524999999998 487,244,781,538 521,321,599,367 665,313,743,359
p00\face\2475.jpg p00\left\2475.jpg p00\right\2475.jpg p00\grid\2475.jpg day09/0105.jpg right 5.0,13.0 -0.078053646,-0.027323885 56.6435,-17.496874,426.6786 0.2238053125,0.22380524999999998 605,220,915,530 637,304,728,358 783,287,874,341
p00\face\2476.jpg p00\left\2476.jpg p00\right\2476.jpg p00\grid\2476.jpg day01/0063.jpg right 878.0,752.0 0.137806,0.15007468 1.305453,-0.355192,538.9212 0.2238053125,0.22380524999999998 507,283,751,527 537,350,597,386 655,339,721,378
p00\face\2477.jpg p00\left\2477.jpg p00\right\2477.jpg p00\grid\2477.jpg day34/0533.jpg right 1024.0,618.0 -0.052892562,0.16375534 19.850937,16.66806,339.26547 0.2238053125,0.22380524999999998 483,283,879,679 531,378,637,441 725,384,830,447
p00\face\2478.jpg p00\left\2478.jpg p00\right\2478.jpg p00\grid\2478.jpg day35/0193.jpg right 850.0,365.0 0.084046386,0.04997925 -2.112868,-10.300769,460.04163 0.2238053125,0.22380524999999998 479,246,768,535 511,323,587,368 652,313,730,359
p00\face\2479.jpg p00\left\2479.jpg p00\right\2479.jpg p00\grid\2479.jpg day09/0596.jpg right 641.0,294.0 -0.01868347,0.32893714 34.96728,86.823296,669.5117 0.2238053125,0.22380524999999998 576,426,777,627 600,476,654,508 699,478,751,509
p00\face\2480.jpg p00\left\2480.jpg p00\right\2480.jpg p00\grid\2480.jpg day05/0407.jpg right 122.0,586.0 0.06645387,0.17810346 5.154532,72.8152,560.16406 0.2238053125,0.22380524999999998 513,414,753,654 543,473,606,510 661,475,724,512
p00\face\2481.jpg p00\left\2481.jpg p00\right\2481.jpg p00\grid\2481.jpg day01/0974.jpg right 752.0,795.0 0.22924812,0.09615553 0.705923,36.1221,446.5972 0.2238053125,0.22380524999999998 483,349,777,643 518,426,593,471 657,414,741,464
p00\face\2482.jpg p00\left\2482.jpg p00\right\2482.jpg p00\grid\2482.jpg day09/0570.jpg right 982.0,93.0 0.06692858,0.2643832 14.335865,44.901093,648.76636 0.2238053125,0.22380524999999998 542,364,749,571 569,416,623,448 670,417,725,450
p00\face\2483.jpg p00\left\2483.jpg p00\right\2483.jpg p00\grid\2483.jpg day17/0905.jpg right 1213.0,313.0 0.1760481,0.14597113 25.935299,-15.297265,406.0931 0.2238053125,0.22380524999999998 524,218,852,546 567,303,649,352 725,298,815,352
p00\face\2484.jpg p00\left\2484.jpg p00\right\2484.jpg p00\grid\2484.jpg day16/0898.jpg right 347.0,294.0 0.25700524,0.027152522 37.294235,-9.792702,397.5228 0.2238053125,0.22380524999999998 549,228,885,564 593,310,681,362 756,314,847,368
p00\face\2485.jpg p00\left\2485.jpg p00\right\2485.jpg p00\grid\2485.jpg day14/0293.jpg right 181.0,41.0 0.06655383,0.05440967 1.835322,-15.412254,431.28778 0.2238053125,0.22380524999999998 470,224,785,539 511,303,593,352 664,303,749,354
p00\face\2486.jpg p00\left\2486.jpg p00\right\2486.jpg p00\grid\2486.jpg day37/0461.jpg right 113.0,640.0 -0.07484314,0.29677722 22.96401,11.751772,449.22153 0.2238053125,0.22380524999999998 528,291,826,589 560,367,644,417 709,365,785,410
p00\face\2487.jpg p00\left\2487.jpg p00\right\2487.jpg p00\grid\2487.jpg day32/0236.jpg right 198.0,629.0 0.16245817,0.06196108 8.563755,16.36832,343.44968 0.2238053125,0.22380524999999998 455,283,845,673 505,380,607,441 694,379,799,442
p00\face\2488.jpg p00\left\2488.jpg p00\right\2488.jpg p00\grid\2488.jpg day30/0196.jpg right 176.0,155.0 0.14159751,0.08551113 15.376861,8.892244,443.14423 0.2238053125,0.22380524999999998 509,285,810,586 547,362,625,408 693,358,774,406
p00\face\2489.jpg p00\left\2489.jpg p00\right\2489.jpg p00\grid\2489.jpg day27/0115.jpg right 1177.0,407.0 0.15851098,0.20856413 -7.934312,4.118299,379.62585 0.2238053125,0.22380524999999998 428,258,782,612 470,348,573,409 640,340,739,399
p00\face\2490.jpg p00\left\2490.jpg p00\right\2490.jpg p00\grid\2490.jpg day09/0977.jpg right 460.0,43.0 -0.11090583,0.1171839 15.763561,34.10032,562.70276 0.2238053125,0.22380524999999998 529,347,764,582 562,398,626,436 679,413,740,449
p00\face\2491.jpg p00\left\2491.jpg p00\right\2491.jpg p00\grid\2491.jpg day24/0130.jpg right 1085.0,645.0 0.099758096,0.112995066 15.423322,5.489232,419.04898 0.2238053125,0.22380524999999998 500,270,822,592 541,352,625,402 696,350,784,402
p00\face\2492.jpg p00\left\2492.jpg p00\right\2492.jpg p00\grid\2492.jpg day25/0657.jpg right 599.0,535.0 0.22879682,0.056628738 0.275902,-3.930264,428.37625 0.2238053125,0.22380524999999998 471,251,784,564 510,334,591,382 658,324,748,378
p00\face\2493.jpg p00\left\2493.jpg p00\right\2493.jpg p00\grid\2493.jpg day33/0280.jpg right 356.0,246.0 0.05139873,0.29598847 25.637497,8.488271,522.813 0.2238053125,0.22380524999999998 542,292,804,554 574,360,644,402 702,358,772,400
p00\face\2494.jpg p00\left\2494.jpg p00\right\2494.jpg p00\grid\2494.jpg day23/0161.jpg right 406.0,166.0 0.052251413,0.283751 22.816729,-11.112819,429.24753 0.2238053125,0.22380524999999998 513,230,834,551 557,308,642,359 712,317,799,369
p00\face\2495.jpg p00\left\2495.jpg p00\right\2495.jpg p00\grid\2495.jpg day16/0525.jpg right 776.0,352.0 0.03058517,0.33642593 -10.371784,-19.101334,470.98514 0.2238053125,0.22380524999999998 461,227,747,513 495,305,570,350 633,296,712,343
p00\face\2496.jpg p00\left\2496.jpg p00\right\2496.jpg p00\grid\2496.jpg day09/0293.jpg right 1187.0,213.0 -0.060089372,0.20785905 42.101753,24.867413,453.5031 0.2238053125,0.22380524999999998 570,321,865,616 604,395,683,442 749,395,827,441
p00\face\2497.jpg p00\left\2497.jpg p00\right\2497.jpg p00\grid\2497.jpg day17/0384.jpg right 988.0,575.0 -0.00381459,0.47598302 -9.445234,87.05473,627.8104 0.2238053125,0.22380524999999998 504,431,717,644 530,487,585,520 632,483,690,517
p00\face\2498.jpg p00\left\2498.jpg p00\right\2498.jpg p00\grid\2498.jpg day26/0622.jpg right 1195.0,148.0 0.28680044,0.13821064 7.73586,12.680344,382.9184 0.2238053125,0.22380524999999998 477,287,816,626 522,375,604,424 683,365,777,421
p00\face\2499.jpg p00\left\2499.jpg p00\right\2499.jpg p00\grid\2499.jpg day19/0555.jpg right 878.0,428.0 -0.01781223,0.0451655 9.486871,-3.034934,430.27036 0.2238053125,0.22380524999999998 488,252,803,567 527,330,611,380 681,333,765,383
p00\face\2500.jpg p00\left\2500.jpg p00\right\2500.jpg p00\grid\2500.jpg day38/1128.jpg right 1231.0,579.0 0.13929725,0.104777716 -7.996502,-21.882776,467.68777 0.2238053125,0.22380524999999998 466,223,752,509 502,299,575,342 639,290,718,337
p00\face\2501.jpg p00\left\2501.jpg p00\right\2501.jpg p00\grid\2501.jpg day10/0585.jpg right 1063.0,272.0 0.0689153,0.1601856 40.514004,7.564853,427.46802 0.2238053125,0.22380524999999998 561,276,879,594 599,358,683,408 754,355,839,406
p00\face\2502.jpg p00\left\2502.jpg p00\right\2502.jpg p00\grid\2502.jpg day19/0403.jpg right 1115.0,9.0 0.09730867,0.10840644 -15.341056,-55.408268,419.9575 0.2238053125,0.22380524999999998 430,128,746,444 472,211,551,258 622,205,710,257
p00\face\2503.jpg p00\left\2503.jpg p00\right\2503.jpg p00\grid\2503.jpg day11/0266.jpg right 1138.0,697.0 0.08403444,0.40048563 17.297758,47.723354,493.2462 0.2238053125,0.22380524999999998 521,369,795,643 557,439,627,481 689,438,764,483
p00\face\2504.jpg p00\left\2504.jpg p00\right\2504.jpg p00\grid\2504.jpg day36/0086.jpg right 927.0,444.0 0.082706556,0.04370882 -16.382977,-42.695034,445.9077 0.2238053125,0.22380524999999998 436,169,736,469 477,243,552,288 621,247,703,296
p00\face\2505.jpg p00\left\2505.jpg p00\right\2505.jpg p00\grid\2505.jpg day28/0718.jpg right 629.0,615.0 -0.016099105,0.1412603 11.577944,13.936363,500.1733 0.2238053125,0.22380524999999998 512,302,783,573 545,370,617,413 678,370,750,413
p00\face\2506.jpg p00\left\2506.jpg p00\right\2506.jpg p00\grid\2506.jpg day15/0437.jpg right 512.0,503.0 0.13255428,0.26019615 -16.611662,-4.38992,487.18323 0.2238053125,0.22380524999999998 453,262,732,541 488,340,557,381 621,327,699,373
p00\face\2507.jpg p00\left\2507.jpg p00\right\2507.jpg p00\grid\2507.jpg day14/0027.jpg right 851.0,590.0 -0.059215277,0.3149533 35.36437,25.843363,420.65915 0.2238053125,0.22380524999999998 552,319,873,640 584,404,672,456 744,396,826,445
p00\face\2508.jpg p00\left\2508.jpg p00\right\2508.jpg p00\grid\2508.jpg day09/0448.jpg right 484.0,131.0 0.17607126,0.19204348 76.36823,34.25122,428.6127 0.2238053125,0.22380524999999998 653,342,962,651 685,428,766,476 835,408,919,458
p00\face\2509.jpg p00\left\2509.jpg p00\right\2509.jpg p00\grid\2509.jpg day23/0439.jpg right 257.0,409.0 -0.028026508,0.11934474 6.121126,0.278112,449.1793 0.2238053125,0.22380524999999998 490,267,787,564 526,342,605,389 671,339,750,386
p00\face\2510.jpg p00\left\2510.jpg p00\right\2510.jpg p00\grid\2510.jpg day32/0141.jpg right 62.0,610.0 -0.00084085704,0.050641317 20.902927,-23.860868,400.41104 0.2238053125,0.22380524999999998 512,193,848,529 549,284,637,336 714,273,802,325
p00\face\2511.jpg p00\left\2511.jpg p00\right\2511.jpg p00\grid\2511.jpg day34/0761.jpg right 1142.0,733.0 0.20062016,0.41566563 -19.517344,-16.33278,410.21542 0.2238053125,0.22380524999999998 418,217,739,538 457,305,547,359 610,289,701,343
p00\face\2512.jpg p00\left\2512.jpg p00\right\2512.jpg p00\grid\2512.jpg day04/1148.jpg right 546.0,631.0 -0.05501058,0.10790473 36.349186,21.736813,413.7917 0.2238053125,0.22380524999999998 547,310,869,632 588,386,675,438 748,395,832,445
p00\face\2513.jpg p00\left\2513.jpg p00\right\2513.jpg p00\grid\2513.jpg day26/0648.jpg right 108.0,596.0 0.09867524,0.10934168 1.403039,23.668724,496.82452 0.2238053125,0.22380524999999998 491,321,764,594 527,392,594,432 660,389,732,432
p00\face\2514.jpg p00\left\2514.jpg p00\right\2514.jpg p00\grid\2514.jpg day09/0227.jpg right 3.0,592.0 0.13193408,0.08542461 13.468845,3.278412,444.49402 0.2238053125,0.22380524999999998 506,272,807,573 543,352,619,397 689,344,770,392
p00\face\2515.jpg p00\left\2515.jpg p00\right\2515.jpg p00\grid\2515.jpg day06/0324.jpg right 1220.0,517.0 0.08365863,0.20981695 -27.699722,12.131812,545.3746 0.2238053125,0.22380524999999998 453,304,700,551 482,372,545,409 600,361,669,402
p00\face\2516.jpg p00\left\2516.jpg p00\right\2516.jpg p00\grid\2516.jpg day02/0740.jpg right 801.0,382.0 0.3030424,0.04403255 40.997723,9.849132,443.1236 0.2238053125,0.22380524999999998 567,288,865,586 606,361,685,408 749,362,831,411
p00\face\2517.jpg p00\left\2517.jpg p00\right\2517.jpg p00\grid\2517.jpg day05/0453.jpg right 280.0,6.0 0.25531512,0.11771202 9.552221,56.540928,542.735 0.2238053125,0.22380524999999998 521,388,764,631 551,447,617,486 669,448,735,487
p00\face\2518.jpg p00\left\2518.jpg p00\right\2518.jpg p00\grid\2518.jpg day21/0248.jpg right 722.0,703.0 -0.10320757,0.13101514 26.330418,-19.594618,416.9366 0.2238053125,0.22380524999999998 525,211,846,532 563,286,657,342 717,292,808,346
p00\face\2519.jpg p00\left\2519.jpg p00\right\2519.jpg p00\grid\2519.jpg day17/0385.jpg right 418.0,38.0 0.025842138,0.417029 -8.561999,84.5826,626.69025 0.2238053125,0.22380524999999998 506,428,717,639 532,484,586,516 634,479,691,513
p00\face\2520.jpg p00\left\2520.jpg p00\right\2520.jpg p00\grid\2520.jpg day15/0121.jpg right 734.0,475.0 -0.017533572,0.28434977 16.825329,87.72093,573.2358 0.2238053125,0.22380524999999998 538,440,770,672 566,499,627,535 680,496,741,532
p00\face\2521.jpg p00\left\2521.jpg p00\right\2521.jpg p00\grid\2521.jpg day21/0060.jpg right 491.0,262.0 0.13127527,-0.00090468174 13.122088,-26.234125,401.4068 0.2238053125,0.22380524999999998 491,190,821,520 533,270,620,322 694,273,782,325
p00\face\2522.jpg p00\left\2522.jpg p00\right\2522.jpg p00\grid\2522.jpg day21/0180.jpg right 441.0,185.0 0.15132113,0.065695934 -0.853174,-28.74824,473.27054 0.2238053125,0.22380524999999998 479,207,767,495 516,282,591,327 653,278,734,326
p00\face\2523.jpg p00\left\2523.jpg p00\right\2523.jpg p00\grid\2523.jpg day27/0195.jpg right 776.0,208.0 0.04906562,0.15692051 -8.424452,27.08206,414.8544 0.2238053125,0.22380524999999998 443,322,768,647 483,406,568,457 639,399,729,453
p00\face\2524.jpg p00\left\2524.jpg p00\right\2524.jpg p00\grid\2524.jpg day22/0662.jpg right 311.0,11.0 0.07739623,0.34551743 34.662067,24.781136,465.83667 0.2238053125,0.22380524999999998 551,319,845,613 588,393,666,439 731,394,810,441
p00\face\2525.jpg p00\left\2525.jpg p00\right\2525.jpg p00\grid\2525.jpg day16/0916.jpg right 1150.0,91.0 0.229367,-0.036372576 14.002101,-35.246426,357.40744 0.2238053125,0.22380524999999998 482,145,849,512 528,239,621,294 705,233,805,293
p00\face\2526.jpg p00\left\2526.jpg p00\right\2526.jpg p00\grid\2526.jpg day16/0740.jpg right 1217.0,750.0 0.11206195,0.46028784 42.835903,1.174424,449.8732 0.2238053125,0.22380524999999998 569,264,870,565 607,345,683,390 752,341,834,390
p00\face\2527.jpg p00\left\2527.jpg p00\right\2527.jpg p00\grid\2527.jpg day39/0090.jpg right 460.0,442.0 0.084060825,0.15021357 -4.353813,25.763403,420.4992 0.2238053125,0.22380524999999998 452,321,770,639 496,397,577,445 649,403,736,455
p00\face\2528.jpg p00\left\2528.jpg p00\right\2528.jpg p00\grid\2528.jpg day28/0537.jpg right 368.0,558.0 0.06951793,0.01157225 9.602668,-10.692167,421.12024 0.2238053125,0.22380524999999998 489,233,808,552 528,317,609,365 684,310,769,361
p00\face\2529.jpg p00\left\2529.jpg p00\right\2529.jpg p00\grid\2529.jpg day02/0149.jpg right 529.0,611.0 0.07567331,0.08699078 -3.00872,16.656637,424.13797 0.2238053125,0.22380524999999998 460,299,776,615 499,380,581,429 653,375,738,426
p00\face\2530.jpg p00\left\2530.jpg p00\right\2530.jpg p00\grid\2530.jpg day19/0415.jpg right 1066.0,629.0 0.047062263,-0.023826102 -6.696082,-48.248505,414.14087 0.2238053125,0.22380524999999998 447,140,772,465 487,224,572,275 643,219,733,273
p00\face\2531.jpg p00\left\2531.jpg p00\right\2531.jpg p00\grid\2531.jpg day31/0073.jpg right 952.0,632.0 -0.15031946,0.049627833 -12.559189,3.860187,390.145 0.2238053125,0.22380524999999998 422,261,764,603 460,349,554,405 633,345,718,396
p00\face\2532.jpg p00\left\2532.jpg p00\right\2532.jpg p00\grid\2532.jpg day22/0760.jpg right 1062.0,752.0 0.008811325,0.22045721 20.85905,75.01156,523.2075 0.2238053125,0.22380524999999998 540,423,795,678 568,491,634,530 693,481,760,521
p00\face\2533.jpg p00\left\2533.jpg p00\right\2533.jpg p00\grid\2533.jpg day39/0220.jpg right 490.0,659.0 -0.03581659,0.05050124 21.234741,-0.995128,377.0876 0.2238053125,0.22380524999999998 499,244,854,599 545,328,641,385 719,337,813,393
p00\face\2534.jpg p00\left\2534.jpg p00\right\2534.jpg p00\grid\2534.jpg day32/0143.jpg right 330.0,278.0 -0.03868855,0.026619472 22.60176,-16.57901,412.55875 0.2238053125,0.22380524999999998 515,215,842,542 554,298,642,350 714,297,801,349
p00\face\2535.jpg p00\left\2535.jpg p00\right\2535.jpg p00\grid\2535.jpg day15/0120.jpg right 587.0,713.0 0.10340281,0.121946536 -1.005057,6.442318,446.28348 0.2238053125,0.22380524999999998 471,277,775,581 510,358,586,403 656,351,740,401
p00\face\2536.jpg p00\left\2536.jpg p00\right\2536.jpg p00\grid\2536.jpg day28/0239.jpg right 870.0,212.0 0.13880089,0.0901493 39.82006,0.500845,462.5177 0.2238053125,0.22380524999999998 563,268,855,560 601,341,677,386 741,342,822,390
p00\face\2537.jpg p00\left\2537.jpg p00\right\2537.jpg p00\grid\2537.jpg day09/0159.jpg right 132.0,546.0 0.09771514,0.4930373 24.932428,19.048498,451.2238 0.2238053125,0.22380524999999998 539,306,834,601 568,394,646,440 713,372,791,418
p00\face\2538.jpg p00\left\2538.jpg p00\right\2538.jpg p00\grid\2538.jpg day26/0634.jpg right 553.0,48.0 0.0042309207,0.015950048 1.164321,8.410975,477.263 0.2238053125,0.22380524999999998 485,286,771,572 519,361,594,406 659,357,735,402
p00\face\2539.jpg p00\left\2539.jpg p00\right\2539.jpg p00\grid\2539.jpg day26/0333.jpg right 682.0,275.0 0.16441096,0.07684243 -2.257746,-0.895991,349.6215 0.2238053125,0.22380524999999998 429,237,808,616 479,333,575,390 660,328,765,391
p00\face\2540.jpg p00\left\2540.jpg p00\right\2540.jpg p00\grid\2540.jpg day28/0697.jpg right 393.0,235.0 -0.017803797,0.17935824 -18.484495,5.832168,454.42178 0.2238053125,0.22380524999999998 435,278,733,576 472,355,550,401 616,351,697,399
p00\face\2541.jpg p00\left\2541.jpg p00\right\2541.jpg p00\grid\2541.jpg day17/0234.jpg right 779.0,791.0 0.037497707,0.19598933 23.174557,-3.402869,429.08325 0.2238053125,0.22380524999999998 519,251,835,567 559,331,641,380 714,332,798,382
p00\face\2542.jpg p00\left\2542.jpg p00\right\2542.jpg p00\grid\2542.jpg day33/0069.jpg right 442.0,17.0 0.1696278,0.10715819 5.579305,29.826433,485.36694 0.2238053125,0.22380524999999998 500,336,773,609 534,404,606,447 667,402,740,445
p00\face\2543.jpg p00\left\2543.jpg p00\right\2543.jpg p00\grid\2543.jpg day01/0494.jpg right 1276.0,447.0 -0.40554947,0.11718859 -7.51679,63.109844,452.32117 0.2238053125,0.22380524999999998 471,415,747,691 501,485,580,532 632,472,711,519
p00\face\2544.jpg p00\left\2544.jpg p00\right\2544.jpg p00\grid\2544.jpg day09/0776.jpg right 60.0,324.0 0.0409901,0.32536927 52.161434,-31.102375,499.65942 0.2238053125,0.22380524999999998 590,211,860,481 626,276,698,319 759,286,829,328
p00\face\2545.jpg p00\left\2545.jpg p00\right\2545.jpg p00\grid\2545.jpg day09/0991.jpg right 1239.0,500.0 0.105455704,0.39753628 11.867689,-21.109331,563.849 0.2238053125,0.22380524999999998 529,245,767,483 557,314,618,350 671,301,737,340
p00\face\2546.jpg p00\left\2546.jpg p00\right\2546.jpg p00\grid\2546.jpg day32/0392.jpg right 485.0,506.0 0.009860835,-0.0034339908 12.221165,-18.964062,439.773 0.2238053125,0.22380524999999998 498,219,804,525 536,295,617,343 686,299,767,347
p00\face\2547.jpg p00\left\2547.jpg p00\right\2547.jpg p00\grid\2547.jpg day03/0721.jpg right 229.0,505.0 0.14894307,0.1259495 -17.563965,29.105001,481.34415 0.2238053125,0.22380524999999998 451,334,727,610 486,405,556,447 619,399,694,444
p00\face\2548.jpg p00\left\2548.jpg p00\right\2548.jpg p00\grid\2548.jpg day03/0272.jpg right 628.0,6.0 -0.34849548,0.12913546 -1.966053,46.267204,421.50003 0.2238053125,0.22380524999999998 464,375,770,681 498,445,592,501 648,447,732,497
p00\face\2549.jpg p00\left\2549.jpg p00\right\2549.jpg p00\grid\2549.jpg day26/0141.jpg right 975.0,702.0 0.03840439,0.31395748 13.565809,-26.808151,464.4993 0.2238053125,0.22380524999999998 506,208,798,500 544,282,619,327 686,285,765,332
p00\face\2550.jpg p00\left\2550.jpg p00\right\2550.jpg p00\grid\2550.jpg day35/0928.jpg right 1192.0,654.0 0.13134353,-0.00064978877 4.220623,-16.108822,506.34616 0.2238053125,0.22380524999999998 502,246,764,508 534,311,603,352 662,311,732,353
p00\face\2551.jpg p00\left\2551.jpg p00\right\2551.jpg p00\grid\2551.jpg day07/0277.jpg right 631.0,246.0 0.3463901,0.13021596 19.991873,38.922733,402.93723 0.2238053125,0.22380524999999998 518,358,836,676 551,431,650,490 706,431,794,483
p00\face\2552.jpg p00\left\2552.jpg p00\right\2552.jpg p00\grid\2552.jpg day30/0192.jpg right 496.0,720.0 0.07241508,0.096283995 16.666754,9.93894,452.61417 0.2238053125,0.22380524999999998 514,288,811,585 550,365,626,410 695,360,774,407
p00\face\2553.jpg p00\left\2553.jpg p00\right\2553.jpg p00\grid\2553.jpg day12/0107.jpg right 943.0,313.0 0.13466181,0.27199805 -22.728222,-7.582741,455.18597 0.2238053125,0.22380524999999998 430,249,725,544 467,333,540,376 606,315,690,365
p00\face\2554.jpg p00\left\2554.jpg p00\right\2554.jpg p00\grid\2554.jpg day31/0588.jpg right 1247.0,695.0 0.07410967,0.19770148 -3.553407,-2.92036,356.17578 0.2238053125,0.22380524999999998 431,236,800,605 479,330,569,384 655,323,757,384
p00\face\2555.jpg p00\left\2555.jpg p00\right\2555.jpg p00\grid\2555.jpg day35/0869.jpg right 727.0,656.0 -0.020861695,0.1386185 17.755217,12.371287,450.71933 0.2238053125,0.22380524999999998 514,293,812,591 551,367,629,413 697,368,776,415
p00\face\2556.jpg p00\left\2556.jpg p00\right\2556.jpg p00\grid\2556.jpg day14/0430.jpg right 1153.0,733.0 0.04186676,0.27242956 35.815163,-31.174892,420.9553 0.2238053125,0.22380524999999998 547,180,874,507 585,266,672,318 745,263,832,315
p00\face\2557.jpg p00\left\2557.jpg p00\right\2557.jpg p00\grid\2557.jpg day36/0831.jpg right 624.0,677.0 -0.011867078,0.15859482 12.284071,-5.231331,396.07028 0.2238053125,0.22380524999999998 484,238,824,578 527,323,615,375 693,325,784,379
p00\face\2558.jpg p00\left\2558.jpg p00\right\2558.jpg p00\grid\2558.jpg day15/0501.jpg right 209.0,614.0 -0.0009950107,0.12032348 37.647846,-14.199684,473.45947 0.2238053125,0.22380524999999998 562,238,850,526 594,314,670,359 735,309,811,354
p00\face\2559.jpg p00\left\2559.jpg p00\right\2559.jpg p00\grid\2559.jpg day24/0005.jpg right 712.0,784.0 -0.21498123,0.16558401 27.213753,40.248264,376.89127 0.2238053125,0.22380524999999998 523,358,869,704 559,441,664,504 729,439,823,495
p00\face\2560.jpg p00\left\2560.jpg p00\right\2560.jpg p00\grid\2560.jpg day30/0601.jpg right 50.0,731.0 -0.1076351,0.26495352 14.806971,-21.709541,426.71097 0.2238053125,0.22380524999999998 500,208,815,523 538,284,623,335 697,294,775,340
p00\face\2561.jpg p00\left\2561.jpg p00\right\2561.jpg p00\grid\2561.jpg day38/0923.jpg right 69.0,528.0 -0.033156756,0.33980507 -9.000367,16.213308,472.90045 0.2238053125,0.22380524999999998 464,304,747,587 499,377,572,420 639,376,712,419
p00\face\2562.jpg p00\left\2562.jpg p00\right\2562.jpg p00\grid\2562.jpg day02/0232.jpg right 398.0,443.0 0.08209455,0.17800696 41.123325,92.13385,558.3034 0.2238053125,0.22380524999999998 577,449,817,689 607,509,670,546 724,508,788,546
p00\face\2563.jpg p00\left\2563.jpg p00\right\2563.jpg p00\grid\2563.jpg day27/0208.jpg right 589.0,61.0 0.06104625,0.11964049 9.875172,22.764303,398.99918 0.2238053125,0.22380524999999998 479,309,818,648 522,392,612,446 685,394,778,449
p00\face\2564.jpg p00\left\2564.jpg p00\right\2564.jpg p00\grid\2564.jpg day22/0465.jpg right 455.0,640.0 0.18377173,0.077879116 -2.301174,3.700722,434.12238 0.2238053125,0.22380524999999998 469,272,775,578 507,354,583,399 654,342,738,392
p00\face\2565.jpg p00\left\2565.jpg p00\right\2565.jpg p00\grid\2565.jpg day14/0152.jpg right 211.0,192.0 0.20307924,0.10392266 1.514168,14.109897,423.8873 0.2238053125,0.22380524999999998 476,298,782,604 515,374,591,419 664,372,745,420
p00\face\2566.jpg p00\left\2566.jpg p00\right\2566.jpg p00\grid\2566.jpg day21/0389.jpg right 1193.0,679.0 0.08989613,0.0062470464 39.52704,-17.01737,420.48328 0.2238053125,0.22380524999999998 554,216,876,538 597,295,681,345 753,301,840,353
p00\face\2567.jpg p00\left\2567.jpg p00\right\2567.jpg p00\grid\2567.jpg day38/0640.jpg right 980.0,481.0 0.18227547,0.32192153 35.357216,21.076996,550.20795 0.2238053125,0.22380524999999998 567,320,813,566 597,388,660,425 714,377,783,418
p00\face\2568.jpg p00\left\2568.jpg p00\right\2568.jpg p00\grid\2568.jpg day16/0738.jpg right 168.0,214.0 0.005992604,0.5633248 86.539734,-10.858756,454.49316 0.2238053125,0.22380524999999998 664,236,962,534 698,311,780,360 848,323,923,368
p00\face\2569.jpg p00\left\2569.jpg p00\right\2569.jpg p00\grid\2569.jpg day24/0521.jpg right 177.0,283.0 0.03576804,0.22343867 11.207161,34.949253,516.87494 0.2238053125,0.22380524999999998 529,348,782,601 551,426,615,464 675,397,742,437
p00\face\2570.jpg p00\left\2570.jpg p00\right\2570.jpg p00\grid\2570.jpg day38/1136.jpg right 724.0,499.0 0.04493289,0.07682965 4.229773,-22.829325,474.81653 0.2238053125,0.22380524999999998 491,221,776,506 526,294,601,339 665,292,741,337
p00\face\2571.jpg p00\left\2571.jpg p00\right\2571.jpg p00\grid\2571.jpg day23/0913.jpg right 1259.0,197.0 0.3249603,0.10300805 25.557096,43.256065,360.5085 0.2238053125,0.22380524999999998 523,369,878,724 558,452,664,515 734,450,828,506
p00\face\2572.jpg p00\left\2572.jpg p00\right\2572.jpg p00\grid\2572.jpg day25/0556.jpg right 38.0,352.0 -0.24344201,-0.074953444 10.110099,-27.514565,419.82498 0.2238053125,0.22380524999999998 494,197,804,507 527,276,620,331 676,266,764,318
p00\face\2573.jpg p00\left\2573.jpg p00\right\2573.jpg p00\grid\2573.jpg day07/0139.jpg right 500.0,218.0 0.041157026,0.2094747 31.880335,26.668653,409.3054 0.2238053125,0.22380524999999998 538,320,868,650 577,404,664,456 738,401,826,453
p00\face\2574.jpg p00\left\2574.jpg p00\right\2574.jpg p00\grid\2574.jpg day13/0526.jpg right 1189.0,500.0 0.1476741,0.2205561 2.716969,27.780441,535.908 0.2238053125,0.22380524999999998 505,333,755,583 537,399,600,436 656,393,726,435
p00\face\2575.jpg p00\left\2575.jpg p00\right\2575.jpg p00\grid\2575.jpg day28/0463.jpg right 1134.0,200.0 0.106801115,0.26435977 15.061507,8.813749,448.09457 0.2238053125,0.22380524999999998 508,285,806,583 547,361,623,406 690,358,772,407
p00\face\2576.jpg p00\left\2576.jpg p00\right\2576.jpg p00\grid\2576.jpg day04/0481.jpg right 587.0,602.0 0.009618615,0.09062198 62.86688,23.714003,548.8991 0.2238053125,0.22380524999999998 614,327,857,570 646,384,710,422 765,391,829,429
p00\face\2577.jpg p00\left\2577.jpg p00\right\2577.jpg p00\grid\2577.jpg day36/0320.jpg right 17.0,372.0 0.028960299,0.0643509 11.370741,1.158347,350.6136 0.2238053125,0.22380524999999998 468,242,849,623 513,339,613,399 700,333,800,393
p00\face\2578.jpg p00\left\2578.jpg p00\right\2578.jpg p00\grid\2578.jpg day13/0733.jpg right 387.0,116.0 0.1089119,0.092248805 50.025654,23.686901,512.75934 0.2238053125,0.22380524999999998 586,321,853,588 621,386,691,428 751,391,823,434
p00\face\2579.jpg p00\left\2579.jpg p00\right\2579.jpg p00\grid\2579.jpg day23/0303.jpg right 647.0,174.0 0.13966587,0.12030681 9.780551,12.614615,460.4642 0.2238053125,0.22380524999999998 499,295,791,587 537,369,612,414 679,367,758,414
p00\face\2580.jpg p00\left\2580.jpg p00\right\2580.jpg p00\grid\2580.jpg day11/0442.jpg right 865.0,734.0 0.12376708,0.4011734 10.485879,-18.582033,453.73312 0.2238053125,0.22380524999999998 503,222,800,519 537,308,613,353 679,291,761,340
p00\face\2581.jpg p00\left\2581.jpg p00\right\2581.jpg p00\grid\2581.jpg day34/0250.jpg right 108.0,197.0 0.21293426,0.09825154 44.748566,-3.645424,403.82556 0.2238053125,0.22380524999999998 566,243,902,579 610,328,697,380 773,328,864,382
p00\face\2582.jpg p00\left\2582.jpg p00\right\2582.jpg p00\grid\2582.jpg day14/0297.jpg right 239.0,764.0 0.03926942,0.2647359 0.489437,-12.700683,441.7918 0.2238053125,0.22380524999999998 469,231,779,541 509,311,590,359 660,311,744,361
p00\face\2583.jpg p00\left\2583.jpg p00\right\2583.jpg p00\grid\2583.jpg day39/0390.jpg right 744.0,289.0 0.107257105,0.032311548 -14.833931,-19.095905,383.353 0.2238053125,0.22380524999999998 411,200,759,548 457,286,547,340 625,287,719,343
p00\face\2584.jpg p00\left\2584.jpg p00\right\2584.jpg p00\grid\2584.jpg day31/0339.jpg right 1180.0,789.0 0.124716096,0.016735561 -25.549866,-25.03747,418.72757 0.2238053125,0.22380524999999998 410,201,725,516 448,286,527,333 600,273,685,324
p00\face\2585.jpg p00\left\2585.jpg p00\right\2585.jpg p00\grid\2585.jpg day17/0757.jpg right 987.0,203.0 0.23870587,0.1830432 38.52251,47.553547,493.21143 0.2238053125,0.22380524999999998 568,371,838,641 603,440,670,480 734,437,806,480
p00\face\2586.jpg p00\left\2586.jpg p00\right\2586.jpg p00\grid\2586.jpg day01/0600.jpg right 1079.0,460.0 0.5188092,0.06986819 10.605523,57.479004,393.09235 0.2238053125,0.22380524999999998 511,416,814,719 541,495,623,544 681,470,772,524
p00\face\2587.jpg p00\left\2587.jpg p00\right\2587.jpg p00\grid\2587.jpg day06/0235.jpg right 973.0,239.0 0.1999038,0.035781708 27.354708,6.167336,469.82953 0.2238053125,0.22380524999999998 539,283,822,566 576,351,651,396 714,357,790,402
p00\face\2588.jpg p00\left\2588.jpg p00\right\2588.jpg p00\grid\2588.jpg day10/0242.jpg right 386.0,776.0 0.033724472,-0.32501698 21.089783,19.842907,390.59146 0.2238053125,0.22380524999999998 506,299,839,632 550,381,644,437 714,396,802,448
p00\face\2589.jpg p00\left\2589.jpg p00\right\2589.jpg p00\grid\2589.jpg day02/0004.jpg right 814.0,9.0 0.27359495,0.078339025 7.479527,32.31101,497.39053 0.2238053125,0.22380524999999998 511,343,773,605 543,411,610,451 669,403,741,446
p00\face\2590.jpg p00\left\2590.jpg p00\right\2590.jpg p00\grid\2590.jpg day17/0523.jpg right 170.0,169.0 -0.13384487,0.31354308 15.443744,8.06857,430.8545 0.2238053125,0.22380524999999998 510,280,820,590 539,362,626,414 696,354,774,400
p00\face\2591.jpg p00\left\2591.jpg p00\right\2591.jpg p00\grid\2591.jpg day26/0544.jpg right 882.0,316.0 0.21088418,0.1862552 8.733803,31.258621,417.43326 0.2238053125,0.22380524999999998 490,338,800,648 531,415,607,460 682,413,764,462
p00\face\2592.jpg p00\left\2592.jpg p00\right\2592.jpg p00\grid\2592.jpg day01/0125.jpg right 1120.0,656.0 0.0020063021,0.15534067 9.387876,16.6724,468.73608 0.2238053125,0.22380524999999998 502,305,788,591 536,378,611,423 676,376,752,421
p00\face\2593.jpg p00\left\2593.jpg p00\right\2593.jpg p00\grid\2593.jpg day10/0258.jpg right 1100.0,762.0 0.03381533,0.6210249 -1.852936,12.150149,401.3821 0.2238053125,0.22380524999999998 455,278,791,614 495,374,580,425 655,361,748,416
p00\face\2594.jpg p00\left\2594.jpg p00\right\2594.jpg p00\grid\2594.jpg day08/0313.jpg right 726.0,546.0 0.040504206,0.24763983 16.443647,68.544655,592.06 0.2238053125,0.22380524999999998 542,404,768,630 567,467,625,501 677,456,738,492
p00\face\2595.jpg p00\left\2595.jpg p00\right\2595.jpg p00\grid\2595.jpg day10/0857.jpg right 701.0,522.0 0.10226155,0.25744984 17.993685,-52.837517,441.16052 0.2238053125,0.22380524999999998 512,141,819,448 551,224,630,271 698,216,783,267
p00\face\2596.jpg p00\left\2596.jpg p00\right\2596.jpg p00\grid\2596.jpg day03/0264.jpg right 1106.0,169.0 -0.121420264,0.21408892 -16.759861,43.975384,434.31992 0.2238053125,0.22380524999999998 437,363,746,672 468,448,550,497 619,432,701,481
p00\face\2597.jpg p00\left\2597.jpg p00\right\2597.jpg p00\grid\2597.jpg day03/0668.jpg right 165.0,74.0 0.22610733,0.102115564 -40.84509,15.762304,435.75085 0.2238053125,0.22380524999999998 381,303,679,601 421,374,500,421 565,377,646,425
p00\face\2598.jpg p00\left\2598.jpg p00\right\2598.jpg p00\grid\2598.jpg day19/0447.jpg right 964.0,445.0 0.16207713,0.19002536 2.471354,27.921507,459.69565 0.2238053125,0.22380524999999998 487,330,776,619 524,406,596,449 660,397,742,446
p00\face\2599.jpg p00\left\2599.jpg p00\right\2599.jpg p00\grid\2599.jpg day09/0393.jpg right 177.0,272.0 -0.17370711,0.1845496 -44.09263,19.147865,554.8033 0.2238053125,0.22380524999999998 426,319,667,560 453,381,519,420 572,377,635,414
p00\face\2600.jpg p00\left\2600.jpg p00\right\2600.jpg p00\grid\2600.jpg day17/0974.jpg right 530.0,493.0 0.18338926,0.08079713 14.727467,-1.560533,453.2326 0.2238053125,0.22380524999999998 506,262,803,559 547,335,623,380 690,339,771,387
p00\face\2601.jpg p00\left\2601.jpg p00\right\2601.jpg p00\grid\2601.jpg day06/0102.jpg right 519.0,126.0 0.04661574,0.18610455 30.607635,9.649593,571.3415 0.2238053125,0.22380524999999998 557,301,797,541 587,361,651,399 704,362,768,400
p00\face\2602.jpg p00\left\2602.jpg p00\right\2602.jpg p00\grid\2602.jpg day28/0479.jpg right 1004.0,108.0 0.038983047,0.28334948 16.017073,9.160557,450.0359 0.2238053125,0.22380524999999998 511,284,812,585 547,363,626,410 692,357,774,406
p00\face\2603.jpg p00\left\2603.jpg p00\right\2603.jpg p00\grid\2603.jpg day01/0322.jpg right 1004.0,686.0 0.16264589,0.12578134 -53.772545,52.716446,555.5351 0.2238053125,0.22380524999999998 419,383,651,615 443,451,500,485 554,429,618,467
p00\face\2604.jpg p00\left\2604.jpg p00\right\2604.jpg p00\grid\2604.jpg day23/0408.jpg right 1180.0,185.0 0.122823514,0.34927768 8.679323,-27.657072,416.62485 0.2238053125,0.22380524999999998 484,189,806,511 526,276,607,324 680,268,770,322
p00\face\2605.jpg p00\left\2605.jpg p00\right\2605.jpg p00\grid\2605.jpg day04/1139.jpg right 650.0,72.0 -0.045453392,0.11948303 44.096436,21.217628,469.7727 0.2238053125,0.22380524999999998 578,316,861,599 610,390,685,435 748,382,824,427
p00\face\2606.jpg p00\left\2606.jpg p00\right\2606.jpg p00\grid\2606.jpg day04/0638.jpg right 126.0,46.0 0.010729028,0.13957427 -0.769551,22.928467,419.7398 0.2238053125,0.22380524999999998 462,313,783,634 502,393,586,443 659,393,744,444
p00\face\2607.jpg p00\left\2607.jpg p00\right\2607.jpg p00\grid\2607.jpg day34/0807.jpg right 1035.0,780.0 0.027402958,0.08477437 -10.267192,9.050862,403.43594 0.2238053125,0.22380524999999998 434,276,767,609 475,362,560,413 636,358,726,412
p00\face\2608.jpg p00\left\2608.jpg p00\right\2608.jpg p00\grid\2608.jpg day03/0499.jpg right 850.0,524.0 0.083920926,0.07439287 2.63741,-6.472305,445.81848 0.2238053125,0.22380524999999998 479,250,780,551 518,325,597,372 663,325,745,374
p00\face\2609.jpg p00\left\2609.jpg p00\right\2609.jpg p00\grid\2609.jpg day04/0740.jpg right 425.0,782.0 0.11703983,0.12334122 -16.847723,-13.369336,447.14758 0.2238053125,0.22380524999999998 440,236,738,534 478,316,551,359 620,306,702,355
p00\face\2610.jpg p00\left\2610.jpg p00\right\2610.jpg p00\grid\2610.jpg day29/0477.jpg right 207.0,281.0 0.027709775,0.35215786 1.609875,-8.263881,376.22617 0.2238053125,0.22380524999999998 450,224,805,579 494,313,591,371 669,314,762,369
p00\face\2611.jpg p00\left\2611.jpg p00\right\2611.jpg p00\grid\2611.jpg day18/0245.jpg right 981.0,102.0 0.1564474,0.1609555 0.621634,1.189222,420.30682 0.2238053125,0.22380524999999998 468,263,784,579 510,344,589,391 661,339,748,391
p00\face\2612.jpg p00\left\2612.jpg p00\right\2612.jpg p00\grid\2612.jpg day09/0564.jpg right 232.0,184.0 -0.058736417,0.1680711 25.925377,44.976112,646.02716 0.2238053125,0.22380524999999998 559,365,766,572 586,415,641,448 688,419,742,451
p00\face\2613.jpg p00\left\2613.jpg p00\right\2613.jpg p00\grid\2613.jpg day34/0784.jpg right 497.0,198.0 -0.12140786,0.16458857 -10.670354,-13.370509,415.91132 0.2238053125,0.22380524999999998 437,224,762,549 474,307,562,359 635,305,720,356
p00\face\2614.jpg p00\left\2614.jpg p00\right\2614.jpg p00\grid\2614.jpg day35/0825.jpg right 556.0,644.0 -0.032999687,0.06650863 24.32561,-18.057608,453.6148 0.2238053125,0.22380524999999998 530,227,825,522 566,301,644,347 710,300,789,347
p00\face\2615.jpg p00\left\2615.jpg p00\right\2615.jpg p00\grid\2615.jpg day34/0516.jpg right 203.0,780.0 0.027196566,0.4153457 1.781199,-5.037282,390.58606 0.2238053125,0.22380524999999998 455,234,803,582 499,325,589,379 667,323,761,379
p00\face\2616.jpg p00\left\2616.jpg p00\right\2616.jpg p00\grid\2616.jpg day14/0079.jpg right 101.0,324.0 0.12311328,0.0102250185 57.395332,-4.040527,409.3327 0.2238053125,0.22380524999999998 597,244,927,574 640,327,727,379 800,328,890,382
p00\face\2617.jpg p00\left\2617.jpg p00\right\2617.jpg p00\grid\2617.jpg day02/0144.jpg right 784.0,730.0 0.17098008,0.07456823 -6.405926,22.140024,413.0101 0.2238053125,0.22380524999999998 448,311,770,633 490,392,574,442 644,390,734,444
p00\face\2618.jpg p00\left\2618.jpg p00\right\2618.jpg p00\grid\2618.jpg day01/0989.jpg right 155.0,346.0 0.26208568,0.07633341 6.425871,19.991873,448.96393 0.2238053125,0.22380524999999998 494,314,783,603 531,383,607,428 672,386,750,432
p00\face\2619.jpg p00\left\2619.jpg p00\right\2619.jpg p00\grid\2619.jpg day13/0511.jpg right 425.0,388.0 -0.21658543,0.3546571 43.35501,65.27857,544.3017 0.2238053125,0.22380524999999998 577,404,818,645 610,450,683,493 723,473,795,516
p00\face\2620.jpg p00\left\2620.jpg p00\right\2620.jpg p00\grid\2620.jpg day36/0396.jpg right 342.0,764.0 -0.054225057,-0.0009715869 -6.216229,-23.801802,445.0986 0.2238053125,0.22380524999999998 462,210,765,513 495,291,576,339 645,282,724,329
p00\face\2621.jpg p00\left\2621.jpg p00\right\2621.jpg p00\grid\2621.jpg day27/0148.jpg right 1096.0,471.0 0.054095145,0.22858226 -0.319842,0.760372,418.26254 0.2238053125,0.22380524999999998 460,257,787,584 502,341,586,391 660,340,748,392
p00\face\2622.jpg p00\left\2622.jpg p00\right\2622.jpg p00\grid\2622.jpg day33/0198.jpg right 417.0,543.0 -0.06682566,0.20244431 39.035526,-10.457768,537.7402 0.2238053125,0.22380524999999998 570,261,820,511 600,321,669,362 725,329,789,367
p00\face\2623.jpg p00\left\2623.jpg p00\right\2623.jpg p00\grid\2623.jpg day21/0156.jpg right 788.0,453.0 0.13735795,0.055375867 -14.878028,-9.518469,451.25208 0.2238053125,0.22380524999999998 450,246,744,540 484,329,557,372 624,311,705,359
p00\face\2624.jpg p00\left\2624.jpg p00\right\2624.jpg p00\grid\2624.jpg day05/0102.jpg right 203.0,689.0 0.13955876,0.063011065 -0.543836,38.545944,570.0713 0.2238053125,0.22380524999999998 509,354,743,588 536,416,597,452 651,409,712,445
p00\face\2625.jpg p00\left\2625.jpg p00\right\2625.jpg p00\grid\2625.jpg day11/0400.jpg right 353.0,71.0 0.16846651,0.12829521 32.98057,0.298731,492.8579 0.2238053125,0.22380524999999998 555,273,831,549 589,347,659,389 721,338,797,383
p00\face\2626.jpg p00\left\2626.jpg p00\right\2626.jpg p00\grid\2626.jpg day24/1068.jpg right 1006.0,90.0 0.2849429,0.036059987 4.344195,2.084307,399.91284 0.2238053125,0.22380524999999998 477,265,799,587 517,346,599,395 671,339,761,393
p00\face\2627.jpg p00\left\2627.jpg p00\right\2627.jpg p00\grid\2627.jpg day29/0315.jpg right 1060.0,787.0 0.06527268,0.14406423 7.779294,26.580202,407.7138 0.2238053125,0.22380524999999998 480,321,808,649 521,405,605,455 680,401,768,453
p00\face\2628.jpg p00\left\2628.jpg p00\right\2628.jpg p00\grid\2628.jpg day08/0614.jpg right 187.0,52.0 0.20118794,0.06517501 -21.236252,-8.113377,478.61337 0.2238053125,0.22380524999999998 444,257,718,531 479,327,549,369 611,322,686,367
p00\face\2629.jpg p00\left\2629.jpg p00\right\2629.jpg p00\grid\2629.jpg day38/0886.jpg right 749.0,477.0 0.19762157,0.07686751 -4.954085,-24.534945,452.6607 0.2238053125,0.22380524999999998 470,214,762,506 507,293,580,336 645,280,727,329
p00\face\2630.jpg p00\left\2630.jpg p00\right\2630.jpg p00\grid\2630.jpg day06/0503.jpg right 1178.0,555.0 0.11736706,0.18633169 -42.028656,21.874714,449.83167 0.2238053125,0.22380524999999998 383,316,678,611 424,392,497,435 563,386,647,436
p00\face\2631.jpg p00\left\2631.jpg p00\right\2631.jpg p00\grid\2631.jpg day37/0163.jpg right 684.0,501.0 0.03308156,0.02618865 -1.36133,-1.98127,413.12515 0.2238053125,0.22380524999999998 456,250,784,578 499,334,584,385 657,333,747,387
p00\face\2632.jpg p00\left\2632.jpg p00\right\2632.jpg p00\grid\2632.jpg day21/0354.jpg right 139.0,103.0 0.24268301,0.035840325 24.684414,-2.612632,385.01053 0.2238053125,0.22380524999999998 516,245,858,587 561,325,652,379 728,333,819,387
p00\face\2633.jpg p00\left\2633.jpg p00\right\2633.jpg p00\grid\2633.jpg day32/0082.jpg right 960.0,151.0 0.22899002,0.042537365 -9.79509,3.65658,401.33984 0.2238053125,0.22380524999999998 442,267,767,592 481,353,563,402 636,340,727,394
p00\face\2634.jpg p00\left\2634.jpg p00\right\2634.jpg p00\grid\2634.jpg day32/0092.jpg right 1138.0,372.0 0.1426054,0.053780716 2.748119,13.082979,411.35352 0.2238053125,0.22380524999999998 472,290,794,612 511,372,595,422 667,367,754,419
p00\face\2635.jpg p00\left\2635.jpg p00\right\2635.jpg p00\grid\2635.jpg day28/0602.jpg right 952.0,131.0 0.058250103,0.13200013 7.956295,-22.702782,431.94678 0.2238053125,0.22380524999999998 488,208,800,520 527,290,606,337 678,284,762,334
p00\face\2636.jpg p00\left\2636.jpg p00\right\2636.jpg p00\grid\2636.jpg day09/0077.jpg right 886.0,672.0 0.03367426,0.0145272445 26.146336,-24.292316,523.34204 0.2238053125,0.22380524999999998 546,231,805,490 577,301,644,341 703,294,772,335
p00\face\2637.jpg p00\left\2637.jpg p00\right\2637.jpg p00\grid\2637.jpg day23/0143.jpg right 845.0,27.0 0.13150465,0.12802881 20.823618,1.565757,428.58755 0.2238053125,0.22380524999999998 517,264,830,577 556,346,637,394 708,339,793,390
p00\face\2638.jpg p00\left\2638.jpg p00\right\2638.jpg p00\grid\2638.jpg day34/0302.jpg right 347.0,282.0 -0.15969177,0.094997816 8.90753,-15.892874,409.14948 0.2238053125,0.22380524999999998 479,217,806,544 520,293,610,347 682,304,767,355
p00\face\2639.jpg p00\left\2639.jpg p00\right\2639.jpg p00\grid\2639.jpg day24/0408.jpg right 199.0,491.0 0.11442918,0.15831433 9.190159,36.01059,481.25592 0.2238053125,0.22380524999999998 509,346,788,625 540,424,612,467 674,408,750,453
p00\face\2640.jpg p00\left\2640.jpg p00\right\2640.jpg p00\grid\2640.jpg day26/0088.jpg right 1176.0,250.0 0.18928571,0.0862874 10.492412,-6.998482,401.51974 0.2238053125,0.22380524999999998 486,238,816,568 529,322,613,372 688,318,778,372
p00\face\2641.jpg p00\left\2641.jpg p00\right\2641.jpg p00\grid\2641.jpg day19/0146.jpg right 1196.0,577.0 0.018272981,0.28651735 22.548338,-3.581295,434.85696 0.2238053125,0.22380524999999998 520,250,835,565 557,333,641,383 711,329,795,379
p00\face\2642.jpg p00\left\2642.jpg p00\right\2642.jpg p00\grid\2642.jpg day15/0173.jpg right 458.0,739.0 -0.0033440846,0.4140632 15.745939,59.71369,595.5563 0.2238053125,0.22380524999999998 537,387,766,616 564,448,625,484 677,444,737,480
p00\face\2643.jpg p00\left\2643.jpg p00\right\2643.jpg p00\grid\2643.jpg day36/0130.jpg right 817.0,745.0 0.10614393,0.18247646 -14.513968,-23.717087,431.0466 0.2238053125,0.22380524999999998 435,205,748,518 476,289,554,335 625,281,712,333
p00\face\2644.jpg p00\left\2644.jpg p00\right\2644.jpg p00\grid\2644.jpg day34/0386.jpg right 757.0,623.0 0.25507632,0.07735076 2.201441,14.358653,416.22003 0.2238053125,0.22380524999999998 475,295,791,611 515,379,594,426 664,366,754,420
p00\face\2645.jpg p00\left\2645.jpg p00\right\2645.jpg p00\grid\2645.jpg day34/0443.jpg right 709.0,578.0 0.04274812,0.18525931 2.307443,-12.913409,391.4007 0.2238053125,0.22380524999999998 456,216,802,562 501,304,591,358 668,304,762,360
p00\face\2646.jpg p00\left\2646.jpg p00\right\2646.jpg p00\grid\2646.jpg day24/0646.jpg right 650.0,53.0 0.10914841,0.27759433 9.883433,71.52292,544.9789 0.2238053125,0.22380524999999998 519,413,766,660 550,477,614,515 670,472,737,512
p00\face\2647.jpg p00\left\2647.jpg p00\right\2647.jpg p00\grid\2647.jpg day10/0369.jpg right 815.0,759.0 0.064741634,0.34836268 54.53615,-10.267645,409.35815 0.2238053125,0.22380524999999998 589,226,923,560 630,311,720,365 794,315,882,367
p00\face\2648.jpg p00\left\2648.jpg p00\right\2648.jpg p00\grid\2648.jpg day06/0624.jpg right 640.0,352.0 -0.10257537,0.059135176 -31.975088,-5.062887,548.7049 0.2238053125,0.22380524999999998 446,274,690,518 474,339,537,376 594,332,658,370
p00\face\2649.jpg p00\left\2649.jpg p00\right\2649.jpg p00\grid\2649.jpg day17/0902.jpg right 1201.0,787.0 0.298605,0.16143921 15.138581,-13.11612,411.66022 0.2238053125,0.22380524999999998 503,229,819,545 547,312,622,357 697,303,785,355
p00\face\2650.jpg p00\left\2650.jpg p00\right\2650.jpg p00\grid\2650.jpg day28/0676.jpg right 344.0,744.0 0.09494633,0.10969813 -1.419874,-43.679115,540.80536 0.2238053125,0.22380524999999998 498,201,747,450 529,266,593,304 650,261,717,301
p00\face\2651.jpg p00\left\2651.jpg p00\right\2651.jpg p00\grid\2651.jpg day35/0107.jpg right 497.0,153.0 0.009882317,0.085338965 19.17819,7.431025,378.18097 0.2238053125,0.22380524999999998 497,267,851,621 541,355,634,410 714,355,808,411
p00\face\2652.jpg p00\left\2652.jpg p00\right\2652.jpg p00\grid\2652.jpg day34/0067.jpg right 703.0,98.0 0.10689289,-0.00054256985 -7.335173,-21.46248,419.5791 0.2238053125,0.22380524999999998 449,207,768,526 488,290,572,340 642,284,729,336
p00\face\2653.jpg p00\left\2653.jpg p00\right\2653.jpg p00\grid\2653.jpg day38/0383.jpg right 710.0,434.0 0.06973118,0.070754424 -14.088855,-4.998469,478.39487 0.2238053125,0.22380524999999998 457,261,737,541 491,335,563,378 626,328,702,373
p00\face\2654.jpg p00\left\2654.jpg p00\right\2654.jpg p00\grid\2654.jpg day15/0344.jpg right 605.0,331.0 0.18890475,0.58419025 25.862928,10.356604,394.93652 0.2238053125,0.22380524999999998 529,273,868,612 563,379,651,431 725,347,819,403
p00\face\2655.jpg p00\left\2655.jpg p00\right\2655.jpg p00\grid\2655.jpg day22/0141.jpg right 308.0,751.0 0.14656328,0.24588244 61.61281,18.662313,563.77637 0.2238053125,0.22380524999999998 622,319,857,554 645,389,706,425 759,368,822,405
p00\face\2656.jpg p00\left\2656.jpg p00\right\2656.jpg p00\grid\2656.jpg day28/0614.jpg right 529.0,75.0 -0.007068685,0.06426297 13.068522,-9.165632,412.65298 0.2238053125,0.22380524999999998 497,235,821,559 534,320,619,371 691,311,778,363
p00\face\2657.jpg p00\left\2657.jpg p00\right\2657.jpg p00\grid\2657.jpg day25/0342.jpg right 445.0,364.0 0.024360903,0.07338879 6.951807,-7.727022,409.6711 0.2238053125,0.22380524999999998 472,234,805,567 516,315,604,367 677,322,768,376
p00\face\2658.jpg p00\left\2658.jpg p00\right\2658.jpg p00\grid\2658.jpg day38/0105.jpg right 645.0,37.0 -0.19598119,0.07736328 5.449425,-9.254473,428.66415 0.2238053125,0.22380524999999998 480,241,789,550 518,314,603,365 670,320,751,368
p00\face\2659.jpg p00\left\2659.jpg p00\right\2659.jpg p00\grid\2659.jpg day38/0126.jpg right 846.0,97.0 0.0777688,0.18054903 12.167669,31.376665,475.61148 0.2238053125,0.22380524999999998 506,335,791,620 543,405,618,450 681,409,759,455
p00\face\2660.jpg p00\left\2660.jpg p00\right\2660.jpg p00\grid\2660.jpg day24/0209.jpg right 902.0,212.0 0.20601736,0.08666435 50.823444,-3.80503,400.81363 0.2238053125,0.22380524999999998 581,244,915,578 626,324,714,376 785,329,879,385
p00\face\2661.jpg p00\left\2661.jpg p00\right\2661.jpg p00\grid\2661.jpg day34/0275.jpg right 1103.0,431.0 0.12368218,0.09680531 17.519196,5.270743,401.1482 0.2238053125,0.22380524999999998 505,267,838,600 545,356,629,406 705,345,796,399
p00\face\2662.jpg p00\left\2662.jpg p00\right\2662.jpg p00\grid\2662.jpg day14/0470.jpg right 827.0,212.0 -0.07003079,0.052197166 18.753178,-16.87499,400.3783 0.2238053125,0.22380524999999998 505,211,839,545 544,297,632,349 707,292,797,346
p00\face\2663.jpg p00\left\2663.jpg p00\right\2663.jpg p00\grid\2663.jpg day08/0194.jpg right 1190.0,142.0 0.18646415,0.5984394 73.59812,60.51609,685.803 0.2238053125,0.22380524999999998 641,385,833,577 658,445,709,475 752,428,803,458
p00\face\2664.jpg p00\left\2664.jpg p00\right\2664.jpg p00\grid\2664.jpg day23/0164.jpg right 306.0,612.0 0.03330465,0.3054529 16.40683,-3.505695,421.5796 0.2238053125,0.22380524999999998 497,247,821,571 542,325,626,375 699,336,786,388
p00\face\2665.jpg p00\left\2665.jpg p00\right\2665.jpg p00\grid\2665.jpg day35/0428.jpg right 1156.0,473.0 0.19499616,0.112550244 -15.558499,-9.32582,432.15112 0.2238053125,0.22380524999999998 436,243,740,547 477,319,553,364 623,317,707,367
p00\face\2666.jpg p00\left\2666.jpg p00\right\2666.jpg p00\grid\2666.jpg day18/0464.jpg right 31.0,500.0 0.2313997,0.18373682 8.910139,8.548221,419.51968 0.2238053125,0.22380524999999998 487,280,805,598 530,363,609,410 681,355,769,407
p00\face\2667.jpg p00\left\2667.jpg p00\right\2667.jpg p00\grid\2667.jpg day36/0330.jpg right 587.0,728.0 0.0030579462,0.0075149094 -11.560873,-21.630468,374.2878 0.2238053125,0.22380524999999998 411,186,772,547 458,276,552,332 634,280,731,338
p00\face\2668.jpg p00\left\2668.jpg p00\right\2668.jpg p00\grid\2668.jpg day38/0276.jpg right 779.0,576.0 0.050337218,0.016942183 9.632951,-17.911497,439.57364 0.2238053125,0.22380524999999998 493,220,802,529 530,301,611,349 680,297,764,347
p00\face\2669.jpg p00\left\2669.jpg p00\right\2669.jpg p00\grid\2669.jpg day35/0019.jpg right 156.0,630.0 0.09633486,0.0625154 -12.786501,5.037017,454.57288 0.2238053125,0.22380524999999998 450,278,744,572 486,351,564,397 630,351,708,397
p00\face\2670.jpg p00\left\2670.jpg p00\right\2670.jpg p00\grid\2670.jpg day37/0622.jpg right 930.0,106.0 0.06382658,0.08300834 44.31341,-4.017009,446.85736 0.2238053125,0.22380524999999998 573,255,874,556 610,332,689,379 755,328,837,377
p00\face\2671.jpg p00\left\2671.jpg p00\right\2671.jpg p00\grid\2671.jpg day05/0355.jpg right 294.0,733.0 -0.00017694323,0.3242379 -24.642204,-5.436332,495.32324 0.2238053125,0.22380524999999998 436,262,709,535 473,331,542,372 606,333,679,376
p00\face\2672.jpg p00\left\2672.jpg p00\right\2672.jpg p00\grid\2672.jpg day23/0657.jpg right 860.0,555.0 0.093421794,0.0749272 24.580246,-0.904452,457.25125 0.2238053125,0.22380524999999998 533,265,827,559 568,341,643,386 711,336,790,383
p00\face\2673.jpg p00\left\2673.jpg p00\right\2673.jpg p00\grid\2673.jpg day36/0730.jpg right 234.0,91.0 -0.12466378,0.1289851 -2.217642,-25.397907,444.01556 0.2238053125,0.22380524999999998 463,204,770,511 500,273,597,331 643,283,736,338
p00\face\2674.jpg p00\left\2674.jpg p00\right\2674.jpg p00\grid\2674.jpg day14/0029.jpg right 565.0,266.0 -0.09310483,0.23624699 36.279247,24.367697,414.28085 0.2238053125,0.22380524999999998 553,316,877,640 586,400,677,454 747,393,831,443
p00\face\2675.jpg p00\left\2675.jpg p00\right\2675.jpg p00\grid\2675.jpg day30/0427.jpg right 903.0,38.0 -0.12956052,0.69714665 -45.11095,-7.897743,439.25046 0.2238053125,0.22380524999999998 376,245,664,533 414,320,489,365 551,324,632,372
p00\face\2676.jpg p00\left\2676.jpg p00\right\2676.jpg p00\grid\2676.jpg day11/0211.jpg right 320.0,303.0 0.09944331,0.32430634 33.35595,13.560289,460.30624 0.2238053125,0.22380524999999998 541,294,836,589 586,360,665,407 728,379,809,427
p00\face\2677.jpg p00\left\2677.jpg p00\right\2677.jpg p00\grid\2677.jpg day37/0092.jpg right 813.0,142.0 0.22875859,0.019321006 -5.247987,14.305228,429.0 0.2238053125,0.22380524999999998 462,297,768,603 498,374,579,422 647,370,729,419
p00\face\2678.jpg p00\left\2678.jpg p00\right\2678.jpg p00\grid\2678.jpg day02/0588.jpg right 1109.0,721.0 -0.043212,0.11208094 65.55032,13.020566,464.85425 0.2238053125,0.22380524999999998 622,297,908,583 655,371,731,416 795,367,871,412
p00\face\2679.jpg p00\left\2679.jpg p00\right\2679.jpg p00\grid\2679.jpg day03/0172.jpg right 331.0,378.0 0.12904489,0.6344506 22.982658,52.90412,575.6524 0.2238053125,0.22380524999999998 556,378,782,604 579,445,639,481 689,429,750,465
p00\face\2680.jpg p00\left\2680.jpg p00\right\2680.jpg p00\grid\2680.jpg day28/0413.jpg right 1069.0,599.0 0.15112022,0.038960956 15.599212,7.740851,457.32733 0.2238053125,0.22380524999999998 516,286,805,575 551,360,624,403 692,356,768,401
p00\face\2681.jpg p00\left\2681.jpg p00\right\2681.jpg p00\grid\2681.jpg day03/0156.jpg right 752.0,479.0 0.025246356,0.41690367 5.914297,27.39509,446.73026 0.2238053125,0.22380524999999998 487,325,788,626 525,403,603,449 670,400,752,449
p00\face\2682.jpg p00\left\2682.jpg p00\right\2682.jpg p00\grid\2682.jpg day12/0020.jpg right 798.0,656.0 0.03723901,-0.07748306 15.26863,-53.24411,435.52408 0.2238053125,0.22380524999999998 499,137,812,450 541,213,626,264 693,221,778,272
p00\face\2683.jpg p00\left\2683.jpg p00\right\2683.jpg p00\grid\2683.jpg day02/0379.jpg right 271.0,470.0 -0.27361333,0.07112326 40.658367,29.368073,421.16446 0.2238053125,0.22380524999999998 565,337,865,637 603,403,685,452 754,415,829,460
p00\face\2684.jpg p00\left\2684.jpg p00\right\2684.jpg p00\grid\2684.jpg day24/0101.jpg right 203.0,470.0 -0.04656685,0.39920992 51.3445,-19.802114,470.57947 0.2238053125,0.22380524999999998 597,232,870,505 628,299,701,342 768,304,832,342
p00\face\2685.jpg p00\left\2685.jpg p00\right\2685.jpg p00\grid\2685.jpg day16/0425.jpg right 1004.0,440.0 0.07160692,0.21589264 21.012957,-5.188622,445.61093 0.2238053125,0.22380524999999998 520,251,824,555 558,331,636,377 705,326,787,375
p00\face\2686.jpg p00\left\2686.jpg p00\right\2686.jpg p00\grid\2686.jpg day36/0272.jpg right 88.0,273.0 0.07049328,0.06736293 -12.997015,-15.811731,421.76016 0.2238053125,0.22380524999999998 433,221,752,540 475,302,556,350 631,301,716,352
p00\face\2687.jpg p00\left\2687.jpg p00\right\2687.jpg p00\grid\2687.jpg day22/0846.jpg right 1022.0,397.0 0.11101198,0.07158173 -12.729657,-18.11964,457.58517 0.2238053125,0.22380524999999998 453,227,747,521 488,307,563,352 628,294,710,343
p00\face\2688.jpg p00\left\2688.jpg p00\right\2688.jpg p00\grid\2688.jpg day17/0732.jpg right 477.0,62.0 0.07579703,-0.016070753 30.504433,10.847567,410.3775 0.2238053125,0.22380524999999998 530,279,861,610 575,362,660,413 736,368,824,420
p00\face\2689.jpg p00\left\2689.jpg p00\right\2689.jpg p00\grid\2689.jpg day26/0319.jpg right 1077.0,709.0 0.05767924,0.05619746 2.581257,-1.153216,358.70663 0.2238053125,0.22380524999999998 443,237,818,612 492,330,589,388 673,332,775,393
p00\face\2690.jpg p00\left\2690.jpg p00\right\2690.jpg p00\grid\2690.jpg day24/0311.jpg right 992.0,611.0 0.12193738,0.24404854 22.398636,6.88274,465.34164 0.2238053125,0.22380524999999998 529,282,820,573 565,361,638,404 705,352,784,399
p00\face\2691.jpg p00\left\2691.jpg p00\right\2691.jpg p00\grid\2691.jpg day33/0596.jpg right 335.0,547.0 -0.045107137,0.24432553 9.375172,-9.868303,415.85184 0.2238053125,0.22380524999999998 488,235,807,554 526,316,610,366 683,314,767,364
p00\face\2692.jpg p00\left\2692.jpg p00\right\2692.jpg p00\grid\2692.jpg day17/0034.jpg right 45.0,272.0 0.1706479,0.2361209 32.932293,-22.795527,494.59854 0.2238053125,0.22380524999999998 555,226,829,500 589,300,659,342 720,292,796,337
p00\face\2693.jpg p00\left\2693.jpg p00\right\2693.jpg p00\grid\2693.jpg day13/0670.jpg right 599.0,582.0 0.10475836,0.177042 -14.811283,18.357206,471.97867 0.2238053125,0.22380524999999998 449,309,734,594 488,379,561,422 625,382,703,428
p00\face\2694.jpg p00\left\2694.jpg p00\right\2694.jpg p00\grid\2694.jpg day38/0015.jpg right 1084.0,197.0 -0.043128487,0.09672585 21.034716,1.524871,413.05984 0.2238053125,0.22380524999999998 512,260,837,585 551,340,639,392 709,342,797,394
p00\face\2695.jpg p00\left\2695.jpg p00\right\2695.jpg p00\grid\2695.jpg day17/0145.jpg right 155.0,355.0 0.050334696,0.34825853 3.199399,-27.022793,400.29404 0.2238053125,0.22380524999999998 465,183,802,520 506,274,593,326 670,267,761,321
p00\face\2696.jpg p00\left\2696.jpg p00\right\2696.jpg p00\grid\2696.jpg day24/0241.jpg right 827.0,782.0 0.25146583,0.16989368 28.935778,53.72452,455.57428 0.2238053125,0.22380524999999998 543,385,835,677 577,456,661,506 718,455,799,503
p00\face\2697.jpg p00\left\2697.jpg p00\right\2697.jpg p00\grid\2697.jpg day25/0619.jpg right 4.0,396.0 0.27623245,0.028357213 19.858355,-4.40552,393.82028 0.2238053125,0.22380524999999998 509,243,843,577 552,328,637,379 714,323,804,377
p00\face\2698.jpg p00\left\2698.jpg p00\right\2698.jpg p00\grid\2698.jpg day03/0839.jpg right 583.0,369.0 0.2858802,0.108031265 -3.942286,19.037895,398.84872 0.2238053125,0.22380524999999998 455,306,780,631 496,391,578,440 651,379,742,433
p00\face\2699.jpg p00\left\2699.jpg p00\right\2699.jpg p00\grid\2699.jpg day24/0321.jpg right 232.0,166.0 0.0052348976,0.28846046 35.336235,26.336365,460.25497 0.2238053125,0.22380524999999998 551,324,843,616 590,392,668,438 734,404,810,449
p00\face\2700.jpg p00\left\2700.jpg p00\right\2700.jpg p00\grid\2700.jpg day15/0280.jpg right 461.0,59.0 -0.005595969,0.37976727 40.28879,10.930152,503.9029 0.2238053125,0.22380524999999998 574,296,841,563 601,366,676,411 733,361,803,403
p00\face\2701.jpg p00\left\2701.jpg p00\right\2701.jpg p00\grid\2701.jpg day23/0617.jpg right 1228.0,797.0 0.31985813,0.008168338 25.022844,19.03443,392.77737 0.2238053125,0.22380524999999998 527,305,857,635 565,387,652,439 726,383,814,435
p00\face\2702.jpg p00\left\2702.jpg p00\right\2702.jpg p00\grid\2702.jpg day13/0298.jpg right 625.0,351.0 0.20078549,0.08528536 -7.18234,6.811605,432.49753 0.2238053125,0.22380524999999998 457,280,761,584 496,359,572,404 643,352,725,401
p00\face\2703.jpg p00\left\2703.jpg p00\right\2703.jpg p00\grid\2703.jpg day01/0146.jpg right 1222.0,395.0 0.13079342,0.34079793 -1.859811,53.772835,611.40717 0.2238053125,0.22380524999999998 511,379,730,598 541,435,595,467 646,434,706,470
p00\face\2704.jpg p00\left\2704.jpg p00\right\2704.jpg p00\grid\2704.jpg day23/0279.jpg right 626.0,415.0 0.14819989,0.12848113 28.6506,18.93341,413.6059 0.2238053125,0.22380524999999998 532,302,857,627 573,387,655,436 730,381,818,433
p00\face\2705.jpg p00\left\2705.jpg p00\right\2705.jpg p00\grid\2705.jpg day01/0873.jpg right 184.0,662.0 0.2612729,0.083314836 13.357333,45.024338,465.2631 0.2238053125,0.22380524999999998 515,369,795,649 548,438,623,483 684,436,760,481
p00\face\2706.jpg p00\left\2706.jpg p00\right\2706.jpg p00\grid\2706.jpg day26/0072.jpg right 207.0,292.0 0.15483093,0.10011105 15.33167,-26.565767,409.88223 0.2238053125,0.22380524999999998 499,191,826,518 541,277,623,326 699,271,787,323
p00\face\2707.jpg p00\left\2707.jpg p00\right\2707.jpg p00\grid\2707.jpg day27/0392.jpg right 957.0,48.0 0.20273507,0.10962164 7.019264,19.797129,404.5579 0.2238053125,0.22380524999999998 481,305,809,633 521,392,605,442 678,380,769,434
p00\face\2708.jpg p00\left\2708.jpg p00\right\2708.jpg p00\grid\2708.jpg day29/0403.jpg right 45.0,175.0 -0.11923722,0.10087782 26.703682,-6.820417,502.1761 0.2238053125,0.22380524999999998 541,264,805,528 576,323,648,366 708,336,775,376
p00\face\2709.jpg p00\left\2709.jpg p00\right\2709.jpg p00\grid\2709.jpg day21/0358.jpg right 33.0,288.0 0.21941787,0.051832043 24.551119,-0.888284,389.04315 0.2238053125,0.22380524999999998 515,250,855,590 561,332,649,384 727,337,818,391
p00\face\2710.jpg p00\left\2710.jpg p00\right\2710.jpg p00\grid\2710.jpg day31/0050.jpg right 865.0,233.0 0.09159532,0.08507808 -11.231227,-13.569125,385.3311 0.2238053125,0.22380524999999998 422,214,770,562 467,304,555,356 633,299,730,357
p00\face\2711.jpg p00\left\2711.jpg p00\right\2711.jpg p00\grid\2711.jpg day01/0005.jpg right 476.0,758.0 0.054545768,0.23256165 28.351503,1.174807,529.78375 0.2238053125,0.22380524999999998 551,283,803,535 583,346,647,384 708,348,772,386
p00\face\2712.jpg p00\left\2712.jpg p00\right\2712.jpg p00\grid\2712.jpg day37/0212.jpg right 786.0,516.0 -0.013495125,-0.021308133 4.692986,-4.725037,456.32507 0.2238053125,0.22380524999999998 488,254,786,552 522,334,601,381 668,326,747,373
p00\face\2713.jpg p00\left\2713.jpg p00\right\2713.jpg p00\grid\2713.jpg day03/0856.jpg right 955.0,704.0 0.19872245,0.087194994 25.11346,8.435671,431.7049 0.2238053125,0.22380524999999998 530,282,837,589 569,361,647,407 717,357,801,407
p00\face\2714.jpg p00\left\2714.jpg p00\right\2714.jpg p00\grid\2714.jpg day35/0453.jpg right 883.0,10.0 0.031449683,0.06418541 7.187017,-12.496705,445.47388 0.2238053125,0.22380524999999998 489,236,792,539 527,313,606,360 674,311,755,359
p00\face\2715.jpg p00\left\2715.jpg p00\right\2715.jpg p00\grid\2715.jpg day10/0068.jpg right 646.0,532.0 0.13010949,0.18070416 -4.516062,-22.102856,450.24567 0.2238053125,0.22380524999999998 464,215,764,515 504,293,580,338 646,289,731,340
p00\face\2716.jpg p00\left\2716.jpg p00\right\2716.jpg p00\grid\2716.jpg day31/0655.jpg right 1020.0,299.0 0.15856951,0.028498273 -7.293861,-4.413793,357.5091 0.2238053125,0.22380524999999998 424,231,793,600 468,327,562,383 645,316,747,377
p00\face\2717.jpg p00\left\2717.jpg p00\right\2717.jpg p00\grid\2717.jpg day28/0383.jpg right 156.0,615.0 0.043569013,0.108686745 26.467934,21.126305,425.20032 0.2238053125,0.22380524999999998 531,309,847,625 567,393,651,443 721,382,806,433
p00\face\2718.jpg p00\left\2718.jpg p00\right\2718.jpg p00\grid\2718.jpg day25/0679.jpg right 752.0,261.0 0.2556425,0.041812427 -8.533265,-11.858323,397.3811 0.2238053125,0.22380524999999998 442,228,769,555 484,312,565,360 640,304,731,358
p00\face\2719.jpg p00\left\2719.jpg p00\right\2719.jpg p00\grid\2719.jpg day26/0174.jpg right 938.0,788.0 0.10361443,0.143883 6.917151,22.22553,522.4944 0.2238053125,0.22380524999999998 510,321,768,579 542,389,608,428 666,383,736,425
p00\face\2720.jpg p00\left\2720.jpg p00\right\2720.jpg p00\grid\2720.jpg day30/0086.jpg right 789.0,479.0 0.057847373,0.034890305 13.573632,-0.474424,426.36993 0.2238053125,0.22380524999999998 497,257,815,575 537,339,619,388 692,337,777,388
p00\face\2721.jpg p00\left\2721.jpg p00\right\2721.jpg p00\grid\2721.jpg day31/0133.jpg right 85.0,598.0 0.15776397,0.19640301 19.980276,13.264457,527.3872 0.2238053125,0.22380524999999998 534,305,789,560 568,370,632,408 690,368,760,410
p00\face\2722.jpg p00\left\2722.jpg p00\right\2722.jpg p00\grid\2722.jpg day34/0420.jpg right 1221.0,358.0 0.0023739655,0.25277987 8.754906,-1.91112,384.59796 0.2238053125,0.22380524999999998 473,244,822,593 516,334,604,386 688,331,779,385
p00\face\2723.jpg p00\left\2723.jpg p00\right\2723.jpg p00\grid\2723.jpg day36/0067.jpg right 613.0,68.0 0.06708781,0.005359551 -3.974675,-16.947773,426.88293 0.2238053125,0.22380524999999998 460,221,773,534 498,302,579,350 650,296,735,347
p00\face\2724.jpg p00\left\2724.jpg p00\right\2724.jpg p00\grid\2724.jpg day07/0081.jpg right 1272.0,498.0 0.045642424,0.48661497 -4.335899,23.16412,383.48175 0.2238053125,0.22380524999999998 439,309,785,655 486,399,571,450 650,395,747,453
p00\face\2725.jpg p00\left\2725.jpg p00\right\2725.jpg p00\grid\2725.jpg day01/0812.jpg right 280.0,292.0 -0.3320645,0.09423437 15.582718,66.932495,464.3059 0.2238053125,0.22380524999999998 517,418,793,694 548,481,633,532 685,485,758,528
p00\face\2726.jpg p00\left\2726.jpg p00\right\2726.jpg p00\grid\2726.jpg day31/0410.jpg right 439.0,458.0 -0.01422375,0.053955145 -3.089529,-8.825921,387.47775 0.2238053125,0.22380524999999998 448,226,794,572 485,321,578,376 654,305,747,360
p00\face\2727.jpg p00\left\2727.jpg p00\right\2727.jpg p00\grid\2727.jpg day31/0584.jpg right 1169.0,140.0 0.20163313,0.07741248 -1.199331,-21.115936,377.81906 0.2238053125,0.22380524999999998 446,195,794,543 495,281,580,332 661,280,757,337
p00\face\2728.jpg p00\left\2728.jpg p00\right\2728.jpg p00\grid\2728.jpg day09/0988.jpg right 1052.0,70.0 0.11641631,0.39492077 13.188063,-22.245495,560.4173 0.2238053125,0.22380524999999998 531,243,771,483 559,312,620,348 674,299,740,338
p00\face\2729.jpg p00\left\2729.jpg p00\right\2729.jpg p00\grid\2729.jpg day26/0126.jpg right 1276.0,143.0 0.10938504,0.0680558 -12.483522,-37.17571,456.40106 0.2238053125,0.22380524999999998 460,187,749,476 491,272,563,315 628,247,709,295
p00\face\2730.jpg p00\left\2730.jpg p00\right\2730.jpg p00\grid\2730.jpg day11/0499.jpg right 1077.0,238.0 -0.0878773,0.3321558 4.428597,-32.28615,507.11166 0.2238053125,0.22380524999999998 503,210,770,477 531,282,604,325 663,277,732,318
p00\face\2731.jpg p00\left\2731.jpg p00\right\2731.jpg p00\grid\2731.jpg day09/0990.jpg right 689.0,170.0 0.11100928,0.3749626 13.587666,-22.416199,560.4788 0.2238053125,0.22380524999999998 530,242,771,483 558,311,621,348 675,299,741,338
p00\face\2732.jpg p00\left\2732.jpg p00\right\2732.jpg p00\grid\2732.jpg day05/0163.jpg right 296.0,84.0 -0.24694069,-0.035801314 2.571882,-23.559439,397.4166 0.2238053125,0.22380524999999998 464,198,791,525 505,275,593,327 665,280,752,332
p00\face\2733.jpg p00\left\2733.jpg p00\right\2733.jpg p00\grid\2733.jpg day23/0812.jpg right 722.0,185.0 0.4348587,0.04640439 29.58707,40.257446,355.68503 0.2238053125,0.22380524999999998 534,362,891,719 572,443,680,507 743,444,845,505
p00\face\2734.jpg p00\left\2734.jpg p00\right\2734.jpg p00\grid\2734.jpg day02/0538.jpg right 1075.0,32.0 0.29693106,0.027215332 20.039598,24.992266,536.03046 0.2238053125,0.22380524999999998 543,331,786,574 571,394,634,431 690,388,754,426
p00\face\2735.jpg p00\left\2735.jpg p00\right\2735.jpg p00\grid\2735.jpg day08/0091.jpg right 883.0,96.0 -0.039500717,0.11579828 45.459915,-7.317628,416.69556 0.2238053125,0.22380524999999998 577,242,895,560 612,325,696,375 768,317,852,367
p00\face\2736.jpg p00\left\2736.jpg p00\right\2736.jpg p00\grid\2736.jpg day19/0144.jpg right 1123.0,69.0 -0.019126406,0.20793918 27.178755,-7.955372,430.7203 0.2238053125,0.22380524999999998 529,240,845,556 567,320,652,371 722,321,806,371
p00\face\2737.jpg p00\left\2737.jpg p00\right\2737.jpg p00\grid\2737.jpg day05/0226.jpg right 565.0,520.0 0.0755183,0.12908132 -3.688293,-5.555228,451.50467 0.2238053125,0.22380524999999998 467,252,767,552 505,331,581,376 649,326,731,375
p00\face\2738.jpg p00\left\2738.jpg p00\right\2738.jpg p00\grid\2738.jpg day08/0338.jpg right 215.0,28.0 0.08212599,0.15486695 13.817318,0.056471,459.54526 0.2238053125,0.22380524999999998 506,267,798,559 545,339,620,384 688,343,766,389
p00\face\2739.jpg p00\left\2739.jpg p00\right\2739.jpg p00\grid\2739.jpg day36/0018.jpg right 32.0,658.0 0.009594451,0.11365584 25.466589,-13.258566,430.01028 0.2238053125,0.22380524999999998 526,229,841,544 564,309,648,359 719,308,801,357
p00\face\2740.jpg p00\left\2740.jpg p00\right\2740.jpg p00\grid\2740.jpg day26/0564.jpg right 1192.0,435.0 0.13667384,0.23341627 3.578546,29.63078,420.21097 0.2238053125,0.22380524999999998 474,329,793,648 516,413,595,460 668,406,756,458
p00\face\2741.jpg p00\left\2741.jpg p00\right\2741.jpg p00\grid\2741.jpg day33/0468.jpg right 317.0,322.0 0.01776783,0.2634834 48.76473,17.97592,526.01465 0.2238053125,0.22380524999999998 585,311,846,572 617,374,689,417 745,380,814,421
p00\face\2742.jpg p00\left\2742.jpg p00\right\2742.jpg p00\grid\2742.jpg day24/0271.jpg right 521.0,200.0 0.069148116,0.19381091 31.41018,20.834023,373.32678 0.2238053125,0.22380524999999998 530,300,891,661 572,394,668,451 748,387,845,445
p00\face\2743.jpg p00\left\2743.jpg p00\right\2743.jpg p00\grid\2743.jpg day05/0033.jpg right 716.0,755.0 -0.25869152,-0.077358894 -4.911768,-8.065836,455.42468 0.2238053125,0.22380524999999998 472,251,760,539 502,328,587,379 642,315,721,362
p00\face\2744.jpg p00\left\2744.jpg p00\right\2744.jpg p00\grid\2744.jpg day14/0101.jpg right 169.0,739.0 -0.12443447,0.16946821 25.79087,10.450319,406.89816 0.2238053125,0.22380524999999998 525,282,852,609 561,363,651,417 725,364,807,413
p00\face\2745.jpg p00\left\2745.jpg p00\right\2745.jpg p00\grid\2745.jpg day02/0375.jpg right 881.0,663.0 0.30966333,0.011835583 5.94143,17.870968,394.5157 0.2238053125,0.22380524999999998 481,302,809,630 519,388,604,439 677,376,767,430
p00\face\2746.jpg p00\left\2746.jpg p00\right\2746.jpg p00\grid\2746.jpg day23/0591.jpg right 52.0,523.0 0.30540222,0.071611166 30.63017,13.611893,392.173 0.2238053125,0.22380524999999998 536,290,869,623 580,370,665,421 741,372,831,426
p00\face\2747.jpg p00\left\2747.jpg p00\right\2747.jpg p00\grid\2747.jpg day02/0176.jpg right 74.0,397.0 -0.31154627,0.20119096 30.433846,72.37869,458.49722 0.2238053125,0.22380524999999998 549,431,829,711 577,494,665,546 719,499,791,542
p00\face\2748.jpg p00\left\2748.jpg p00\right\2748.jpg p00\grid\2748.jpg day10/0146.jpg right 720.0,766.0 0.044575024,0.28401536 30.16699,66.289444,609.725 0.2238053125,0.22380524999999998 561,399,783,621 590,453,648,487 698,456,758,492
p00\face\2749.jpg p00\left\2749.jpg p00\right\2749.jpg p00\grid\2749.jpg day10/0815.jpg right 508.0,192.0 0.16163029,0.35911503 34.597893,6.259979,403.54745 0.2238053125,0.22380524999999998 542,266,879,603 584,356,671,408 748,350,839,404
p00\face\2750.jpg p00\left\2750.jpg p00\right\2750.jpg p00\grid\2750.jpg day01/0516.jpg right 212.0,191.0 -0.13488075,0.13018394 14.101506,56.78359,635.8981 0.2238053125,0.22380524999999998 541,384,751,594 567,436,622,469 671,437,725,469
p00\face\2751.jpg p00\left\2751.jpg p00\right\2751.jpg p00\grid\2751.jpg day38/0981.jpg right 768.0,782.0 0.04680026,0.31953934 -6.58723,-8.693825,455.56168 0.2238053125,0.22380524999999998 460,245,758,543 499,323,574,368 643,320,724,368
p00\face\2752.jpg p00\left\2752.jpg p00\right\2752.jpg p00\grid\2752.jpg day24/0124.jpg right 233.0,4.0 0.14823355,0.1075564 19.085285,1.074846,406.89557 0.2238053125,0.22380524999999998 505,258,835,588 548,339,635,391 707,340,798,394
p00\face\2753.jpg p00\left\2753.jpg p00\right\2753.jpg p00\grid\2753.jpg day25/0157.jpg right 15.0,590.0 0.12625994,0.0901741 13.904697,-27.566813,449.42017 0.2238053125,0.22380524999999998 505,204,803,502 544,279,622,325 690,280,769,327
p00\face\2754.jpg p00\left\2754.jpg p00\right\2754.jpg p00\grid\2754.jpg day22/0428.jpg right 557.0,553.0 -0.06752147,0.10553487 9.0319,8.233911,428.2057 0.2238053125,0.22380524999999998 484,279,799,594 525,352,610,403 681,364,762,412
p00\face\2755.jpg p00\left\2755.jpg p00\right\2755.jpg p00\grid\2755.jpg day28/0171.jpg right 487.0,189.0 -0.01510076,0.12590842 2.341672,30.772083,443.4096 0.2238053125,0.22380524999999998 477,331,784,638 513,411,595,460 663,406,745,455
p00\face\2756.jpg p00\left\2756.jpg p00\right\2756.jpg p00\grid\2756.jpg day39/0293.jpg right 325.0,64.0 0.03803562,0.1083877 10.374359,13.6926,421.5684 0.2238053125,0.22380524999999998 488,291,807,610 529,370,613,420 685,371,770,422
p00\face\2757.jpg p00\left\2757.jpg p00\right\2757.jpg p00\grid\2757.jpg day14/0284.jpg right 978.0,613.0 0.03574247,0.24199551 3.646929,-14.583983,445.78427 0.2238053125,0.22380524999999998 477,228,784,535 517,306,598,354 666,308,750,358
p00\face\2758.jpg p00\left\2758.jpg p00\right\2758.jpg p00\grid\2758.jpg day38/0238.jpg right 445.0,365.0 0.0921435,0.33813524 28.280352,26.130192,468.34766 0.2238053125,0.22380524999999998 542,323,831,612 576,401,651,446 716,392,795,439
p00\face\2759.jpg p00\left\2759.jpg p00\right\2759.jpg p00\grid\2759.jpg day36/0450.jpg right 998.0,736.0 0.009265718,0.3222197 10.45341,-23.86399,435.09583 0.2238053125,0.22380524999999998 492,206,801,515 532,282,613,330 682,287,766,337
p00\face\2760.jpg p00\left\2760.jpg p00\right\2760.jpg p00\grid\2760.jpg day33/0301.jpg right 685.0,772.0 0.0026352738,0.43024948 4.68549,-13.432353,474.68866 0.2238053125,0.22380524999999998 496,239,781,524 526,318,601,363 668,309,741,352
p00\face\2761.jpg p00\left\2761.jpg p00\right\2761.jpg p00\grid\2761.jpg day17/0273.jpg right 398.0,128.0 0.10997693,0.38144425 16.105164,26.1736,556.39056 0.2238053125,0.22380524999999998 531,330,772,571 564,392,625,428 680,392,746,431
p00\face\2762.jpg p00\left\2762.jpg p00\right\2762.jpg p00\grid\2762.jpg day11/0455.jpg right 882.0,727.0 0.025278151,0.35240442 39.238056,-7.670921,442.53412 0.2238053125,0.22380524999999998 562,244,868,550 596,325,678,374 748,321,827,368
p00\face\2763.jpg p00\left\2763.jpg p00\right\2763.jpg p00\grid\2763.jpg day04/0307.jpg right 43.0,756.0 0.3294301,0.23307063 41.41199,87.526375,531.44446 0.2238053125,0.22380524999999998 578,447,825,694 608,505,681,548 726,506,796,548
p00\face\2764.jpg p00\left\2764.jpg p00\right\2764.jpg p00\grid\2764.jpg day16/0612.jpg right 816.0,508.0 0.06892408,0.2465231 30.738256,-0.24253,443.9881 0.2238053125,0.22380524999999998 542,262,848,568 579,343,658,390 727,336,809,385
p00\face\2765.jpg p00\left\2765.jpg p00\right\2765.jpg p00\grid\2765.jpg day17/0072.jpg right 1005.0,252.0 0.08955852,0.0961285 -4.687077,-28.537443,483.34726 0.2238053125,0.22380524999999998 477,213,754,490 512,287,581,328 646,280,721,325
p00\face\2766.jpg p00\left\2766.jpg p00\right\2766.jpg p00\grid\2766.jpg day22/0544.jpg right 865.0,434.0 0.13671935,0.05240426 33.80783,8.767673,407.1898 0.2238053125,0.22380524999999998 546,277,874,605 585,364,670,415 743,353,833,407
p00\face\2767.jpg p00\left\2767.jpg p00\right\2767.jpg p00\grid\2767.jpg day34/0035.jpg right 149.0,27.0 -0.076556444,0.13950561 22.764364,-0.962893,381.46524 0.2238053125,0.22380524999999998 507,248,853,594 551,328,645,384 722,338,813,392
p00\face\2768.jpg p00\left\2768.jpg p00\right\2768.jpg p00\grid\2768.jpg day37/0270.jpg right 30.0,31.0 0.020437943,0.46411046 16.730398,5.262484,436.8911 0.2238053125,0.22380524999999998 507,271,817,581 545,350,629,400 697,352,779,401
p00\face\2769.jpg p00\left\2769.jpg p00\right\2769.jpg p00\grid\2769.jpg day19/0440.jpg right 353.0,353.0 0.08728765,0.46166155 17.981752,11.337489,464.23978 0.2238053125,0.22380524999999998 520,290,811,581 554,371,629,416 695,360,774,407
p00\face\2770.jpg p00\left\2770.jpg p00\right\2770.jpg p00\grid\2770.jpg day13/0306.jpg right 138.0,226.0 0.35353088,0.15780933 44.483627,10.55711,370.84122 0.2238053125,0.22380524999999998 559,276,914,631 615,355,705,409 783,372,883,432
p00\face\2771.jpg p00\left\2771.jpg p00\right\2771.jpg p00\grid\2771.jpg day24/0877.jpg right 1039.0,206.0 0.18092261,0.1386992 -6.583966,16.203741,413.1333 0.2238053125,0.22380524999999998 450,299,769,618 491,380,572,428 643,374,733,428
p00\face\2772.jpg p00\left\2772.jpg p00\right\2772.jpg p00\grid\2772.jpg day34/0238.jpg right 551.0,285.0 0.07298688,0.020220527 4.669162,-24.398693,402.15536 0.2238053125,0.22380524999999998 469,191,806,528 510,280,598,332 672,273,765,328
p00\face\2773.jpg p00\left\2773.jpg p00\right\2773.jpg p00\grid\2773.jpg day24/0736.jpg right 913.0,422.0 0.07731386,0.3282753 27.067118,53.82832,591.6004 0.2238053125,0.22380524999999998 555,378,784,607 584,437,644,473 696,436,757,472
p00\face\2774.jpg p00\left\2774.jpg p00\right\2774.jpg p00\grid\2774.jpg day03/0233.jpg right 1054.0,525.0 0.026462974,-0.33966306 -21.319927,56.46113,407.55923 0.2238053125,0.22380524999999998 424,391,737,704 456,484,543,536 597,465,696,524
p00\face\2775.jpg p00\left\2775.jpg p00\right\2775.jpg p00\grid\2775.jpg day07/0198.jpg right 466.0,171.0 0.33673748,0.13222536 29.687267,15.136845,376.5011 0.2238053125,0.22380524999999998 528,290,877,639 576,376,663,428 743,375,840,433
p00\face\2776.jpg p00\left\2776.jpg p00\right\2776.jpg p00\grid\2776.jpg day15/0049.jpg right 1260.0,393.0 -0.14652754,0.3755775 -17.975122,36.911606,548.8285 0.2238053125,0.22380524999999998 466,347,715,596 497,408,564,448 620,415,684,453
p00\face\2777.jpg p00\left\2777.jpg p00\right\2777.jpg p00\grid\2777.jpg day22/0531.jpg right 814.0,755.0 0.015010145,0.15319313 24.675135,16.176645,398.58148 0.2238053125,0.22380524999999998 521,294,857,630 559,382,646,434 724,374,812,426
p00\face\2778.jpg p00\left\2778.jpg p00\right\2778.jpg p00\grid\2778.jpg day01/0711.jpg right 642.0,628.0 0.27071986,0.25036895 1.645781,73.35626,445.02902 0.2238053125,0.22380524999999998 483,434,775,726 516,502,603,554 660,501,739,548
p00\face\2779.jpg p00\left\2779.jpg p00\right\2779.jpg p00\grid\2779.jpg day13/0667.jpg right 248.0,86.0 0.20587017,0.113119 -1.165378,14.978338,455.94644 0.2238053125,0.22380524999999998 474,301,765,592 514,370,589,415 656,377,734,423
p00\face\2780.jpg p00\left\2780.jpg p00\right\2780.jpg p00\grid\2780.jpg day38/0061.jpg right 1004.0,646.0 0.22299272,0.05359653 15.614913,-7.789785,436.80273 0.2238053125,0.22380524999999998 507,245,813,551 548,323,624,368 695,321,779,371
p00\face\2781.jpg p00\left\2781.jpg p00\right\2781.jpg p00\grid\2781.jpg day39/0384.jpg right 534.0,155.0 0.04666905,0.027931245 -7.981852,-20.922438,388.61258 0.2238053125,0.22380524999999998 431,196,776,541 475,282,565,336 644,283,735,337
p00\face\2782.jpg p00\left\2782.jpg p00\right\2782.jpg p00\grid\2782.jpg day15/0202.jpg right 366.0,751.0 0.036413822,0.5051421 35.324593,5.378217,402.95908 0.2238053125,0.22380524999999998 544,264,878,598 585,349,673,401 750,353,837,405
p00\face\2783.jpg p00\left\2783.jpg p00\right\2783.jpg p00\grid\2783.jpg day33/0265.jpg right 824.0,400.0 0.046988003,0.43566546 20.170837,6.246975,526.4621 0.2238053125,0.22380524999999998 535,288,793,546 566,358,633,398 691,353,760,394
p00\face\2784.jpg p00\left\2784.jpg p00\right\2784.jpg p00\grid\2784.jpg day09/0749.jpg right 816.0,48.0 -0.12304434,0.36438727 -7.895679,84.53985,592.2739 0.2238053125,0.22380524999999998 495,431,721,657 524,483,587,520 636,492,696,528
p00\face\2785.jpg p00\left\2785.jpg p00\right\2785.jpg p00\grid\2785.jpg day10/0790.jpg right 883.0,176.0 0.07863944,0.18112475 7.748382,19.37365,460.9876 0.2238053125,0.22380524999999998 494,308,789,603 531,384,609,430 672,380,754,429
p00\face\2786.jpg p00\left\2786.jpg p00\right\2786.jpg p00\grid\2786.jpg day10/0143.jpg right 1249.0,31.0 0.23321475,0.13409215 26.087358,61.858166,590.2594 0.2238053125,0.22380524999999998 556,395,779,618 585,449,643,483 693,452,754,488
p00\face\2787.jpg p00\left\2787.jpg p00\right\2787.jpg p00\grid\2787.jpg day35/0374.jpg right 647.0,475.0 -0.17804979,0.098131396 8.64972,-10.349532,434.5092 0.2238053125,0.22380524999999998 487,240,793,546 526,309,610,359 679,323,757,369
p00\face\2788.jpg p00\left\2788.jpg p00\right\2788.jpg p00\grid\2788.jpg day34/0141.jpg right 237.0,217.0 -0.044306938,0.19792384 51.469913,-24.565283,370.9191 0.2238053125,0.22380524999999998 581,178,942,539 622,266,722,326 804,274,895,328
p00\face\2789.jpg p00\left\2789.jpg p00\right\2789.jpg p00\grid\2789.jpg day12/0001.jpg right 458.0,94.0 -0.13103612,-0.016433422 44.8902,-53.45605,419.85294 0.2238053125,0.22380524999999998 568,134,883,449 608,204,696,256 764,220,846,269
p00\face\2790.jpg p00\left\2790.jpg p00\right\2790.jpg p00\grid\2790.jpg day29/0253.jpg right 126.0,504.0 0.030553611,-0.026941914 -1.913725,-6.979989,384.0716 0.2238053125,0.22380524999999998 443,229,794,580 489,318,579,372 659,320,753,376
p00\face\2791.jpg p00\left\2791.jpg p00\right\2791.jpg p00\grid\2791.jpg day35/0403.jpg right 859.0,413.0 0.13437983,0.091851234 12.559283,-5.490432,430.31265 0.2238053125,0.22380524999999998 497,247,810,560 537,328,618,376 687,324,774,376
p00\face\2792.jpg p00\left\2792.jpg p00\right\2792.jpg p00\grid\2792.jpg day10/0833.jpg right 241.0,441.0 0.12299604,0.3505053 42.649952,-25.238354,522.00146 0.2238053125,0.22380524999999998 580,228,839,487 609,302,675,341 735,289,804,330
p00\face\2793.jpg p00\left\2793.jpg p00\right\2793.jpg p00\grid\2793.jpg day09/0415.jpg right 592.0,186.0 0.08070424,0.2982504 51.551785,68.165,603.9078 0.2238053125,0.22380524999999998 599,402,822,625 625,462,683,496 734,455,794,491
p00\face\2794.jpg p00\left\2794.jpg p00\right\2794.jpg p00\grid\2794.jpg day18/0076.jpg right 1274.0,163.0 0.19850081,0.37165722 4.38111,32.55099,424.13992 0.2238053125,0.22380524999999998 480,341,786,647 524,419,596,462 670,415,754,465
p00\face\2795.jpg p00\left\2795.jpg p00\right\2795.jpg p00\grid\2795.jpg day06/0626.jpg right 961.0,653.0 0.10557034,0.08035531 -37.571175,-2.519403,548.93414 0.2238053125,0.22380524999999998 437,278,683,524 463,343,536,386 578,331,651,374
p00\face\2796.jpg p00\left\2796.jpg p00\right\2796.jpg p00\grid\2796.jpg day32/0411.jpg right 1163.0,756.0 0.046674583,0.024507292 -12.827707,-11.444858,456.3353 0.2238053125,0.22380524999999998 452,241,747,536 486,320,562,365 630,311,709,358
p00\face\2797.jpg p00\left\2797.jpg p00\right\2797.jpg p00\grid\2797.jpg day02/0307.jpg right 535.0,254.0 0.15408143,0.09416764 37.889694,17.623629,497.06735 0.2238053125,0.22380524999999998 566,310,836,580 599,377,671,420 730,377,803,420
p00\face\2798.jpg p00\left\2798.jpg p00\right\2798.jpg p00\grid\2798.jpg day26/0327.jpg right 837.0,189.0 0.15372792,0.061532844 0.464003,-2.007062,346.95102 0.2238053125,0.22380524999999998 435,233,817,615 484,328,583,387 668,326,773,389
p00\face\2799.jpg p00\left\2799.jpg p00\right\2799.jpg p00\grid\2799.jpg day04/0016.jpg right 716.0,404.0 0.23924428,0.02718914 10.115739,-15.209856,476.32605 0.2238053125,0.22380524999999998 507,241,784,518 543,310,615,353 677,309,752,354
p00\face\2800.jpg p00\left\2800.jpg p00\right\2800.jpg p00\grid\2800.jpg day30/0591.jpg right 175.0,709.0 0.025587989,0.31213316 33.66857,-9.969767,429.85898 0.2238053125,0.22380524999999998 540,239,846,545 587,303,671,353 734,328,819,379
p00\face\2801.jpg p00\left\2801.jpg p00\right\2801.jpg p00\grid\2801.jpg day04/0227.jpg right 423.0,458.0 0.03182959,0.18726006 14.790882,61.92354,537.21716 0.2238053125,0.22380524999999998 526,395,778,647 557,459,623,498 680,458,747,498
p00\face\2802.jpg p00\left\2802.jpg p00\right\2802.jpg p00\grid\2802.jpg day38/0355.jpg right 1055.0,317.0 0.036534965,0.20546812 12.635832,17.976133,476.59445 0.2238053125,0.22380524999999998 509,308,792,591 545,380,618,423 682,379,758,424
p00\face\2803.jpg p00\left\2803.jpg p00\right\2803.jpg p00\grid\2803.jpg day01/0573.jpg right 601.0,116.0 0.25345406,0.062423214 13.494347,49.083138,550.57733 0.2238053125,0.22380524999999998 532,375,770,613 559,435,622,472 678,432,739,468
p00\face\2804.jpg p00\left\2804.jpg p00\right\2804.jpg p00\grid\2804.jpg day13/0123.jpg right 489.0,556.0 0.08234753,0.3856159 59.11556,32.31479,519.60986 0.2238053125,0.22380524999999998 607,338,869,600 638,406,708,448 766,404,836,446
p00\face\2805.jpg p00\left\2805.jpg p00\right\2805.jpg p00\grid\2805.jpg day22/0717.jpg right 213.0,524.0 0.21208578,0.18169294 21.255882,34.379177,480.74695 0.2238053125,0.22380524999999998 529,343,808,622 566,415,636,457 699,411,777,457
p00\face\2806.jpg p00\left\2806.jpg p00\right\2806.jpg p00\grid\2806.jpg day02/0098.jpg right 1241.0,558.0 0.07931543,0.24929994 5.294677,79.21556,592.22473 0.2238053125,0.22380524999999998 523,423,748,648 549,483,607,517 658,475,719,511
p00\face\2807.jpg p00\left\2807.jpg p00\right\2807.jpg p00\grid\2807.jpg day34/0528.jpg right 847.0,297.0 -0.14694175,0.24227807 20.634216,16.417362,339.55304 0.2238053125,0.22380524999999998 488,285,878,675 533,372,654,444 715,378,832,448
p00\face\2808.jpg p00\left\2808.jpg p00\right\2808.jpg p00\grid\2808.jpg day17/0658.jpg right 618.0,272.0 0.17149916,0.12842485 18.844168,-9.268725,440.41364 0.2238053125,0.22380524999999998 516,242,820,546 555,323,631,368 701,315,785,365
p00\face\2809.jpg p00\left\2809.jpg p00\right\2809.jpg p00\grid\2809.jpg day05/0055.jpg right 636.0,430.0 0.12216876,0.22223862 -10.217663,26.096966,465.7496 0.2238053125,0.22380524999999998 457,325,745,613 497,397,569,440 635,397,714,444
p00\face\2810.jpg p00\left\2810.jpg p00\right\2810.jpg p00\grid\2810.jpg day24/0719.jpg right 1221.0,118.0 -0.022146909,0.20317855 10.00465,40.074463,524.65405 0.2238053125,0.22380524999999998 515,355,771,611 546,419,615,460 670,419,740,461
p00\face\2811.jpg p00\left\2811.jpg p00\right\2811.jpg p00\grid\2811.jpg day16/0800.jpg right 376.0,574.0 0.07013972,0.043436255 17.601988,-8.131399,445.70773 0.2238053125,0.22380524999999998 510,244,816,550 550,322,629,369 698,321,780,370
p00\face\2812.jpg p00\left\2812.jpg p00\right\2812.jpg p00\grid\2812.jpg day33/0701.jpg right 793.0,711.0 0.0710269,0.5023222 33.314693,0.466618,402.7222 0.2238053125,0.22380524999999998 541,253,872,584 583,340,667,390 745,339,832,391
p00\face\2813.jpg p00\left\2813.jpg p00\right\2813.jpg p00\grid\2813.jpg day21/0624.jpg right 200.0,770.0 0.17936668,0.04762996 11.973372,-16.449993,433.29617 0.2238053125,0.22380524999999998 496,223,806,533 538,302,617,349 687,300,772,351
p00\face\2814.jpg p00\left\2814.jpg p00\right\2814.jpg p00\grid\2814.jpg day37/0434.jpg right 856.0,734.0 0.0238167,0.050227128 -21.999397,3.055751,407.45605 0.2238053125,0.22380524999999998 406,262,736,592 448,347,533,398 607,343,697,397
p00\face\2815.jpg p00\left\2815.jpg p00\right\2815.jpg p00\grid\2815.jpg day16/0062.jpg right 648.0,760.0 0.071809255,0.097514614 5.815634,-8.151569,452.12268 0.2238053125,0.22380524999999998 488,247,786,545 526,324,602,369 670,321,751,369
p00\face\2816.jpg p00\left\2816.jpg p00\right\2816.jpg p00\grid\2816.jpg day30/0055.jpg right 1149.0,442.0 0.07910458,0.08428317 -19.85137,1.835626,437.31274 0.2238053125,0.22380524999999998 429,267,735,573 466,348,544,394 613,339,697,389
p00\face\2817.jpg p00\left\2817.jpg p00\right\2817.jpg p00\grid\2817.jpg day04/0395.jpg right 1255.0,551.0 -0.022296706,0.06816848 23.084967,-26.405767,481.2048 0.2238053125,0.22380524999999998 530,217,809,496 567,283,640,326 702,291,777,336
p00\face\2818.jpg p00\left\2818.jpg p00\right\2818.jpg p00\grid\2818.jpg day17/1008.jpg right 372.0,110.0 -0.031280905,0.032818183 32.285374,-15.885771,413.1267 0.2238053125,0.22380524999999998 542,220,863,541 581,301,665,351 738,298,823,349
p00\face\2819.jpg p00\left\2819.jpg p00\right\2819.jpg p00\grid\2819.jpg day12/0269.jpg right 49.0,61.0 0.2550117,0.025848422 -10.497015,29.93952,493.75943 0.2238053125,0.22380524999999998 478,339,740,601 505,410,574,451 634,396,703,437
p00\face\2820.jpg p00\left\2820.jpg p00\right\2820.jpg p00\grid\2820.jpg day09/0986.jpg right 992.0,704.0 0.09240937,0.42365113 15.242971,-21.48771,566.7857 0.2238053125,0.22380524999999998 536,245,773,482 563,313,624,349 677,302,741,340
p00\face\2821.jpg p00\left\2821.jpg p00\right\2821.jpg p00\grid\2821.jpg day27/0017.jpg right 628.0,383.0 0.115492426,0.11663485 -16.181023,-4.450175,412.79755 0.2238053125,0.22380524999999998 423,245,750,572 465,330,549,380 621,324,712,378
p00\face\2822.jpg p00\left\2822.jpg p00\right\2822.jpg p00\grid\2822.jpg day16/0270.jpg right 887.0,631.0 0.12727454,0.48556757 16.69535,16.59842,442.52533 0.2238053125,0.22380524999999998 508,300,809,601 552,378,625,421 695,378,779,428
p00\face\2823.jpg p00\left\2823.jpg p00\right\2823.jpg p00\grid\2823.jpg day10/0468.jpg right 681.0,502.0 -0.013346109,0.19578156 -0.269893,36.95117,537.9366 0.2238053125,0.22380524999999998 500,349,752,601 529,416,596,456 652,409,719,449
p00\face\2824.jpg p00\left\2824.jpg p00\right\2824.jpg p00\grid\2824.jpg day06/0120.jpg right 144.0,672.0 0.18331294,0.15965576 15.585978,11.627841,571.49774 0.2238053125,0.22380524999999998 533,307,767,541 565,365,625,401 678,366,741,403
p00\face\2825.jpg p00\left\2825.jpg p00\right\2825.jpg p00\grid\2825.jpg day11/0478.jpg right 656.0,14.0 -0.002329818,0.17684822 23.695639,-1.786917,479.456 0.2238053125,0.22380524999999998 532,267,812,547 567,335,642,380 704,340,779,385
p00\face\2826.jpg p00\left\2826.jpg p00\right\2826.jpg p00\grid\2826.jpg day21/0388.jpg right 69.0,775.0 0.101850115,-0.057570983 43.743607,-17.49498,419.04175 0.2238053125,0.22380524999999998 562,214,886,538 607,292,692,343 764,301,851,353
p00\face\2827.jpg p00\left\2827.jpg p00\right\2827.jpg p00\grid\2827.jpg day15/0561.jpg right 70.0,187.0 -0.0129275415,0.27704853 30.545668,-10.3551,475.97086 0.2238053125,0.22380524999999998 549,247,834,532 580,324,656,369 719,316,795,361
p00\face\2828.jpg p00\left\2828.jpg p00\right\2828.jpg p00\grid\2828.jpg day28/0686.jpg right 860.0,751.0 0.07273565,0.07162697 -16.175224,7.146011,462.36496 0.2238053125,0.22380524999999998 448,285,736,573 483,360,555,403 622,353,700,399
p00\face\2829.jpg p00\left\2829.jpg p00\right\2829.jpg p00\grid\2829.jpg day39/0108.jpg right 1124.0,5.0 0.120583326,0.21893637 -23.309355,6.719371,464.07513 0.2238053125,0.22380524999999998 430,284,718,572 469,358,541,401 605,353,686,401
p00\face\2830.jpg p00\left\2830.jpg p00\right\2830.jpg p00\grid\2830.jpg day11/0227.jpg right 482.0,208.0 -0.259437,0.083317116 23.49978,45.17024,423.7335 0.2238053125,0.22380524999999998 527,372,830,675 561,445,651,499 708,442,792,492
p00\face\2831.jpg p00\left\2831.jpg p00\right\2831.jpg p00\grid\2831.jpg day01/0674.jpg right 377.0,694.0 0.40087453,0.24993323 29.231583,85.15972,488.82736 0.2238053125,0.22380524999999998 553,453,815,715 585,514,660,559 710,513,785,558
p00\face\2832.jpg p00\left\2832.jpg p00\right\2832.jpg p00\grid\2832.jpg day01/0888.jpg right 313.0,455.0 0.29956523,0.06970575 26.396051,41.569004,457.94196 0.2238053125,0.22380524999999998 541,362,824,645 575,429,651,474 716,434,789,477
p00\face\2833.jpg p00\left\2833.jpg p00\right\2833.jpg p00\grid\2833.jpg day23/0544.jpg right 335.0,561.0 0.4244787,0.09582769 34.190254,27.0801,349.42526 0.2238053125,0.22380524999999998 540,322,909,691 585,410,688,471 763,408,865,469
p00\face\2834.jpg p00\left\2834.jpg p00\right\2834.jpg p00\grid\2834.jpg day03/0446.jpg right 1052.0,43.0 0.38654047,0.15732686 35.983837,61.647633,503.53717 0.2238053125,0.22380524999999998 570,404,825,659 602,468,666,506 724,462,794,504
p00\face\2835.jpg p00\left\2835.jpg p00\right\2835.jpg p00\grid\2835.jpg day23/0374.jpg right 586.0,439.0 0.114797726,0.08305704 -3.190973,10.371454,403.06042 0.2238053125,0.22380524999999998 452,280,783,611 494,365,579,416 654,360,744,414
p00\face\2836.jpg p00\left\2836.jpg p00\right\2836.jpg p00\grid\2836.jpg day12/0221.jpg right 700.0,338.0 0.32914758,0.034256727 13.168712,20.241858,597.57684 0.2238053125,0.22380524999999998 537,327,754,544 565,378,622,412 672,383,729,417
p00\face\2837.jpg p00\left\2837.jpg p00\right\2837.jpg p00\grid\2837.jpg day31/0006.jpg right 836.0,650.0 0.15391982,0.16272806 -26.067106,-26.129223,436.5667 0.2238053125,0.22380524999999998 412,202,719,509 453,286,528,331 598,274,685,326
p00\face\2838.jpg p00\left\2838.jpg p00\right\2838.jpg p00\grid\2838.jpg day03/1027.jpg right 86.0,597.0 0.23340032,0.0012945808 29.577547,-5.040255,410.5339 0.2238053125,0.22380524999999998 535,244,860,569 576,327,661,378 733,323,821,375
p00\face\2839.jpg p00\left\2839.jpg p00\right\2839.jpg p00\grid\2839.jpg day30/0468.jpg right 974.0,52.0 0.07338903,0.19069943 -23.100739,-14.494266,386.32083 0.2238053125,0.22380524999999998 396,212,742,558 437,308,525,360 600,290,699,349
p00\face\2840.jpg p00\left\2840.jpg p00\right\2840.jpg p00\grid\2840.jpg day10/0639.jpg right 952.0,517.0 0.16314556,0.16120446 -19.368912,-26.749699,449.88776 0.2238053125,0.22380524999999998 440,208,732,500 475,292,545,334 614,271,695,319
p00\face\2841.jpg p00\left\2841.jpg p00\right\2841.jpg p00\grid\2841.jpg day35/0764.jpg right 836.0,770.0 0.011110132,0.28132188 19.789011,5.759152,473.4015 0.2238053125,0.22380524999999998 522,282,805,565 560,352,633,395 697,356,773,401
p00\face\2842.jpg p00\left\2842.jpg p00\right\2842.jpg p00\grid\2842.jpg day04/1238.jpg right 398.0,121.0 -0.033557747,0.10661892 21.933495,0.985679,429.406 0.2238053125,0.22380524999999998 519,263,832,576 556,342,640,392 710,341,792,390
p00\face\2843.jpg p00\left\2843.jpg p00\right\2843.jpg p00\grid\2843.jpg day13/0546.jpg right 391.0,572.0 0.11816439,0.22572708 24.295801,40.330383,530.7543 0.2238053125,0.22380524999999998 545,357,797,609 576,423,640,461 699,417,766,457
p00\face\2844.jpg p00\left\2844.jpg p00\right\2844.jpg p00\grid\2844.jpg day38/0477.jpg right 167.0,513.0 -0.16692744,0.00081720325 10.813544,-6.301327,449.8905 0.2238053125,0.22380524999999998 499,253,793,547 536,325,615,372 681,328,757,373
p00\face\2845.jpg p00\left\2845.jpg p00\right\2845.jpg p00\grid\2845.jpg day27/0164.jpg right 647.0,357.0 -0.037839424,0.19855827 14.310626,19.829525,378.21933 0.2238053125,0.22380524999999998 487,299,844,656 526,392,622,449 701,384,795,440
p00\face\2846.jpg p00\left\2846.jpg p00\right\2846.jpg p00\grid\2846.jpg day23/0831.jpg right 989.0,560.0 0.3024917,-0.056912087 22.997934,-10.113694,370.30402 0.2238053125,0.22380524999999998 515,219,870,574 555,313,649,369 724,300,824,360
p00\face\2847.jpg p00\left\2847.jpg p00\right\2847.jpg p00\grid\2847.jpg day36/0015.jpg right 885.0,208.0 0.09812796,0.07074207 12.090217,-18.785725,434.1061 0.2238053125,0.22380524999999998 497,217,809,529 537,299,616,346 687,293,772,344
p00\face\2848.jpg p00\left\2848.jpg p00\right\2848.jpg p00\grid\2848.jpg day24/1061.jpg right 1139.0,428.0 -0.0145603195,0.118505925 9.752911,-12.44557,461.17554 0.2238053125,0.22380524999999998 501,240,793,532 535,317,613,363 677,310,756,357
p00\face\2849.jpg p00\left\2849.jpg p00\right\2849.jpg p00\grid\2849.jpg day39/0327.jpg right 1102.0,587.0 0.031412274,0.025664024 5.479909,-16.017582,408.7361 0.2238053125,0.22380524999999998 470,215,801,546 513,296,600,348 674,300,764,354
p00\face\2850.jpg p00\left\2850.jpg p00\right\2850.jpg p00\grid\2850.jpg day26/0456.jpg right 229.0,224.0 0.07872877,0.045059003 29.176235,-11.086291,390.02255 0.2238053125,0.22380524999999998 523,222,866,565 570,302,661,356 738,314,829,368
p00\face\2851.jpg p00\left\2851.jpg p00\right\2851.jpg p00\grid\2851.jpg day20/0236.jpg right 1076.0,394.0 0.03940002,0.08475504 6.072867,-23.061554,443.06995 0.2238053125,0.22380524999999998 487,210,793,516 523,290,604,338 670,284,755,335
p00\face\2852.jpg p00\left\2852.jpg p00\right\2852.jpg p00\grid\2852.jpg day25/0426.jpg right 249.0,307.0 -0.05663073,0.04128463 19.946634,-18.43408,434.92694 0.2238053125,0.22380524999999998 511,220,818,527 553,289,637,339 703,303,785,352
p00\face\2853.jpg p00\left\2853.jpg p00\right\2853.jpg p00\grid\2853.jpg day28/0637.jpg right 260.0,197.0 0.25685713,0.07154894 4.073807,-5.210029,432.7665 0.2238053125,0.22380524999999998 484,252,788,556 522,331,601,378 668,323,752,373
p00\face\2854.jpg p00\left\2854.jpg p00\right\2854.jpg p00\grid\2854.jpg day05/0099.jpg right 591.0,731.0 -0.1461962,0.15783313 -13.578759,25.629263,551.6584 0.2238053125,0.22380524999999998 475,330,718,573 507,386,573,425 627,396,690,433
p00\face\2855.jpg p00\left\2855.jpg p00\right\2855.jpg p00\grid\2855.jpg day38/0501.jpg right 1098.0,33.0 0.16820219,0.28599092 -0.255737,-13.334972,458.70312 0.2238053125,0.22380524999999998 479,236,774,531 516,320,589,363 656,304,738,353
p00\face\2856.jpg p00\left\2856.jpg p00\right\2856.jpg p00\grid\2856.jpg day18/0122.jpg right 1114.0,71.0 0.15275453,0.20578364 -8.472653,2.154747,449.69434 0.2238053125,0.22380524999999998 460,272,755,567 498,352,571,395 637,339,721,389
p00\face\2857.jpg p00\left\2857.jpg p00\right\2857.jpg p00\grid\2857.jpg day34/0833.jpg right 367.0,224.0 -0.10034725,0.22755069 40.104553,10.705359,425.30078 0.2238053125,0.22380524999999998 564,286,877,599 596,366,684,418 754,363,833,410
p00\face\2858.jpg p00\left\2858.jpg p00\right\2858.jpg p00\grid\2858.jpg day01/0506.jpg right 667.0,547.0 0.082233325,0.17454164 9.028304,58.783684,650.39905 0.2238053125,0.22380524999999998 534,384,744,594 560,439,615,472 661,435,718,469
p00\face\2859.jpg p00\left\2859.jpg p00\right\2859.jpg p00\grid\2859.jpg day26/0303.jpg right 273.0,764.0 0.051939398,0.42784452 -3.706732,62.901615,617.89276 0.2238053125,0.22380524999999998 510,392,729,611 536,451,593,485 643,445,701,479
p00\face\2860.jpg p00\left\2860.jpg p00\right\2860.jpg p00\grid\2860.jpg day08/0564.jpg right 169.0,264.0 0.023171633,0.201505 32.88604,34.123497,401.5104 0.2238053125,0.22380524999999998 535,339,869,673 579,418,667,470 744,427,831,479
p00\face\2861.jpg p00\left\2861.jpg p00\right\2861.jpg p00\grid\2861.jpg day37/0609.jpg right 1183.0,572.0 -0.020344809,0.1262581 17.503086,-0.958755,456.4984 0.2238053125,0.22380524999999998 518,264,813,559 551,343,629,389 695,333,774,380
p00\face\2862.jpg p00\left\2862.jpg p00\right\2862.jpg p00\grid\2862.jpg day31/0744.jpg right 400.0,704.0 -0.030230151,0.21610315 22.600565,-19.751972,417.27365 0.2238053125,0.22380524999999998 511,208,836,533 554,284,641,336 716,299,800,349
p00\face\2863.jpg p00\left\2863.jpg p00\right\2863.jpg p00\grid\2863.jpg day38/1151.jpg right 595.0,741.0 -0.10419659,0.12736411 -0.89445,-1.344903,419.287 0.2238053125,0.22380524999999998 466,257,782,573 502,339,584,388 658,332,740,381
p00\face\2864.jpg p00\left\2864.jpg p00\right\2864.jpg p00\grid\2864.jpg day24/0419.jpg right 349.0,638.0 0.14167406,0.18552569 11.278428,35.21715,487.81613 0.2238053125,0.22380524999999998 515,346,788,619 546,421,615,462 679,408,752,451
p00\face\2865.jpg p00\left\2865.jpg p00\right\2865.jpg p00\grid\2865.jpg day01/0995.jpg right 1103.0,687.0 0.21695316,0.043041017 -5.899408,21.889524,453.50238 0.2238053125,0.22380524999999998 470,318,758,606 504,390,580,435 644,387,722,433
p00\face\2866.jpg p00\left\2866.jpg p00\right\2866.jpg p00\grid\2866.jpg day09/0201.jpg right 250.0,482.0 -0.12446867,0.2092782 47.16509,41.296543,493.82712 0.2238053125,0.22380524999999998 586,361,851,626 617,425,690,468 750,427,817,467
p00\face\2867.jpg p00\left\2867.jpg p00\right\2867.jpg p00\grid\2867.jpg day28/0561.jpg right 612.0,77.0 0.036346614,0.08109542 15.128092,8.340103,406.81644 0.2238053125,0.22380524999999998 497,274,830,607 536,361,624,413 697,354,788,408
p00\face\2868.jpg p00\left\2868.jpg p00\right\2868.jpg p00\grid\2868.jpg day14/0393.jpg right 913.0,342.0 0.16328779,0.33810145 25.9939,-59.630024,471.83636 0.2238053125,0.22380524999999998 532,137,824,429 569,216,653,266 705,210,792,262
p00\face\2869.jpg p00\left\2869.jpg p00\right\2869.jpg p00\grid\2869.jpg day03/0669.jpg right 696.0,232.0 0.448772,0.19934249 60.181435,78.51244,520.513 0.2238053125,0.22380524999999998 617,438,857,678 649,489,715,528 767,499,830,536
p00\face\2870.jpg p00\left\2870.jpg p00\right\2870.jpg p00\grid\2870.jpg day38/0179.jpg right 665.0,678.0 0.053100653,0.16954865 -4.083692,54.962273,489.35428 0.2238053125,0.22380524999999998 478,385,754,661 513,454,585,497 648,454,721,497
p00\face\2871.jpg p00\left\2871.jpg p00\right\2871.jpg p00\grid\2871.jpg day23/0068.jpg right 21.0,269.0 -0.035167925,0.46181372 44.80618,-10.918152,421.8601 0.2238053125,0.22380524999999998 574,233,886,545 609,308,697,360 767,319,845,365
p00\face\2872.jpg p00\left\2872.jpg p00\right\2872.jpg p00\grid\2872.jpg day01/0418.jpg right 815.0,740.0 0.24767631,0.16717203 9.60477,99.98753,588.2802 0.2238053125,0.22380524999999998 532,461,754,683 558,519,615,553 666,511,726,547
p00\face\2873.jpg p00\left\2873.jpg p00\right\2873.jpg p00\grid\2873.jpg day25/0449.jpg right 920.0,408.0 0.045179427,0.13384524 12.483533,9.11349,455.4915 0.2238053125,0.22380524999999998 500,285,798,583 540,358,618,404 684,363,765,411
p00\face\2874.jpg p00\left\2874.jpg p00\right\2874.jpg p00\grid\2874.jpg day03/0487.jpg right 126.0,248.0 -0.038104255,0.19884862 20.265612,30.760298,523.31476 0.2238053125,0.22380524999999998 535,338,791,594 565,402,634,443 692,402,759,442
p00\face\2875.jpg p00\left\2875.jpg p00\right\2875.jpg p00\grid\2875.jpg day37/0531.jpg right 1008.0,574.0 0.06571965,-0.009881953 23.06758,1.891381,445.6438 0.2238053125,0.22380524999999998 523,266,827,570 562,343,641,390 710,345,791,393
p00\face\2876.jpg p00\left\2876.jpg p00\right\2876.jpg p00\grid\2876.jpg day22/0520.jpg right 755.0,763.0 0.1191732,0.21647249 9.562507,19.565086,366.7931 0.2238053125,0.22380524999999998 470,298,834,662 517,395,605,447 690,383,792,444
p00\face\2877.jpg p00\left\2877.jpg p00\right\2877.jpg p00\grid\2877.jpg day22/0654.jpg right 353.0,150.0 0.013086148,0.10693234 41.460842,8.123065,397.86703 0.2238053125,0.22380524999999998 555,272,894,611 599,352,690,406 766,364,854,416
p00\face\2878.jpg p00\left\2878.jpg p00\right\2878.jpg p00\grid\2878.jpg day36/0809.jpg right 791.0,349.0 -0.026801705,0.11039148 -9.323512,0.643302,405.2538 0.2238053125,0.22380524999999998 442,257,770,585 477,345,564,397 636,331,726,385
p00\face\2879.jpg p00\left\2879.jpg p00\right\2879.jpg p00\grid\2879.jpg day31/0522.jpg right 525.0,477.0 0.06892875,0.19442391 1.597213,-6.193377,402.10294 0.2238053125,0.22380524999999998 464,239,797,572 505,327,589,377 666,318,756,372
p00\face\2880.jpg p00\left\2880.jpg p00\right\2880.jpg p00\grid\2880.jpg day02/0646.jpg right 524.0,507.0 0.28800517,0.07362568 6.32958,41.45477,515.23987 0.2238053125,0.22380524999999998 511,361,764,614 543,425,609,464 665,422,734,463
p00\face\2881.jpg p00\left\2881.jpg p00\right\2881.jpg p00\grid\2881.jpg day33/0078.jpg right 355.0,323.0 0.13483475,0.09134218 1.897717,33.062466,485.55008 0.2238053125,0.22380524999999998 493,341,767,615 526,412,598,455 658,407,733,452
p00\face\2882.jpg p00\left\2882.jpg p00\right\2882.jpg p00\grid\2882.jpg day34/0209.jpg right 1060.0,491.0 -0.0066934074,0.06044929 -11.983902,-16.199074,394.83862 0.2238053125,0.22380524999999998 424,210,764,550 466,295,556,349 632,296,723,350
p00\face\2883.jpg p00\left\2883.jpg p00\right\2883.jpg p00\grid\2883.jpg day04/0751.jpg right 717.0,767.0 0.021642592,0.08181452 1.958261,17.2893,526.6827 0.2238053125,0.22380524999999998 499,312,755,568 532,376,599,416 656,377,725,418
p00\face\2884.jpg p00\left\2884.jpg p00\right\2884.jpg p00\grid\2884.jpg day35/0061.jpg right 577.0,193.0 0.06382956,0.5827309 13.410315,-9.220098,521.06555 0.2238053125,0.22380524999999998 523,255,782,514 553,331,619,370 681,322,748,362
p00\face\2885.jpg p00\left\2885.jpg p00\right\2885.jpg p00\grid\2885.jpg day17/0361.jpg right 1117.0,499.0 0.1154099,0.41038284 17.19145,-18.113573,496.5342 0.2238053125,0.22380524999999998 522,235,793,506 559,308,626,348 690,305,763,348
p00\face\2886.jpg p00\left\2886.jpg p00\right\2886.jpg p00\grid\2886.jpg day32/0323.jpg right 387.0,116.0 -0.057056125,0.3082575 -3.350357,-59.769787,416.39804 0.2238053125,0.22380524999999998 455,107,786,438 490,199,580,253 653,191,740,243
p00\face\2887.jpg p00\left\2887.jpg p00\right\2887.jpg p00\grid\2887.jpg day06/0390.jpg right 446.0,709.0 0.19433258,0.07423129 20.350254,16.94906,456.81375 0.2238053125,0.22380524999999998 525,305,816,596 560,380,636,425 702,375,780,421
p00\face\2888.jpg p00\left\2888.jpg p00\right\2888.jpg p00\grid\2888.jpg day06/0680.jpg right 113.0,295.0 -0.03580823,0.37563446 -12.817489,-21.576786,487.53027 0.2238053125,0.22380524999999998 457,227,731,501 495,293,568,336 629,303,702,346
p00\face\2889.jpg p00\left\2889.jpg p00\right\2889.jpg p00\grid\2889.jpg day34/0254.jpg right 1062.0,449.0 0.15279053,0.09322381 41.59937,-2.247619,406.12323 0.2238053125,0.22380524999999998 560,248,893,581 602,333,689,385 763,330,854,384
p00\face\2890.jpg p00\left\2890.jpg p00\right\2890.jpg p00\grid\2890.jpg day06/0517.jpg right 866.0,571.0 0.030397749,0.08896364 -37.67791,16.923456,457.80804 0.2238053125,0.22380524999999998 397,304,691,598 433,381,508,426 576,374,655,421
p00\face\2891.jpg p00\left\2891.jpg p00\right\2891.jpg p00\grid\2891.jpg day15/0178.jpg right 966.0,670.0 -0.034955263,0.35793334 16.034464,60.453205,592.6185 0.2238053125,0.22380524999999998 537,388,768,619 563,449,626,486 677,446,738,482
p00\face\2892.jpg p00\left\2892.jpg p00\right\2892.jpg p00\grid\2892.jpg day37/0167.jpg right 132.0,517.0 -0.010350151,0.03147413 -6.095934,1.14664,411.01422 0.2238053125,0.22380524999999998 447,258,775,586 485,343,572,395 646,338,733,390
p00\face\2893.jpg p00\left\2893.jpg p00\right\2893.jpg p00\grid\2893.jpg day28/0218.jpg right 578.0,503.0 0.0033578586,0.19050449 4.693537,17.41516,401.24197 0.2238053125,0.22380524999999998 468,296,805,633 509,382,597,434 673,380,764,434
p00\face\2894.jpg p00\left\2894.jpg p00\right\2894.jpg p00\grid\2894.jpg day16/0157.jpg right 1091.0,357.0 0.1431403,0.25223663 -15.390364,-6.739833,522.3851 0.2238053125,0.22380524999999998 467,266,723,522 501,334,564,371 623,328,695,371
p00\face\2895.jpg p00\left\2895.jpg p00\right\2895.jpg p00\grid\2895.jpg day10/0537.jpg right 915.0,774.0 0.075841695,0.50285935 51.147713,56.910065,549.86346 0.2238053125,0.22380524999999998 592,384,836,628 625,444,689,482 743,451,810,491
p00\face\2896.jpg p00\left\2896.jpg p00\right\2896.jpg p00\grid\2896.jpg day32/0241.jpg right 783.0,217.0 -0.036874555,0.40424898 -45.025948,38.033424,507.34988 0.2238053125,0.22380524999999998 415,350,677,612 438,434,505,474 565,403,635,445
p00\face\2897.jpg p00\left\2897.jpg p00\right\2897.jpg p00\grid\2897.jpg day34/0573.jpg right 390.0,59.0 -0.050259393,0.11013664 10.87613,2.270164,394.12653 0.2238053125,0.22380524999999998 481,257,823,599 521,342,614,397 689,342,780,396
p00\face\2898.jpg p00\left\2898.jpg p00\right\2898.jpg p00\grid\2898.jpg day06/0508.jpg right 879.0,94.0 0.06032838,0.09494005 -32.846237,16.391535,445.1471 0.2238053125,0.22380524999999998 402,301,703,602 439,380,517,426 584,373,666,422
p00\face\2899.jpg p00\left\2899.jpg p00\right\2899.jpg p00\grid\2899.jpg day37/0367.jpg right 0.0,630.0 0.030956715,0.05966721 -10.96987,-11.807174,451.0107 0.2238053125,0.22380524999999998 448,238,748,538 488,311,566,357 635,318,714,365
p00\face\2900.jpg p00\left\2900.jpg p00\right\2900.jpg p00\grid\2900.jpg day30/0279.jpg right 1233.0,426.0 0.1002195,0.015698683 -26.884089,3.144526,408.0127 0.2238053125,0.22380524999999998 399,265,723,589 439,349,521,398 594,342,684,396
p00\face\2901.jpg p00\left\2901.jpg p00\right\2901.jpg p00\grid\2901.jpg day09/0081.jpg right 705.0,316.0 0.19153024,-0.022560272 14.774704,-24.127104,516.3888 0.2238053125,0.22380524999999998 527,233,783,489 558,300,622,338 682,294,751,335
p00\face\2902.jpg p00\left\2902.jpg p00\right\2902.jpg p00\grid\2902.jpg day10/0648.jpg right 56.0,159.0 0.020828042,0.33492115 13.089374,-22.675749,428.4299 0.2238053125,0.22380524999999998 496,204,814,522 535,286,619,336 691,286,775,336
p00\face\2903.jpg p00\left\2903.jpg p00\right\2903.jpg p00\grid\2903.jpg day16/0599.jpg right 1027.0,535.0 0.000724118,0.36220974 19.035507,-2.175968,460.3297 0.2238053125,0.22380524999999998 520,261,812,553 555,337,633,383 698,335,776,381
p00\face\2904.jpg p00\left\2904.jpg p00\right\2904.jpg p00\grid\2904.jpg day16/0724.jpg right 1223.0,591.0 -0.067340426,0.20839515 9.462155,40.506992,550.054 0.2238053125,0.22380524999999998 517,356,763,602 548,415,614,454 669,421,733,459
p00\face\2905.jpg p00\left\2905.jpg p00\right\2905.jpg p00\grid\2905.jpg day21/0025.jpg right 1053.0,72.0 -0.03218068,0.12279793 26.247192,-0.343846,481.6547 0.2238053125,0.22380524999999998 541,272,818,549 574,342,647,385 708,339,783,384
p00\face\2906.jpg p00\left\2906.jpg p00\right\2906.jpg p00\grid\2906.jpg day05/0056.jpg right 288.0,352.0 0.13884155,0.191313 -9.0043,24.948135,459.9969 0.2238053125,0.22380524999999998 457,322,749,614 498,395,571,438 637,395,718,443
p00\face\2907.jpg p00\left\2907.jpg p00\right\2907.jpg p00\grid\2907.jpg day31/0712.jpg right 1170.0,330.0 0.04671393,0.08021614 -43.738167,6.470903,364.1436 0.2238053125,0.22380524999999998 332,264,692,624 373,366,461,418 543,341,645,402
p00\face\2908.jpg p00\left\2908.jpg p00\right\2908.jpg p00\grid\2908.jpg day06/0141.jpg right 843.0,216.0 0.21331456,0.07313152 16.615623,0.78729,511.99347 0.2238053125,0.22380524999999998 527,280,786,539 561,344,628,384 685,344,757,387
p00\face\2909.jpg p00\left\2909.jpg p00\right\2909.jpg p00\grid\2909.jpg day19/0290.jpg right 468.0,659.0 -0.006022542,0.42812952 29.408415,27.111296,470.51013 0.2238053125,0.22380524999999998 546,323,837,614 576,404,654,450 719,393,795,438
p00\face\2910.jpg p00\left\2910.jpg p00\right\2910.jpg p00\grid\2910.jpg day18/0302.jpg right 700.0,683.0 0.04734879,0.016731326 -1.082908,7.963865,412.10498 0.2238053125,0.22380524999999998 468,276,792,600 501,369,586,420 657,345,745,397
p00\face\2911.jpg p00\left\2911.jpg p00\right\2911.jpg p00\grid\2911.jpg day01/0373.jpg right 1133.0,521.0 0.3571325,0.1907281 27.597412,79.05218,566.9343 0.2238053125,0.22380524999999998 563,429,791,657 589,491,646,525 698,477,761,514
p00\face\2912.jpg p00\left\2912.jpg p00\right\2912.jpg p00\grid\2912.jpg day09/0436.jpg right 1029.0,234.0 0.09834431,0.23192558 -11.351089,4.167934,497.062 0.2238053125,0.22380524999999998 473,283,741,551 503,362,570,402 630,340,705,385
p00\face\2913.jpg p00\left\2913.jpg p00\right\2913.jpg p00\grid\2913.jpg day37/0303.jpg right 310.0,266.0 -0.11701145,0.09108314 13.172266,-11.562355,417.88773 0.2238053125,0.22380524999999998 493,230,814,551 532,306,620,358 691,315,775,365
p00\face\2914.jpg p00\left\2914.jpg p00\right\2914.jpg p00\grid\2914.jpg day30/0514.jpg right 118.0,356.0 0.005350905,-0.031118834 -8.616242,9.898495,452.9981 0.2238053125,0.22380524999999998 457,287,754,584 494,364,572,410 639,362,718,409
p00\face\2915.jpg p00\left\2915.jpg p00\right\2915.jpg p00\grid\2915.jpg day38/0856.jpg right 1168.0,81.0 0.0825685,0.26756954 12.757436,-21.44347,370.72552 0.2238053125,0.22380524999999998 478,186,839,547 524,280,617,335 697,275,797,335
p00\face\2916.jpg p00\left\2916.jpg p00\right\2916.jpg p00\grid\2916.jpg day33/0254.jpg right 1141.0,266.0 -0.06633427,0.14140373 2.969277,13.032509,488.0565 0.2238053125,0.22380524999999998 493,299,769,575 526,369,599,412 661,368,734,411
p00\face\2917.jpg p00\left\2917.jpg p00\right\2917.jpg p00\grid\2917.jpg day19/0235.jpg right 1171.0,723.0 0.12448462,0.17012322 13.018954,-11.519302,489.20715 0.2238053125,0.22380524999999998 515,250,789,524 549,323,618,364 683,316,756,359
p00\face\2918.jpg p00\left\2918.jpg p00\right\2918.jpg p00\grid\2918.jpg day25/0189.jpg right 845.0,689.0 0.06357058,0.036468487 -12.926207,11.088905,433.62482 0.2238053125,0.22380524999999998 441,286,753,598 480,369,559,416 628,361,715,413
p00\face\2919.jpg p00\left\2919.jpg p00\right\2919.jpg p00\grid\2919.jpg day19/0088.jpg right 1103.0,51.0 0.065529175,0.15775399 24.80975,8.782236,414.42993 0.2238053125,0.22380524999999998 526,278,850,602 563,365,647,415 719,354,807,406
p00\face\2920.jpg p00\left\2920.jpg p00\right\2920.jpg p00\grid\2920.jpg day06/0064.jpg right 103.0,689.0 -0.015817631,0.015941681 26.869991,-18.235874,458.1343 0.2238053125,0.22380524999999998 536,227,828,519 572,302,648,347 716,301,792,346
p00\face\2921.jpg p00\left\2921.jpg p00\right\2921.jpg p00\grid\2921.jpg day11/0436.jpg right 1001.0,352.0 0.085560784,0.24253033 7.149234,-23.758253,492.25555 0.2238053125,0.22380524999999998 507,222,784,499 536,304,609,347 665,282,746,330
p00\face\2922.jpg p00\left\2922.jpg p00\right\2922.jpg p00\grid\2922.jpg day29/0667.jpg right 562.0,105.0 -0.06818375,0.07173201 3.589637,-16.923626,404.41467 0.2238053125,0.22380524999999998 468,213,799,544 507,295,597,349 669,295,757,347
p00\face\2923.jpg p00\left\2923.jpg p00\right\2923.jpg p00\grid\2923.jpg day08/0415.jpg right 950.0,126.0 -0.21070841,0.36047035 23.223392,57.067257,607.9824 0.2238053125,0.22380524999999998 551,387,765,601 579,431,640,467 688,450,740,481
p00\face\2924.jpg p00\left\2924.jpg p00\right\2924.jpg p00\grid\2924.jpg day36/0077.jpg right 635.0,606.0 0.031311512,0.17443113 -5.71363,-15.632119,439.3331 0.2238053125,0.22380524999999998 460,226,767,533 497,308,576,355 645,300,729,350
p00\face\2925.jpg p00\left\2925.jpg p00\right\2925.jpg p00\grid\2925.jpg day08/0405.jpg right 669.0,100.0 -0.09576726,0.44860083 -85.21489,48.609028,564.9886 0.2238053125,0.22380524999999998 347,354,615,622 385,442,448,479 500,420,563,457
p00\face\2926.jpg p00\left\2926.jpg p00\right\2926.jpg p00\grid\2926.jpg day10/0307.jpg right 502.0,417.0 -0.022663124,0.16830571 -5.779902,-24.120705,478.90878 0.2238053125,0.22380524999999998 470,219,753,502 505,290,581,335 643,292,719,337
p00\face\2927.jpg p00\left\2927.jpg p00\right\2927.jpg p00\grid\2927.jpg day33/0272.jpg right 507.0,292.0 0.036450434,0.3701345 25.881914,9.587016,539.76843 0.2238053125,0.22380524999999998 549,299,796,546 579,364,642,401 701,361,765,399
p00\face\2928.jpg p00\left\2928.jpg p00\right\2928.jpg p00\grid\2928.jpg day37/0160.jpg right 945.0,456.0 0.07413769,0.17215604 14.218244,47.60253,486.54575 0.2238053125,0.22380524999999998 514,370,791,647 550,440,622,483 684,439,759,484
p00\face\2929.jpg p00\left\2929.jpg p00\right\2929.jpg p00\grid\2929.jpg day08/0037.jpg right 625.0,447.0 0.083220705,0.46661648 39.207474,6.120183,460.44672 0.2238053125,0.22380524999999998 564,276,859,571 598,358,676,404 742,350,821,397
p00\face\2930.jpg p00\left\2930.jpg p00\right\2930.jpg p00\grid\2930.jpg day03/0598.jpg right 1209.0,311.0 0.40017945,0.20532179 35.016262,66.541145,497.2631 0.2238053125,0.22380524999999998 568,414,826,672 598,479,671,522 721,470,794,513
p00\face\2931.jpg p00\left\2931.jpg p00\right\2931.jpg p00\grid\2931.jpg day19/0477.jpg right 775.0,754.0 0.27766907,0.15652579 -2.554731,28.088968,358.02832 0.2238053125,0.22380524999999998 434,320,807,693 480,416,585,479 649,401,766,471
p00\face\2932.jpg p00\left\2932.jpg p00\right\2932.jpg p00\grid\2932.jpg day33/0139.jpg right 1266.0,137.0 0.17833635,0.12075511 -35.62831,-15.400264,393.44894 0.2238053125,0.22380524999999998 373,217,704,548 414,308,495,356 570,289,664,345
p00\face\2933.jpg p00\left\2933.jpg p00\right\2933.jpg p00\grid\2933.jpg day35/0041.jpg right 158.0,277.0 -0.13863938,0.17534663 25.922724,-51.580048,397.64374 0.2238053125,0.22380524999999998 522,123,858,459 558,206,652,262 728,211,812,261
p00\face\2934.jpg p00\left\2934.jpg p00\right\2934.jpg p00\grid\2934.jpg day24/0322.jpg right 1078.0,203.0 0.049696647,0.29752207 21.281506,28.501818,448.0096 0.2238053125,0.22380524999999998 517,326,821,630 558,401,637,448 705,406,787,455
p00\face\2935.jpg p00\left\2935.jpg p00\right\2935.jpg p00\grid\2935.jpg day02/0072.jpg right 828.0,659.0 -0.21490766,0.19023277 56.808247,112.29583,576.29895 0.2238053125,0.22380524999999998 612,485,835,708 634,541,701,581 745,536,803,570
p00\face\2936.jpg p00\left\2936.jpg p00\right\2936.jpg p00\grid\2936.jpg day15/0076.jpg right 772.0,590.0 0.12642257,0.35042924 3.93221,-9.516993,458.9901 0.2238053125,0.22380524999999998 488,245,782,539 525,326,598,369 665,315,746,363
p00\face\2937.jpg p00\left\2937.jpg p00\right\2937.jpg p00\grid\2937.jpg day19/0113.jpg right 679.0,264.0 0.023074146,0.078776374 27.486778,-10.460199,388.88242 0.2238053125,0.22380524999999998 523,222,869,568 563,311,657,367 731,307,825,363
p00\face\2938.jpg p00\left\2938.jpg p00\right\2938.jpg p00\grid\2938.jpg day21/0223.jpg right 988.0,372.0 0.10828787,0.05890871 18.472065,6.619194,458.6854 0.2238053125,0.22380524999999998 518,282,810,574 555,355,630,400 698,355,776,401
p00\face\2939.jpg p00\left\2939.jpg p00\right\2939.jpg p00\grid\2939.jpg day27/0454.jpg right 290.0,610.0 0.048163302,0.10491156 19.778772,15.505288,351.33835 0.2238053125,0.22380524999999998 492,283,873,664 537,381,636,440 723,374,825,435
p00\face\2940.jpg p00\left\2940.jpg p00\right\2940.jpg p00\grid\2940.jpg day38/0973.jpg right 476.0,718.0 0.051266093,0.03546761 -9.754487,-13.652135,424.2769 0.2238053125,0.22380524999999998 444,226,762,544 483,309,565,358 636,304,723,356
p00\face\2941.jpg p00\left\2941.jpg p00\right\2941.jpg p00\grid\2941.jpg day10/0791.jpg right 367.0,325.0 0.122784115,0.23838125 9.229126,19.848398,461.6655 0.2238053125,0.22380524999999998 497,309,791,603 535,385,611,430 676,382,757,430
p00\face\2942.jpg p00\left\2942.jpg p00\right\2942.jpg p00\grid\2942.jpg day17/0200.jpg right 417.0,89.0 0.15454009,0.28424028 29.01488,34.75264,452.726 0.2238053125,0.22380524999999998 540,343,837,640 578,420,653,465 721,414,802,462
p00\face\2943.jpg p00\left\2943.jpg p00\right\2943.jpg p00\grid\2943.jpg day35/0890.jpg right 690.0,699.0 0.18377177,0.022932254 7.72868,-6.676094,476.21405 0.2238053125,0.22380524999999998 502,259,779,536 538,328,608,370 671,328,747,373
p00\face\2944.jpg p00\left\2944.jpg p00\right\2944.jpg p00\grid\2944.jpg day24/0423.jpg right 697.0,334.0 0.16763617,0.021368815 -13.603149,-7.89038,374.84824 0.2238053125,0.22380524999999998 416,226,770,580 457,319,550,374 626,308,725,367
p00\face\2945.jpg p00\left\2945.jpg p00\right\2945.jpg p00\grid\2945.jpg day20/0067.jpg right 6.0,428.0 0.030487975,0.11257255 30.071133,-17.4903,398.83615 0.2238053125,0.22380524999999998 533,209,869,545 572,296,663,350 737,291,825,343
p00\face\2946.jpg p00\left\2946.jpg p00\right\2946.jpg p00\grid\2946.jpg day31/0130.jpg right 1268.0,799.0 0.114262916,0.17511128 17.523203,13.881266,536.59937 0.2238053125,0.22380524999999998 531,307,781,557 564,371,627,408 684,369,753,410
p00\face\2947.jpg p00\left\2947.jpg p00\right\2947.jpg p00\grid\2947.jpg day25/0577.jpg right 1263.0,681.0 -0.1093473,0.05979079 24.251171,-19.167076,415.25107 0.2238053125,0.22380524999999998 522,213,841,532 561,292,645,342 718,292,802,342
p00\face\2948.jpg p00\left\2948.jpg p00\right\2948.jpg p00\grid\2948.jpg day13/0510.jpg right 1271.0,4.0 0.0029767898,0.36745664 12.568166,57.497547,560.49945 0.2238053125,0.22380524999999998 525,385,768,628 555,447,619,485 673,446,739,485
p00\face\2949.jpg p00\left\2949.jpg p00\right\2949.jpg p00\grid\2949.jpg day12/0057.jpg right 1021.0,575.0 0.034080707,0.3438891 44.131393,-22.268051,456.88565 0.2238053125,0.22380524999999998 573,217,865,509 610,289,688,335 753,295,831,341
p00\face\2950.jpg p00\left\2950.jpg p00\right\2950.jpg p00\grid\2950.jpg day06/0177.jpg right 962.0,386.0 -0.011235347,0.11435006 22.351341,10.79025,548.5785 0.2238053125,0.22380524999999998 541,302,787,548 572,362,638,401 692,365,758,404
p00\face\2951.jpg p00\left\2951.jpg p00\right\2951.jpg p00\grid\2951.jpg day38/0975.jpg right 786.0,5.0 0.107776746,0.032910563 -10.868934,-16.003471,414.66852 0.2238053125,0.22380524999999998 440,220,761,541 479,302,563,352 633,297,721,349
p00\face\2952.jpg p00\left\2952.jpg p00\right\2952.jpg p00\grid\2952.jpg day36/0492.jpg right 76.0,625.0 0.076841846,0.18091893 -9.840241,-28.312805,444.98984 0.2238053125,0.22380524999999998 448,199,752,503 490,276,568,322 635,277,720,328
p00\face\2953.jpg p00\left\2953.jpg p00\right\2953.jpg p00\grid\2953.jpg day04/0526.jpg right 739.0,306.0 0.17223035,0.011646374 2.777127,-23.734587,449.41284 0.2238053125,0.22380524999999998 483,214,778,509 521,288,597,333 663,287,744,335
p00\face\2954.jpg p00\left\2954.jpg p00\right\2954.jpg p00\grid\2954.jpg day38/0292.jpg right 1003.0,109.0 -0.04293929,0.0757889 23.70384,-11.205,420.29807 0.2238053125,0.22380524999999998 521,233,837,549 561,311,643,360 715,312,800,363
p00\face\2955.jpg p00\left\2955.jpg p00\right\2955.jpg p00\grid\2955.jpg day06/0632.jpg right 503.0,670.0 0.004846191,0.0822145 -49.002678,-2.345413,578.2589 0.2238053125,0.22380524999999998 426,282,660,516 453,346,513,382 566,337,629,374
p00\face\2956.jpg p00\left\2956.jpg p00\right\2956.jpg p00\grid\2956.jpg day38/0058.jpg right 1011.0,173.0 -0.12274568,0.13548966 35.835403,6.31303,486.62393 0.2238053125,0.22380524999999998 561,286,835,560 592,354,667,399 727,355,800,398
p00\face\2957.jpg p00\left\2957.jpg p00\right\2957.jpg p00\grid\2957.jpg day17/0113.jpg right 1243.0,612.0 0.114878334,0.37032443 2.468212,12.740637,463.5746 0.2238053125,0.22380524999999998 484,296,772,584 524,370,594,412 662,368,741,415
p00\face\2958.jpg p00\left\2958.jpg p00\right\2958.jpg p00\grid\2958.jpg day29/0442.jpg right 946.0,448.0 0.04188902,0.05339568 7.945249,-13.60022,415.53085 0.2238053125,0.22380524999999998 479,223,804,548 522,305,606,355 679,307,767,359
p00\face\2959.jpg p00\left\2959.jpg p00\right\2959.jpg p00\grid\2959.jpg day37/0432.jpg right 1066.0,253.0 0.046122722,0.04549221 -18.031742,0.695478,405.34576 0.2238053125,0.22380524999999998 416,257,746,587 456,340,543,392 616,337,706,391
p00\face\2960.jpg p00\left\2960.jpg p00\right\2960.jpg p00\grid\2960.jpg day04/0631.jpg right 332.0,135.0 -0.021386312,0.1288498 -0.102124,23.900316,421.3395 0.2238053125,0.22380524999999998 463,314,784,635 503,394,588,445 660,395,745,446
p00\face\2961.jpg p00\left\2961.jpg p00\right\2961.jpg p00\grid\2961.jpg day37/0170.jpg right 769.0,141.0 0.03324738,0.08175534 -14.237006,-2.153377,413.79742 0.2238053125,0.22380524999999998 425,250,753,578 467,333,554,385 626,332,716,386
p00\face\2962.jpg p00\left\2962.jpg p00\right\2962.jpg p00\grid\2962.jpg day39/0172.jpg right 184.0,757.0 -0.030925786,0.14586689 13.317096,13.4005,376.0654 0.2238053125,0.22380524999999998 481,281,839,639 523,371,619,428 700,372,793,427
p00\face\2963.jpg p00\left\2963.jpg p00\right\2963.jpg p00\grid\2963.jpg day06/0234.jpg right 819.0,5.0 0.21184388,0.0462297 29.350311,4.442098,466.2688 0.2238053125,0.22380524999999998 543,280,828,565 580,347,656,392 719,353,795,398
p00\face\2964.jpg p00\left\2964.jpg p00\right\2964.jpg p00\grid\2964.jpg day26/0103.jpg right 1238.0,517.0 0.23044494,0.10288346 28.634926,12.708533,512.8008 0.2238053125,0.22380524999999998 552,304,810,562 585,370,651,409 708,366,780,409
p00\face\2965.jpg p00\left\2965.jpg p00\right\2965.jpg p00\grid\2965.jpg day29/0164.jpg right 866.0,534.0 0.035368852,0.106287904 2.874905,25.23169,470.62308 0.2238053125,0.22380524999999998 487,321,776,610 522,397,597,442 662,392,741,439
p00\face\2966.jpg p00\left\2966.jpg p00\right\2966.jpg p00\grid\2966.jpg day32/0498.jpg right 1011.0,459.0 0.220074,0.118387125 13.815622,39.794964,439.38837 0.2238053125,0.22380524999999998 506,355,807,656 544,431,622,477 690,428,771,476
p00\face\2967.jpg p00\left\2967.jpg p00\right\2967.jpg p00\grid\2967.jpg day17/0350.jpg right 773.0,550.0 0.007502127,0.39635956 16.088797,3.474919,405.2847 0.2238053125,0.22380524999999998 496,262,827,593 540,344,625,395 701,350,789,402
p00\face\2968.jpg p00\left\2968.jpg p00\right\2968.jpg p00\grid\2968.jpg day31/0583.jpg right 1009.0,397.0 0.12614216,0.100596786 1.936925,-19.617502,379.05096 0.2238053125,0.22380524999999998 452,196,804,548 500,285,587,337 669,284,766,342
p00\face\2969.jpg p00\left\2969.jpg p00\right\2969.jpg p00\grid\2969.jpg day23/0252.jpg right 570.0,695.0 0.1165695,0.098998606 -1.481606,18.390516,405.56296 0.2238053125,0.22380524999999998 453,301,781,629 499,378,584,429 658,388,746,440
p00\face\2970.jpg p00\left\2970.jpg p00\right\2970.jpg p00\grid\2970.jpg day23/0495.jpg right 903.0,251.0 0.29074505,0.07969799 44.482826,22.336758,428.87567 0.2238053125,0.22380524999999998 571,314,880,623 612,386,694,435 763,395,845,444
p00\face\2971.jpg p00\left\2971.jpg p00\right\2971.jpg p00\grid\2971.jpg day38/0344.jpg right 916.0,789.0 0.08716853,0.35251585 7.014045,21.57217,481.10092 0.2238053125,0.22380524999999998 499,317,776,594 536,387,605,428 670,387,745,432
p00\face\2972.jpg p00\left\2972.jpg p00\right\2972.jpg p00\grid\2972.jpg day28/0092.jpg right 1012.0,764.0 0.12368759,0.12030325 -2.584348,26.773926,487.5588 0.2238053125,0.22380524999999998 481,328,755,602 517,396,587,438 651,398,724,441
p00\face\2973.jpg p00\left\2973.jpg p00\right\2973.jpg p00\grid\2973.jpg day15/0179.jpg right 553.0,60.0 -0.048199274,0.23946953 16.559153,57.81749,587.4387 0.2238053125,0.22380524999999998 538,385,769,616 564,445,627,482 678,442,739,478
p00\face\2974.jpg p00\left\2974.jpg p00\right\2974.jpg p00\grid\2974.jpg day35/0046.jpg right 383.0,549.0 -0.03931098,0.28270036 -1.232722,-14.232727,445.43405 0.2238053125,0.22380524999999998 469,229,776,536 505,309,587,358 655,306,737,355
p00\face\2975.jpg p00\left\2975.jpg p00\right\2975.jpg p00\grid\2975.jpg day36/0414.jpg right 897.0,68.0 0.051864948,-0.0146461055 2.072362,-36.04307,442.51584 0.2238053125,0.22380524999999998 475,181,781,487 514,256,595,304 662,260,746,310
p00\face\2976.jpg p00\left\2976.jpg p00\right\2976.jpg p00\grid\2976.jpg day13/0057.jpg right 177.0,195.0 -0.31243712,-0.0469411 -0.710715,2.588884,438.32877 0.2238053125,0.22380524999999998 479,276,768,565 509,352,593,402 656,341,728,384
p00\face\2977.jpg p00\left\2977.jpg p00\right\2977.jpg p00\grid\2977.jpg day37/0573.jpg right 303.0,372.0 -0.14132035,0.092527255 9.114105,7.16939,443.17514 0.2238053125,0.22380524999999998 494,281,795,582 529,355,611,404 678,356,757,403
p00\face\2978.jpg p00\left\2978.jpg p00\right\2978.jpg p00\grid\2978.jpg day28/0225.jpg right 1193.0,511.0 0.1745648,0.15256463 34.976078,0.872476,466.6261 0.2238053125,0.22380524999999998 551,271,839,559 593,340,666,383 731,347,810,394
p00\face\2979.jpg p00\left\2979.jpg p00\right\2979.jpg p00\grid\2979.jpg day09/0400.jpg right 1113.0,81.0 -0.10140374,0.38497883 -54.17582,17.29898,573.22046 0.2238053125,0.22380524999999998 419,315,653,549 441,383,504,420 557,369,618,405
p00\face\2980.jpg p00\left\2980.jpg p00\right\2980.jpg p00\grid\2980.jpg day38/1099.jpg right 1035.0,519.0 0.06123932,0.06767563 4.29361,2.722904,415.23828 0.2238053125,0.22380524999999998 477,264,799,586 514,350,598,400 670,339,757,391
p00\face\2981.jpg p00\left\2981.jpg p00\right\2981.jpg p00\grid\2981.jpg day38/0846.jpg right 426.0,324.0 0.09298131,0.43221822 24.690609,-21.920868,360.34244 0.2238053125,0.22380524999999998 504,176,879,551 553,274,650,332 734,273,836,334
p00\face\2982.jpg p00\left\2982.jpg p00\right\2982.jpg p00\grid\2982.jpg day38/0445.jpg right 798.0,521.0 0.051507007,0.24488614 8.487929,18.677187,478.77515 0.2238053125,0.22380524999999998 499,308,784,593 536,382,609,425 674,380,750,425
p00\face\2983.jpg p00\left\2983.jpg p00\right\2983.jpg p00\grid\2983.jpg day15/0551.jpg right 508.0,418.0 0.060829222,0.30267492 33.713467,-6.265048,384.44504 0.2238053125,0.22380524999999998 532,232,881,581 581,314,672,368 750,326,844,382
p00\face\2984.jpg p00\left\2984.jpg p00\right\2984.jpg p00\grid\2984.jpg day10/0473.jpg right 190.0,339.0 -0.017137643,0.15515341 3.379168,37.72792,535.2986 0.2238053125,0.22380524999999998 505,350,758,603 534,416,603,457 659,412,726,452
p00\face\2985.jpg p00\left\2985.jpg p00\right\2985.jpg p00\grid\2985.jpg day25/0174.jpg right 742.0,462.0 0.11034519,0.07311733 -10.701347,-7.668987,463.61887 0.2238053125,0.22380524999999998 456,252,745,541 495,326,568,369 634,324,713,371
p00\face\2986.jpg p00\left\2986.jpg p00\right\2986.jpg p00\grid\2986.jpg day35/0573.jpg right 96.0,474.0 0.07664773,0.05416314 11.928007,4.715539,408.73767 0.2238053125,0.22380524999999998 490,266,820,596 531,353,616,404 690,345,780,399
p00\face\2987.jpg p00\left\2987.jpg p00\right\2987.jpg p00\grid\2987.jpg day06/0695.jpg right 867.0,319.0 0.14876574,0.047445446 -23.096272,-27.980755,542.2997 0.2238053125,0.22380524999999998 462,231,708,477 491,298,554,335 608,287,677,328
p00\face\2988.jpg p00\left\2988.jpg p00\right\2988.jpg p00\grid\2988.jpg day21/0154.jpg right 39.0,453.0 0.13136046,0.09816862 -10.796746,-11.409523,451.32846 0.2238053125,0.22380524999999998 456,241,753,538 491,323,566,368 633,307,715,356
p00\face\2989.jpg p00\left\2989.jpg p00\right\2989.jpg p00\grid\2989.jpg day06/0510.jpg right 926.0,503.0 0.037049398,0.07354315 -32.001854,18.069326,453.28372 0.2238053125,0.22380524999999998 408,306,703,601 444,382,519,427 588,378,667,425
p00\face\2990.jpg p00\left\2990.jpg p00\right\2990.jpg p00\grid\2990.jpg day03/0397.jpg right 291.0,511.0 -0.035956115,0.36287555 62.437946,27.811344,459.248 0.2238053125,0.22380524999999998 612,328,901,617 647,394,729,443 793,408,866,451
p00\face\2991.jpg p00\left\2991.jpg p00\right\2991.jpg p00\grid\2991.jpg day33/0119.jpg right 295.0,663.0 0.07608343,0.13680747 1.02734,21.754002,460.72916 0.2238053125,0.22380524999999998 485,315,776,606 518,394,593,439 659,382,738,429
p00\face\2992.jpg p00\left\2992.jpg p00\right\2992.jpg p00\grid\2992.jpg day36/0167.jpg right 140.0,207.0 -0.015009281,0.009915744 -7.325832,-19.643002,393.36252 0.2238053125,0.22380524999999998 432,201,774,543 477,283,567,337 645,291,735,345
p00\face\2993.jpg p00\left\2993.jpg p00\right\2993.jpg p00\grid\2993.jpg day28/0525.jpg right 995.0,607.0 0.11275539,0.039435126 14.023568,-25.104832,430.01468 0.2238053125,0.22380524999999998 505,202,817,514 542,289,620,335 692,273,777,324
p00\face\2994.jpg p00\left\2994.jpg p00\right\2994.jpg p00\grid\2994.jpg day17/0951.jpg right 958.0,20.0 0.0648633,0.23023002 4.86947,-16.900028,404.23267 0.2238053125,0.22380524999999998 471,212,804,545 513,299,597,349 674,293,764,347
p00\face\2995.jpg p00\left\2995.jpg p00\right\2995.jpg p00\grid\2995.jpg day24/0578.jpg right 553.0,737.0 -0.0339714,0.5315884 21.513239,49.855408,610.54645 0.2238053125,0.22380524999999998 557,371,774,588 576,434,636,470 685,422,740,455
p00\face\2996.jpg p00\left\2996.jpg p00\right\2996.jpg p00\grid\2996.jpg day38/0946.jpg right 771.0,679.0 0.07237314,0.25694174 -5.069825,-1.974045,407.15454 0.2238053125,0.22380524999999998 447,249,780,582 489,337,573,387 649,329,740,383
p00\face\2997.jpg p00\left\2997.jpg p00\right\2997.jpg p00\grid\2997.jpg day23/0706.jpg right 341.0,82.0 0.013627067,0.124473795 15.342433,21.348139,425.60413 0.2238053125,0.22380524999999998 502,309,818,625 541,390,623,439 696,388,780,438
p00\face\2998.jpg p00\left\2998.jpg p00\right\2998.jpg p00\grid\2998.jpg day29/0323.jpg right 490.0,350.0 0.01800874,0.48299178 12.964545,23.861979,389.62323 0.2238053125,0.22380524999999998 487,309,833,655 527,401,618,455 697,395,788,449
p00\face\2999.jpg p00\left\2999.jpg p00\right\2999.jpg p00\grid\2999.jpg day26/0287.jpg right 335.0,576.0 0.10425069,0.14850166 14.578578,15.939947,415.3877 0.2238053125,0.22380524999999998 499,295,823,619 539,380,621,429 696,373,783,425
p00\face\3000.jpg p00\left\3000.jpg p00\right\3000.jpg p00\grid\3000.jpg day02/0036.jpg right 1265.0,181.0 0.34601527,0.119260095 13.777027,81.47306,561.93616 0.2238053125,0.22380524999999998 535,433,766,664 560,486,630,528 672,489,736,527
