Face Left Right Grid Origin whicheye 2DPoint HeadRot HeadTrans ratio FaceCorner LeftEyeCorner RightEyeCorner
p01\face\1.jpg p01\left\1.jpg p01\right\1.jpg p01\grid\1.jpg day65/0120.jpg left 1308.0,57.0 0.0062950193,0.34975898 -34.875717,-10.390926,457.61005 0.19893805555555555,0.19893799999999998 389,226,701,538 433,308,506,351 585,308,666,356
p01\face\2.jpg p01\left\2.jpg p01\right\2.jpg p01\grid\2.jpg day23/0085.jpg left 352.0,162.0 -0.017724272,0.29406318 30.182087,-14.758665,488.2639 0.19893805555555555,0.19893799999999998 547,228,833,514 584,296,659,341 730,306,799,347
p01\face\3.jpg p01\left\3.jpg p01\right\3.jpg p01\grid\3.jpg day06/0066.jpg left 1077.0,762.0 0.01425926,-0.24673611 -7.644618,-11.773892,451.48407 0.19893805555555555,0.19893799999999998 453,223,760,530 495,300,571,345 648,309,726,355
p01\face\4.jpg p01\left\4.jpg p01\right\4.jpg p01\grid\4.jpg day12/0467.jpg left 1041.0,498.0 -0.042968214,0.4298154 -19.383179,-8.704259,520.8217 0.19893805555555555,0.19893799999999998 448,243,724,519 485,312,557,355 620,318,693,361
p01\face\5.jpg p01\left\5.jpg p01\right\5.jpg p01\grid\5.jpg day17/0342.jpg left 1407.0,665.0 0.064198494,0.3024456 -0.212278,-30.833687,552.86127 0.19893805555555555,0.19893799999999998 499,210,754,465 534,278,594,314 659,276,725,315
p01\face\6.jpg p01\left\6.jpg p01\right\6.jpg p01\grid\6.jpg day19/0186.jpg left 110.0,288.0 -0.050872087,0.3207638 33.320293,-32.88776,439.12793 0.19893805555555555,0.19893799999999998 544,169,862,487 587,241,669,290 750,263,825,308
p01\face\7.jpg p01\left\7.jpg p01\right\7.jpg p01\grid\7.jpg day04/0667.jpg left 433.0,809.0 -0.01687337,0.26260203 16.927744,-17.595621,484.44818 0.19893805555555555,0.19893799999999998 514,217,809,512 553,289,629,334 702,300,775,343
p01\face\8.jpg p01\left\8.jpg p01\right\8.jpg p01\grid\8.jpg day31/0064.jpg left 424.0,121.0 -0.037960775,0.47768554 18.379917,6.302321,417.85062 0.19893805555555555,0.19893799999999998 499,255,839,595 545,335,635,389 718,354,800,403
p01\face\9.jpg p01\left\9.jpg p01\right\9.jpg p01\grid\9.jpg day53/0137.jpg left 273.0,608.0 -0.018420942,0.45569846 -1.071411,17.756895,577.3669 0.19893805555555555,0.19893799999999998 500,303,747,550 533,365,596,402 655,371,719,409
p01\face\10.jpg p01\left\10.jpg p01\right\10.jpg p01\grid\10.jpg day42/0527.jpg left 248.0,269.0 -0.05220292,0.38621384 -1.461876,-32.06065,593.56726 0.19893805555555555,0.19893799999999998 505,216,743,454 534,277,597,314 656,282,713,316
p01\face\11.jpg p01\left\11.jpg p01\right\11.jpg p01\grid\11.jpg day02/0115.jpg left 432.0,172.0 -0.023252023,-0.16753736 -9.393507,-10.44393,535.5968 0.19893805555555555,0.19893799999999998 476,245,740,509 509,311,578,352 642,317,708,356
p01\face\12.jpg p01\left\12.jpg p01\right\12.jpg p01\grid\12.jpg day42/0052.jpg left 718.0,799.0 0.006765556,-0.12809122 -2.184288,8.40681,451.43964 0.19893805555555555,0.19893799999999998 464,271,773,580 507,345,583,390 662,358,738,403
p01\face\13.jpg p01\left\13.jpg p01\right\13.jpg p01\grid\13.jpg day06/0275.jpg left 907.0,648.0 0.030074663,-0.24025072 11.632047,-30.399506,554.0966 0.19893805555555555,0.19893799999999998 521,212,773,464 557,275,618,311 681,281,745,319
p01\face\14.jpg p01\left\14.jpg p01\right\14.jpg p01\grid\14.jpg day01/0435.jpg left 1248.0,106.0 0.010152602,0.35621318 -62.319267,-0.403193,526.7771 0.19893805555555555,0.19893799999999998 366,262,637,533 403,336,467,374 535,331,607,374
p01\face\15.jpg p01\left\15.jpg p01\right\15.jpg p01\grid\15.jpg day04/0112.jpg left 26.0,277.0 -0.030123044,0.417876 9.587908,-16.222666,503.45145 0.19893805555555555,0.19893799999999998 508,226,787,505 542,298,614,341 686,303,750,341
p01\face\16.jpg p01\left\16.jpg p01\right\16.jpg p01\grid\16.jpg day65/0287.jpg left 215.0,58.0 -0.11395438,0.41128892 -38.892532,35.48649,501.55637 0.19893805555555555,0.19893799999999998 400,333,688,621 436,405,511,450 582,410,652,452
p01\face\17.jpg p01\left\17.jpg p01\right\17.jpg p01\grid\17.jpg day37/0397.jpg left 739.0,89.0 -0.08581647,0.3602111 -3.899788,-28.237856,480.08246 0.19893805555555555,0.19893799999999998 468,192,763,487 507,264,583,309 657,277,729,320
p01\face\18.jpg p01\left\18.jpg p01\right\18.jpg p01\grid\18.jpg day43/0082.jpg left 344.0,889.0 0.055751596,-0.1867535 53.877625,-10.692957,453.4815 0.19893805555555555,0.19893799999999998 593,225,903,535 635,299,716,347 793,314,868,359
p01\face\19.jpg p01\left\19.jpg p01\right\19.jpg p01\grid\19.jpg day53/0230.jpg left 617.0,159.0 -0.027831748,0.14746402 1.089874,-41.85212,521.92816 0.19893805555555555,0.19893799999999998 490,179,763,452 527,244,596,285 665,256,732,296
p01\face\20.jpg p01\left\20.jpg p01\right\20.jpg p01\grid\20.jpg day41/0211.jpg left 68.0,4.0 -0.066954896,0.0133040035 50.9914,-57.566727,486.9134 0.19893805555555555,0.19893799999999998 588,134,877,423 628,199,703,244 774,216,846,259
p01\face\21.jpg p01\left\21.jpg p01\right\21.jpg p01\grid\21.jpg day07/0059.jpg left 730.0,542.0 -0.018376272,0.34786355 -11.123211,-34.556835,507.43088 0.19893805555555555,0.19893799999999998 463,188,742,467 500,260,569,301 640,264,709,305
p01\face\22.jpg p01\left\22.jpg p01\right\22.jpg p01\grid\22.jpg day12/0550.jpg left 1208.0,825.0 0.016858263,-0.22056189 -6.774514,-10.825695,480.21848 0.19893805555555555,0.19893799999999998 465,233,754,522 507,306,574,346 650,314,723,357
p01\face\23.jpg p01\left\23.jpg p01\right\23.jpg p01\grid\23.jpg day41/0335.jpg left 48.0,623.0 -0.02124181,-0.07053329 -13.945168,32.549217,467.73856 0.19893805555555555,0.19893799999999998 444,327,745,628 480,401,561,449 635,409,707,452
p01\face\24.jpg p01\left\24.jpg p01\right\24.jpg p01\grid\24.jpg day27/0340.jpg left 683.0,495.0 -0.022891818,-0.19145052 -8.582829,-8.726309,437.68365 0.19893805555555555,0.19893799999999998 443,227,761,545 488,303,567,350 648,317,726,363
p01\face\25.jpg p01\left\25.jpg p01\right\25.jpg p01\grid\25.jpg day49/0207.jpg left 524.0,262.0 0.0036684677,0.35870004 23.105904,-17.825777,436.7165 0.19893805555555555,0.19893799999999998 516,200,844,528 560,280,645,331 725,294,806,342
p01\face\26.jpg p01\left\26.jpg p01\right\26.jpg p01\grid\26.jpg day53/0598.jpg left 676.0,129.0 0.03617417,0.32958022 55.304436,-22.78324,463.95245 0.19893805555555555,0.19893799999999998 593,198,902,507 638,270,717,317 793,290,869,335
p01\face\27.jpg p01\left\27.jpg p01\right\27.jpg p01\grid\27.jpg day67/0201.jpg left 1310.0,893.0 -0.0036170087,-0.20260818 -6.322446,40.652386,461.33755 0.19893805555555555,0.19893799999999998 459,345,760,646 502,422,575,465 650,429,728,475
p01\face\28.jpg p01\left\28.jpg p01\right\28.jpg p01\grid\28.jpg day43/0072.jpg left 472.0,371.0 -0.018844161,0.28787753 41.605415,-37.0755,492.2042 0.19893805555555555,0.19893799999999998 567,177,856,466 607,244,683,289 754,263,824,305
p01\face\29.jpg p01\left\29.jpg p01\right\29.jpg p01\grid\29.jpg day55/0421.jpg left 102.0,192.0 -0.058135964,0.271347 7.098047,-30.36693,465.16672 0.19893805555555555,0.19893799999999998 491,185,794,488 529,260,607,306 684,267,756,310
p01\face\30.jpg p01\left\30.jpg p01\right\30.jpg p01\grid\30.jpg day54/0518.jpg left 689.0,677.0 -0.026062114,0.3246843 13.745975,-23.52361,469.7704 0.19893805555555555,0.19893799999999998 502,199,806,503 544,273,620,318 699,287,772,330
p01\face\31.jpg p01\left\31.jpg p01\right\31.jpg p01\grid\31.jpg day29/0022.jpg left 640.0,898.0 -0.02747507,0.4043515 -2.032554,-9.652108,513.09393 0.19893805555555555,0.19893799999999998 483,241,760,518 519,311,589,353 660,318,727,358
p01\face\32.jpg p01\left\32.jpg p01\right\32.jpg p01\grid\32.jpg day11/0085.jpg left 83.0,775.0 -0.03551424,0.2816316 31.672686,-29.982079,493.02957 0.19893805555555555,0.19893799999999998 549,194,835,480 586,262,662,307 734,277,801,317
p01\face\33.jpg p01\left\33.jpg p01\right\33.jpg p01\grid\33.jpg day43/0493.jpg left 621.0,346.0 -0.048013076,0.14882334 13.125326,-85.44926,507.45242 0.19893805555555555,0.19893799999999998 511,83,791,363 549,149,622,192 690,162,759,203
p01\face\34.jpg p01\left\34.jpg p01\right\34.jpg p01\grid\34.jpg day53/0134.jpg left 1329.0,494.0 0.15066099,0.055060063 -37.28608,16.126646,617.3955 0.19893805555555555,0.19893799999999998 448,305,679,536 481,368,533,399 594,363,654,399
p01\face\35.jpg p01\left\35.jpg p01\right\35.jpg p01\grid\35.jpg day42/0508.jpg left 87.0,401.0 -0.08239329,0.379253 -0.802443,-2.82531,492.12613 0.19893805555555555,0.19893799999999998 479,252,767,540 516,321,592,366 663,333,732,374
p01\face\36.jpg p01\left\36.jpg p01\right\36.jpg p01\grid\36.jpg day62/0039.jpg left 749.0,890.0 -0.023841372,0.32729262 15.068883,-16.974064,537.5156 0.19893805555555555,0.19893799999999998 523,233,785,495 559,296,625,335 691,308,755,346
p01\face\37.jpg p01\left\37.jpg p01\right\37.jpg p01\grid\37.jpg day14/0070.jpg left 464.0,745.0 -0.018058715,-0.12334191 -3.63148,12.242931,415.12686 0.19893805555555555,0.19893799999999998 445,273,782,610 490,353,577,405 662,368,743,416
p01\face\38.jpg p01\left\38.jpg p01\right\38.jpg p01\grid\38.jpg day27/0498.jpg left 58.0,405.0 0.07869614,-0.29002166 49.925243,-65.301346,407.50656 0.19893805555555555,0.19893799999999998 580,68,926,414 625,152,715,206 805,168,884,215
p01\face\39.jpg p01\left\39.jpg p01\right\39.jpg p01\grid\39.jpg day54/0414.jpg left 151.0,172.0 -0.050925016,0.15439573 23.815607,-66.40797,445.66428 0.19893805555555555,0.19893799999999998 519,90,840,411 562,165,646,215 726,182,802,227
p01\face\40.jpg p01\left\40.jpg p01\right\40.jpg p01\grid\40.jpg day51/0220.jpg left 306.0,333.0 0.077703156,-0.14496851 -30.145578,27.645544,483.09863 0.19893805555555555,0.19893799999999998 408,311,711,614 447,384,532,435 595,395,676,443
p01\face\41.jpg p01\left\41.jpg p01\right\41.jpg p01\grid\41.jpg day10/0172.jpg left 1074.0,828.0 -0.03313324,-0.21756917 -27.457909,-16.431984,492.77454 0.19893805555555555,0.19893799999999998 425,224,708,507 465,297,532,337 604,301,677,344
p01\face\42.jpg p01\left\42.jpg p01\right\42.jpg p01\grid\42.jpg day49/0467.jpg left 339.0,350.0 -0.116102554,0.36476794 -7.700834,-37.549046,597.9282 0.19893805555555555,0.19893799999999998 494,208,729,443 525,266,585,302 646,276,701,309
p01\face\43.jpg p01\left\43.jpg p01\right\43.jpg p01\grid\43.jpg day49/0160.jpg left 262.0,115.0 -0.065633126,0.23825711 23.601025,-99.260574,455.3529 0.19893805555555555,0.19893799999999998 524,20,831,327 565,91,646,139 723,111,796,154
p01\face\44.jpg p01\left\44.jpg p01\right\44.jpg p01\grid\44.jpg day03/0559.jpg left 1123.0,17.0 0.09055941,0.30690795 6.642426,-27.538794,482.80618 0.19893805555555555,0.19893799999999998 494,196,786,488 535,272,604,313 678,274,754,319
p01\face\45.jpg p01\left\45.jpg p01\right\45.jpg p01\grid\45.jpg day01/0401.jpg left 686.0,725.0 0.013783492,0.44239196 10.578396,24.92142,588.7444 0.19893805555555555,0.19893799999999998 526,318,766,558 557,380,617,416 678,383,736,417
p01\face\46.jpg p01\left\46.jpg p01\right\46.jpg p01\grid\46.jpg day42/0688.jpg left 1273.0,337.0 -0.050656315,0.31844246 -53.30037,-20.8215,577.31 0.19893805555555555,0.19893799999999998 405,232,654,481 438,298,499,334 560,298,624,336
p01\face\47.jpg p01\left\47.jpg p01\right\47.jpg p01\grid\47.jpg day43/0603.jpg left 859.0,857.0 0.021216422,0.34750503 31.57539,-20.42198,487.40482 0.19893805555555555,0.19893799999999998 547,212,839,504 587,285,660,328 734,293,806,336
p01\face\48.jpg p01\left\48.jpg p01\right\48.jpg p01\grid\48.jpg day16/0325.jpg left 86.0,266.0 -0.13558972,0.12567906 27.874966,-30.500336,464.48865 0.19893805555555555,0.19893799999999998 537,186,838,487 574,255,656,304 730,270,800,312
p01\face\49.jpg p01\left\49.jpg p01\right\49.jpg p01\grid\49.jpg day41/0174.jpg left 712.0,589.0 0.073697604,-0.19646242 51.18968,-0.030872,531.5062 0.19893805555555555,0.19893799999999998 597,265,861,529 631,334,697,373 763,336,829,375
p01\face\50.jpg p01\left\50.jpg p01\right\50.jpg p01\grid\50.jpg day01/0474.jpg left 406.0,899.0 0.04280649,-0.107124135 38.019753,52.693687,470.2417 0.19893805555555555,0.19893799999999998 561,373,859,671 600,444,678,490 752,457,824,500
p01\face\51.jpg p01\left\51.jpg p01\right\51.jpg p01\grid\51.jpg day58/0265.jpg left 1130.0,45.0 0.041301835,0.17408597 12.917311,-114.688545,522.2494 0.19893805555555555,0.19893799999999998 515,30,788,303 553,100,620,140 687,104,757,146
p01\face\52.jpg p01\left\52.jpg p01\right\52.jpg p01\grid\52.jpg day42/0198.jpg left 4.0,789.0 -0.06213263,-0.12039718 -17.556868,-4.429429,483.53793 0.19893805555555555,0.19893799999999998 441,248,732,539 478,318,554,363 627,329,696,370
p01\face\53.jpg p01\left\53.jpg p01\right\53.jpg p01\grid\53.jpg day35/0193.jpg left 1025.0,34.0 -0.003865756,-0.036753174 -31.692255,-15.504333,389.71793 0.19893805555555555,0.19893799999999998 356,191,720,555 407,281,497,335 586,289,680,345
p01\face\54.jpg p01\left\54.jpg p01\right\54.jpg p01\grid\54.jpg day45/0042.jpg left 471.0,450.0 -0.0076524927,-0.2069178 -8.294407,-31.85797,421.2338 0.19893805555555555,0.19893799999999998 437,163,770,496 482,244,566,294 649,256,731,305
p01\face\55.jpg p01\left\55.jpg p01\right\55.jpg p01\grid\55.jpg day19/0080.jpg left 434.0,209.0 -0.08490652,0.2800319 -22.519348,-39.923416,580.65564 0.19893805555555555,0.19893799999999998 462,200,706,444 494,259,557,296 618,268,678,304
p01\face\56.jpg p01\left\56.jpg p01\right\56.jpg p01\grid\56.jpg day21/0238.jpg left 618.0,626.0 -0.0075367996,-0.16812648 -0.906273,19.303717,430.23605 0.19893805555555555,0.19893799999999998 460,293,782,615 505,372,584,419 668,385,746,431
p01\face\57.jpg p01\left\57.jpg p01\right\57.jpg p01\grid\57.jpg day53/0039.jpg left 606.0,597.0 0.05183415,-0.2101495 30.850487,-0.83881,395.88654 0.19893805555555555,0.19893799999999998 530,234,881,585 578,320,665,372 757,334,841,384
p01\face\58.jpg p01\left\58.jpg p01\right\58.jpg p01\grid\58.jpg day64/0225.jpg left 972.0,744.0 0.06887558,-0.09655832 37.936066,48.512196,494.11917 0.19893805555555555,0.19893799999999998 562,364,844,646 604,428,673,469 744,446,816,489
p01\face\59.jpg p01\left\59.jpg p01\right\59.jpg p01\grid\59.jpg day12/0190.jpg left 577.0,797.0 -0.10094815,0.2828132 -18.935106,-33.87762,460.63586 0.19893805555555555,0.19893799999999998 426,174,733,481 468,246,547,293 623,262,698,307
p01\face\60.jpg p01\left\60.jpg p01\right\60.jpg p01\grid\60.jpg day03/0151.jpg left 568.0,41.0 -0.048531294,0.47466618 -19.64953,23.273844,524.06647 0.19893805555555555,0.19893799999999998 450,310,721,581 487,378,554,418 623,384,690,424
p01\face\61.jpg p01\left\61.jpg p01\right\61.jpg p01\grid\61.jpg day04/0655.jpg left 751.0,802.0 -0.0005026459,-0.15329446 7.692266,-16.1838,480.0969 0.19893805555555555,0.19893799999999998 496,222,787,513 536,293,609,336 681,302,754,345
p01\face\62.jpg p01\left\62.jpg p01\right\62.jpg p01\grid\62.jpg day57/0260.jpg left 50.0,187.0 -0.024412392,0.34739965 21.375162,8.53151,524.106 0.19893805555555555,0.19893799999999998 531,281,802,552 568,345,638,387 706,358,772,397
p01\face\63.jpg p01\left\63.jpg p01\right\63.jpg p01\grid\63.jpg day04/0050.jpg left 1268.0,649.0 -0.0065359883,-0.08864594 -48.708565,1.362132,427.29468 0.19893805555555555,0.19893799999999998 341,249,669,577 387,333,462,378 549,336,633,386
p01\face\64.jpg p01\left\64.jpg p01\right\64.jpg p01\grid\64.jpg day33/0042.jpg left 78.0,854.0 -0.106967546,0.44680727 -4.314864,12.232509,555.3731 0.19893805555555555,0.19893799999999998 490,292,743,545 522,352,591,393 652,364,713,400
p01\face\65.jpg p01\left\65.jpg p01\right\65.jpg p01\grid\65.jpg day19/0016.jpg left 403.0,579.0 -0.054215565,0.37918943 -0.898508,-30.495537,521.5302 0.19893805555555555,0.19893799999999998 489,202,757,470 524,268,593,309 661,278,725,316
p01\face\66.jpg p01\left\66.jpg p01\right\66.jpg p01\grid\66.jpg day22/0011.jpg left 1088.0,54.0 0.0015657353,-0.14455624 0.20693,-7.243441,506.4437 0.19893805555555555,0.19893799999999998 487,246,766,525 524,316,594,358 662,321,734,364
p01\face\67.jpg p01\left\67.jpg p01\right\67.jpg p01\grid\67.jpg day02/0126.jpg left 302.0,892.0 -0.033723734,0.28776604 -3.826904,0.062388,543.3569 0.19893805555555555,0.19893799999999998 486,266,750,530 520,331,589,372 654,339,718,377
p01\face\68.jpg p01\left\68.jpg p01\right\68.jpg p01\grid\68.jpg day50/0256.jpg left 641.0,497.0 0.07585624,-0.28243622 35.257294,-48.31986,439.6428 0.19893805555555555,0.19893799999999998 548,131,866,449 592,206,674,255 753,224,831,270
p01\face\69.jpg p01\left\69.jpg p01\right\69.jpg p01\grid\69.jpg day17/0096.jpg left 747.0,381.0 -0.0629013,-0.24367167 -22.596676,-48.52158,403.87393 0.19893805555555555,0.19893799999999998 390,111,736,457 439,196,524,247 614,209,698,259
p01\face\70.jpg p01\left\70.jpg p01\right\70.jpg p01\grid\70.jpg day12/0103.jpg left 436.0,332.0 -0.019215018,0.49778736 24.729406,-3.540571,467.04074 0.19893805555555555,0.19893799999999998 529,244,830,545 570,317,646,362 724,332,796,375
p01\face\71.jpg p01\left\71.jpg p01\right\71.jpg p01\grid\71.jpg day42/0581.jpg left 1004.0,744.0 0.08010362,-0.28599635 26.853403,-29.582994,507.99042 0.19893805555555555,0.19893799999999998 546,201,819,474 583,271,649,310 717,275,787,317
p01\face\72.jpg p01\left\72.jpg p01\right\72.jpg p01\grid\72.jpg day59/0595.jpg left 783.0,184.0 -0.04720351,0.47593522 -11.37526,24.023043,509.11572 0.19893805555555555,0.19893799999999998 461,309,741,589 499,379,569,421 639,387,709,429
p01\face\73.jpg p01\left\73.jpg p01\right\73.jpg p01\grid\73.jpg day20/0173.jpg left 92.0,381.0 -0.120547436,0.26244032 30.82774,-11.276971,508.4797 0.19893805555555555,0.19893799999999998 552,240,828,516 586,305,659,348 728,317,792,355
p01\face\74.jpg p01\left\74.jpg p01\right\74.jpg p01\grid\74.jpg day37/0453.jpg left 479.0,529.0 -0.037638977,0.52406585 29.295172,63.1794,569.0003 0.19893805555555555,0.19893799999999998 554,389,801,636 588,445,654,484 715,462,773,496
p01\face\75.jpg p01\left\75.jpg p01\right\75.jpg p01\grid\75.jpg day54/0647.jpg left 528.0,814.0 0.027847223,0.36787754 31.875772,-14.119792,501.71066 0.19893805555555555,0.19893799999999998 549,228,834,513 588,299,660,342 732,309,801,350
p01\face\76.jpg p01\left\76.jpg p01\right\76.jpg p01\grid\76.jpg day48/0248.jpg left 970.0,422.0 -0.04231228,-0.21790358 -40.185204,-0.078527,375.57187 0.19893805555555555,0.19893799999999998 326,227,699,600 375,324,468,379 559,329,656,387
p01\face\77.jpg p01\left\77.jpg p01\right\77.jpg p01\grid\77.jpg day41/0363.jpg left 1051.0,365.0 -0.018887503,-0.19916731 -17.609957,-41.62717,437.32382 0.19893805555555555,0.19893799999999998 420,146,741,467 467,226,543,271 625,235,707,284
p01\face\78.jpg p01\left\78.jpg p01\right\78.jpg p01\grid\78.jpg day41/0058.jpg left 898.0,652.0 0.038059246,-0.30089426 3.045168,-9.148859,529.68115 0.19893805555555555,0.19893799999999998 500,248,759,507 537,312,601,350 666,323,732,362
p01\face\79.jpg p01\left\79.jpg p01\right\79.jpg p01\grid\79.jpg day28/0145.jpg left 897.0,72.0 0.013168136,0.4469984 1.713691,1.932194,443.30508 0.19893805555555555,0.19893799999999998 467,251,788,572 513,331,591,377 672,340,753,388
p01\face\80.jpg p01\left\80.jpg p01\right\80.jpg p01\grid\80.jpg day03/0440.jpg left 905.0,226.0 -0.011501844,0.4604945 -8.539373,-3.968761,516.1306 0.19893805555555555,0.19893799999999998 473,254,744,525 508,325,577,366 645,327,712,367
p01\face\81.jpg p01\left\81.jpg p01\right\81.jpg p01\grid\81.jpg day27/0458.jpg left 325.0,446.0 0.06723701,0.47825742 59.9691,36.049572,586.2839 0.19893805555555555,0.19893799999999998 613,337,856,580 645,398,706,434 768,405,826,439
p01\face\82.jpg p01\left\82.jpg p01\right\82.jpg p01\grid\82.jpg day57/0321.jpg left 465.0,271.0 -0.028125256,0.4044273 23.839558,32.040283,555.72485 0.19893805555555555,0.19893799999999998 542,329,798,585 576,391,643,431 707,402,768,438
p01\face\83.jpg p01\left\83.jpg p01\right\83.jpg p01\grid\83.jpg day58/0276.jpg left 92.0,95.0 -0.05967912,0.15776302 47.57849,-88.96408,449.9372 0.19893805555555555,0.19893799999999998 577,40,892,355 619,110,704,161 780,133,855,178
p01\face\84.jpg p01\left\84.jpg p01\right\84.jpg p01\grid\84.jpg day45/0472.jpg left 137.0,216.0 -0.07174349,0.15415499 23.715683,-22.435139,415.39603 0.19893805555555555,0.19893799999999998 512,184,854,526 557,263,648,317 732,282,813,330
p01\face\85.jpg p01\left\85.jpg p01\right\85.jpg p01\grid\85.jpg day19/0069.jpg left 969.0,734.0 -0.087313235,0.53072715 -35.731808,-0.000186,575.927 0.19893805555555555,0.19893799999999998 439,272,680,513 472,333,532,369 593,339,653,375
p01\face\86.jpg p01\left\86.jpg p01\right\86.jpg p01\grid\86.jpg day49/0190.jpg left 915.0,73.0 0.19297566,-0.38146576 44.24775,-97.22623,467.63815 0.19893805555555555,0.19893799999999998 569,33,867,331 618,97,691,140 764,127,842,173
p01\face\87.jpg p01\left\87.jpg p01\right\87.jpg p01\grid\87.jpg day32/0118.jpg left 897.0,751.0 0.027109861,0.33293524 -2.143582,-20.39688,477.47427 0.19893805555555555,0.19893799999999998 470,209,768,507 513,283,585,326 660,292,736,337
p01\face\88.jpg p01\left\88.jpg p01\right\88.jpg p01\grid\88.jpg day67/0365.jpg left 1377.0,14.0 -0.06548759,0.30060342 -25.238764,-3.271439,429.40494 0.19893805555555555,0.19893799999999998 394,236,727,569 441,315,523,364 607,329,691,379
p01\face\89.jpg p01\left\89.jpg p01\right\89.jpg p01\grid\89.jpg day02/0028.jpg left 1357.0,55.0 -0.013219415,0.24655639 -37.695717,-33.35192,553.6513 0.19893805555555555,0.19893799999999998 425,204,683,462 460,270,523,307 587,273,654,313
p01\face\90.jpg p01\left\90.jpg p01\right\90.jpg p01\grid\90.jpg day01/0215.jpg left 20.0,870.0 0.0045168223,0.44609424 30.76451,14.291748,531.92285 0.19893805555555555,0.19893799999999998 553,293,818,558 588,357,657,398 724,370,787,407
p01\face\91.jpg p01\left\91.jpg p01\right\91.jpg p01\grid\91.jpg day28/0079.jpg left 303.0,95.0 -0.05467675,0.35288838 5.916443,9.677424,453.7111 0.19893805555555555,0.19893799999999998 481,271,797,587 521,348,605,398 682,359,758,404
p01\face\92.jpg p01\left\92.jpg p01\right\92.jpg p01\grid\92.jpg day48/0068.jpg left 719.0,18.0 0.0005325659,0.33386886 24.908312,-56.658512,553.70764 0.19893805555555555,0.19893799999999998 546,161,799,414 580,223,644,261 707,232,770,269
p01\face\93.jpg p01\left\93.jpg p01\right\93.jpg p01\grid\93.jpg day57/0411.jpg left 1258.0,397.0 0.032704532,0.08530772 -34.92654,2.162154,485.16522 0.19893805555555555,0.19893799999999998 404,263,695,554 446,337,513,377 588,340,663,385
p01\face\94.jpg p01\left\94.jpg p01\right\94.jpg p01\grid\94.jpg day12/0157.jpg left 1004.0,515.0 -0.05494769,0.633144 -30.199543,47.333412,511.0434 0.19893805555555555,0.19893799999999998 427,359,701,633 463,432,530,472 601,432,668,472
p01\face\95.jpg p01\left\95.jpg p01\right\95.jpg p01\grid\95.jpg day44/0118.jpg left 764.0,131.0 -0.026437528,0.3192904 3.712459,-18.0031,496.1711 0.19893805555555555,0.19893799999999998 489,219,778,508 526,291,601,336 672,298,744,341
p01\face\96.jpg p01\left\96.jpg p01\right\96.jpg p01\grid\96.jpg day58/0311.jpg left 612.0,63.0 -0.016280996,0.3226805 0.047705,-46.46684,536.50415 0.19893805555555555,0.19893799999999998 491,173,756,438 529,239,595,278 661,248,728,288
p01\face\97.jpg p01\left\97.jpg p01\right\97.jpg p01\grid\97.jpg day36/0091.jpg left 59.0,707.0 -0.10976337,0.13587113 19.045357,20.776674,405.69263 0.19893805555555555,0.19893799999999998 503,299,842,638 548,374,638,428 720,391,802,440
p01\face\98.jpg p01\left\98.jpg p01\right\98.jpg p01\grid\98.jpg day28/0101.jpg left 803.0,680.0 -0.064561136,0.4822809 -46.944622,37.945927,631.4075 0.19893805555555555,0.19893799999999998 436,341,662,567 464,401,521,435 577,400,634,434
p01\face\99.jpg p01\left\99.jpg p01\right\99.jpg p01\grid\99.jpg day17/0281.jpg left 785.0,872.0 0.0013089344,-0.26155892 -11.064051,-7.582401,416.95938 0.19893805555555555,0.19893799999999998 429,222,762,555 475,304,559,354 641,317,725,367
p01\face\100.jpg p01\left\100.jpg p01\right\100.jpg p01\grid\100.jpg day06/0197.jpg left 711.0,482.0 -0.08758896,0.54114807 -29.753159,-21.521975,556.15106 0.19893805555555555,0.19893799999999998 443,227,693,477 477,291,540,328 602,299,665,336
p01\face\101.jpg p01\left\101.jpg p01\right\101.jpg p01\grid\101.jpg day31/0427.jpg left 535.0,254.0 0.030556124,0.6168058 42.198524,37.538418,516.65765 0.19893805555555555,0.19893799999999998 575,336,851,612 610,406,682,449 750,415,817,455
p01\face\102.jpg p01\left\102.jpg p01\right\102.jpg p01\grid\102.jpg day04/0146.jpg left 451.0,571.0 0.016559485,-0.24082766 9.066574,-11.295053,456.43845 0.19893805555555555,0.19893799999999998 494,225,798,529 534,302,610,347 689,311,762,354
p01\face\103.jpg p01\left\103.jpg p01\right\103.jpg p01\grid\103.jpg day50/0022.jpg left 431.0,30.0 -0.0803369,0.35377118 24.59311,-9.193111,555.53284 0.19893805555555555,0.19893799999999998 544,252,797,505 577,309,646,350 707,326,768,362
p01\face\104.jpg p01\left\104.jpg p01\right\104.jpg p01\grid\104.jpg day45/0383.jpg left 1098.0,612.0 -0.011001194,-0.11781903 -5.203623,29.263535,494.92145 0.19893805555555555,0.19893799999999998 474,323,756,605 513,395,580,435 652,397,724,440
p01\face\105.jpg p01\left\105.jpg p01\right\105.jpg p01\grid\105.jpg day20/0535.jpg left 890.0,700.0 -0.022438295,-0.1513222 -28.198368,19.70863,450.32013 0.19893805555555555,0.19893799999999998 402,298,709,605 446,370,522,415 601,387,676,432
p01\face\106.jpg p01\left\106.jpg p01\right\106.jpg p01\grid\106.jpg day60/0004.jpg left 255.0,335.0 -0.051773585,0.283908 12.467102,-8.63657,397.75854 0.19893805555555555,0.19893799999999998 475,211,836,572 523,296,619,353 707,314,794,366
p01\face\107.jpg p01\left\107.jpg p01\right\107.jpg p01\grid\107.jpg day38/0176.jpg left 825.0,164.0 -0.06966874,0.5308154 -14.292477,31.549551,589.00775 0.19893805555555555,0.19893799999999998 479,330,717,568 513,388,573,424 632,398,692,434
p01\face\108.jpg p01\left\108.jpg p01\right\108.jpg p01\grid\108.jpg day56/0280.jpg left 160.0,106.0 0.01112461,0.34254518 43.13695,-8.923855,527.2053 0.19893805555555555,0.19893799999999998 575,246,845,516 612,309,682,351 749,324,815,363
p01\face\109.jpg p01\left\109.jpg p01\right\109.jpg p01\grid\109.jpg day27/0191.jpg left 871.0,296.0 -0.0013384941,0.52825 -12.549679,17.750462,558.0664 0.19893805555555555,0.19893799999999998 477,304,726,553 512,368,572,404 635,371,698,408
p01\face\110.jpg p01\left\110.jpg p01\right\110.jpg p01\grid\110.jpg day04/0414.jpg left 469.0,69.0 -0.023387244,0.35306838 -0.097246,2.665792,558.7107 0.19893805555555555,0.19893799999999998 499,275,752,528 532,338,596,376 661,344,722,380
p01\face\111.jpg p01\left\111.jpg p01\right\111.jpg p01\grid\111.jpg day03/0331.jpg left 413.0,215.0 -0.06659324,0.41541883 -26.026333,1.446051,572.5517 0.19893805555555555,0.19893799999999998 457,275,701,519 488,339,549,375 612,340,670,374
p01\face\112.jpg p01\left\112.jpg p01\right\112.jpg p01\grid\112.jpg day63/0213.jpg left 735.0,83.0 0.030693883,-0.27926466 10.162177,-45.405815,415.2654 0.19893805555555555,0.19893799999999998 481,126,817,462 528,207,612,257 696,221,780,271
p01\face\113.jpg p01\left\113.jpg p01\right\113.jpg p01\grid\113.jpg day31/0352.jpg left 628.0,794.0 -0.044219412,0.38084838 -10.606466,-17.265547,480.1878 0.19893805555555555,0.19893799999999998 452,215,750,513 492,290,568,335 641,299,716,344
p01\face\114.jpg p01\left\114.jpg p01\right\114.jpg p01\grid\114.jpg day31/0012.jpg left 915.0,368.0 -0.037356474,0.31613207 -17.180449,-32.793243,437.22736 0.19893805555555555,0.19893799999999998 417,164,747,494 463,245,545,294 626,256,711,307
p01\face\115.jpg p01\left\115.jpg p01\right\115.jpg p01\grid\115.jpg day21/0282.jpg left 177.0,19.0 -0.067207545,0.15802714 25.077822,-31.778227,530.7377 0.19893805555555555,0.19893799999999998 542,203,809,470 577,268,644,308 712,276,776,314
p01\face\116.jpg p01\left\116.jpg p01\right\116.jpg p01\grid\116.jpg day06/0028.jpg left 503.0,198.0 0.010887553,-0.1558147 22.43583,-0.224912,481.3634 0.19893805555555555,0.19893799999999998 528,256,819,547 566,327,642,372 714,338,784,380
p01\face\117.jpg p01\left\117.jpg p01\right\117.jpg p01\grid\117.jpg day42/0488.jpg left 1404.0,50.0 0.046177406,0.14199628 -38.395016,14.234268,548.7317 0.19893805555555555,0.19893799999999998 425,298,681,554 460,364,521,400 586,362,652,401
p01\face\118.jpg p01\left\118.jpg p01\right\118.jpg p01\grid\118.jpg day34/0283.jpg left 1435.0,658.0 -0.022614606,-0.2447994 -29.250654,-41.179028,535.73883 0.19893805555555555,0.19893799999999998 435,185,696,446 475,249,536,285 601,259,670,300
p01\face\119.jpg p01\left\119.jpg p01\right\119.jpg p01\grid\119.jpg day36/0058.jpg left 776.0,134.0 -0.05338833,0.4540521 -7.633491,-9.29302,563.3893 0.19893805555555555,0.19893799999999998 487,252,737,502 519,315,583,353 644,321,707,358
p01\face\120.jpg p01\left\120.jpg p01\right\120.jpg p01\grid\120.jpg day34/0060.jpg left 85.0,255.0 -0.1341175,0.10819777 36.214695,-14.740924,408.5642 0.19893805555555555,0.19893799999999998 548,207,884,543 593,280,680,332 762,300,846,350
p01\face\121.jpg p01\left\121.jpg p01\right\121.jpg p01\grid\121.jpg day21/0103.jpg left 1265.0,226.0 0.026163192,0.2979586 -17.954643,-43.04426,469.9517 0.19893805555555555,0.19893799999999998 435,157,735,457 477,235,547,277 625,238,701,283
p01\face\122.jpg p01\left\122.jpg p01\right\122.jpg p01\grid\122.jpg day45/0494.jpg left 40.0,43.0 -0.07043128,0.2777043 46.86052,-21.708261,423.22354 0.19893805555555555,0.19893799999999998 574,190,907,523 617,264,707,318 788,287,867,334
p01\face\123.jpg p01\left\123.jpg p01\right\123.jpg p01\grid\123.jpg day67/0122.jpg left 216.0,208.0 -0.02146641,-0.1866769 -32.3111,-12.204348,538.21497 0.19893805555555555,0.19893799999999998 431,243,692,504 466,306,533,346 597,316,661,354
p01\face\124.jpg p01\left\124.jpg p01\right\124.jpg p01\grid\124.jpg day12/0229.jpg left 939.0,778.0 -0.004178309,0.5435264 5.962236,-20.590954,503.7034 0.19893805555555555,0.19893799999999998 502,217,776,491 538,289,605,329 677,294,743,333
p01\face\125.jpg p01\left\125.jpg p01\right\125.jpg p01\grid\125.jpg day15/0496.jpg left 297.0,117.0 -0.005684059,-0.0443723 13.199476,-19.818195,387.2471 0.19893805555555555,0.19893799999999998 474,181,835,542 526,259,619,314 708,287,798,341
p01\face\126.jpg p01\left\126.jpg p01\right\126.jpg p01\grid\126.jpg day58/0106.jpg left 1109.0,333.0 -0.052935317,-0.25175607 -9.936974,-44.969337,459.75748 0.19893805555555555,0.19893799999999998 451,150,754,453 493,228,566,271 643,231,719,276
p01\face\127.jpg p01\left\127.jpg p01\right\127.jpg p01\grid\127.jpg day12/0026.jpg left 603.0,765.0 -0.076327324,0.5152501 -20.89245,-6.948786,498.5762 0.19893805555555555,0.19893799999999998 439,242,724,527 476,315,549,358 620,323,689,364
p01\face\128.jpg p01\left\128.jpg p01\right\128.jpg p01\grid\128.jpg day27/0257.jpg left 1207.0,834.0 0.00860957,-0.14092664 -28.78657,-2.439345,441.34543 0.19893805555555555,0.19893799999999998 400,243,716,559 444,326,516,369 598,326,680,375
p01\face\129.jpg p01\left\129.jpg p01\right\129.jpg p01\grid\129.jpg day15/0516.jpg left 627.0,32.0 -0.07767104,0.5133114 0.075457,34.56758,553.443 0.19893805555555555,0.19893799999999998 496,333,752,589 531,395,597,434 662,408,723,444
p01\face\130.jpg p01\left\130.jpg p01\right\130.jpg p01\grid\130.jpg day63/0285.jpg left 1355.0,369.0 0.10830984,-0.14428541 59.569626,8.095085,684.10345 0.19893805555555555,0.19893799999999998 614,297,821,504 643,349,692,378 749,356,797,384
p01\face\131.jpg p01\left\131.jpg p01\right\131.jpg p01\grid\131.jpg day27/0377.jpg left 1085.0,445.0 -0.15556014,-0.23146302 -78.29847,-24.398474,426.77707 0.19893805555555555,0.19893799999999998 262,180,596,514 310,267,389,314 475,272,560,323
p01\face\132.jpg p01\left\132.jpg p01\right\132.jpg p01\grid\132.jpg day17/0081.jpg left 387.0,205.0 -0.012035393,-0.09179494 9.115284,-1.413427,424.1014 0.19893805555555555,0.19893799999999998 481,241,811,571 525,319,610,370 694,335,772,381
p01\face\133.jpg p01\left\133.jpg p01\right\133.jpg p01\grid\133.jpg day37/0524.jpg left 625.0,279.0 -0.07579202,0.0046480815 30.22596,-34.677258,431.37003 0.19893805555555555,0.19893799999999998 534,164,855,485 580,234,661,282 742,257,821,304
p01\face\134.jpg p01\left\134.jpg p01\right\134.jpg p01\grid\134.jpg day20/0532.jpg left 640.0,32.0 -0.104550295,0.44182557 -22.49041,5.430773,458.23972 0.19893805555555555,0.19893799999999998 415,262,725,572 459,336,538,383 615,352,691,397
p01\face\135.jpg p01\left\135.jpg p01\right\135.jpg p01\grid\135.jpg day03/0258.jpg left 816.0,571.0 -0.026717668,-0.051454168 -15.208316,39.431404,431.33054 0.19893805555555555,0.19893799999999998 424,344,746,666 471,422,549,468 631,433,712,481
p01\face\136.jpg p01\left\136.jpg p01\right\136.jpg p01\grid\136.jpg day41/0216.jpg left 952.0,525.0 0.019116484,0.27669215 13.223234,-43.48293,478.0288 0.19893805555555555,0.19893799999999998 505,159,802,456 547,233,619,276 694,241,769,286
p01\face\137.jpg p01\left\137.jpg p01\right\137.jpg p01\grid\137.jpg day43/0324.jpg left 883.0,482.0 -0.07537473,0.42730424 -11.010455,6.732901,440.05695 0.19893805555555555,0.19893799999999998 435,262,759,586 479,340,561,389 643,354,722,401
p01\face\138.jpg p01\left\138.jpg p01\right\138.jpg p01\grid\138.jpg day52/0561.jpg left 723.0,51.0 0.024378104,0.44671223 16.325687,15.782721,528.2555 0.19893805555555555,0.19893799999999998 523,295,793,565 560,363,627,403 695,369,762,409
p01\face\139.jpg p01\left\139.jpg p01\right\139.jpg p01\grid\139.jpg day61/0147.jpg left 10.0,822.0 -0.059808597,0.3054497 -2.005599,-42.02421,450.21152 0.19893805555555555,0.19893799999999998 460,148,778,466 502,225,586,275 664,240,740,285
p01\face\140.jpg p01\left\140.jpg p01\right\140.jpg p01\grid\140.jpg day21/0036.jpg left 538.0,3.0 -0.01132743,0.41349888 22.184944,-13.552313,509.96298 0.19893805555555555,0.19893799999999998 531,232,808,509 569,299,641,342 710,312,777,352
p01\face\141.jpg p01\left\141.jpg p01\right\141.jpg p01\grid\141.jpg day09/0002.jpg left 1002.0,262.0 -0.05532566,-0.29696935 -25.088528,-39.730972,408.45758 0.19893805555555555,0.19893799999999998 389,136,729,476 436,223,518,272 606,231,691,282
p01\face\142.jpg p01\left\142.jpg p01\right\142.jpg p01\grid\142.jpg day59/0233.jpg left 270.0,482.0 0.05858229,-0.20088026 27.964521,-0.649488,420.53644 0.19893805555555555,0.19893799999999998 526,241,857,572 573,318,658,369 740,338,821,386
p01\face\143.jpg p01\left\143.jpg p01\right\143.jpg p01\grid\143.jpg day43/0522.jpg left 909.0,463.0 0.02021973,0.47746477 15.630509,1.683501,497.93085 0.19893805555555555,0.19893799999999998 517,262,800,545 555,334,625,376 697,340,767,382
p01\face\144.jpg p01\left\144.jpg p01\right\144.jpg p01\grid\144.jpg day43/0035.jpg left 437.0,528.0 -0.0073314435,0.25197604 41.758106,-42.16439,451.48376 0.19893805555555555,0.19893799999999998 562,150,877,465 606,222,688,271 766,243,842,288
p01\face\145.jpg p01\left\145.jpg p01\right\145.jpg p01\grid\145.jpg day12/0092.jpg left 866.0,559.0 -0.011078752,0.4599793 -11.360457,9.104116,470.16718 0.19893805555555555,0.19893799999999998 448,273,751,576 490,350,563,393 641,356,716,401
p01\face\146.jpg p01\left\146.jpg p01\right\146.jpg p01\grid\146.jpg day49/0220.jpg left 959.0,382.0 0.008321766,-0.14080064 -0.851181,2.233516,383.71042 0.19893805555555555,0.19893799999999998 437,240,797,600 491,323,579,375 671,345,761,399
p01\face\147.jpg p01\left\147.jpg p01\right\147.jpg p01\grid\147.jpg day01/0166.jpg left 797.0,309.0 0.0009924319,-0.16654764 0.401838,-1.665765,493.96344 0.19893805555555555,0.19893799999999998 483,256,765,538 523,324,593,366 664,336,734,378
p01\face\148.jpg p01\left\148.jpg p01\right\148.jpg p01\grid\148.jpg day42/0063.jpg left 924.0,160.0 -0.0580231,-0.26021126 -21.400015,-54.423595,393.15372 0.19893805555555555,0.19893799999999998 393,88,750,445 439,186,524,237 615,179,706,233
p01\face\149.jpg p01\left\149.jpg p01\right\149.jpg p01\grid\149.jpg day55/0100.jpg left 40.0,228.0 -0.12338044,0.14937279 8.0788,24.739027,539.44836 0.19893805555555555,0.19893799999999998 509,319,765,575 546,374,613,414 677,393,738,429
p01\face\150.jpg p01\left\150.jpg p01\right\150.jpg p01\grid\150.jpg day06/0388.jpg left 1114.0,655.0 0.10319318,-0.013274534 -6.14855,-44.73112,560.5919 0.19893805555555555,0.19893799999999998 490,188,740,438 525,252,583,286 647,252,713,291
p01\face\151.jpg p01\left\151.jpg p01\right\151.jpg p01\grid\151.jpg day41/0106.jpg left 410.0,592.0 0.012563057,0.3342341 37.657455,5.346629,606.8396 0.19893805555555555,0.19893799999999998 575,285,809,519 605,344,665,380 725,349,780,382
p01\face\152.jpg p01\left\152.jpg p01\right\152.jpg p01\grid\152.jpg day19/0078.jpg left 1334.0,338.0 -0.067388184,0.2811911 -37.44293,-34.78085,577.0982 0.19893805555555555,0.19893799999999998 433,207,680,454 467,270,528,306 591,276,652,312
p01\face\153.jpg p01\left\153.jpg p01\right\153.jpg p01\grid\153.jpg day38/0407.jpg left 720.0,296.0 -0.08571907,0.525841 -23.23999,46.5894,601.92316 0.19893805555555555,0.19893799999999998 466,356,703,593 498,415,558,451 617,422,675,456
p01\face\154.jpg p01\left\154.jpg p01\right\154.jpg p01\grid\154.jpg day36/0026.jpg left 106.0,326.0 -0.10844602,0.11319814 26.765882,-24.880821,403.2009 0.19893805555555555,0.19893799999999998 523,179,863,519 568,255,655,307 741,273,823,322
p01\face\155.jpg p01\left\155.jpg p01\right\155.jpg p01\grid\155.jpg day25/0202.jpg left 860.0,257.0 0.08739662,-0.14899608 36.332275,7.923445,392.8059 0.19893805555555555,0.19893799999999998 542,256,897,611 592,339,682,393 771,360,858,412
p01\face\156.jpg p01\left\156.jpg p01\right\156.jpg p01\grid\156.jpg day53/0714.jpg left 337.0,19.0 -0.06755498,0.30799228 15.84169,-33.80038,432.9303 0.19893805555555555,0.19893799999999998 497,161,825,489 542,238,626,288 710,259,788,305
p01\face\157.jpg p01\left\157.jpg p01\right\157.jpg p01\grid\157.jpg day64/0164.jpg left 442.0,303.0 -0.15753469,0.062078968 36.420376,-25.8683,498.4179 0.19893805555555555,0.19893799999999998 561,210,835,484 600,268,673,311 739,289,806,329
p01\face\158.jpg p01\left\158.jpg p01\right\158.jpg p01\grid\158.jpg day15/0401.jpg left 1329.0,337.0 0.043684274,-0.005080476 -36.84882,-10.002996,372.61285 0.19893805555555555,0.19893799999999998 332,203,707,578 386,295,473,347 570,302,667,360
p01\face\159.jpg p01\left\159.jpg p01\right\159.jpg p01\grid\159.jpg day45/0046.jpg left 1424.0,700.0 0.0023417675,-0.14455792 -30.692043,-26.494308,429.76797 0.19893805555555555,0.19893799999999998 387,180,714,507 432,263,510,309 593,268,677,318
p01\face\160.jpg p01\left\160.jpg p01\right\160.jpg p01\grid\160.jpg day31/0165.jpg left 746.0,196.0 -0.12608732,0.5261389 -38.971752,16.355848,590.5631 0.19893805555555555,0.19893799999999998 435,301,675,541 468,361,529,397 588,370,648,406
p01\face\161.jpg p01\left\161.jpg p01\right\161.jpg p01\grid\161.jpg day54/0373.jpg left 1093.0,530.0 -0.00412606,0.35451525 -5.462373,-31.764017,482.69293 0.19893805555555555,0.19893799999999998 466,185,761,480 506,262,579,305 652,265,727,310
p01\face\162.jpg p01\left\162.jpg p01\right\162.jpg p01\grid\162.jpg day67/0046.jpg left 1429.0,598.0 -0.06539372,0.45296687 -25.063398,12.767922,571.4783 0.19893805555555555,0.19893799999999998 455,293,705,543 487,357,551,395 612,361,675,398
p01\face\163.jpg p01\left\163.jpg p01\right\163.jpg p01\grid\163.jpg day32/0196.jpg left 984.0,174.0 -0.0024355464,0.4025563 -17.225334,-1.828382,473.97415 0.19893805555555555,0.19893799999999998 435,250,733,548 479,324,551,367 627,333,702,378
p01\face\164.jpg p01\left\164.jpg p01\right\164.jpg p01\grid\164.jpg day17/0254.jpg left 854.0,694.0 -0.02692004,-0.20145477 -11.705601,-22.982647,426.11902 0.19893805555555555,0.19893799999999998 432,188,759,515 476,269,557,317 640,278,721,326
p01\face\165.jpg p01\left\165.jpg p01\right\165.jpg p01\grid\165.jpg day27/0313.jpg left 910.0,874.0 0.015954485,-0.11815776 -10.452665,-7.99732,438.72342 0.19893805555555555,0.19893799999999998 440,229,758,547 485,307,561,352 642,317,723,365
p01\face\166.jpg p01\left\166.jpg p01\right\166.jpg p01\grid\166.jpg day01/0193.jpg left 1180.0,884.0 0.0003145633,-0.1759684 -23.156717,4.618048,424.35687 0.19893805555555555,0.19893799999999998 403,256,730,583 449,337,528,384 611,348,693,397
p01\face\167.jpg p01\left\167.jpg p01\right\167.jpg p01\grid\167.jpg day49/0400.jpg left 455.0,789.0 -0.026886577,0.39054924 7.818025,-15.17027,566.6608 0.19893805555555555,0.19893799999999998 516,242,765,491 548,305,612,343 675,311,735,347
p01\face\168.jpg p01\left\168.jpg p01\right\168.jpg p01\grid\168.jpg day54/0689.jpg left 751.0,555.0 0.020851668,-0.075107105 5.149756,6.358804,468.85837 0.19893805555555555,0.19893799999999998 483,267,787,571 525,339,604,386 676,352,754,398
p01\face\169.jpg p01\left\169.jpg p01\right\169.jpg p01\grid\169.jpg day06/0222.jpg left 603.0,536.0 -0.108071044,0.4131869 -34.549934,3.167077,491.21323 0.19893805555555555,0.19893799999999998 407,265,695,553 445,336,517,379 591,345,660,386
p01\face\170.jpg p01\left\170.jpg p01\right\170.jpg p01\grid\170.jpg day20/0158.jpg left 1349.0,678.0 0.042430237,0.27447402 -7.32022,4.128052,501.49466 0.19893805555555555,0.19893799999999998 469,270,751,552 509,341,576,381 647,344,720,387
p01\face\171.jpg p01\left\171.jpg p01\right\171.jpg p01\grid\171.jpg day57/0221.jpg left 596.0,608.0 0.020791274,0.31310862 32.78855,-38.1862,464.31866 0.19893805555555555,0.19893799999999998 545,164,852,471 587,240,665,286 742,251,817,296
p01\face\172.jpg p01\left\172.jpg p01\right\172.jpg p01\grid\172.jpg day55/0102.jpg left 537.0,738.0 0.010705144,-0.0916285 30.038729,-7.438146,370.34177 0.19893805555555555,0.19893799999999998 517,208,893,584 572,294,666,350 761,317,854,372
p01\face\173.jpg p01\left\173.jpg p01\right\173.jpg p01\grid\173.jpg day57/0055.jpg left 839.0,200.0 0.016262418,-0.29237306 1.540436,-61.796024,389.85513 0.19893805555555555,0.19893799999999998 448,66,806,424 498,153,588,207 676,168,767,222
p01\face\174.jpg p01\left\174.jpg p01\right\174.jpg p01\grid\174.jpg day22/0005.jpg left 602.0,648.0 -0.025888152,0.38382 9.098504,-3.513143,516.63495 0.19893805555555555,0.19893799999999998 508,256,781,529 543,323,613,365 682,331,748,370
p01\face\175.jpg p01\left\175.jpg p01\right\175.jpg p01\grid\175.jpg day03/0027.jpg left 1394.0,418.0 -0.012008271,0.39568782 -22.167393,14.425296,512.0957 0.19893805555555555,0.19893799999999998 440,291,717,568 480,361,546,400 616,367,688,410
p01\face\176.jpg p01\left\176.jpg p01\right\176.jpg p01\grid\176.jpg day53/0621.jpg left 1379.0,292.0 0.08728891,0.32708332 -1.120353,-30.7179,477.16785 0.19893805555555555,0.19893799999999998 475,187,770,482 517,265,586,306 662,266,738,311
p01\face\177.jpg p01\left\177.jpg p01\right\177.jpg p01\grid\177.jpg day07/0288.jpg left 1296.0,267.0 0.02696689,-0.1084681 -23.623766,-11.139403,375.09222 0.19893805555555555,0.19893799999999998 373,200,743,570 426,293,511,344 608,300,702,356
p01\face\178.jpg p01\left\178.jpg p01\right\178.jpg p01\grid\178.jpg day42/0468.jpg left 662.0,589.0 -0.00024469887,-0.15080677 -6.863968,9.817844,463.84708 0.19893805555555555,0.19893799999999998 458,276,759,577 498,348,576,394 651,361,724,404
p01\face\179.jpg p01\left\179.jpg p01\right\179.jpg p01\grid\179.jpg day62/0070.jpg left 248.0,215.0 -0.033259768,0.38623744 27.902105,-8.126846,474.2508 0.19893805555555555,0.19893799999999998 537,236,835,534 577,307,653,352 729,322,801,365
p01\face\180.jpg p01\left\180.jpg p01\right\180.jpg p01\grid\180.jpg day03/0152.jpg left 319.0,758.0 -0.06849158,0.47180223 -12.080683,30.31599,529.76013 0.19893805555555555,0.19893799999999998 468,325,735,592 502,391,571,432 639,399,702,436
p01\face\181.jpg p01\left\181.jpg p01\right\181.jpg p01\grid\181.jpg day14/0007.jpg left 540.0,200.0 0.011855847,0.4048599 18.507671,-14.124839,536.2191 0.19893805555555555,0.19893799999999998 529,236,794,501 565,303,632,343 698,311,764,350
p01\face\182.jpg p01\left\182.jpg p01\right\182.jpg p01\grid\182.jpg day38/0291.jpg left 808.0,386.0 0.08913134,-0.39397305 21.043531,-35.30089,380.7818 0.19893805555555555,0.19893799999999998 501,133,861,493 552,222,639,274 733,240,821,292
p01\face\183.jpg p01\left\183.jpg p01\right\183.jpg p01\grid\183.jpg day38/0129.jpg left 456.0,129.0 -0.023682654,0.41249648 42.833153,-0.373585,561.5337 0.19893805555555555,0.19893799999999998 579,268,831,520 613,327,679,366 741,343,802,379
p01\face\184.jpg p01\left\184.jpg p01\right\184.jpg p01\grid\184.jpg day07/0077.jpg left 1285.0,893.0 0.05848386,0.35887712 -25.231077,-53.41748,587.97534 0.19893805555555555,0.19893799999999998 466,180,700,414 497,245,551,277 612,238,672,274
p01\face\185.jpg p01\left\185.jpg p01\right\185.jpg p01\grid\185.jpg day57/0135.jpg left 784.0,283.0 -0.0073444988,0.42818955 9.833952,15.211632,491.12653 0.19893805555555555,0.19893799999999998 499,290,788,579 541,359,613,402 686,373,758,416
p01\face\186.jpg p01\left\186.jpg p01\right\186.jpg p01\grid\186.jpg day65/0117.jpg left 829.0,812.0 -0.055225622,-0.19745207 -25.053782,1.671696,442.39902 0.19893805555555555,0.19893799999999998 408,252,724,568 450,334,528,380 608,337,687,384
p01\face\187.jpg p01\left\187.jpg p01\right\187.jpg p01\grid\187.jpg day12/0115.jpg left 730.0,86.0 0.017401949,0.46107292 4.887217,-5.835984,462.75043 0.19893805555555555,0.19893799999999998 484,237,791,544 524,317,600,362 678,320,754,365
p01\face\188.jpg p01\left\188.jpg p01\right\188.jpg p01\grid\188.jpg day12/0230.jpg left 1380.0,746.0 -0.0020702814,0.51128715 -1.541223,-21.55175,509.47043 0.19893805555555555,0.19893799999999998 488,217,759,488 524,289,588,327 660,291,727,331
p01\face\189.jpg p01\left\189.jpg p01\right\189.jpg p01\grid\189.jpg day41/0125.jpg left 1264.0,61.0 0.013772374,0.31891504 4.047833,-17.451904,536.0615 0.19893805555555555,0.19893799999999998 500,232,764,496 538,296,602,334 667,305,736,346
p01\face\190.jpg p01\left\190.jpg p01\right\190.jpg p01\grid\190.jpg day42/0490.jpg left 948.0,481.0 -0.030087207,-0.06626654 -25.842619,18.91966,540.153 0.19893805555555555,0.19893799999999998 445,305,706,566 480,370,544,408 610,374,676,413
p01\face\191.jpg p01\left\191.jpg p01\right\191.jpg p01\grid\191.jpg day54/0355.jpg left 70.0,635.0 -0.035162095,0.4381314 -0.626189,9.903667,475.37885 0.19893805555555555,0.19893799999999998 474,275,774,575 513,351,589,396 666,358,738,401
p01\face\192.jpg p01\left\192.jpg p01\right\192.jpg p01\grid\192.jpg day63/0348.jpg left 117.0,478.0 0.076384604,-0.2577021 37.278305,-37.760113,437.80432 0.19893805555555555,0.19893799999999998 555,155,876,476 596,235,680,285 759,245,837,291
p01\face\193.jpg p01\left\193.jpg p01\right\193.jpg p01\grid\193.jpg day53/0403.jpg left 66.0,726.0 -0.012374202,0.4416917 13.572373,13.763227,502.4653 0.19893805555555555,0.19893799999999998 512,287,797,572 548,358,624,403 691,365,763,408
p01\face\194.jpg p01\left\194.jpg p01\right\194.jpg p01\grid\194.jpg day55/0213.jpg left 899.0,20.0 0.01215893,-0.2098378 8.959201,-28.736403,424.3054 0.19893805555555555,0.19893799999999998 482,173,810,501 527,254,608,302 692,264,773,312
p01\face\195.jpg p01\left\195.jpg p01\right\195.jpg p01\grid\195.jpg day31/0234.jpg left 855.0,176.0 0.00022037352,0.43464833 -4.954644,-2.379695,497.20206 0.19893805555555555,0.19893799999999998 471,252,759,540 510,325,582,368 653,331,726,374
p01\face\196.jpg p01\left\196.jpg p01\right\196.jpg p01\grid\196.jpg day31/0242.jpg left 1034.0,751.0 -0.015208848,0.43641424 -1.237052,10.77048,485.47876 0.19893805555555555,0.19893799999999998 475,279,769,573 516,352,588,395 661,360,736,405
p01\face\197.jpg p01\left\197.jpg p01\right\197.jpg p01\grid\197.jpg day53/0619.jpg left 805.0,169.0 0.022564467,0.44999874 8.427258,-28.477032,466.6412 0.19893805555555555,0.19893799999999998 492,186,796,490 533,265,608,310 686,271,761,316
p01\face\198.jpg p01\left\198.jpg p01\right\198.jpg p01\grid\198.jpg day49/0370.jpg left 374.0,543.0 -0.008638163,0.43736523 31.306162,3.324274,490.03238 0.19893805555555555,0.19893799999999998 547,263,838,554 585,333,660,378 733,347,803,389
p01\face\199.jpg p01\left\199.jpg p01\right\199.jpg p01\grid\199.jpg day38/0035.jpg left 592.0,744.0 -0.060269136,0.49383238 -12.25856,31.990202,532.6753 0.19893805555555555,0.19893799999999998 469,328,736,595 502,395,571,436 638,401,702,439
p01\face\200.jpg p01\left\200.jpg p01\right\200.jpg p01\grid\200.jpg day52/0027.jpg left 114.0,700.0 -0.0861807,0.38695434 -21.072441,-8.456526,629.55884 0.19893805555555555,0.19893799999999998 478,264,703,489 507,320,565,354 622,328,676,360
p01\face\201.jpg p01\left\201.jpg p01\right\201.jpg p01\grid\201.jpg day04/0418.jpg left 1292.0,876.0 -0.014613041,-0.17789745 -25.387863,2.86019,513.211 0.19893805555555555,0.19893799999999998 440,269,711,540 476,342,539,379 609,339,679,381
p01\face\202.jpg p01\left\202.jpg p01\right\202.jpg p01\grid\202.jpg day45/0566.jpg left 713.0,369.0 -0.081919886,0.3778001 -15.336793,27.272963,535.0833 0.19893805555555555,0.19893799999999998 461,319,728,586 496,383,565,424 632,394,696,432
p01\face\203.jpg p01\left\203.jpg p01\right\203.jpg p01\grid\203.jpg day59/0455.jpg left 1088.0,155.0 0.003216838,-0.09406819 -25.858467,-2.440555,376.94305 0.19893805555555555,0.19893799999999998 366,224,738,596 418,316,508,370 601,324,697,381
p01\face\204.jpg p01\left\204.jpg p01\right\204.jpg p01\grid\204.jpg day15/0383.jpg left 1347.0,498.0 -0.022371627,-0.12570755 -31.871014,-3.376604,482.37946 0.19893805555555555,0.19893799999999998 410,250,701,541 451,324,520,365 593,328,669,373
p01\face\205.jpg p01\left\205.jpg p01\right\205.jpg p01\grid\205.jpg day48/0003.jpg left 872.0,552.0 -0.209691,-0.106040806 7.230234,-2.543677,335.65488 0.19893805555555555,0.19893799999999998 441,213,847,619 494,313,597,374 706,320,797,374
p01\face\206.jpg p01\left\206.jpg p01\right\206.jpg p01\grid\206.jpg day53/0024.jpg left 29.0,466.0 -0.011671063,0.114064604 95.847275,-11.898238,399.67325 0.19893805555555555,0.19893799999999998 698,208,1047,557 748,281,841,336 927,312,1011,362
p01\face\207.jpg p01\left\207.jpg p01\right\207.jpg p01\grid\207.jpg day64/0125.jpg left 1105.0,569.0 0.046005283,-0.25630853 20.22634,-30.060053,437.84262 0.19893805555555555,0.19893799999999998 515,175,833,493 559,256,635,301 716,262,797,310
p01\face\208.jpg p01\left\208.jpg p01\right\208.jpg p01\grid\208.jpg day57/0136.jpg left 791.0,69.0 0.010398598,0.4431142 11.36081,12.940684,488.96808 0.19893805555555555,0.19893799999999998 502,284,793,575 544,354,616,397 690,368,762,411
p01\face\209.jpg p01\left\209.jpg p01\right\209.jpg p01\grid\209.jpg day50/0202.jpg left 885.0,850.0 0.03737188,-0.23894042 10.709213,-1.860582,489.21582 0.19893805555555555,0.19893799999999998 504,254,789,539 544,323,616,366 687,336,757,378
p01\face\210.jpg p01\left\210.jpg p01\right\210.jpg p01\grid\210.jpg day57/0069.jpg left 1244.0,748.0 0.02200895,0.40044096 -16.516241,14.365457,547.02765 0.19893805555555555,0.19893799999999998 464,294,725,555 499,363,562,400 629,364,695,403
p01\face\211.jpg p01\left\211.jpg p01\right\211.jpg p01\grid\211.jpg day37/0121.jpg left 891.0,436.0 -0.07978084,0.519956 -50.124825,5.487638,583.7817 0.19893805555555555,0.19893799999999998 417,283,655,521 448,345,509,381 564,346,627,383
p01\face\212.jpg p01\left\212.jpg p01\right\212.jpg p01\grid\212.jpg day31/0006.jpg left 1336.0,334.0 0.074345656,0.097690314 -36.589695,-36.634647,447.8651 0.19893805555555555,0.19893799999999998 381,163,699,481 425,246,500,291 581,244,663,293
p01\face\213.jpg p01\left\213.jpg p01\right\213.jpg p01\grid\213.jpg day19/0198.jpg left 699.0,486.0 -0.026768658,0.4364701 8.429022,-21.608526,412.87845 0.19893805555555555,0.19893799999999998 474,182,817,525 521,268,606,319 694,281,778,331
p01\face\214.jpg p01\left\214.jpg p01\right\214.jpg p01\grid\214.jpg day16/0298.jpg left 1159.0,204.0 -0.019428,0.2868176 -26.28727,-38.221577,476.4298 0.19893805555555555,0.19893799999999998 420,173,711,464 463,245,530,285 605,252,680,297
p01\face\215.jpg p01\left\215.jpg p01\right\215.jpg p01\grid\215.jpg day27/0528.jpg left 715.0,600.0 -0.24465208,-0.15084802 -2.685291,-4.088131,493.28345 0.19893805555555555,0.19893799999999998 476,252,758,534 514,321,587,364 658,327,725,367
p01\face\216.jpg p01\left\216.jpg p01\right\216.jpg p01\grid\216.jpg day15/0162.jpg left 49.0,416.0 -0.008653608,0.32450062 29.00759,-22.586077,479.14417 0.19893805555555555,0.19893799999999998 540,205,837,502 579,277,657,323 731,289,801,331
p01\face\217.jpg p01\left\217.jpg p01\right\217.jpg p01\grid\217.jpg day12/0400.jpg left 131.0,680.0 0.0354954,-0.19225734 26.749546,-34.051136,462.14618 0.19893805555555555,0.19893799999999998 534,176,835,477 574,248,652,294 729,262,799,304
p01\face\218.jpg p01\left\218.jpg p01\right\218.jpg p01\grid\218.jpg day34/0170.jpg left 1345.0,218.0 0.08672287,0.33741388 -40.240467,-20.98968,642.20404 0.19893805555555555,0.19893799999999998 446,243,672,469 479,305,530,335 591,303,648,337
p01\face\219.jpg p01\left\219.jpg p01\right\219.jpg p01\grid\219.jpg day01/0275.jpg left 1232.0,70.0 0.070884936,0.29583988 -17.590822,1.340701,435.27463 0.19893805555555555,0.19893799999999998 418,250,743,575 466,332,542,377 626,336,710,386
p01\face\220.jpg p01\left\220.jpg p01\right\220.jpg p01\grid\220.jpg day11/0019.jpg left 208.0,332.0 -0.02702189,0.29516706 45.716637,-73.00616,529.0338 0.19893805555555555,0.19893799999999998 582,119,847,384 618,181,687,222 754,197,817,234
p01\face\221.jpg p01\left\221.jpg p01\right\221.jpg p01\grid\221.jpg day42/0311.jpg left 761.0,396.0 -0.025491826,0.28717595 5.005914,-38.9141,483.34692 0.19893805555555555,0.19893799999999998 489,171,783,465 529,244,602,287 676,253,749,296
p01\face\222.jpg p01\left\222.jpg p01\right\222.jpg p01\grid\222.jpg day53/0557.jpg left 976.0,231.0 -0.010689697,0.38706824 0.133649,-24.404987,526.4961 0.19893805555555555,0.19893799999999998 489,214,759,484 528,280,594,319 661,291,730,332
p01\face\223.jpg p01\left\223.jpg p01\right\223.jpg p01\grid\223.jpg day17/0531.jpg left 930.0,465.0 -0.053377412,-0.11994023 -31.29296,26.53819,417.79843 0.19893805555555555,0.19893799999999998 380,310,714,644 424,398,505,446 591,396,675,446
p01\face\224.jpg p01\left\224.jpg p01\right\224.jpg p01\grid\224.jpg day42/0444.jpg left 800.0,19.0 -0.03645491,-0.18083186 -10.329002,13.940678,490.83713 0.19893805555555555,0.19893799999999998 462,289,745,572 500,362,569,403 641,365,713,408
p01\face\225.jpg p01\left\225.jpg p01\right\225.jpg p01\grid\225.jpg day26/0055.jpg left 1207.0,231.0 0.03584504,0.39332077 -26.032944,22.115334,535.90125 0.19893805555555555,0.19893799999999998 444,310,708,574 480,381,541,417 610,377,677,417
p01\face\226.jpg p01\left\226.jpg p01\right\226.jpg p01\grid\226.jpg day52/0609.jpg left 1039.0,596.0 -0.030674588,-0.14092873 -17.601694,19.278147,527.0317 0.19893805555555555,0.19893799999999998 459,304,724,569 494,373,558,411 626,374,693,414
p01\face\227.jpg p01\left\227.jpg p01\right\227.jpg p01\grid\227.jpg day04/0466.jpg left 716.0,343.0 -0.032567266,0.33502704 -12.980414,-54.667854,510.49655 0.19893805555555555,0.19893799999999998 460,149,734,423 499,217,565,256 637,227,704,267
p01\face\228.jpg p01\left\228.jpg p01\right\228.jpg p01\grid\228.jpg day48/0256.jpg left 34.0,891.0 -0.057716526,0.19620807 -3.801782,-0.386208,486.42944 0.19893805555555555,0.19893799999999998 472,260,758,546 512,327,582,369 656,338,726,380
p01\face\229.jpg p01\left\229.jpg p01\right\229.jpg p01\grid\229.jpg day63/0308.jpg left 911.0,77.0 0.005964106,-0.2690878 6.589646,-43.337666,466.84027 0.19893805555555555,0.19893799999999998 490,155,790,455 530,230,606,275 679,238,755,283
p01\face\230.jpg p01\left\230.jpg p01\right\230.jpg p01\grid\230.jpg day63/0046.jpg left 1384.0,246.0 0.016550962,0.26820987 -26.684208,-4.504596,509.7109 0.19893805555555555,0.19893799999999998 431,253,708,530 470,323,537,363 608,327,677,368
p01\face\231.jpg p01\left\231.jpg p01\right\231.jpg p01\grid\231.jpg day32/0024.jpg left 1284.0,459.0 0.027286919,-0.05251466 -36.678356,-12.007279,438.48035 0.19893805555555555,0.19893799999999998 377,218,699,540 422,302,497,347 579,302,664,353
p01\face\232.jpg p01\left\232.jpg p01\right\232.jpg p01\grid\232.jpg day27/0300.jpg left 219.0,13.0 -0.077952884,0.15370001 7.817178,-82.9674,476.25516 0.19893805555555555,0.19893799999999998 495,71,792,368 532,144,610,190 683,152,755,195
p01\face\233.jpg p01\left\233.jpg p01\right\233.jpg p01\grid\233.jpg day10/0075.jpg left 1169.0,549.0 -0.006891365,0.41780573 -3.49935,4.607508,495.76392 0.19893805555555555,0.19893799999999998 475,269,758,552 516,340,583,380 656,347,728,390
p01\face\234.jpg p01\left\234.jpg p01\right\234.jpg p01\grid\234.jpg day42/0446.jpg left 174.0,877.0 -0.011612135,0.52073944 15.096637,26.501942,500.4458 0.19893805555555555,0.19893799999999998 516,315,798,597 553,385,626,428 698,395,764,434
p01\face\235.jpg p01\left\235.jpg p01\right\235.jpg p01\grid\235.jpg day31/0249.jpg left 511.0,516.0 0.005669743,0.49774057 20.040201,20.262268,483.3376 0.19893805555555555,0.19893799999999998 522,297,820,595 559,375,635,420 710,379,783,422
p01\face\236.jpg p01\left\236.jpg p01\right\236.jpg p01\grid\236.jpg day60/0057.jpg left 1268.0,608.0 -0.053898096,-0.30778205 -9.332,-65.74546,457.24985 0.19893805555555555,0.19893799999999998 451,100,755,404 494,179,566,222 645,182,721,227
p01\face\237.jpg p01\left\237.jpg p01\right\237.jpg p01\grid\237.jpg day52/0145.jpg left 427.0,50.0 -0.08362575,0.343558 -21.176182,-12.508827,565.614 0.19893805555555555,0.19893799999999998 459,246,711,498 493,307,557,345 621,319,682,355
p01\face\238.jpg p01\left\238.jpg p01\right\238.jpg p01\grid\238.jpg day45/0087.jpg left 629.0,708.0 -0.015527577,0.27443054 -6.534811,-38.349266,533.2626 0.19893805555555555,0.19893799999999998 480,189,747,456 515,257,582,297 649,261,715,300
p01\face\239.jpg p01\left\239.jpg p01\right\239.jpg p01\grid\239.jpg day62/0059.jpg left 298.0,479.0 -0.0062529766,0.3316467 33.701298,-7.513934,391.13977 0.19893805555555555,0.19893799999999998 530,212,896,578 580,296,677,354 766,318,854,370
p01\face\240.jpg p01\left\240.jpg p01\right\240.jpg p01\grid\240.jpg day50/0251.jpg left 688.0,526.0 0.0052296207,0.2884612 32.67381,-50.90624,483.29166 0.19893805555555555,0.19893799999999998 549,144,843,438 588,215,664,260 737,228,809,271
p01\face\241.jpg p01\left\241.jpg p01\right\241.jpg p01\grid\241.jpg day01/0063.jpg left 1007.0,644.0 0.0016267843,-0.1506177 5.922545,-6.243916,458.42188 0.19893805555555555,0.19893799999999998 487,240,788,541 530,315,602,358 680,322,755,367
p01\face\242.jpg p01\left\242.jpg p01\right\242.jpg p01\grid\242.jpg day66/0324.jpg left 802.0,419.0 -0.06238069,-0.26069674 -29.323347,-30.494593,382.06277 0.19893805555555555,0.19893799999999998 358,147,722,511 410,235,500,289 593,252,683,306
p01\face\243.jpg p01\left\243.jpg p01\right\243.jpg p01\grid\243.jpg day37/0450.jpg left 331.0,174.0 -0.023284225,0.44835386 19.00002,56.22833,573.7234 0.19893805555555555,0.19893799999999998 536,375,783,622 569,434,633,472 695,445,755,481
p01\face\244.jpg p01\left\244.jpg p01\right\244.jpg p01\grid\244.jpg day50/0100.jpg left 1392.0,556.0 0.05022652,-0.0007190427 -8.868272,-1.484576,484.74326 0.19893805555555555,0.19893799999999998 460,256,749,545 502,325,571,366 644,334,719,379
p01\face\245.jpg p01\left\245.jpg p01\right\245.jpg p01\grid\245.jpg day55/0091.jpg left 679.0,52.0 -0.032479767,0.03945284 -18.308907,23.310204,526.6658 0.19893805555555555,0.19893799999999998 454,313,721,580 491,376,558,416 625,386,691,425
p01\face\246.jpg p01\left\246.jpg p01\right\246.jpg p01\grid\246.jpg day67/0024.jpg left 822.0,609.0 0.014384513,-0.17441256 1.157361,-1.783898,415.8047 0.19893805555555555,0.19893799999999998 458,238,791,571 506,316,588,365 673,335,755,384
p01\face\247.jpg p01\left\247.jpg p01\right\247.jpg p01\grid\247.jpg day42/0222.jpg left 1277.0,388.0 -0.06738706,0.39066997 -9.326769,13.951544,623.304 0.19893805555555555,0.19893799999999998 496,301,724,529 526,358,584,392 640,364,697,398
p01\face\248.jpg p01\left\248.jpg p01\right\248.jpg p01\grid\248.jpg day01/0197.jpg left 1330.0,698.0 -0.009960108,-0.15008374 -26.438667,1.225576,423.2831 0.19893805555555555,0.19893799999999998 394,247,724,577 440,330,519,377 603,337,687,387
p01\face\249.jpg p01\left\249.jpg p01\right\249.jpg p01\grid\249.jpg day10/0012.jpg left 496.0,19.0 -0.065247506,0.35022447 2.501317,-20.099882,498.5355 0.19893805555555555,0.19893799999999998 489,217,772,500 526,286,599,329 669,296,738,337
p01\face\250.jpg p01\left\250.jpg p01\right\250.jpg p01\grid\250.jpg day49/0112.jpg left 1384.0,453.0 0.019745823,-0.044504296 7.533132,33.447308,535.4925 0.19893805555555555,0.19893799999999998 510,333,772,595 546,401,609,438 674,401,743,442
p01\face\251.jpg p01\left\251.jpg p01\right\251.jpg p01\grid\251.jpg day65/0053.jpg left 73.0,200.0 0.0054213363,-0.101004705 21.70451,16.604399,396.78232 0.19893805555555555,0.19893799999999998 504,282,855,633 551,362,645,418 730,382,815,433
p01\face\252.jpg p01\left\252.jpg p01\right\252.jpg p01\grid\252.jpg day42/0634.jpg left 326.0,411.0 -0.044956077,0.21355774 18.773212,-50.72325,501.30783 0.19893805555555555,0.19893799999999998 522,153,805,436 560,221,633,264 705,233,772,273
p01\face\253.jpg p01\left\253.jpg p01\right\253.jpg p01\grid\253.jpg day43/0165.jpg left 1056.0,232.0 -0.009256411,-0.31548855 -5.963691,-66.39774,494.49115 0.19893805555555555,0.19893799999999998 472,118,754,400 510,189,579,230 650,195,722,238
p01\face\254.jpg p01\left\254.jpg p01\right\254.jpg p01\grid\254.jpg day18/0048.jpg left 1165.0,421.0 -0.033329662,-0.13805671 -10.37942,-15.320071,458.4323 0.19893805555555555,0.19893799999999998 447,218,750,521 492,292,564,335 643,303,718,348
p01\face\255.jpg p01\left\255.jpg p01\right\255.jpg p01\grid\255.jpg day16/0019.jpg left 556.0,133.0 -0.043224487,0.32557055 12.372114,-39.100082,508.4709 0.19893805555555555,0.19893799999999998 511,179,790,458 548,247,620,290 690,259,757,299
p01\face\256.jpg p01\left\256.jpg p01\right\256.jpg p01\grid\256.jpg day31/0124.jpg left 1007.0,750.0 0.018897682,-0.3000498 -0.462131,-14.514167,511.59442 0.19893805555555555,0.19893799999999998 488,232,759,503 526,301,593,341 660,308,729,349
p01\face\257.jpg p01\left\257.jpg p01\right\257.jpg p01\grid\257.jpg day45/0303.jpg left 460.0,831.0 -0.05876566,-0.34056193 13.343579,-51.487095,505.50906 0.19893805555555555,0.19893799999999998 506,147,794,435 547,218,625,264 686,229,765,276
p01\face\258.jpg p01\left\258.jpg p01\right\258.jpg p01\grid\258.jpg day12/0450.jpg left 1196.0,409.0 -0.034741938,-0.14656065 -43.061882,-22.234558,407.1975 0.19893805555555555,0.19893799999999998 339,181,684,526 388,265,470,314 559,278,646,330
p01\face\259.jpg p01\left\259.jpg p01\right\259.jpg p01\grid\259.jpg day21/0145.jpg left 504.0,374.0 -0.10036536,0.4226207 -3.799659,-12.468821,554.3391 0.19893805555555555,0.19893799999999998 489,244,744,499 524,304,590,343 654,320,715,356
p01\face\260.jpg p01\left\260.jpg p01\right\260.jpg p01\grid\260.jpg day13/0155.jpg left 289.0,303.0 -0.0068242596,0.24046327 30.075783,-54.96422,470.5761 0.19893805555555555,0.19893799999999998 540,129,843,432 581,202,659,248 735,216,808,259
p01\face\261.jpg p01\left\261.jpg p01\right\261.jpg p01\grid\261.jpg day58/0707.jpg left 779.0,513.0 0.03469831,0.4402991 14.528824,3.748883,471.6745 0.19893805555555555,0.19893799999999998 507,260,810,563 547,338,622,383 699,343,774,388
p01\face\262.jpg p01\left\262.jpg p01\right\262.jpg p01\grid\262.jpg day06/0067.jpg left 1352.0,165.0 -0.016350802,0.2526784 -18.936195,-21.014606,451.36487 0.19893805555555555,0.19893799999999998 424,201,737,514 467,280,543,325 621,284,702,332
p01\face\263.jpg p01\left\263.jpg p01\right\263.jpg p01\grid\263.jpg day20/0082.jpg left 864.0,471.0 -0.0018016817,-0.107364975 14.875785,-4.456661,452.17078 0.19893805555555555,0.19893799999999998 503,241,812,550 547,316,623,361 702,327,778,372
p01\face\264.jpg p01\left\264.jpg p01\right\264.jpg p01\grid\264.jpg day23/0165.jpg left 341.0,774.0 -0.09117806,0.43346104 -11.67281,15.506534,548.06055 0.19893805555555555,0.19893799999999998 473,297,731,555 508,359,574,398 638,371,701,408
p01\face\265.jpg p01\left\265.jpg p01\right\265.jpg p01\grid\265.jpg day58/0391.jpg left 132.0,319.0 -0.023976909,0.25597063 35.473286,-42.70057,449.76547 0.19893805555555555,0.19893799999999998 545,146,864,465 589,219,677,271 748,240,830,289
p01\face\266.jpg p01\left\266.jpg p01\right\266.jpg p01\grid\266.jpg day23/0051.jpg left 281.0,589.0 -0.21780705,-0.1384661 29.726343,-6.136188,359.30215 0.19893805555555555,0.19893799999999998 518,211,897,590 566,299,666,359 767,318,849,367
p01\face\267.jpg p01\left\267.jpg p01\right\267.jpg p01\grid\267.jpg day27/0153.jpg left 666.0,784.0 -0.16920674,0.45364404 -76.324394,24.522339,538.91113 0.19893805555555555,0.19893799999999998 341,311,609,579 377,380,444,420 512,385,578,424
p01\face\268.jpg p01\left\268.jpg p01\right\268.jpg p01\grid\268.jpg day61/0201.jpg left 1042.0,452.0 0.0074952836,0.41800702 -10.580643,-13.974125,676.09753 0.19893805555555555,0.19893799999999998 505,261,715,471 533,315,587,347 636,318,691,351
p01\face\269.jpg p01\left\269.jpg p01\right\269.jpg p01\grid\269.jpg day37/0505.jpg left 512.0,250.0 -0.19445255,0.09212722 -1.984023,-15.950312,435.02548 0.19893805555555555,0.19893799999999998 460,213,776,529 501,284,583,333 663,299,738,344
p01\face\270.jpg p01\left\270.jpg p01\right\270.jpg p01\grid\270.jpg day12/0349.jpg left 543.0,654.0 -0.032449268,0.43193966 -2.191198,-5.159517,557.75775 0.19893805555555555,0.19893799999999998 493,258,748,513 528,322,591,359 656,330,719,367
p01\face\271.jpg p01\left\271.jpg p01\right\271.jpg p01\grid\271.jpg day59/0042.jpg left 172.0,561.0 0.04313357,-0.10106205 36.89787,1.783276,484.9543 0.19893805555555555,0.19893799999999998 558,262,847,551 600,329,673,372 744,345,817,388
p01\face\272.jpg p01\left\272.jpg p01\right\272.jpg p01\grid\272.jpg day12/0428.jpg left 21.0,657.0 -0.067431256,0.3134042 9.307104,-18.04292,480.1197 0.19893805555555555,0.19893799999999998 497,217,791,511 536,285,614,331 687,301,756,342
p01\face\273.jpg p01\left\273.jpg p01\right\273.jpg p01\grid\273.jpg day41/0409.jpg left 1299.0,418.0 -0.045304783,-0.18064336 -54.0195,-18.746992,429.79556 0.19893805555555555,0.19893799999999998 328,198,656,526 374,282,452,328 535,287,620,338
p01\face\274.jpg p01\left\274.jpg p01\right\274.jpg p01\grid\274.jpg day52/0309.jpg left 527.0,265.0 0.0072040986,0.35789996 37.603603,-5.726649,509.32996 0.19893805555555555,0.19893799999999998 563,248,843,528 600,316,673,359 741,327,810,368
p01\face\275.jpg p01\left\275.jpg p01\right\275.jpg p01\grid\275.jpg day50/0253.jpg left 959.0,41.0 0.04465248,-0.26415265 21.915895,-53.6402,469.0881 0.19893805555555555,0.19893799999999998 524,133,822,431 565,206,640,251 714,217,789,262
p01\face\276.jpg p01\left\276.jpg p01\right\276.jpg p01\grid\276.jpg day03/0386.jpg left 256.0,143.0 -0.068043634,0.38805753 10.099455,-12.030492,491.0356 0.19893805555555555,0.19893799999999998 505,234,788,517 541,301,616,346 687,314,754,354
p01\face\277.jpg p01\left\277.jpg p01\right\277.jpg p01\grid\277.jpg day34/0204.jpg left 677.0,350.0 -0.015385349,0.45038685 -16.177605,-15.341425,609.6638 0.19893805555555555,0.19893799999999998 483,251,709,477 516,308,571,341 628,314,685,348
p01\face\278.jpg p01\left\278.jpg p01\right\278.jpg p01\grid\278.jpg day54/0635.jpg left 146.0,571.0 0.017648978,0.43487093 38.890278,-17.5214,492.40945 0.19893805555555555,0.19893799999999998 564,219,852,507 604,290,674,332 748,302,820,345
p01\face\279.jpg p01\left\279.jpg p01\right\279.jpg p01\grid\279.jpg day36/0010.jpg left 64.0,240.0 -0.28890193,0.016850408 21.963387,-8.93023,368.1744 0.19893805555555555,0.19893799999999998 500,211,866,577 544,289,643,348 745,317,817,360
p01\face\280.jpg p01\left\280.jpg p01\right\280.jpg p01\grid\280.jpg day01/0431.jpg left 1347.0,705.0 0.008554715,-0.13112165 19.364279,24.336945,487.42566 0.19893805555555555,0.19893799999999998 524,311,810,597 565,385,632,425 706,388,779,431
p01\face\281.jpg p01\left\281.jpg p01\right\281.jpg p01\grid\281.jpg day37/0248.jpg left 1123.0,356.0 0.06990988,0.34106126 -20.952675,-79.36126,631.5355 0.19893805555555555,0.19893799999999998 484,146,706,368 511,210,565,242 619,200,677,234
p01\face\282.jpg p01\left\282.jpg p01\right\282.jpg p01\grid\282.jpg day31/0289.jpg left 384.0,221.0 -0.058810614,0.20018531 23.923847,-66.14773,435.9575 0.19893805555555555,0.19893799999999998 517,84,845,412 560,161,647,213 728,179,807,226
p01\face\283.jpg p01\left\283.jpg p01\right\283.jpg p01\grid\283.jpg day11/0169.jpg left 642.0,129.0 -0.08785587,0.49236557 -0.649262,2.590124,409.95877 0.19893805555555555,0.19893799999999998 448,244,794,590 495,326,583,378 671,345,755,395
p01\face\284.jpg p01\left\284.jpg p01\right\284.jpg p01\grid\284.jpg day49/0199.jpg left 392.0,87.0 -0.0959349,-0.13534293 32.549656,-22.491007,450.25287 0.19893805555555555,0.19893799999999998 543,198,853,508 583,269,665,318 748,289,815,329
p01\face\285.jpg p01\left\285.jpg p01\right\285.jpg p01\grid\285.jpg day53/0638.jpg left 805.0,240.0 -0.095734835,0.33381435 -23.364897,-19.921698,503.02744 0.19893805555555555,0.19893799999999998 433,217,716,500 471,285,547,330 610,295,685,340
p01\face\286.jpg p01\left\286.jpg p01\right\286.jpg p01\grid\286.jpg day42/0329.jpg left 718.0,698.0 0.02197275,-0.28878734 7.081808,-30.525253,483.07037 0.19893805555555555,0.19893799999999998 497,190,785,478 535,263,608,306 680,270,750,312
p01\face\287.jpg p01\left\287.jpg p01\right\287.jpg p01\grid\287.jpg day50/0258.jpg left 96.0,669.0 0.004666769,0.27901772 49.881203,-50.539196,468.21176 0.19893805555555555,0.19893799999999998 583,138,886,441 626,208,705,255 780,228,853,271
p01\face\288.jpg p01\left\288.jpg p01\right\288.jpg p01\grid\288.jpg day27/0183.jpg left 335.0,227.0 -0.04680755,0.42050213 13.469672,16.474836,571.67004 0.19893805555555555,0.19893799999999998 529,304,770,545 562,361,623,397 684,373,742,407
p01\face\289.jpg p01\left\289.jpg p01\right\289.jpg p01\grid\289.jpg day41/0457.jpg left 1273.0,809.0 0.025125524,-0.124966696 -10.59214,-10.545572,528.4511 0.19893805555555555,0.19893799999999998 472,246,736,510 509,311,572,348 640,318,707,358
p01\face\290.jpg p01\left\290.jpg p01\right\290.jpg p01\grid\290.jpg day07/0160.jpg left 385.0,582.0 -0.061073806,0.34965315 6.031491,-27.98834,491.2911 0.19893805555555555,0.19893799999999998 493,197,781,485 531,266,606,311 678,280,747,321
p01\face\291.jpg p01\left\291.jpg p01\right\291.jpg p01\grid\291.jpg day41/0079.jpg left 461.0,428.0 -0.07177084,0.4029513 3.312478,-11.607504,542.2085 0.19893805555555555,0.19893799999999998 503,246,758,501 538,307,602,345 668,320,729,356
p01\face\292.jpg p01\left\292.jpg p01\right\292.jpg p01\grid\292.jpg day43/0343.jpg left 546.0,785.0 -0.023960302,0.4937164 8.797011,15.467673,483.34503 0.19893805555555555,0.19893799999999998 496,289,790,583 536,360,611,405 685,372,757,415
p01\face\293.jpg p01\left\293.jpg p01\right\293.jpg p01\grid\293.jpg day45/0546.jpg left 661.0,638.0 -0.018365793,0.478471 17.305878,25.48648,504.7964 0.19893805555555555,0.19893799999999998 519,313,801,595 558,380,630,423 700,393,769,434
p01\face\294.jpg p01\left\294.jpg p01\right\294.jpg p01\grid\294.jpg day44/0202.jpg left 571.0,434.0 0.018508332,-0.2398292 8.470588,-27.781757,354.17117 0.19893805555555555,0.19893799999999998 451,139,844,532 505,235,605,295 701,250,800,309
p01\face\295.jpg p01\left\295.jpg p01\right\295.jpg p01\grid\295.jpg day04/0223.jpg left 627.0,198.0 0.020774353,-0.27306882 9.802495,-9.26976,546.3914 0.19893805555555555,0.19893799999999998 518,251,771,504 551,315,615,353 680,322,741,358
p01\face\296.jpg p01\left\296.jpg p01\right\296.jpg p01\grid\296.jpg day36/0032.jpg left 413.0,642.0 -0.26273352,-0.12308816 4.257345,-7.549052,391.11334 0.19893805555555555,0.19893799999999998 456,219,805,568 501,298,594,353 689,320,762,363
p01\face\297.jpg p01\left\297.jpg p01\right\297.jpg p01\grid\297.jpg day49/0076.jpg left 1432.0,151.0 0.012693995,0.30860832 -29.99982,1.943826,430.22104 0.19893805555555555,0.19893799999999998 385,250,715,580 433,333,511,379 595,337,680,388
p01\face\298.jpg p01\left\298.jpg p01\right\298.jpg p01\grid\298.jpg day64/0011.jpg left 983.0,232.0 -0.042723436,-0.17579474 -26.292246,-23.680273,422.72772 0.19893805555555555,0.19893799999999998 393,184,726,517 438,267,520,316 603,274,688,325
p01\face\299.jpg p01\left\299.jpg p01\right\299.jpg p01\grid\299.jpg day10/0178.jpg left 408.0,373.0 -0.021165665,-0.17726266 1.264403,-20.257624,490.02975 0.19893805555555555,0.19893799999999998 484,216,767,499 523,283,596,326 668,297,735,337
p01\face\300.jpg p01\left\300.jpg p01\right\300.jpg p01\grid\300.jpg day32/0133.jpg left 770.0,887.0 -0.006784749,-0.17163071 6.515526,12.424873,397.65927 0.19893805555555555,0.19893799999999998 462,265,820,623 511,355,602,409 689,364,780,418
p01\face\301.jpg p01\left\301.jpg p01\right\301.jpg p01\grid\301.jpg day34/0272.jpg left 916.0,840.0 -0.047588136,-0.27352023 -14.772645,-33.200916,623.17535 0.19893805555555555,0.19893799999999998 486,220,715,449 516,278,573,312 634,285,688,317
p01\face\302.jpg p01\left\302.jpg p01\right\302.jpg p01\grid\302.jpg day34/0004.jpg left 445.0,370.0 -0.041505683,0.24460517 24.414934,-14.115541,426.03 0.19893805555555555,0.19893799999999998 518,210,849,541 562,286,649,338 730,303,811,351
p01\face\303.jpg p01\left\303.jpg p01\right\303.jpg p01\grid\303.jpg day49/0357.jpg left 1027.0,604.0 0.031526234,0.48867446 10.145787,0.215211,479.61002 0.19893805555555555,0.19893799999999998 500,254,795,549 541,331,611,373 687,336,762,381
p01\face\304.jpg p01\left\304.jpg p01\right\304.jpg p01\grid\304.jpg day21/0204.jpg left 1323.0,863.0 0.00059321587,-0.14580223 -17.914713,-11.931345,448.89493 0.19893805555555555,0.19893799999999998 431,224,740,533 472,305,542,347 627,305,702,350
p01\face\305.jpg p01\left\305.jpg p01\right\305.jpg p01\grid\305.jpg day50/0305.jpg left 392.0,752.0 -0.059300773,-0.41627035 -31.010063,-62.750336,494.30185 0.19893805555555555,0.19893799999999998 418,125,697,404 455,194,528,237 598,207,664,246
p01\face\306.jpg p01\left\306.jpg p01\right\306.jpg p01\grid\306.jpg day34/0035.jpg left 778.0,14.0 -0.035450496,0.35903704 -0.665365,-14.558072,446.53278 0.19893805555555555,0.19893799999999998 465,213,783,531 506,292,587,340 667,301,745,347
p01\face\307.jpg p01\left\307.jpg p01\right\307.jpg p01\grid\307.jpg day31/0188.jpg left 1398.0,498.0 0.004024684,0.39684546 -37.40149,-4.156077,550.5706 0.19893805555555555,0.19893799999999998 426,260,682,516 462,328,522,364 588,328,654,367
p01\face\308.jpg p01\left\308.jpg p01\right\308.jpg p01\grid\308.jpg day38/0153.jpg left 890.0,769.0 -0.006117548,0.3725948 15.820066,15.49385,537.31323 0.19893805555555555,0.19893799999999998 523,295,790,562 559,362,626,402 693,369,759,408
p01\face\309.jpg p01\left\309.jpg p01\right\309.jpg p01\grid\309.jpg day21/0010.jpg left 922.0,424.0 0.006366875,0.2720983 16.526796,-22.921906,523.81995 0.19893805555555555,0.19893799999999998 523,217,794,488 560,285,627,325 696,292,763,332
p01\face\310.jpg p01\left\310.jpg p01\right\310.jpg p01\grid\310.jpg day63/0303.jpg left 522.0,346.0 -0.0952914,0.42995527 -44.412994,-15.595038,668.70776 0.19893805555555555,0.19893799999999998 449,257,660,468 478,310,533,343 584,318,636,349
p01\face\311.jpg p01\left\311.jpg p01\right\311.jpg p01\grid\311.jpg day22/0039.jpg left 591.0,753.0 -0.016019119,-0.14806119 -14.480566,-16.775974,495.40732 0.19893805555555555,0.19893799999999998 453,223,738,508 490,295,562,338 633,300,703,342
p01\face\312.jpg p01\left\312.jpg p01\right\312.jpg p01\grid\312.jpg day49/0524.jpg left 551.0,611.0 -0.022286512,-0.10942293 7.921836,-4.759299,389.3862 0.19893805555555555,0.19893799999999998 466,223,823,580 514,309,602,361 698,323,780,372
p01\face\313.jpg p01\left\313.jpg p01\right\313.jpg p01\grid\313.jpg day55/0366.jpg left 595.0,767.0 -0.023019457,0.5056094 -6.30854,34.220474,546.02716 0.19893805555555555,0.19893799999999998 483,331,745,593 517,399,584,439 649,403,713,441
p01\face\314.jpg p01\left\314.jpg p01\right\314.jpg p01\grid\314.jpg day27/0199.jpg left 1309.0,179.0 -0.04118217,0.5299293 -13.503961,21.889366,556.56433 0.19893805555555555,0.19893799999999998 474,310,726,562 509,374,570,410 633,380,697,418
p01\face\315.jpg p01\left\315.jpg p01\right\315.jpg p01\grid\315.jpg day12/0483.jpg left 66.0,240.0 -0.1359947,0.16541381 -10.873867,-30.560875,569.4854 0.19893805555555555,0.19893799999999998 482,217,726,461 514,274,577,311 640,286,697,320
p01\face\316.jpg p01\left\316.jpg p01\right\316.jpg p01\grid\316.jpg day15/0388.jpg left 1436.0,507.0 0.068200015,0.06863126 -23.473175,5.574279,439.4299 0.19893805555555555,0.19893799999999998 412,264,730,582 456,347,529,390 611,343,693,392
p01\face\317.jpg p01\left\317.jpg p01\right\317.jpg p01\grid\317.jpg day56/0226.jpg left 864.0,702.0 0.043718297,0.39391977 35.21162,-44.065514,423.04608 0.19893805555555555,0.19893799999999998 543,130,877,464 591,213,673,262 760,228,841,276
p01\face\318.jpg p01\left\318.jpg p01\right\318.jpg p01\grid\318.jpg day49/0469.jpg left 1329.0,182.0 0.060430173,0.3881695 -27.514217,-8.215593,496.36462 0.19893805555555555,0.19893799999999998 425,242,708,525 466,317,532,356 603,315,678,360
p01\face\319.jpg p01\left\319.jpg p01\right\319.jpg p01\grid\319.jpg day56/0081.jpg left 464.0,713.0 0.007378162,0.3671876 26.834032,-0.312973,471.12674 0.19893805555555555,0.19893799999999998 533,252,836,555 574,325,650,370 728,339,801,382
p01\face\320.jpg p01\left\320.jpg p01\right\320.jpg p01\grid\320.jpg day58/0618.jpg left 302.0,33.0 0.011861537,0.35422257 51.905327,-38.749847,442.40268 0.19893805555555555,0.19893799999999998 586,152,908,474 630,229,714,279 794,248,872,294
p01\face\321.jpg p01\left\321.jpg p01\right\321.jpg p01\grid\321.jpg day51/0373.jpg left 791.0,689.0 -0.031146346,-0.1917777 -17.763393,-17.59803,480.79163 0.19893805555555555,0.19893799999999998 439,218,730,509 480,289,553,332 625,300,698,343
p01\face\322.jpg p01\left\322.jpg p01\right\322.jpg p01\grid\322.jpg day41/0199.jpg left 357.0,431.0 -0.050248314,0.30836242 40.728092,-19.006342,526.28015 0.19893805555555555,0.19893799999999998 571,226,839,494 607,287,679,330 744,305,808,343
p01\face\323.jpg p01\left\323.jpg p01\right\323.jpg p01\grid\323.jpg day16/0025.jpg left 1058.0,196.0 -0.02187999,0.4322044 -8.459002,-19.465694,487.11954 0.19893805555555555,0.19893799999999998 463,215,749,501 503,288,572,329 645,294,718,337
p01\face\324.jpg p01\left\324.jpg p01\right\324.jpg p01\grid\324.jpg day17/0265.jpg left 196.0,740.0 -0.02445758,-0.109042756 24.98229,-13.31277,436.66934 0.19893805555555555,0.19893799999999998 523,216,842,535 566,291,650,341 730,307,805,352
p01\face\325.jpg p01\left\325.jpg p01\right\325.jpg p01\grid\325.jpg day54/0074.jpg left 217.0,23.0 -0.053214934,0.32229617 24.635908,19.378164,477.05676 0.19893805555555555,0.19893799999999998 528,298,826,596 569,366,647,412 721,384,793,427
p01\face\326.jpg p01\left\326.jpg p01\right\326.jpg p01\grid\326.jpg day53/0580.jpg left 656.0,145.0 0.012868618,-0.25199023 5.55527,24.670544,503.33377 0.19893805555555555,0.19893799999999998 498,313,772,587 536,380,605,421 675,392,742,432
p01\face\327.jpg p01\left\327.jpg p01\right\327.jpg p01\grid\327.jpg day16/0311.jpg left 1350.0,328.0 0.052054405,0.10733925 -67.96296,-40.891823,441.114 0.19893805555555555,0.19893799999999998 304,150,625,471 347,236,423,281 504,230,588,280
p01\face\328.jpg p01\left\328.jpg p01\right\328.jpg p01\grid\328.jpg day59/0616.jpg left 166.0,675.0 0.006461928,-0.14891128 -4.364297,28.706364,467.47397 0.19893805555555555,0.19893799999999998 466,320,763,617 505,391,581,436 657,404,727,446
p01\face\329.jpg p01\left\329.jpg p01\right\329.jpg p01\grid\329.jpg day58/0312.jpg left 399.0,11.0 -0.045500502,0.28864953 12.782578,-49.040855,541.0248 0.19893805555555555,0.19893799999999998 518,170,780,432 554,233,621,273 686,246,750,284
p01\face\330.jpg p01\left\330.jpg p01\right\330.jpg p01\grid\330.jpg day65/0046.jpg left 13.0,137.0 -0.054960057,0.013887682 21.074928,13.317816,400.15756 0.19893805555555555,0.19893799999999998 504,275,853,624 549,355,642,410 728,371,812,421
p01\face\331.jpg p01\left\331.jpg p01\right\331.jpg p01\grid\331.jpg day61/0144.jpg left 1055.0,898.0 0.005901228,0.28502798 -25.034964,-39.676517,450.31833 0.19893805555555555,0.19893799999999998 408,155,724,471 452,237,527,282 608,240,689,288
p01\face\332.jpg p01\left\332.jpg p01\right\332.jpg p01\grid\332.jpg day53/0125.jpg left 666.0,542.0 -0.07239383,0.2598676 -20.221603,-12.588594,532.36365 0.19893805555555555,0.19893799999999998 451,240,719,508 487,307,554,347 622,313,688,352
p01\face\333.jpg p01\left\333.jpg p01\right\333.jpg p01\grid\333.jpg day07/0240.jpg left 1391.0,420.0 0.004036821,0.42598817 -35.51944,42.753174,596.0049 0.19893805555555555,0.19893799999999998 445,351,682,588 477,413,534,447 594,412,655,448
p01\face\334.jpg p01\left\334.jpg p01\right\334.jpg p01\grid\334.jpg day65/0010.jpg left 163.0,441.0 -0.043149486,-0.08346431 12.243136,6.633335,403.94748 0.19893805555555555,0.19893799999999998 480,255,829,604 525,334,616,388 705,356,786,404
p01\face\335.jpg p01\left\335.jpg p01\right\335.jpg p01\grid\335.jpg day54/0130.jpg left 843.0,875.0 0.05864095,-0.18176883 21.72941,-0.92265,429.21533 0.19893805555555555,0.19893799999999998 514,243,838,567 561,320,640,367 722,337,803,385
p01\face\336.jpg p01\left\336.jpg p01\right\336.jpg p01\grid\336.jpg day03/0352.jpg left 1329.0,877.0 0.08702291,0.19009064 -14.698692,1.625116,546.08014 0.19893805555555555,0.19893799999999998 471,272,730,531 505,343,566,379 630,334,699,375
p01\face\337.jpg p01\left\337.jpg p01\right\337.jpg p01\grid\337.jpg day37/0301.jpg left 1116.0,224.0 -0.024681307,-0.08356928 -24.321598,-0.26224,349.86212 0.19893805555555555,0.19893799999999998 351,221,750,620 408,323,501,378 604,328,707,389
p01\face\338.jpg p01\left\338.jpg p01\right\338.jpg p01\grid\338.jpg day37/0411.jpg left 703.0,154.0 0.019133367,0.44078034 19.203445,20.340603,472.3654 0.19893805555555555,0.19893799999999998 514,299,815,600 558,369,633,414 709,386,784,431
p01\face\339.jpg p01\left\339.jpg p01\right\339.jpg p01\grid\339.jpg day50/0087.jpg left 766.0,464.0 0.035119437,-0.19126841 25.479372,13.904158,547.7001 0.19893805555555555,0.19893799999999998 547,295,802,550 581,358,645,396 709,367,772,404
p01\face\340.jpg p01\left\340.jpg p01\right\340.jpg p01\grid\340.jpg day54/0517.jpg left 269.0,891.0 -0.0450487,0.32108173 21.54082,-21.580145,471.66586 0.19893805555555555,0.19893799999999998 520,205,821,506 562,276,638,321 716,293,788,336
p01\face\341.jpg p01\left\341.jpg p01\right\341.jpg p01\grid\341.jpg day42/0081.jpg left 368.0,611.0 -0.13869941,0.26596683 -46.666645,-3.653212,520.63745 0.19893805555555555,0.19893799999999998 391,255,667,531 428,320,500,363 569,333,635,372
p01\face\342.jpg p01\left\342.jpg p01\right\342.jpg p01\grid\342.jpg day41/0122.jpg left 1176.0,102.0 0.019791923,0.30954206 -2.950163,-18.485039,536.5989 0.19893805555555555,0.19893799999999998 488,230,752,494 524,297,588,335 655,301,722,341
p01\face\343.jpg p01\left\343.jpg p01\right\343.jpg p01\grid\343.jpg day15/0526.jpg left 620.0,770.0 -0.10176514,0.4829805 -24.42179,51.249634,536.53955 0.19893805555555555,0.19893799999999998 445,366,712,633 478,433,547,474 614,438,678,476
p01\face\344.jpg p01\left\344.jpg p01\right\344.jpg p01\grid\344.jpg day15/0497.jpg left 865.0,130.0 -0.04837704,0.27130657 -16.78139,-19.614943,376.58862 0.19893805555555555,0.19893799999999998 385,172,766,553 438,265,531,320 629,280,723,336
p01\face\345.jpg p01\left\345.jpg p01\right\345.jpg p01\grid\345.jpg day10/0176.jpg left 1360.0,579.0 -0.01775523,0.3014402 -33.422623,-18.119028,501.69534 0.19893805555555555,0.19893799999999998 413,222,695,504 454,294,520,333 592,298,665,341
p01\face\346.jpg p01\left\346.jpg p01\right\346.jpg p01\grid\346.jpg day51/0320.jpg left 339.0,494.0 -0.0999499,0.3134082 -17.548279,-14.844597,546.25165 0.19893805555555555,0.19893799999999998 462,240,720,498 495,301,564,342 626,312,689,349
p01\face\347.jpg p01\left\347.jpg p01\right\347.jpg p01\grid\347.jpg day43/0305.jpg left 985.0,348.0 0.01926045,-0.19541204 9.559292,-41.32576,411.6559 0.19893805555555555,0.19893799999999998 478,135,817,474 526,217,610,267 695,230,780,281
p01\face\348.jpg p01\left\348.jpg p01\right\348.jpg p01\grid\348.jpg day36/0069.jpg left 1112.0,755.0 0.1737138,0.034739077 -32.500095,3.381621,562.8131 0.19893805555555555,0.19893799999999998 444,281,688,525 477,341,537,377 597,343,660,380
p01\face\349.jpg p01\left\349.jpg p01\right\349.jpg p01\grid\349.jpg day60/0036.jpg left 100.0,287.0 -0.024544906,0.32044965 35.208042,-48.449898,479.43256 0.19893805555555555,0.19893799999999998 554,148,849,443 593,219,669,264 745,234,814,275
p01\face\350.jpg p01\left\350.jpg p01\right\350.jpg p01\grid\350.jpg day53/0146.jpg left 813.0,75.0 -0.017889507,0.3881241 -14.496013,14.489373,605.7797 0.19893805555555555,0.19893799999999998 482,300,719,537 514,359,574,395 632,365,692,401
p01\face\351.jpg p01\left\351.jpg p01\right\351.jpg p01\grid\351.jpg day63/0247.jpg left 167.0,72.0 0.0007388451,0.35801682 54.739243,-31.498308,486.05167 0.19893805555555555,0.19893799999999998 597,186,891,480 635,258,713,304 785,271,855,313
p01\face\352.jpg p01\left\352.jpg p01\right\352.jpg p01\grid\352.jpg day54/0710.jpg left 417.0,889.0 0.02939365,-0.057961036 2.598832,-5.11516,479.70416 0.19893805555555555,0.19893799999999998 482,243,780,541 524,318,597,361 669,323,748,370
p01\face\353.jpg p01\left\353.jpg p01\right\353.jpg p01\grid\353.jpg day32/0167.jpg left 986.0,297.0 0.07055855,0.39018494 32.592068,-10.025504,484.12128 0.19893805555555555,0.19893799999999998 549,233,843,527 590,307,662,350 737,315,810,358
p01\face\354.jpg p01\left\354.jpg p01\right\354.jpg p01\grid\354.jpg day59/0159.jpg left 369.0,160.0 -0.22489548,-0.099081814 13.061152,-9.198652,512.06305 0.19893805555555555,0.19893799999999998 514,246,785,517 549,309,621,352 692,322,752,358
p01\face\355.jpg p01\left\355.jpg p01\right\355.jpg p01\grid\355.jpg day53/0601.jpg left 505.0,539.0 0.03153764,0.3437478 64.11118,-18.720884,465.04733 0.19893805555555555,0.19893799999999998 614,208,921,515 658,279,737,326 813,300,888,345
p01\face\356.jpg p01\left\356.jpg p01\right\356.jpg p01\grid\356.jpg day47/0304.jpg left 903.0,773.0 0.04251073,-0.18068585 22.707985,9.555643,515.9515 0.19893805555555555,0.19893799999999998 534,283,804,553 572,346,641,387 709,362,775,401
p01\face\357.jpg p01\left\357.jpg p01\right\357.jpg p01\grid\357.jpg day03/0148.jpg left 335.0,404.0 -0.057276394,0.49927193 -17.211164,28.468332,525.6037 0.19893805555555555,0.19893799999999998 456,320,726,590 491,388,560,429 628,395,694,434
p01\face\358.jpg p01\left\358.jpg p01\right\358.jpg p01\grid\358.jpg day51/0290.jpg left 942.0,598.0 -0.041533493,-0.1993112 -22.805824,-11.583155,621.94684 0.19893805555555555,0.19893799999999998 475,258,701,484 504,318,561,352 617,318,674,352
p01\face\359.jpg p01\left\359.jpg p01\right\359.jpg p01\grid\359.jpg day64/0255.jpg left 1311.0,713.0 -0.019032264,-0.029898172 -53.08632,92.580414,551.8504 0.19893805555555555,0.19893799999999998 356,408,690,742 432,511,493,547 558,516,621,553
p01\face\360.jpg p01\left\360.jpg p01\right\360.jpg p01\grid\360.jpg day58/0730.jpg left 1009.0,98.0 0.026390238,0.44682965 10.824275,9.71448,452.33572 0.19893805555555555,0.19893799999999998 492,272,805,585 537,349,612,394 693,359,772,406
p01\face\361.jpg p01\left\361.jpg p01\right\361.jpg p01\grid\361.jpg day57/0378.jpg left 65.0,411.0 -0.015214846,-0.19303177 10.630976,-48.84771,403.261 0.19893805555555555,0.19893799999999998 476,110,824,458 523,192,613,246 701,210,783,259
p01\face\362.jpg p01\left\362.jpg p01\right\362.jpg p01\grid\362.jpg day62/0223.jpg left 1336.0,563.0 0.060280904,0.31151238 -13.973806,-27.306093,467.07983 0.19893805555555555,0.19893799999999998 444,191,747,494 485,272,557,315 634,269,712,315
p01\face\363.jpg p01\left\363.jpg p01\right\363.jpg p01\grid\363.jpg day34/0171.jpg left 118.0,754.0 0.02518889,-0.14005469 -14.622975,-16.889292,640.82495 0.19893805555555555,0.19893799999999998 489,252,711,474 521,304,576,337 633,316,687,348
p01\face\364.jpg p01\left\364.jpg p01\right\364.jpg p01\grid\364.jpg day61/0296.jpg left 1151.0,518.0 -0.03504332,-0.250975 -26.399656,-36.327744,456.58575 0.19893805555555555,0.19893799999999998 411,167,718,474 452,245,528,290 604,251,683,298
p01\face\365.jpg p01\left\365.jpg p01\right\365.jpg p01\grid\365.jpg day04/0446.jpg left 866.0,48.0 -0.023206407,-0.15498494 -9.916126,-18.257998,400.98868 0.19893805555555555,0.19893799999999998 423,189,772,538 472,276,557,327 646,285,733,337
p01\face\366.jpg p01\left\366.jpg p01\right\366.jpg p01\grid\366.jpg day58/0257.jpg left 751.0,106.0 0.029967781,-0.41610545 19.312794,-110.91682,513.299 0.19893805555555555,0.19893799999999998 529,34,802,307 566,104,633,144 703,108,770,148
p01\face\367.jpg p01\left\367.jpg p01\right\367.jpg p01\grid\367.jpg day36/0073.jpg left 1237.0,694.0 -0.04456907,-0.14575517 -48.033985,-22.764769,472.6631 0.19893805555555555,0.19893799999999998 367,204,665,502 410,277,483,320 556,286,634,332
p01\face\368.jpg p01\left\368.jpg p01\right\368.jpg p01\grid\368.jpg day37/0216.jpg left 52.0,349.0 -0.112284355,-0.17400803 -3.038425,-54.604206,572.3274 0.19893805555555555,0.19893799999999998 494,172,740,418 527,226,591,264 654,245,711,279
p01\face\369.jpg p01\left\369.jpg p01\right\369.jpg p01\grid\369.jpg day49/0117.jpg left 886.0,556.0 -0.0021344225,-0.12366353 10.664703,35.01375,519.08545 0.19893805555555555,0.19893799999999998 513,334,784,605 549,405,616,445 682,405,752,447
p01\face\370.jpg p01\left\370.jpg p01\right\370.jpg p01\grid\370.jpg day28/0098.jpg left 480.0,593.0 -0.10245479,0.49338424 -34.47182,35.659534,632.76196 0.19893805555555555,0.19893799999999998 456,337,681,562 485,394,543,428 599,400,654,433
p01\face\371.jpg p01\left\371.jpg p01\right\371.jpg p01\grid\371.jpg day58/0010.jpg left 661.0,847.0 -0.031928286,0.23480645 23.439737,-57.016533,483.47165 0.19893805555555555,0.19893799999999998 527,131,821,425 568,199,643,244 716,217,789,260
p01\face\372.jpg p01\left\372.jpg p01\right\372.jpg p01\grid\372.jpg day58/0582.jpg left 536.0,474.0 -0.034608312,-0.27683643 -5.079572,-24.708166,488.26895 0.19893805555555555,0.19893799999999998 471,204,757,490 509,277,582,320 653,283,723,325
p01\face\373.jpg p01\left\373.jpg p01\right\373.jpg p01\grid\373.jpg day31/0235.jpg left 1260.0,475.0 0.041483827,0.37727654 -16.491137,3.501906,497.7062 0.19893805555555555,0.19893799999999998 447,266,733,552 487,340,556,381 627,341,702,386
p01\face\374.jpg p01\left\374.jpg p01\right\374.jpg p01\grid\374.jpg day22/0211.jpg left 782.0,765.0 -0.0042458465,-0.25707597 -15.26821,-8.565533,572.20386 0.19893805555555555,0.19893799999999998 476,256,719,499 509,318,569,354 631,324,691,360
p01\face\375.jpg p01\left\375.jpg p01\right\375.jpg p01\grid\375.jpg day17/0517.jpg left 774.0,688.0 -0.020737533,0.37879276 -0.253828,-15.728853,440.15613 0.19893805555555555,0.19893799999999998 463,208,785,530 507,290,586,337 669,297,748,344
p01\face\376.jpg p01\left\376.jpg p01\right\376.jpg p01\grid\376.jpg day59/0453.jpg left 1143.0,47.0 0.0008259669,-0.06978377 -24.260586,-3.918497,379.80606 0.19893805555555555,0.19893799999999998 372,221,741,590 424,312,512,364 606,321,700,377
p01\face\377.jpg p01\left\377.jpg p01\right\377.jpg p01\grid\377.jpg day54/0528.jpg left 644.0,865.0 0.009789567,0.34199324 8.688981,-21.414429,467.4189 0.19893805555555555,0.19893799999999998 491,203,797,509 533,279,608,324 687,289,762,334
p01\face\378.jpg p01\left\378.jpg p01\right\378.jpg p01\grid\378.jpg day12/0581.jpg left 273.0,97.0 -0.03461442,0.31112605 32.746784,-44.530903,526.42377 0.19893805555555555,0.19893799999999998 556,174,826,444 591,239,661,281 728,251,794,290
p01\face\379.jpg p01\left\379.jpg p01\right\379.jpg p01\grid\379.jpg day04/0151.jpg left 1425.0,465.0 -0.0064244084,-0.16097021 -13.943113,-10.322595,463.46515 0.19893805555555555,0.19893799999999998 444,230,745,531 486,309,555,350 634,309,712,355
p01\face\380.jpg p01\left\380.jpg p01\right\380.jpg p01\grid\380.jpg day15/0428.jpg left 1025.0,797.0 -0.029633421,-0.19243602 -21.181515,-18.579527,449.14844 0.19893805555555555,0.19893799999999998 419,207,729,517 462,283,538,328 617,294,695,340
p01\face\381.jpg p01\left\381.jpg p01\right\381.jpg p01\grid\381.jpg day38/0455.jpg left 835.0,505.0 -0.02382559,0.4756183 -11.932126,34.264874,547.1165 0.19893805555555555,0.19893799999999998 471,333,730,592 508,397,571,434 638,407,702,445
p01\face\382.jpg p01\left\382.jpg p01\right\382.jpg p01\grid\382.jpg day54/0002.jpg left 1336.0,597.0 0.045040842,0.27755898 8.250523,-42.196644,446.1489 0.19893805555555555,0.19893799999999998 486,148,804,466 530,229,605,274 687,234,768,282
p01\face\383.jpg p01\left\383.jpg p01\right\383.jpg p01\grid\383.jpg day64/0242.jpg left 860.0,58.0 -0.02836212,-0.18447806 -25.656622,56.28844,506.72662 0.19893805555555555,0.19893799999999998 433,379,707,653 471,446,540,487 608,456,677,497
p01\face\384.jpg p01\left\384.jpg p01\right\384.jpg p01\grid\384.jpg day17/0391.jpg left 47.0,621.0 -0.021753237,-0.102833204 15.723144,-20.878643,432.37814 0.19893805555555555,0.19893799999999998 500,196,824,520 543,273,627,323 708,286,786,332
p01\face\385.jpg p01\left\385.jpg p01\right\385.jpg p01\grid\385.jpg day61/0364.jpg left 1040.0,443.0 -0.041300107,-0.21969381 14.19177,-29.395906,442.30643 0.19893805555555555,0.19893799999999998 499,179,814,494 544,256,622,302 702,266,780,312
p01\face\386.jpg p01\left\386.jpg p01\right\386.jpg p01\grid\386.jpg day52/0088.jpg left 734.0,394.0 -0.00011049448,-0.22776034 -7.43769,-30.941015,492.62424 0.19893805555555555,0.19893799999999998 466,193,749,476 505,261,577,304 648,274,717,315
p01\face\387.jpg p01\left\387.jpg p01\right\387.jpg p01\grid\387.jpg day31/0303.jpg left 1037.0,70.0 0.0312533,-0.11827768 1.786136,-13.077511,443.36972 0.19893805555555555,0.19893799999999998 469,218,784,533 516,294,591,339 671,307,752,355
p01\face\388.jpg p01\left\388.jpg p01\right\388.jpg p01\grid\388.jpg day53/0151.jpg left 75.0,37.0 -0.07134426,0.3890571 0.39981,12.304183,614.5607 0.19893805555555555,0.19893799999999998 511,298,742,529 541,353,601,389 659,363,714,396
p01\face\389.jpg p01\left\389.jpg p01\right\389.jpg p01\grid\389.jpg day57/0373.jpg left 372.0,726.0 -0.020749182,0.23157911 2.062559,-44.316936,406.05414 0.19893805555555555,0.19893799999999998 452,120,807,475 499,208,590,262 680,220,765,271
p01\face\390.jpg p01\left\390.jpg p01\right\390.jpg p01\grid\390.jpg day16/0201.jpg left 432.0,148.0 -0.003432333,0.38433567 25.451492,-15.043194,479.6146 0.19893805555555555,0.19893799999999998 535,222,830,517 572,296,647,341 723,303,793,345
p01\face\391.jpg p01\left\391.jpg p01\right\391.jpg p01\grid\391.jpg day63/0042.jpg left 1239.0,583.0 -0.05129588,-0.17882414 -19.16161,2.196604,480.9136 0.19893805555555555,0.19893799999999998 437,261,728,552 478,335,548,377 621,340,696,385
p01\face\392.jpg p01\left\392.jpg p01\right\392.jpg p01\grid\392.jpg day03/0347.jpg left 171.0,26.0 -0.045235213,0.32277066 21.621866,-12.450109,546.98956 0.19893805555555555,0.19893799999999998 539,243,798,502 570,308,639,349 704,314,765,350
p01\face\393.jpg p01\left\393.jpg p01\right\393.jpg p01\grid\393.jpg day49/0227.jpg left 1206.0,848.0 -0.011856488,-0.1412952 -33.35053,36.08511,439.89008 0.19893805555555555,0.19893799999999998 387,336,702,651 431,414,506,459 586,422,667,470
p01\face\394.jpg p01\left\394.jpg p01\right\394.jpg p01\grid\394.jpg day63/0140.jpg left 523.0,523.0 0.023624828,0.5478411 22.142046,32.540413,459.75565 0.19893805555555555,0.19893799999999998 519,324,829,634 563,400,639,445 719,414,795,459
p01\face\395.jpg p01\left\395.jpg p01\right\395.jpg p01\grid\395.jpg day42/0275.jpg left 63.0,635.0 -0.032656774,-0.23315664 8.449677,-41.6183,456.3737 0.19893805555555555,0.19893799999999998 491,156,797,462 530,230,611,278 687,241,760,284
p01\face\396.jpg p01\left\396.jpg p01\right\396.jpg p01\grid\396.jpg day56/0228.jpg left 1298.0,106.0 0.07514232,0.29869822 26.565296,-50.89475,428.926 0.19893805555555555,0.19893799999999998 524,118,854,448 572,202,650,248 736,210,818,259
p01\face\397.jpg p01\left\397.jpg p01\right\397.jpg p01\grid\397.jpg day48/0147.jpg left 89.0,711.0 0.012420046,0.2750631 33.78131,-51.30459,539.54486 0.19893805555555555,0.19893799999999998 560,166,822,428 594,230,663,271 728,239,791,276
p01\face\398.jpg p01\left\398.jpg p01\right\398.jpg p01\grid\398.jpg day26/0026.jpg left 1372.0,50.0 0.06225528,0.41749135 -16.548347,-8.880059,536.96796 0.19893805555555555,0.19893799999999998 462,249,723,510 500,318,561,354 628,318,695,358
p01\face\399.jpg p01\left\399.jpg p01\right\399.jpg p01\grid\399.jpg day58/0096.jpg left 25.0,613.0 -0.0062026,0.38545376 32.777863,-12.464921,469.48566 0.19893805555555555,0.19893799999999998 547,224,850,527 587,298,666,345 741,310,814,353
p01\face\400.jpg p01\left\400.jpg p01\right\400.jpg p01\grid\400.jpg day63/0300.jpg left 599.0,601.0 -0.1062106,0.46292886 -43.107838,-13.306014,673.2167 0.19893805555555555,0.19893799999999998 452,262,660,470 482,313,534,344 586,323,638,354
p01\face\401.jpg p01\left\401.jpg p01\right\401.jpg p01\grid\401.jpg day45/0101.jpg left 957.0,238.0 0.0077022924,-0.07826379 -9.748624,19.120785,444.32544 0.19893805555555555,0.19893799999999998 443,294,759,610 488,374,564,419 643,379,725,428
p01\face\402.jpg p01\left\402.jpg p01\right\402.jpg p01\grid\402.jpg day49/0139.jpg left 996.0,55.0 -0.035947353,0.31288168 -14.885175,-99.42491,480.9587 0.19893805555555555,0.19893799999999998 445,36,737,328 486,109,558,152 632,120,705,163
p01\face\403.jpg p01\left\403.jpg p01\right\403.jpg p01\grid\403.jpg day43/0475.jpg left 1367.0,322.0 0.051853016,-0.24444667 10.432206,-55.69118,434.63806 0.19893805555555555,0.19893799999999998 488,112,807,431 535,189,611,234 693,204,774,252
p01\face\404.jpg p01\left\404.jpg p01\right\404.jpg p01\grid\404.jpg day03/0361.jpg left 1347.0,716.0 0.00549202,-0.07045805 -27.240757,6.072861,471.8996 0.19893805555555555,0.19893799999999998 418,270,713,565 458,346,527,387 604,347,679,392
p01\face\405.jpg p01\left\405.jpg p01\right\405.jpg p01\grid\405.jpg day37/0202.jpg left 790.0,298.0 -0.14739569,-0.24377048 -21.575191,-57.515003,556.688 0.19893805555555555,0.19893799999999998 455,159,710,414 490,221,554,259 620,231,681,267
p01\face\406.jpg p01\left\406.jpg p01\right\406.jpg p01\grid\406.jpg day37/0302.jpg left 506.0,110.0 0.07453216,-0.14930461 30.42038,-7.810424,368.969 0.19893805555555555,0.19893799999999998 518,204,899,585 570,293,669,352 763,315,856,370
p01\face\407.jpg p01\left\407.jpg p01\right\407.jpg p01\grid\407.jpg day41/0066.jpg left 697.0,104.0 -0.12660806,0.36037895 -46.862667,-20.777569,562.73376 0.19893805555555555,0.19893799999999998 412,230,665,483 444,294,508,332 571,299,634,336
p01\face\408.jpg p01\left\408.jpg p01\right\408.jpg p01\grid\408.jpg day04/0290.jpg left 32.0,250.0 -0.072842084,0.3621392 15.753707,-9.198625,526.9688 0.19893805555555555,0.19893799999999998 524,247,789,512 558,311,627,352 694,322,757,359
p01\face\409.jpg p01\left\409.jpg p01\right\409.jpg p01\grid\409.jpg day32/0016.jpg left 53.0,824.0 -0.1723733,-0.097227044 43.3214,16.243702,420.8078 0.19893805555555555,0.19893799999999998 568,289,890,611 610,362,694,412 786,384,849,421
p01\face\410.jpg p01\left\410.jpg p01\right\410.jpg p01\grid\410.jpg day45/0083.jpg left 1016.0,212.0 0.023130028,0.2622963 -15.86163,-42.380733,534.668 0.19893805555555555,0.19893799999999998 462,182,727,447 498,251,562,289 630,252,697,292
p01\face\411.jpg p01\left\411.jpg p01\right\411.jpg p01\grid\411.jpg day28/0216.jpg left 771.0,717.0 0.033069037,-0.2503745 19.89459,-38.415222,578.4837 0.19893805555555555,0.19893799999999998 541,203,782,444 574,264,634,300 695,269,755,305
p01\face\412.jpg p01\left\412.jpg p01\right\412.jpg p01\grid\412.jpg day45/0270.jpg left 211.0,559.0 0.24442135,-0.4240439 53.788715,-81.47034,510.53885 0.19893805555555555,0.19893799999999998 597,88,879,370 634,160,706,203 775,168,845,210
p01\face\413.jpg p01\left\413.jpg p01\right\413.jpg p01\grid\413.jpg day45/0348.jpg left 300.0,162.0 -0.09976256,0.41444895 -0.764582,14.780814,564.65875 0.19893805555555555,0.19893799999999998 499,298,749,548 531,358,597,397 659,369,719,405
p01\face\414.jpg p01\left\414.jpg p01\right\414.jpg p01\grid\414.jpg day04/0345.jpg left 641.0,827.0 -0.04024881,0.5138286 -22.606934,49.576424,607.00323 0.19893805555555555,0.19893799999999998 470,362,704,596 501,422,558,456 618,425,676,459
p01\face\415.jpg p01\left\415.jpg p01\right\415.jpg p01\grid\415.jpg day14/0206.jpg left 37.0,248.0 -0.1494774,-0.015070602 21.197853,-67.39004,494.24872 0.19893805555555555,0.19893799999999998 528,117,811,400 565,183,638,226 708,195,777,236
p01\face\416.jpg p01\left\416.jpg p01\right\416.jpg p01\grid\416.jpg day57/0199.jpg left 324.0,789.0 -0.0804878,-0.17407006 23.493032,-2.269296,371.64603 0.19893805555555555,0.19893799999999998 498,220,877,599 548,309,647,368 744,329,832,381
p01\face\417.jpg p01\left\417.jpg p01\right\417.jpg p01\grid\417.jpg day06/0117.jpg left 147.0,166.0 -0.08232474,0.455156 -4.20224,-14.115275,554.127 0.19893805555555555,0.19893799999999998 492,242,744,494 524,304,590,343 653,313,713,349
p01\face\418.jpg p01\left\418.jpg p01\right\418.jpg p01\grid\418.jpg day49/0068.jpg left 278.0,160.0 -0.05347778,0.36922196 9.495255,-0.583438,431.07037 0.19893805555555555,0.19893799999999998 482,243,810,571 527,321,611,371 694,337,773,384
p01\face\419.jpg p01\left\419.jpg p01\right\419.jpg p01\grid\419.jpg day12/0453.jpg left 428.0,326.0 -0.102062464,-0.13644741 -1.490127,-16.468378,531.8351 0.19893805555555555,0.19893799999999998 492,234,754,496 525,300,589,338 662,306,720,340
p01\face\420.jpg p01\left\420.jpg p01\right\420.jpg p01\grid\420.jpg day44/0135.jpg left 151.0,639.0 -0.043088306,0.46921772 -4.265457,-1.869396,590.34705 0.19893805555555555,0.19893799999999998 501,270,739,508 529,332,592,369 651,335,708,369
p01\face\421.jpg p01\left\421.jpg p01\right\421.jpg p01\grid\421.jpg day33/0091.jpg left 854.0,158.0 -0.03634134,-0.31297135 -6.800192,-64.21645,417.7386 0.19893805555555555,0.19893799999999998 439,79,773,413 486,164,567,212 653,172,737,222
p01\face\422.jpg p01\left\422.jpg p01\right\422.jpg p01\grid\422.jpg day20/0570.jpg left 168.0,753.0 -0.08809585,0.2864158 8.747241,-1.555573,496.55502 0.19893805555555555,0.19893799999999998 499,256,784,541 537,321,613,366 684,339,751,379
p01\face\423.jpg p01\left\423.jpg p01\right\423.jpg p01\grid\423.jpg day67/0005.jpg left 885.0,844.0 0.069860436,-0.24117789 21.779596,-28.106316,436.7297 0.19893805555555555,0.19893799999999998 515,179,834,498 562,255,641,302 719,270,801,319
p01\face\424.jpg p01\left\424.jpg p01\right\424.jpg p01\grid\424.jpg day43/0037.jpg left 765.0,348.0 0.051838588,-0.22550792 31.21142,-42.13684,440.57324 0.19893805555555555,0.19893799999999998 538,147,856,465 582,221,664,270 743,239,821,285
p01\face\425.jpg p01\left\425.jpg p01\right\425.jpg p01\grid\425.jpg day02/0053.jpg left 1433.0,615.0 0.002020106,0.05176041 -22.342384,-61.194645,511.24582 0.19893805555555555,0.19893799999999998 443,138,717,412 480,206,546,245 616,210,685,251
p01\face\426.jpg p01\left\426.jpg p01\right\426.jpg p01\grid\426.jpg day59/0296.jpg left 526.0,863.0 0.008744446,-0.07193154 7.880482,56.158905,454.345 0.19893805555555555,0.19893799999999998 488,383,795,690 531,456,607,501 685,468,761,513
p01\face\427.jpg p01\left\427.jpg p01\right\427.jpg p01\grid\427.jpg day01/0009.jpg left 710.0,875.0 0.028395645,-0.13292783 7.983263,1.207748,502.5479 0.19893805555555555,0.19893799999999998 503,264,782,543 541,334,610,375 678,338,751,381
p01\face\428.jpg p01\left\428.jpg p01\right\428.jpg p01\grid\428.jpg day56/0159.jpg left 1431.0,726.0 0.011904164,-0.16855548 19.402746,-14.370193,450.51004 0.19893805555555555,0.19893799999999998 514,217,824,527 560,296,633,339 711,300,792,348
p01\face\429.jpg p01\left\429.jpg p01\right\429.jpg p01\grid\429.jpg day47/0150.jpg left 1207.0,101.0 -0.03212361,-0.28379112 11.357112,0.032326,602.40344 0.19893805555555555,0.19893799999999998 529,276,760,507 562,335,617,368 679,341,734,374
p01\face\430.jpg p01\left\430.jpg p01\right\430.jpg p01\grid\430.jpg day20/0202.jpg left 968.0,9.0 0.015289553,-0.07803088 7.150902,-9.80393,465.81482 0.19893805555555555,0.19893799999999998 491,233,791,533 533,308,606,351 682,313,757,358
p01\face\431.jpg p01\left\431.jpg p01\right\431.jpg p01\grid\431.jpg day66/0321.jpg left 636.0,360.0 -0.050459344,-0.24160498 -26.780952,-30.787323,384.02472 0.19893805555555555,0.19893799999999998 366,146,732,512 416,235,509,290 598,250,691,305
p01\face\432.jpg p01\left\432.jpg p01\right\432.jpg p01\grid\432.jpg day36/0139.jpg left 445.0,154.0 -0.031726334,0.4869132 16.846493,3.212096,497.36917 0.19893805555555555,0.19893799999999998 518,265,801,548 557,333,629,376 700,347,769,388
p01\face\433.jpg p01\left\433.jpg p01\right\433.jpg p01\grid\433.jpg day55/0079.jpg left 786.0,899.0 -0.046019778,0.39037237 -11.887471,17.397236,501.28244 0.19893805555555555,0.19893799999999998 459,297,741,579 497,367,567,409 638,373,708,415
p01\face\434.jpg p01\left\434.jpg p01\right\434.jpg p01\grid\434.jpg day15/0090.jpg left 785.0,759.0 0.045051746,-0.17652002 26.262833,-17.389067,465.90988 0.19893805555555555,0.19893799999999998 533,216,830,513 577,286,649,329 726,302,799,345
p01\face\435.jpg p01\left\435.jpg p01\right\435.jpg p01\grid\435.jpg day49/0162.jpg left 178.0,207.0 -0.07631183,0.22138318 27.069187,-98.842636,460.33392 0.19893805555555555,0.19893799999999998 534,26,837,329 575,95,653,141 730,115,802,158
p01\face\436.jpg p01\left\436.jpg p01\right\436.jpg p01\grid\436.jpg day54/0225.jpg left 1203.0,54.0 0.00352729,-0.06294363 -1.28278,25.208935,476.65762 0.19893805555555555,0.19893799999999998 475,312,770,607 516,386,588,429 661,390,737,435
p01\face\437.jpg p01\left\437.jpg p01\right\437.jpg p01\grid\437.jpg day47/0020.jpg left 820.0,158.0 0.0006488701,-0.2417566 -1.68527,-53.83885,468.65884 0.19893805555555555,0.19893799999999998 470,132,770,432 511,206,587,251 661,216,736,261
p01\face\438.jpg p01\left\438.jpg p01\right\438.jpg p01\grid\438.jpg day42/0015.jpg left 279.0,776.0 -0.17628327,-0.105870545 15.946796,-14.2166,402.20996 0.19893805555555555,0.19893799999999998 488,202,834,548 535,279,626,333 715,304,794,351
p01\face\439.jpg p01\left\439.jpg p01\right\439.jpg p01\grid\439.jpg day47/0198.jpg left 789.0,55.0 -0.002277893,0.3372646 -0.909038,-30.38889,479.07248 0.19893805555555555,0.19893799999999998 476,187,773,484 514,263,589,308 664,268,737,311
p01\face\440.jpg p01\left\440.jpg p01\right\440.jpg p01\grid\440.jpg day42/0023.jpg left 634.0,37.0 -0.021852722,0.26913014 -5.731238,-12.736998,436.13223 0.19893805555555555,0.19893799999999998 446,213,776,543 490,296,572,345 656,304,737,352
p01\face\441.jpg p01\left\441.jpg p01\right\441.jpg p01\grid\441.jpg day17/0351.jpg left 494.0,715.0 -0.0013452438,0.36455715 35.3335,-31.19971,540.78156 0.19893805555555555,0.19893799999999998 562,204,824,466 598,269,665,309 731,280,794,317
p01\face\442.jpg p01\left\442.jpg p01\right\442.jpg p01\grid\442.jpg day12/0016.jpg left 143.0,311.0 -0.09559261,0.48660418 -17.204885,5.821583,631.9773 0.19893805555555555,0.19893799999999998 487,288,710,511 514,345,572,379 628,350,682,382
p01\face\443.jpg p01\left\443.jpg p01\right\443.jpg p01\grid\443.jpg day15/0138.jpg left 805.0,389.0 -0.013028956,-0.2983265 -6.453159,-30.997232,528.31836 0.19893805555555555,0.19893799999999998 481,204,743,466 517,270,581,308 648,277,714,316
p01\face\444.jpg p01\left\444.jpg p01\right\444.jpg p01\grid\444.jpg day10/0056.jpg left 693.0,211.0 -0.035784867,0.34977934 -10.776359,-3.173676,486.86444 0.19893805555555555,0.19893799999999998 455,250,747,542 495,323,568,366 642,330,714,373
p01\face\445.jpg p01\left\445.jpg p01\right\445.jpg p01\grid\445.jpg day20/0422.jpg left 1319.0,230.0 0.035686564,0.27603152 -34.82789,-48.039677,551.20953 0.19893805555555555,0.19893799999999998 436,178,689,431 468,248,528,284 592,240,658,279
p01\face\446.jpg p01\left\446.jpg p01\right\446.jpg p01\grid\446.jpg day54/0399.jpg left 892.0,394.0 -0.017139304,-0.366359 -4.546165,-23.793257,420.33987 0.19893805555555555,0.19893799999999998 449,183,774,508 494,266,575,314 657,277,738,325
p01\face\447.jpg p01\left\447.jpg p01\right\447.jpg p01\grid\447.jpg day32/0075.jpg left 225.0,167.0 -0.11469849,0.19928697 21.592558,-20.810379,439.90573 0.19893805555555555,0.19893799999999998 517,201,832,516 559,271,641,320 720,291,795,336
p01\face\448.jpg p01\left\448.jpg p01\right\448.jpg p01\grid\448.jpg day14/0187.jpg left 1415.0,398.0 0.10097995,0.042064585 -39.411358,-52.464542,498.70288 0.19893805555555555,0.19893799999999998 403,152,682,431 443,223,506,260 580,224,652,267
p01\face\449.jpg p01\left\449.jpg p01\right\449.jpg p01\grid\449.jpg day43/0244.jpg left 846.0,240.0 0.0021671373,0.29579368 33.44907,-18.04253,472.11148 0.19893805555555555,0.19893799999999998 546,212,849,515 589,284,665,329 740,300,816,345
p01\face\450.jpg p01\left\450.jpg p01\right\450.jpg p01\grid\450.jpg day34/0263.jpg left 1231.0,532.0 0.1833531,0.078016765 -10.302098,-78.703926,530.7433 0.19893805555555555,0.19893799999999998 467,106,740,379 508,177,572,215 642,180,712,222
p01\face\451.jpg p01\left\451.jpg p01\right\451.jpg p01\grid\451.jpg day17/0498.jpg left 172.0,262.0 -0.051570944,0.24446672 30.892197,-23.990555,436.91055 0.19893805555555555,0.19893799999999998 537,190,858,511 580,263,665,314 745,283,820,328
p01\face\452.jpg p01\left\452.jpg p01\right\452.jpg p01\grid\452.jpg day16/0058.jpg left 499.0,871.0 0.038183197,-0.15666878 12.771463,49.846195,510.50232 0.19893805555555555,0.19893799999999998 514,367,784,637 553,430,620,470 690,446,754,484
p01\face\453.jpg p01\left\453.jpg p01\right\453.jpg p01\grid\453.jpg day27/0093.jpg left 200.0,696.0 -0.20031174,-0.023268418 30.465155,23.863415,397.5429 0.19893805555555555,0.19893799999999998 529,305,875,651 571,382,665,438 759,403,829,445
p01\face\454.jpg p01\left\454.jpg p01\right\454.jpg p01\grid\454.jpg day48/0189.jpg left 1256.0,105.0 0.02678701,0.34204528 -20.138556,4.896494,557.8927 0.19893805555555555,0.19893799999999998 461,278,716,533 496,345,557,381 621,345,687,384
p01\face\455.jpg p01\left\455.jpg p01\right\455.jpg p01\grid\455.jpg day07/0204.jpg left 884.0,608.0 0.014895035,-0.37954062 -2.810361,-49.692436,418.09238 0.19893805555555555,0.19893799999999998 453,117,781,445 499,200,578,247 662,211,744,260
p01\face\456.jpg p01\left\456.jpg p01\right\456.jpg p01\grid\456.jpg day38/0357.jpg left 1261.0,609.0 -0.005933262,0.51996773 -32.64805,39.36153,585.63153 0.19893805555555555,0.19893799999999998 447,343,690,586 479,409,537,443 598,406,661,443
p01\face\457.jpg p01\left\457.jpg p01\right\457.jpg p01\grid\457.jpg day37/0405.jpg left 907.0,715.0 0.012867357,-0.11911698 7.665348,28.349882,459.59586 0.19893805555555555,0.19893799999999998 489,318,793,622 532,392,607,437 683,401,761,447
p01\face\458.jpg p01\left\458.jpg p01\right\458.jpg p01\grid\458.jpg day42/0176.jpg left 1086.0,633.0 0.008234161,-0.23931485 -10.362788,-35.167118,463.2766 0.19893805555555555,0.19893799999999998 452,173,753,474 493,251,565,294 642,254,718,299
p01\face\459.jpg p01\left\459.jpg p01\right\459.jpg p01\grid\459.jpg day52/0041.jpg left 980.0,266.0 -0.06394908,0.3467123 -64.68018,-5.919459,626.5422 0.19893805555555555,0.19893799999999998 403,267,632,496 433,327,490,361 546,327,606,363
p01\face\460.jpg p01\left\460.jpg p01\right\460.jpg p01\grid\460.jpg day17/0005.jpg left 1306.0,20.0 0.09469698,0.28031537 -14.309364,-66.32812,553.76874 0.19893805555555555,0.19893799999999998 474,144,724,394 509,211,567,245 631,208,697,247
p01\face\461.jpg p01\left\461.jpg p01\right\461.jpg p01\grid\461.jpg day58/0590.jpg left 671.0,155.0 0.0233978,-0.13549282 5.436837,-0.698681,407.9983 0.19893805555555555,0.19893799999999998 467,238,809,580 515,322,599,372 684,333,771,385
p01\face\462.jpg p01\left\462.jpg p01\right\462.jpg p01\grid\462.jpg day63/0232.jpg left 1260.0,563.0 0.0059244945,-0.3165884 10.057031,-30.035612,481.84198 0.19893805555555555,0.19893799999999998 504,191,790,477 543,265,612,306 687,271,757,313
p01\face\463.jpg p01\left\463.jpg p01\right\463.jpg p01\grid\463.jpg day04/0524.jpg left 958.0,24.0 -0.050371524,0.44986925 -32.84881,3.810688,446.47736 0.19893805555555555,0.19893799999999998 387,256,705,574 432,337,508,382 589,343,670,391
p01\face\464.jpg p01\left\464.jpg p01\right\464.jpg p01\grid\464.jpg day05/0005.jpg left 11.0,234.0 0.029433705,0.37163687 42.830048,-3.839697,503.8228 0.19893805555555555,0.19893799999999998 575,252,857,534 610,321,685,366 755,330,822,370
p01\face\465.jpg p01\left\465.jpg p01\right\465.jpg p01\grid\465.jpg day64/0113.jpg left 723.0,110.0 -0.16926882,0.32250768 -109.9258,-40.315144,723.80493 0.19893805555555555,0.19893799999999998 366,227,567,428 391,279,443,310 491,281,542,311
p01\face\466.jpg p01\left\466.jpg p01\right\466.jpg p01\grid\466.jpg day49/0245.jpg left 1140.0,156.0 0.0011101351,0.33086315 -26.641577,-41.089832,543.22943 0.19893805555555555,0.19893799999999998 443,186,704,447 479,254,542,291 609,258,675,297
p01\face\467.jpg p01\left\467.jpg p01\right\467.jpg p01\grid\467.jpg day01/0434.jpg left 1430.0,823.0 0.09202077,0.37153587 10.044137,26.007954,501.46313 0.19893805555555555,0.19893799999999998 507,316,789,598 546,390,610,428 685,388,757,431
p01\face\468.jpg p01\left\468.jpg p01\right\468.jpg p01\grid\468.jpg day11/0002.jpg left 1408.0,671.0 0.027393213,-0.07211377 -39.799973,-48.882393,368.44623 0.19893805555555555,0.19893799999999998 320,88,701,469 374,184,461,236 563,190,659,247
p01\face\469.jpg p01\left\469.jpg p01\right\469.jpg p01\grid\469.jpg day13/0135.jpg left 271.0,38.0 -0.044552844,0.2471389 9.907557,-49.978558,491.78677 0.19893805555555555,0.19893799999999998 501,150,790,439 539,220,614,265 686,231,756,273
p01\face\470.jpg p01\left\470.jpg p01\right\470.jpg p01\grid\470.jpg day06/0193.jpg left 210.0,492.0 0.03926376,-0.13154805 27.430569,-9.09413,479.5954 0.19893805555555555,0.19893799999999998 539,238,828,527 579,306,652,349 726,321,795,362
p01\face\471.jpg p01\left\471.jpg p01\right\471.jpg p01\grid\471.jpg day31/0148.jpg left 986.0,366.0 0.03886824,0.46437898 22.391575,-1.924896,475.29 0.19893805555555555,0.19893799999999998 525,249,823,547 567,324,640,367 715,332,790,377
p01\face\472.jpg p01\left\472.jpg p01\right\472.jpg p01\grid\472.jpg day21/0157.jpg left 875.0,185.0 0.03070174,0.3537138 1.103377,2.837376,487.38696 0.19893805555555555,0.19893799999999998 482,263,774,555 522,337,592,379 666,341,741,386
p01\face\473.jpg p01\left\473.jpg p01\right\473.jpg p01\grid\473.jpg day48/0173.jpg left 790.0,571.0 0.0053056027,-0.26085895 -12.436442,-11.734261,438.40836 0.19893805555555555,0.19893799999999998 434,219,749,534 480,294,558,340 638,313,716,359
p01\face\474.jpg p01\left\474.jpg p01\right\474.jpg p01\grid\474.jpg day04/0632.jpg left 1067.0,714.0 -0.009242039,-0.24939477 -8.637715,-17.69215,475.66763 0.19893805555555555,0.19893799999999998 460,218,749,507 501,290,570,331 646,299,718,342
p01\face\475.jpg p01\left\475.jpg p01\right\475.jpg p01\grid\475.jpg day55/0064.jpg left 936.0,688.0 -0.02191682,-0.1610498 -13.843314,10.693444,491.22137 0.19893805555555555,0.19893799999999998 454,282,739,567 492,355,562,397 633,358,706,401
p01\face\476.jpg p01\left\476.jpg p01\right\476.jpg p01\grid\476.jpg day59/0077.jpg left 1315.0,187.0 0.026890162,-0.20676886 15.444842,-36.943382,410.9296 0.19893805555555555,0.19893799999999998 494,145,834,485 542,232,623,280 710,237,797,289
p01\face\477.jpg p01\left\477.jpg p01\right\477.jpg p01\grid\477.jpg day06/0178.jpg left 51.0,116.0 -0.047228057,0.36381122 36.81524,-19.687288,462.23132 0.19893805555555555,0.19893799999999998 558,209,859,510 596,279,677,327 752,295,822,337
p01\face\478.jpg p01\left\478.jpg p01\right\478.jpg p01\grid\478.jpg day17/0011.jpg left 1404.0,12.0 0.0439919,0.31758422 -0.034085,-61.00732,547.01843 0.19893805555555555,0.19893799999999998 498,152,751,405 535,217,593,251 659,220,725,259
p01\face\479.jpg p01\left\479.jpg p01\right\479.jpg p01\grid\479.jpg day11/0129.jpg left 283.0,128.0 -0.006363096,0.40266162 26.55005,-19.45277,516.229 0.19893805555555555,0.19893799999999998 544,222,818,496 578,291,650,334 718,297,784,336
p01\face\480.jpg p01\left\480.jpg p01\right\480.jpg p01\grid\480.jpg day67/0016.jpg left 254.0,599.0 0.06624717,-0.23352557 36.94123,-32.2766,430.44138 0.19893805555555555,0.19893799999999998 549,165,874,490 595,240,680,291 760,262,839,309
p01\face\481.jpg p01\left\481.jpg p01\right\481.jpg p01\grid\481.jpg day37/0333.jpg left 1423.0,410.0 0.0192724,-0.14551817 -11.854297,-19.752283,372.39938 0.19893805555555555,0.19893799999999998 403,175,775,547 459,266,543,316 642,279,736,335
p01\face\482.jpg p01\left\482.jpg p01\right\482.jpg p01\grid\482.jpg day38/0054.jpg left 860.0,811.0 -0.051485743,0.42626828 -3.337269,-8.416316,515.87366 0.19893805555555555,0.19893799999999998 481,245,754,518 518,312,587,353 656,322,723,362
p01\face\483.jpg p01\left\483.jpg p01\right\483.jpg p01\grid\483.jpg day08/0004.jpg left 805.0,132.0 -0.024323983,0.29273033 -10.306408,-20.638542,520.0135 0.19893805555555555,0.19893799999999998 468,221,741,494 504,289,573,330 642,296,709,336
p01\face\484.jpg p01\left\484.jpg p01\right\484.jpg p01\grid\484.jpg day38/0457.jpg left 1259.0,367.0 -0.4307655,-0.13308197 -90.36513,18.556578,552.72095 0.19893805555555555,0.19893799999999998 328,307,578,557 359,376,422,413 487,365,547,401
p01\face\485.jpg p01\left\485.jpg p01\right\485.jpg p01\grid\485.jpg day58/0269.jpg left 1071.0,514.0 0.012156112,-0.39444593 9.48746,-108.36066,516.65485 0.19893805555555555,0.19893799999999998 510,41,781,312 547,111,613,150 680,114,750,156
p01\face\486.jpg p01\left\486.jpg p01\right\486.jpg p01\grid\486.jpg day41/0339.jpg left 1367.0,687.0 0.05060879,-0.10147804 15.774629,7.035895,477.51068 0.19893805555555555,0.19893799999999998 513,273,805,565 555,344,624,385 699,353,774,398
p01\face\487.jpg p01\left\487.jpg p01\right\487.jpg p01\grid\487.jpg day27/0222.jpg left 284.0,357.0 -0.0574412,0.40132725 33.294216,-35.002647,700.8977 0.19893805555555555,0.19893799999999998 575,234,774,433 602,281,654,312 704,293,752,321
p01\face\488.jpg p01\left\488.jpg p01\right\488.jpg p01\grid\488.jpg day48/0231.jpg left 404.0,223.0 -0.032899957,0.5126115 -2.665273,3.075633,491.1647 0.19893805555555555,0.19893799999999998 480,263,766,549 514,341,587,384 659,339,728,380
p01\face\489.jpg p01\left\489.jpg p01\right\489.jpg p01\grid\489.jpg day12/0246.jpg left 564.0,836.0 -0.0020200347,0.4491226 22.832117,-4.797222,490.63672 0.19893805555555555,0.19893799999999998 530,246,819,535 567,318,642,363 715,328,784,369
p01\face\490.jpg p01\left\490.jpg p01\right\490.jpg p01\grid\490.jpg day17/0171.jpg left 390.0,43.0 -0.117873274,0.2688922 -18.15681,-35.653168,436.85614 0.19893805555555555,0.19893799999999998 415,158,743,486 459,236,544,287 626,252,705,299
p01\face\491.jpg p01\left\491.jpg p01\right\491.jpg p01\grid\491.jpg day53/0316.jpg left 358.0,90.0 -0.1867098,-0.15477423 21.234762,-28.540468,439.476 0.19893805555555555,0.19893799999999998 515,182,828,495 558,254,637,301 722,273,791,314
p01\face\492.jpg p01\left\492.jpg p01\right\492.jpg p01\grid\492.jpg day63/0436.jpg left 1201.0,73.0 -0.0041748676,-0.33671728 -3.092365,-45.94899,371.28067 0.19893805555555555,0.19893799999999998 429,98,801,470 482,193,570,245 664,201,761,259
p01\face\493.jpg p01\left\493.jpg p01\right\493.jpg p01\grid\493.jpg day53/0073.jpg left 1210.0,583.0 -0.041331057,-0.20611298 -34.59013,-20.965628,597.8338 0.19893805555555555,0.19893799999999998 448,239,682,473 481,299,536,332 596,301,656,337
p01\face\494.jpg p01\left\494.jpg p01\right\494.jpg p01\grid\494.jpg day66/0325.jpg left 1268.0,444.0 -0.075171284,-0.16840924 -45.626133,-30.70069,391.7596 0.19893805555555555,0.19893799999999998 321,152,678,509 373,242,455,291 551,252,639,304
p01\face\495.jpg p01\left\495.jpg p01\right\495.jpg p01\grid\495.jpg day37/0031.jpg left 1059.0,400.0 0.0019182405,0.42973363 -8.188571,35.839394,471.30844 0.19893805555555555,0.19893799999999998 455,335,756,636 498,409,571,452 647,417,723,462
p01\face\496.jpg p01\left\496.jpg p01\right\496.jpg p01\grid\496.jpg day12/0439.jpg left 1298.0,469.0 -0.012404876,0.023478517 -54.299114,-27.73606,419.31876 0.19893805555555555,0.19893799999999998 320,172,659,511 367,261,445,307 533,260,620,312
p01\face\497.jpg p01\left\497.jpg p01\right\497.jpg p01\grid\497.jpg day67/0045.jpg left 979.0,453.0 -0.0658932,0.4630466 -22.34033,11.952638,571.2278 0.19893805555555555,0.19893799999999998 460,291,710,541 492,355,556,393 617,360,680,397
p01\face\498.jpg p01\left\498.jpg p01\right\498.jpg p01\grid\498.jpg day55/0037.jpg left 1062.0,203.0 0.050588787,0.35951933 8.330602,-31.202744,465.21323 0.19893805555555555,0.19893799999999998 490,181,794,485 535,257,607,300 685,266,763,312
p01\face\499.jpg p01\left\499.jpg p01\right\499.jpg p01\grid\499.jpg day37/0291.jpg left 149.0,296.0 -0.0717836,0.668208 29.260786,70.66618,563.759 0.19893805555555555,0.19893799999999998 558,403,804,649 589,462,653,500 715,475,773,509
p01\face\500.jpg p01\left\500.jpg p01\right\500.jpg p01\grid\500.jpg day52/0332.jpg left 1281.0,543.0 -0.06636516,-0.12729819 -36.82908,9.708219,529.662 0.19893805555555555,0.19893799999999998 421,284,688,551 456,356,520,394 586,351,656,393
p01\face\501.jpg p01\left\501.jpg p01\right\501.jpg p01\grid\501.jpg day37/0432.jpg left 702.0,898.0 0.07027854,0.48663083 53.118374,34.22034,585.996 0.19893805555555555,0.19893799999999998 600,334,843,577 633,394,694,430 755,402,815,438
p01\face\502.jpg p01\left\502.jpg p01\right\502.jpg p01\grid\502.jpg day53/0119.jpg left 1077.0,690.0 -0.016207904,-0.21451765 -31.179438,-9.862706,517.1078 0.19893805555555555,0.19893799999999998 428,243,698,513 464,312,530,351 597,317,666,358
p01\face\503.jpg p01\left\503.jpg p01\right\503.jpg p01\grid\503.jpg day52/0400.jpg left 49.0,735.0 -0.07457891,0.22224653 -5.220135,-94.36531,628.8159 0.19893805555555555,0.19893799999999998 504,121,727,344 534,173,592,207 648,186,702,218
p01\face\504.jpg p01\left\504.jpg p01\right\504.jpg p01\grid\504.jpg day65/0161.jpg left 713.0,724.0 -0.032800052,-0.032336853 62.88056,-19.108397,695.92224 0.19893805555555555,0.19893799999999998 618,258,822,462 645,306,696,336 751,316,797,343
p01\face\505.jpg p01\left\505.jpg p01\right\505.jpg p01\grid\505.jpg day08/0138.jpg left 870.0,333.0 0.024417903,0.32947895 -1.475368,-18.007559,549.5792 0.19893805555555555,0.19893799999999998 494,233,752,491 529,299,592,336 657,303,723,342
p01\face\506.jpg p01\left\506.jpg p01\right\506.jpg p01\grid\506.jpg day61/0020.jpg left 1050.0,475.0 -0.090271324,0.47670928 -42.804707,14.588342,522.9879 0.19893805555555555,0.19893799999999998 402,293,672,563 441,359,507,398 574,369,643,410
p01\face\507.jpg p01\left\507.jpg p01\right\507.jpg p01\grid\507.jpg day12/0262.jpg left 768.0,615.0 -0.036920045,0.35214853 0.358493,-14.702832,453.23383 0.19893805555555555,0.19893799999999998 468,215,781,528 511,291,590,338 669,304,745,349
p01\face\508.jpg p01\left\508.jpg p01\right\508.jpg p01\grid\508.jpg day55/0210.jpg left 536.0,820.0 0.017469527,-0.26244542 18.288849,-9.760168,415.20816 0.19893805555555555,0.19893799999999998 501,215,837,551 548,298,633,349 717,312,799,361
p01\face\509.jpg p01\left\509.jpg p01\right\509.jpg p01\grid\509.jpg day13/0083.jpg left 415.0,52.0 0.030908,-0.2755887 11.246382,-43.378586,488.41565 0.19893805555555555,0.19893799999999998 506,164,792,450 543,234,618,279 688,244,758,286
p01\face\510.jpg p01\left\510.jpg p01\right\510.jpg p01\grid\510.jpg day54/0165.jpg left 752.0,692.0 0.0053653033,-0.15323175 10.048184,13.782663,446.60352 0.19893805555555555,0.19893799999999998 491,282,803,594 535,359,611,404 692,370,768,415
p01\face\511.jpg p01\left\511.jpg p01\right\511.jpg p01\grid\511.jpg day12/0218.jpg left 183.0,791.0 -0.0016547154,0.3695059 28.156677,-23.596811,526.418 0.19893805555555555,0.19893799999999998 548,217,815,484 584,283,651,323 720,293,783,330
p01\face\512.jpg p01\left\512.jpg p01\right\512.jpg p01\grid\512.jpg day04/0272.jpg left 945.0,13.0 -0.028402312,0.444694 -39.01409,-1.872034,580.8993 0.19893805555555555,0.19893799999999998 433,268,677,512 466,332,526,368 588,334,649,370
p01\face\513.jpg p01\left\513.jpg p01\right\513.jpg p01\grid\513.jpg day47/0276.jpg left 600.0,14.0 -0.094074056,0.29893276 11.089283,21.554247,523.2206 0.19893805555555555,0.19893799999999998 510,309,780,579 547,368,619,411 685,387,749,425
p01\face\514.jpg p01\left\514.jpg p01\right\514.jpg p01\grid\514.jpg day61/0100.jpg left 1318.0,494.0 0.051503953,0.29198542 -15.640465,-29.298416,451.247 0.19893805555555555,0.19893799999999998 432,181,747,496 475,263,550,308 630,263,711,311
p01\face\515.jpg p01\left\515.jpg p01\right\515.jpg p01\grid\515.jpg day34/0125.jpg left 429.0,761.0 -0.03368086,0.5329586 -9.00113,44.76928,608.61896 0.19893805555555555,0.19893799999999998 496,355,725,584 526,413,583,447 641,416,698,450
p01\face\516.jpg p01\left\516.jpg p01\right\516.jpg p01\grid\516.jpg day20/0479.jpg left 864.0,408.0 0.084886335,-0.079969354 64.11111,35.95674,403.90656 0.19893805555555555,0.19893799999999998 621,333,969,681 667,422,751,472 842,425,927,476
p01\face\517.jpg p01\left\517.jpg p01\right\517.jpg p01\grid\517.jpg day49/0515.jpg left 1190.0,320.0 -0.07139248,-0.09236356 -31.221235,3.606395,494.28186 0.19893805555555555,0.19893799999999998 414,267,699,552 457,338,524,378 597,345,670,388
p01\face\518.jpg p01\left\518.jpg p01\right\518.jpg p01\grid\518.jpg day06/0079.jpg left 1314.0,700.0 -0.06707162,-0.13023248 -53.01342,19.915443,463.44223 0.19893805555555555,0.19893799999999998 355,299,656,600 396,379,466,421 544,377,622,423
p01\face\519.jpg p01\left\519.jpg p01\right\519.jpg p01\grid\519.jpg day15/0398.jpg left 790.0,547.0 0.03487537,-0.12952377 14.361578,6.636056,416.323 0.19893805555555555,0.19893799999999998 492,259,828,595 539,341,621,390 707,352,791,402
p01\face\520.jpg p01\left\520.jpg p01\right\520.jpg p01\grid\520.jpg day02/0188.jpg left 1409.0,567.0 -0.008494379,-0.24213968 -3.56189,-22.203234,515.4324 0.19893805555555555,0.19893799999999998 484,219,752,487 521,288,585,326 655,292,722,332
p01\face\521.jpg p01\left\521.jpg p01\right\521.jpg p01\grid\521.jpg day10/0083.jpg left 371.0,743.0 0.029695597,-0.15803319 31.59286,6.987734,487.32156 0.19893805555555555,0.19893799999999998 548,274,833,559 587,339,662,384 734,358,801,398
p01\face\522.jpg p01\left\522.jpg p01\right\522.jpg p01\grid\522.jpg day35/0167.jpg left 292.0,101.0 -0.052117094,0.21574946 46.273174,-58.69391,448.02295 0.19893805555555555,0.19893799999999998 573,111,886,424 619,180,698,227 777,206,853,251
p01\face\523.jpg p01\left\523.jpg p01\right\523.jpg p01\grid\523.jpg day28/0267.jpg left 126.0,414.0 -0.014864127,0.3405134 37.448994,-45.25037,451.6775 0.19893805555555555,0.19893799999999998 558,145,865,452 599,218,678,265 758,235,828,277
p01\face\524.jpg p01\left\524.jpg p01\right\524.jpg p01\grid\524.jpg day17/0563.jpg left 411.0,876.0 0.023768535,-0.15132137 12.148623,25.226152,425.79626 0.19893805555555555,0.19893799999999998 491,307,818,634 534,386,618,436 701,400,779,446
p01\face\525.jpg p01\left\525.jpg p01\right\525.jpg p01\grid\525.jpg day37/0160.jpg left 830.0,487.0 -0.07589123,0.517383 -20.98071,33.989494,549.94946 0.19893805555555555,0.19893799999999998 456,333,712,589 491,397,555,435 620,405,683,442
p01\face\526.jpg p01\left\526.jpg p01\right\526.jpg p01\grid\526.jpg day23/0256.jpg left 775.0,646.0 -0.052997146,0.43237638 -15.797697,14.455819,520.2402 0.19893805555555555,0.19893799999999998 456,292,729,565 494,360,561,400 631,368,698,408
p01\face\527.jpg p01\left\527.jpg p01\right\527.jpg p01\grid\527.jpg day19/0146.jpg left 1257.0,80.0 -0.013928769,0.4053093 -52.944374,-12.605601,497.96295 0.19893805555555555,0.19893799999999998 370,232,653,515 412,306,476,344 549,308,624,353
p01\face\528.jpg p01\left\528.jpg p01\right\528.jpg p01\grid\528.jpg day57/0100.jpg left 910.0,480.0 0.051506203,-0.16957687 10.702678,-7.577854,378.80258 0.19893805555555555,0.19893799999999998 468,211,834,577 522,298,610,350 703,316,796,371
p01\face\529.jpg p01\left\529.jpg p01\right\529.jpg p01\grid\529.jpg day08/0101.jpg left 434.0,452.0 -0.015552917,0.39995614 16.599089,23.57545,635.74817 0.19893805555555555,0.19893799999999998 541,318,764,541 571,373,628,407 684,381,739,414
p01\face\530.jpg p01\left\530.jpg p01\right\530.jpg p01\grid\530.jpg day07/0306.jpg left 1081.0,604.0 0.034134414,-0.22944129 19.110683,-33.60785,500.329 0.19893805555555555,0.19893799999999998 527,191,804,468 566,261,632,300 703,266,773,308
p01\face\531.jpg p01\left\531.jpg p01\right\531.jpg p01\grid\531.jpg day43/0163.jpg left 670.0,222.0 -0.05027897,0.2976231 18.164284,-64.73709,495.88544 0.19893805555555555,0.19893799999999998 520,120,805,405 558,187,633,232 702,203,772,245
p01\face\532.jpg p01\left\532.jpg p01\right\532.jpg p01\grid\532.jpg day16/0158.jpg left 799.0,61.0 -0.036300786,0.48621142 5.468056,3.840198,533.8783 0.19893805555555555,0.19893799999999998 503,272,767,536 540,337,606,376 672,348,738,387
p01\face\533.jpg p01\left\533.jpg p01\right\533.jpg p01\grid\533.jpg day37/0387.jpg left 1438.0,707.0 0.037417766,-0.008159251 -48.50411,-11.793556,485.90704 0.19893805555555555,0.19893799999999998 377,233,668,524 417,309,484,349 558,306,634,351
p01\face\534.jpg p01\left\534.jpg p01\right\534.jpg p01\grid\534.jpg day20/0172.jpg left 1100.0,63.0 0.03914241,0.2916408 -2.86489,-13.248016,505.0195 0.19893805555555555,0.19893799999999998 478,233,760,515 517,304,586,345 657,308,729,351
p01\face\535.jpg p01\left\535.jpg p01\right\535.jpg p01\grid\535.jpg day02/0075.jpg left 1307.0,780.0 0.101613574,-0.035991106 -11.573218,-40.59588,549.6854 0.19893805555555555,0.19893799999999998 477,193,730,446 513,256,573,292 637,260,703,299
p01\face\536.jpg p01\left\536.jpg p01\right\536.jpg p01\grid\536.jpg day41/0160.jpg left 662.0,449.0 -0.04479057,0.29501563 0.360193,-19.554266,448.82553 0.19893805555555555,0.19893799999999998 465,201,784,520 509,280,588,327 670,292,748,338
p01\face\537.jpg p01\left\537.jpg p01\right\537.jpg p01\grid\537.jpg day23/0031.jpg left 0.0,447.0 -0.31026196,0.07056399 1.177622,1.184994,475.8034 0.19893805555555555,0.19893799999999998 481,262,772,553 515,327,594,374 672,345,732,381
p01\face\538.jpg p01\left\538.jpg p01\right\538.jpg p01\grid\538.jpg day08/0097.jpg left 875.0,34.0 0.008494344,0.39693442 6.551215,19.57285,634.0801 0.19893805555555555,0.19893799999999998 524,311,749,536 554,367,611,401 668,374,723,407
p01\face\539.jpg p01\left\539.jpg p01\right\539.jpg p01\grid\539.jpg day13/0006.jpg left 1236.0,143.0 0.0018371831,-0.0434593 -41.82152,-24.063808,429.2581 0.19893805555555555,0.19893799999999998 357,186,687,516 404,269,482,315 566,274,651,325
p01\face\540.jpg p01\left\540.jpg p01\right\540.jpg p01\grid\540.jpg day12/0507.jpg left 723.0,67.0 0.013454271,0.31938705 25.691328,-41.455044,562.01086 0.19893805555555555,0.19893799999999998 547,191,800,444 581,255,644,292 708,261,771,298
p01\face\541.jpg p01\left\541.jpg p01\right\541.jpg p01\grid\541.jpg day21/0254.jpg left 636.0,747.0 -0.110004336,0.31314296 -42.027985,5.447945,542.4952 0.19893805555555555,0.19893799999999998 410,276,675,541 446,341,513,381 580,350,644,388
p01\face\542.jpg p01\left\542.jpg p01\right\542.jpg p01\grid\542.jpg day59/0229.jpg left 432.0,729.0 -0.12408083,-0.03807551 23.663944,40.370235,399.4271 0.19893805555555555,0.19893799999999998 510,346,859,695 557,430,645,482 736,440,818,489
p01\face\543.jpg p01\left\543.jpg p01\right\543.jpg p01\grid\543.jpg day04/0266.jpg left 154.0,245.0 -0.097489715,0.42974338 -23.417404,-4.575846,596.17725 0.19893805555555555,0.19893799999999998 468,267,703,502 497,327,558,363 618,331,673,364
p01\face\544.jpg p01\left\544.jpg p01\right\544.jpg p01\grid\544.jpg day44/0122.jpg left 912.0,433.0 -0.026304591,-0.19052964 -4.809319,-12.658558,494.3034 0.19893805555555555,0.19893799999999998 473,232,756,515 511,303,583,346 653,310,723,352
p01\face\545.jpg p01\left\545.jpg p01\right\545.jpg p01\grid\545.jpg day37/0536.jpg left 278.0,799.0 -0.121854834,-0.0023384765 54.555527,-23.286093,444.18845 0.19893805555555555,0.19893799999999998 596,199,903,506 641,265,717,310 796,287,871,332
p01\face\546.jpg p01\left\546.jpg p01\right\546.jpg p01\grid\546.jpg day57/0146.jpg left 1437.0,89.0 0.002670982,0.45071018 5.372722,9.692166,556.3561 0.19893805555555555,0.19893799999999998 509,287,762,540 543,351,606,388 670,358,733,395
p01\face\547.jpg p01\left\547.jpg p01\right\547.jpg p01\grid\547.jpg day32/0173.jpg left 438.0,482.0 0.044214066,0.35844162 51.61895,-2.858375,484.72354 0.19893805555555555,0.19893799999999998 589,249,884,544 629,320,704,365 779,333,851,376
p01\face\548.jpg p01\left\548.jpg p01\right\548.jpg p01\grid\548.jpg day42/0480.jpg left 115.0,666.0 -0.057470296,0.059820026 19.131426,17.863728,554.75464 0.19893805555555555,0.19893799999999998 534,304,789,559 567,364,634,404 697,375,758,411
p01\face\549.jpg p01\left\549.jpg p01\right\549.jpg p01\grid\549.jpg day04/0302.jpg left 614.0,106.0 -0.06033455,0.46084696 -40.122288,10.569162,615.3027 0.19893805555555555,0.19893799999999998 442,294,673,525 472,355,530,389 588,356,645,390
p01\face\550.jpg p01\left\550.jpg p01\right\550.jpg p01\grid\550.jpg day12/0324.jpg left 978.0,595.0 -0.03899668,0.48428312 -5.911764,8.903716,535.4029 0.19893805555555555,0.19893799999999998 480,281,745,546 517,348,583,387 650,357,716,396
p01\face\551.jpg p01\left\551.jpg p01\right\551.jpg p01\grid\551.jpg day58/0610.jpg left 187.0,383.0 -0.025510775,0.3150305 26.674421,-3.908137,439.87723 0.19893805555555555,0.19893799999999998 525,237,849,561 569,313,653,363 735,331,811,376
p01\face\552.jpg p01\left\552.jpg p01\right\552.jpg p01\grid\552.jpg day20/0349.jpg left 668.0,455.0 -0.072689615,0.31359386 -6.885735,-67.24424,571.01636 0.19893805555555555,0.19893799999999998 489,146,736,393 521,207,585,245 647,216,707,252
p01\face\553.jpg p01\left\553.jpg p01\right\553.jpg p01\grid\553.jpg day31/0146.jpg left 927.0,99.0 0.044655263,0.47524148 21.6823,-4.59492,470.44373 0.19893805555555555,0.19893799999999998 522,241,823,542 565,318,638,361 715,326,790,371
p01\face\554.jpg p01\left\554.jpg p01\right\554.jpg p01\grid\554.jpg day14/0209.jpg left 163.0,99.0 -0.12771474,0.08942188 18.515324,-68.12705,492.5428 0.19893805555555555,0.19893799999999998 521,113,807,399 557,180,633,225 705,195,772,235
p01\face\555.jpg p01\left\555.jpg p01\right\555.jpg p01\grid\555.jpg day31/0256.jpg left 1340.0,272.0 0.06710381,0.45879117 5.135103,18.92115,475.63834 0.19893805555555555,0.19893799999999998 488,295,789,596 528,375,601,418 677,374,753,419
p01\face\556.jpg p01\left\556.jpg p01\right\556.jpg p01\grid\556.jpg day10/0197.jpg left 924.0,335.0 0.006829689,0.3712249 -7.881433,-17.38289,554.59985 0.19893805555555555,0.19893799999999998 484,235,740,491 517,302,580,339 645,303,709,341
p01\face\557.jpg p01\left\557.jpg p01\right\557.jpg p01\grid\557.jpg day59/0397.jpg left 116.0,29.0 -0.067022614,0.33334786 7.27789,-38.63052,461.59885 0.19893805555555555,0.19893799999999998 488,162,795,469 527,237,608,285 683,249,758,294
p01\face\558.jpg p01\left\558.jpg p01\right\558.jpg p01\grid\558.jpg day63/0469.jpg left 1276.0,80.0 -0.045590345,-0.19820967 -26.849855,-47.549942,464.96835 0.19893805555555555,0.19893799999999998 414,146,715,447 455,223,528,266 605,226,680,271
p01\face\559.jpg p01\left\559.jpg p01\right\559.jpg p01\grid\559.jpg day34/0270.jpg left 483.0,7.0 -0.026988532,0.38270497 -8.232208,-41.713276,634.0884 0.19893805555555555,0.19893799999999998 501,210,721,430 532,265,587,298 642,272,697,305
p01\face\560.jpg p01\left\560.jpg p01\right\560.jpg p01\grid\560.jpg day54/0682.jpg left 729.0,528.0 0.04077513,0.33909255 9.199482,5.389454,474.62814 0.19893805555555555,0.19893799999999998 492,265,795,568 537,339,609,382 686,350,764,396
p01\face\561.jpg p01\left\561.jpg p01\right\561.jpg p01\grid\561.jpg day38/0501.jpg left 761.0,331.0 0.0133935725,-0.20889169 7.124103,12.934061,357.75156 0.19893805555555555,0.19893799999999998 445,261,832,648 506,352,602,409 692,374,797,437
p01\face\562.jpg p01\left\562.jpg p01\right\562.jpg p01\grid\562.jpg day50/0004.jpg left 356.0,125.0 -0.03437613,0.29654762 25.686827,-5.377403,456.60617 0.19893805555555555,0.19893799999999998 528,239,838,549 569,311,650,359 727,327,802,372
p01\face\563.jpg p01\left\563.jpg p01\right\563.jpg p01\grid\563.jpg day54/0417.jpg left 303.0,846.0 -0.025447624,0.23441234 21.614902,-58.80337,444.5844 0.19893805555555555,0.19893799999999998 513,106,835,428 557,183,641,233 721,200,799,246
p01\face\564.jpg p01\left\564.jpg p01\right\564.jpg p01\grid\564.jpg day38/0435.jpg left 234.0,657.0 -0.29668903,-0.013607221 -15.076697,11.663133,442.86548 0.19893805555555555,0.19893799999999998 429,279,742,592 468,350,553,401 635,368,702,408
p01\face\565.jpg p01\left\565.jpg p01\right\565.jpg p01\grid\565.jpg day14/0052.jpg left 740.0,582.0 -0.033993203,0.36487293 -12.237156,-3.793352,530.28973 0.19893805555555555,0.19893799999999998 468,257,736,525 503,325,570,365 638,329,704,368
p01\face\566.jpg p01\left\566.jpg p01\right\566.jpg p01\grid\566.jpg day16/0214.jpg left 27.0,155.0 -0.010740336,0.34020308 49.955875,-7.423074,492.97498 0.19893805555555555,0.19893799999999998 588,242,876,530 625,310,700,355 774,325,841,365
p01\face\567.jpg p01\left\567.jpg p01\right\567.jpg p01\grid\567.jpg day17/0063.jpg left 792.0,606.0 -0.05284382,0.60509336 -13.923652,26.049644,484.58667 0.19893805555555555,0.19893799999999998 450,312,739,601 489,386,561,429 635,393,705,435
p01\face\568.jpg p01\left\568.jpg p01\right\568.jpg p01\grid\568.jpg day45/0093.jpg left 1209.0,560.0 -0.1954865,-0.18307829 -3.407117,-26.278376,379.13885 0.19893805555555555,0.19893799999999998 431,161,792,522 483,250,568,301 665,259,752,311
p01\face\569.jpg p01\left\569.jpg p01\right\569.jpg p01\grid\569.jpg day14/0198.jpg left 110.0,473.0 -0.0716887,0.30577922 24.313625,-56.60138,498.23053 0.19893805555555555,0.19893799999999998 535,139,817,421 572,206,645,249 718,223,782,261
p01\face\570.jpg p01\left\570.jpg p01\right\570.jpg p01\grid\570.jpg day15/0185.jpg left 623.0,85.0 0.031567987,0.26172465 9.070334,-31.797115,508.18268 0.19893805555555555,0.19893799999999998 504,194,784,474 542,265,611,306 682,271,752,313
p01\face\571.jpg p01\left\571.jpg p01\right\571.jpg p01\grid\571.jpg day14/0143.jpg left 880.0,320.0 0.020921566,-0.124598205 -4.490732,-16.412985,438.32425 0.19893805555555555,0.19893799999999998 453,208,772,527 499,287,575,332 657,296,738,344
p01\face\572.jpg p01\left\572.jpg p01\right\572.jpg p01\grid\572.jpg day36/0006.jpg left 1405.0,205.0 0.23030947,0.034845185 -28.074509,-5.21747,360.42 0.19893805555555555,0.19893799999999998 350,215,731,596 409,307,496,359 597,316,694,374
p01\face\573.jpg p01\left\573.jpg p01\right\573.jpg p01\grid\573.jpg day03/0340.jpg left 542.0,178.0 -0.01884686,0.27130482 16.224127,-7.11944,541.6503 0.19893805555555555,0.19893799999999998 526,252,790,516 559,318,628,359 693,324,757,362
p01\face\574.jpg p01\left\574.jpg p01\right\574.jpg p01\grid\574.jpg day01/0323.jpg left 467.0,655.0 -0.056287743,0.28159994 4.174244,-15.638088,460.27927 0.19893805555555555,0.19893799999999998 478,215,788,525 519,289,600,337 677,302,752,347
p01\face\575.jpg p01\left\575.jpg p01\right\575.jpg p01\grid\575.jpg day03/0084.jpg left 1388.0,873.0 0.11406788,0.22373547 -3.140909,44.18002,610.39325 0.19893805555555555,0.19893799999999998 506,355,737,586 538,413,593,446 651,413,711,449
p01\face\576.jpg p01\left\576.jpg p01\right\576.jpg p01\grid\576.jpg day49/0103.jpg left 656.0,456.0 0.040609825,-0.17746589 20.885632,28.504131,515.5949 0.19893805555555555,0.19893799999999998 533,320,806,593 568,390,637,431 704,395,773,436
p01\face\577.jpg p01\left\577.jpg p01\right\577.jpg p01\grid\577.jpg day55/0425.jpg left 629.0,388.0 -0.03570728,0.3080598 -4.345175,-25.380829,459.85065 0.19893805555555555,0.19893799999999998 461,193,770,502 502,271,578,316 657,277,733,322
p01\face\578.jpg p01\left\578.jpg p01\right\578.jpg p01\grid\578.jpg day05/0016.jpg left 364.0,224.0 0.004506007,-0.2559484 9.120492,-30.08959,439.00055 0.19893805555555555,0.19893799999999998 488,175,804,491 529,254,611,303 691,264,766,309
p01\face\579.jpg p01\left\579.jpg p01\right\579.jpg p01\grid\579.jpg day12/0570.jpg left 567.0,218.0 0.018895172,0.34491858 35.891674,-20.68073,625.73346 0.19893805555555555,0.19893799999999998 574,243,800,469 603,301,661,335 716,304,773,338
p01\face\580.jpg p01\left\580.jpg p01\right\580.jpg p01\grid\580.jpg day15/0086.jpg left 122.0,256.0 0.0013000255,0.10439377 50.686337,-28.069853,478.85696 0.19893805555555555,0.19893799999999998 587,194,884,491 627,264,703,309 778,278,850,321
p01\face\581.jpg p01\left\581.jpg p01\right\581.jpg p01\grid\581.jpg day37/0260.jpg left 865.0,274.0 -0.06011724,0.5552226 -40.818947,23.074615,572.49 0.19893805555555555,0.19893799999999998 426,311,675,560 459,377,522,414 582,379,646,417
p01\face\582.jpg p01\left\582.jpg p01\right\582.jpg p01\grid\582.jpg day43/0407.jpg left 279.0,462.0 -0.033509333,0.1913519 25.84078,-76.57619,506.12482 0.19893805555555555,0.19893799999999998 540,101,819,380 576,169,649,212 718,179,785,219
p01\face\583.jpg p01\left\583.jpg p01\right\583.jpg p01\grid\583.jpg day34/0107.jpg left 945.0,848.0 -0.03263033,-0.25757992 -16.449877,1.92718,615.5275 0.19893805555555555,0.19893799999999998 484,281,710,507 516,338,571,371 627,344,685,378
p01\face\584.jpg p01\left\584.jpg p01\right\584.jpg p01\grid\584.jpg day31/0071.jpg left 349.0,143.0 -0.021305485,0.49668226 26.5034,47.90438,450.6092 0.19893805555555555,0.19893799999999998 528,362,844,678 570,435,652,484 731,452,807,497
p01\face\585.jpg p01\left\585.jpg p01\right\585.jpg p01\grid\585.jpg day66/0144.jpg left 200.0,182.0 -0.11754719,0.3885567 1.740656,-38.047634,544.7368 0.19893805555555555,0.19893799999999998 499,193,757,451 532,253,602,295 663,269,726,306
p01\face\586.jpg p01\left\586.jpg p01\right\586.jpg p01\grid\586.jpg day54/0563.jpg left 1089.0,645.0 -0.039560333,0.40536562 -17.767439,-6.857462,545.8737 0.19893805555555555,0.19893799999999998 461,253,722,514 496,319,560,357 626,325,692,364
p01\face\587.jpg p01\left\587.jpg p01\right\587.jpg p01\grid\587.jpg day27/0132.jpg left 638.0,284.0 -0.06815487,-0.12777658 -42.70667,12.318774,596.4407 0.19893805555555555,0.19893799999999998 432,297,667,532 463,356,524,392 582,362,639,396
p01\face\588.jpg p01\left\588.jpg p01\right\588.jpg p01\grid\588.jpg day20/0179.jpg left 739.0,624.0 -0.035012152,0.29251876 14.53721,-2.662418,495.3886 0.19893805555555555,0.19893799999999998 511,252,800,541 549,321,624,366 695,333,767,376
p01\face\589.jpg p01\left\589.jpg p01\right\589.jpg p01\grid\589.jpg day57/0267.jpg left 86.0,110.0 -0.020635484,0.30470416 24.770239,7.070902,527.46515 0.19893805555555555,0.19893799999999998 539,279,809,549 575,342,645,384 712,355,778,394
p01\face\590.jpg p01\left\590.jpg p01\right\590.jpg p01\grid\590.jpg day34/0110.jpg left 638.0,812.0 -0.04227608,0.47202924 -6.941046,0.645295,613.9354 0.19893805555555555,0.19893799999999998 498,276,729,507 529,334,589,370 644,342,702,376
p01\face\591.jpg p01\left\591.jpg p01\right\591.jpg p01\grid\591.jpg day54/0482.jpg left 395.0,886.0 0.04065179,0.5580719 29.516014,30.032696,560.17957 0.19893805555555555,0.19893799999999998 554,323,809,578 587,388,656,429 711,393,780,434
p01\face\592.jpg p01\left\592.jpg p01\right\592.jpg p01\grid\592.jpg day57/0401.jpg left 1383.0,95.0 -0.027847877,0.3342016 -24.328758,-2.92027,496.3023 0.19893805555555555,0.19893799999999998 433,257,710,534 474,324,538,362 610,331,682,374
p01\face\593.jpg p01\left\593.jpg p01\right\593.jpg p01\grid\593.jpg day23/0100.jpg left 0.0,29.0 0.01615974,0.28589574 93.586205,-15.306075,600.6966 0.19893805555555555,0.19893799999999998 671,249,906,484 704,303,764,339 822,317,880,351
p01\face\594.jpg p01\left\594.jpg p01\right\594.jpg p01\grid\594.jpg day33/0082.jpg left 987.0,476.0 -0.010285983,-0.18801825 -9.434433,4.404091,370.25653 0.19893805555555555,0.19893799999999998 409,241,784,616 463,335,551,387 647,344,744,402
p01\face\595.jpg p01\left\595.jpg p01\right\595.jpg p01\grid\595.jpg day58/0054.jpg left 628.0,105.0 -0.010810822,0.41424978 29.367369,-7.395521,501.8125 0.19893805555555555,0.19893799999999998 544,243,827,526 583,312,655,355 726,324,795,365
p01\face\596.jpg p01\left\596.jpg p01\right\596.jpg p01\grid\596.jpg day52/0693.jpg left 55.0,775.0 -0.06745488,0.33611825 5.341664,4.721053,539.5627 0.19893805555555555,0.19893799999999998 503,276,765,538 538,337,607,378 672,351,735,388
p01\face\597.jpg p01\left\597.jpg p01\right\597.jpg p01\grid\597.jpg day67/0290.jpg left 1430.0,593.0 -0.024420122,-0.25568527 -30.309046,-16.339823,512.9015 0.19893805555555555,0.19893799999999998 425,229,696,500 465,295,531,334 598,307,668,349
p01\face\598.jpg p01\left\598.jpg p01\right\598.jpg p01\grid\598.jpg day57/0185.jpg left 416.0,240.0 0.043955233,0.37044838 49.70226,-15.132954,399.21136 0.19893805555555555,0.19893799999999998 573,192,934,553 623,278,717,334 806,298,894,350
p01\face\599.jpg p01\left\599.jpg p01\right\599.jpg p01\grid\599.jpg day15/0225.jpg left 964.0,416.0 0.016022107,0.21997157 -9.482753,-25.878399,510.66092 0.19893805555555555,0.19893799999999998 465,209,742,486 506,276,573,316 642,285,714,328
p01\face\600.jpg p01\left\600.jpg p01\right\600.jpg p01\grid\600.jpg day37/0179.jpg left 1138.0,738.0 -0.053018045,0.4678691 -23.17418,28.370972,602.3336 0.19893805555555555,0.19893799999999998 467,324,702,559 499,384,557,418 617,390,675,424
p01\face\601.jpg p01\left\601.jpg p01\right\601.jpg p01\grid\601.jpg day41/0443.jpg left 1156.0,120.0 -0.038102377,0.3764057 -26.483866,-5.776987,583.8685 0.19893805555555555,0.19893799999999998 456,261,700,505 489,324,550,360 609,328,672,365
p01\face\602.jpg p01\left\602.jpg p01\right\602.jpg p01\grid\602.jpg day51/0156.jpg left 191.0,64.0 0.004379298,0.25683916 45.975803,12.400416,532.01935 0.19893805555555555,0.19893799999999998 580,290,848,558 619,351,686,391 751,367,820,408
p01\face\603.jpg p01\left\603.jpg p01\right\603.jpg p01\grid\603.jpg day31/0059.jpg left 419.0,561.0 -0.04457376,0.470661 7.214193,20.233023,450.86697 0.19893805555555555,0.19893799999999998 482,293,803,614 523,372,608,423 685,383,764,430
p01\face\604.jpg p01\left\604.jpg p01\right\604.jpg p01\grid\604.jpg day20/0505.jpg left 385.0,731.0 -0.040613264,0.49966258 -5.078184,9.871406,479.1429 0.19893805555555555,0.19893799999999998 467,275,764,572 505,351,583,397 650,354,729,401
p01\face\605.jpg p01\left\605.jpg p01\right\605.jpg p01\grid\605.jpg day54/0357.jpg left 1197.0,719.0 -0.027728569,-0.1789365 -16.460524,11.584094,465.48828 0.19893805555555555,0.19893799999999998 438,280,738,580 480,357,550,399 628,361,704,406
p01\face\606.jpg p01\left\606.jpg p01\right\606.jpg p01\grid\606.jpg day10/0047.jpg left 1001.0,864.0 -0.027457925,-0.21622898 -20.49916,8.058552,481.46155 0.19893805555555555,0.19893799999999998 435,275,723,563 476,347,545,388 619,355,692,398
p01\face\607.jpg p01\left\607.jpg p01\right\607.jpg p01\grid\607.jpg day20/0366.jpg left 421.0,243.0 0.011791791,0.28673205 54.47148,-44.809414,619.929 0.19893805555555555,0.19893799999999998 603,201,832,430 634,256,694,292 749,266,806,300
p01\face\608.jpg p01\left\608.jpg p01\right\608.jpg p01\grid\608.jpg day31/0225.jpg left 821.0,130.0 -0.00543616,0.33061042 5.076573,-35.371334,436.6356 0.19893805555555555,0.19893799999999998 474,159,799,484 518,241,599,289 681,249,762,297
p01\face\609.jpg p01\left\609.jpg p01\right\609.jpg p01\grid\609.jpg day01/0082.jpg left 62.0,894.0 -0.011694541,-0.15441862 12.386857,2.68423,446.73993 0.19893805555555555,0.19893799999999998 499,257,809,567 538,333,620,382 698,344,771,387
p01\face\610.jpg p01\left\610.jpg p01\right\610.jpg p01\grid\610.jpg day42/0542.jpg left 149.0,119.0 -0.048952952,0.2574905 26.007687,-51.445683,491.10138 0.19893805555555555,0.19893799999999998 537,148,823,434 574,215,650,260 722,230,789,270
p01\face\611.jpg p01\left\611.jpg p01\right\611.jpg p01\grid\611.jpg day44/0191.jpg left 237.0,677.0 -0.008904198,0.2189752 2.993416,10.249546,510.66772 0.19893805555555555,0.19893799999999998 501,290,766,555 536,356,597,392 670,357,733,394
p01\face\612.jpg p01\left\612.jpg p01\right\612.jpg p01\grid\612.jpg day04/0668.jpg left 1415.0,726.0 0.04175194,-0.053501926 -8.134603,-16.799818,482.39224 0.19893805555555555,0.19893799999999998 463,222,752,511 503,294,572,335 647,300,720,343
p01\face\613.jpg p01\left\613.jpg p01\right\613.jpg p01\grid\613.jpg day04/0335.jpg left 92.0,437.0 -0.08327428,0.39988053 -12.214654,8.416595,543.8294 0.19893805555555555,0.19893799999999998 473,283,734,544 504,348,573,389 639,355,700,391
p01\face\614.jpg p01\left\614.jpg p01\right\614.jpg p01\grid\614.jpg day31/0453.jpg left 1044.0,124.0 -0.05269113,-0.15217116 -23.414515,-4.15208,393.05594 0.19893805555555555,0.19893799999999998 383,224,738,579 434,315,519,366 609,320,700,374
p01\face\615.jpg p01\left\615.jpg p01\right\615.jpg p01\grid\615.jpg day33/0058.jpg left 714.0,74.0 -0.0014494404,-0.11667686 -6.007214,-20.586496,420.3755 0.19893805555555555,0.19893799999999998 443,192,776,525 488,274,572,324 654,283,738,333
p01\face\616.jpg p01\left\616.jpg p01\right\616.jpg p01\grid\616.jpg day43/0386.jpg left 1411.0,23.0 -0.056813743,0.39747378 -29.65558,10.200943,576.4366 0.19893805555555555,0.19893799999999998 448,290,694,536 482,352,543,388 603,357,666,394
p01\face\617.jpg p01\left\617.jpg p01\right\617.jpg p01\grid\617.jpg day04/0546.jpg left 884.0,459.0 -0.015565471,-0.04443317 -19.783716,3.759424,413.9156 0.19893805555555555,0.19893799999999998 405,252,744,591 451,335,535,385 620,343,705,394
p01\face\618.jpg p01\left\618.jpg p01\right\618.jpg p01\grid\618.jpg day66/0234.jpg left 223.0,521.0 0.066383965,-0.22320668 48.956223,-28.054499,432.62924 0.19893805555555555,0.19893799999999998 578,177,900,499 625,250,709,300 789,275,867,321
p01\face\619.jpg p01\left\619.jpg p01\right\619.jpg p01\grid\619.jpg day55/0216.jpg left 63.0,322.0 0.005720124,-0.0029088547 22.285627,-2.544161,423.55737 0.19893805555555555,0.19893799999999998 513,239,843,569 559,315,643,365 725,333,806,381
p01\face\620.jpg p01\left\620.jpg p01\right\620.jpg p01\grid\620.jpg day42/0359.jpg left 1081.0,747.0 -0.012386087,-0.20332138 -29.067848,-19.269978,466.50183 0.19893805555555555,0.19893799999999998 410,209,711,510 451,288,524,331 598,289,677,336
p01\face\621.jpg p01\left\621.jpg p01\right\621.jpg p01\grid\621.jpg day04/0047.jpg left 1356.0,113.0 -0.026954468,-0.084159665 -36.153503,-10.910416,431.19342 0.19893805555555555,0.19893799999999998 373,220,698,545 419,300,497,346 580,308,662,357
p01\face\622.jpg p01\left\622.jpg p01\right\622.jpg p01\grid\622.jpg day58/0227.jpg left 1372.0,225.0 0.026518805,0.22004181 -24.565706,-71.23336,528.5297 0.19893805555555555,0.19893799999999998 442,123,709,390 480,190,544,228 611,195,680,236
p01\face\623.jpg p01\left\623.jpg p01\right\623.jpg p01\grid\623.jpg day01/0250.jpg left 777.0,310.0 -0.02180373,-0.13318132 -8.869748,16.409449,489.7841 0.19893805555555555,0.19893799999999998 462,293,750,581 499,364,574,409 645,372,715,414
p01\face\624.jpg p01\left\624.jpg p01\right\624.jpg p01\grid\624.jpg day19/0139.jpg left 144.0,40.0 -0.15890266,0.2706154 25.595598,-40.53739,408.50235 0.19893805555555555,0.19893799999999998 519,138,855,474 563,207,657,263 737,240,816,287
p01\face\625.jpg p01\left\625.jpg p01\right\625.jpg p01\grid\625.jpg day42/0592.jpg left 562.0,674.0 0.064965226,-0.28962585 40.346035,-33.69169,501.32812 0.19893805555555555,0.19893799999999998 571,189,850,468 608,260,678,302 748,266,817,307
p01\face\626.jpg p01\left\626.jpg p01\right\626.jpg p01\grid\626.jpg day45/0252.jpg left 479.0,252.0 -0.013666572,0.14942674 47.52311,-128.1291,508.69458 0.19893805555555555,0.19893799999999998 588,0,861,273 625,63,691,102 763,73,829,112
p01\face\627.jpg p01\left\627.jpg p01\right\627.jpg p01\grid\627.jpg day64/0167.jpg left 917.0,794.0 0.106907666,-0.21702863 29.196411,17.854996,475.8953 0.19893805555555555,0.19893799999999998 540,298,825,583 586,358,656,400 729,389,799,431
p01\face\628.jpg p01\left\628.jpg p01\right\628.jpg p01\grid\628.jpg day43/0301.jpg left 1157.0,375.0 0.0372512,-0.15687653 -2.424018,-37.681225,414.62717 0.19893805555555555,0.19893799999999998 450,146,787,483 497,230,578,278 663,237,750,289
p01\face\629.jpg p01\left\629.jpg p01\right\629.jpg p01\grid\629.jpg day20/0547.jpg left 1339.0,845.0 -0.0069053057,-0.10226061 -35.158386,13.073616,499.72256 0.19893805555555555,0.19893799999999998 413,289,692,568 451,361,517,400 588,362,660,405
p01\face\630.jpg p01\left\630.jpg p01\right\630.jpg p01\grid\630.jpg day52/0508.jpg left 830.0,715.0 -0.077357024,0.4603314 -17.5529,5.81574,519.29913 0.19893805555555555,0.19893799999999998 453,274,726,547 489,342,558,383 627,350,694,390
p01\face\631.jpg p01\left\631.jpg p01\right\631.jpg p01\grid\631.jpg day43/0397.jpg left 305.0,502.0 -0.10369014,0.47438124 -13.47089,16.711828,574.17535 0.19893805555555555,0.19893799999999998 478,302,724,548 509,362,575,401 635,372,693,406
p01\face\632.jpg p01\left\632.jpg p01\right\632.jpg p01\grid\632.jpg day48/0002.jpg left 484.0,275.0 -0.015633063,0.3164706 23.431063,-17.266146,358.47382 0.19893805555555555,0.19893799999999998 494,171,893,570 545,266,651,329 746,281,845,340
p01\face\633.jpg p01\left\633.jpg p01\right\633.jpg p01\grid\633.jpg day17/0270.jpg left 755.0,378.0 -0.0066301487,-0.18308645 1.730248,-17.101437,420.19778 0.19893805555555555,0.19893799999999998 462,200,793,531 507,281,591,331 676,294,755,341
p01\face\634.jpg p01\left\634.jpg p01\right\634.jpg p01\grid\634.jpg day38/0061.jpg left 1422.0,852.0 -0.015070186,0.36832952 -19.772322,-10.202062,517.1162 0.19893805555555555,0.19893799999999998 448,241,722,515 486,312,552,351 621,315,691,357
p01\face\635.jpg p01\left\635.jpg p01\right\635.jpg p01\grid\635.jpg day67/0287.jpg left 832.0,220.0 0.012040245,-0.12078071 -0.359042,45.94414,455.20978 0.19893805555555555,0.19893799999999998 472,359,778,665 512,435,588,480 666,442,741,487
p01\face\636.jpg p01\left\636.jpg p01\right\636.jpg p01\grid\636.jpg day03/0149.jpg left 804.0,653.0 -0.028836548,-0.21339028 -23.138775,29.606709,513.8486 0.19893805555555555,0.19893799999999998 442,323,713,594 479,393,546,433 615,398,682,438
p01\face\637.jpg p01\left\637.jpg p01\right\637.jpg p01\grid\637.jpg day14/0229.jpg left 309.0,127.0 -0.1138915,-0.111818075 -8.798377,-59.419147,460.39954 0.19893805555555555,0.19893799999999998 449,117,753,421 491,186,570,233 647,205,719,248
p01\face\638.jpg p01\left\638.jpg p01\right\638.jpg p01\grid\638.jpg day17/0392.jpg left 598.0,52.0 -0.04522527,0.21161161 -2.270397,-26.7575,425.36713 0.19893805555555555,0.19893799999999998 450,175,787,512 494,258,581,310 665,269,747,318
p01\face\639.jpg p01\left\639.jpg p01\right\639.jpg p01\grid\639.jpg day41/0371.jpg left 161.0,420.0 -0.09559114,0.18647501 8.144471,-44.226536,452.96948 0.19893805555555555,0.19893799999999998 486,146,801,461 526,220,611,271 686,236,762,281
p01\face\640.jpg p01\left\640.jpg p01\right\640.jpg p01\grid\640.jpg day19/0040.jpg left 455.0,17.0 -0.08379272,0.5057069 -6.978253,37.71736,448.27502 0.19893805555555555,0.19893799999999998 450,338,766,654 491,414,572,462 653,426,728,471
p01\face\641.jpg p01\left\641.jpg p01\right\641.jpg p01\grid\641.jpg day04/0582.jpg left 603.0,328.0 -0.08590632,0.3812818 -32.937363,29.436775,503.30054 0.19893805555555555,0.19893799999999998 413,322,696,605 452,391,522,433 595,400,664,441
p01\face\642.jpg p01\left\642.jpg p01\right\642.jpg p01\grid\642.jpg day27/0289.jpg left 31.0,846.0 -0.01532432,-0.06517009 10.819395,16.447742,517.8529 0.19893805555555555,0.19893799999999998 512,299,780,567 549,363,616,403 685,374,749,412
p01\face\643.jpg p01\left\643.jpg p01\right\643.jpg p01\grid\643.jpg day12/0301.jpg left 1117.0,667.0 0.036574338,0.40823683 -11.188593,-11.170054,554.74677 0.19893805555555555,0.19893799999999998 478,247,733,502 513,315,573,351 638,314,704,353
p01\face\644.jpg p01\left\644.jpg p01\right\644.jpg p01\grid\644.jpg day13/0107.jpg left 151.0,190.0 0.048248913,-0.28335163 17.155806,-39.156425,510.63928 0.19893805555555555,0.19893799999999998 523,181,796,454 560,247,630,289 698,259,765,299
p01\face\645.jpg p01\left\645.jpg p01\right\645.jpg p01\grid\645.jpg day07/0020.jpg left 344.0,241.0 -0.053176075,0.2723788 -1.253772,-42.185673,450.5088 0.19893805555555555,0.19893799999999998 463,149,781,467 504,227,588,277 665,237,743,283
p01\face\646.jpg p01\left\646.jpg p01\right\646.jpg p01\grid\646.jpg day53/0222.jpg left 942.0,264.0 -0.0004410923,-0.17714089 -4.656545,-39.79727,514.53485 0.19893805555555555,0.19893799999999998 479,182,750,453 517,248,584,288 653,258,720,298
p01\face\647.jpg p01\left\647.jpg p01\right\647.jpg p01\grid\647.jpg day19/0056.jpg left 1182.0,716.0 -0.082901955,-0.31280723 -41.266426,-5.138833,554.7779 0.19893805555555555,0.19893799999999998 422,258,674,510 456,325,517,361 580,327,644,365
p01\face\648.jpg p01\left\648.jpg p01\right\648.jpg p01\grid\648.jpg day63/0338.jpg left 1319.0,850.0 0.20889637,-0.16436143 78.33008,-8.095588,480.5965 0.19893805555555555,0.19893799999999998 648,239,939,530 695,306,761,345 836,326,912,371
p01\face\649.jpg p01\left\649.jpg p01\right\649.jpg p01\grid\649.jpg day59/0474.jpg left 43.0,885.0 -0.26390502,-0.07985884 8.978434,7.115217,411.85843 0.19893805555555555,0.19893799999999998 478,263,811,596 520,340,607,392 697,356,769,399
p01\face\650.jpg p01\left\650.jpg p01\right\650.jpg p01\grid\650.jpg day52/0125.jpg left 790.0,736.0 -0.080437355,0.4119873 -27.825497,2.841681,589.88745 0.19893805555555555,0.19893799999999998 455,278,695,518 488,338,548,374 609,346,667,380
p01\face\651.jpg p01\left\651.jpg p01\right\651.jpg p01\grid\651.jpg day55/0313.jpg left 1292.0,352.0 0.013128257,0.48745403 -13.852486,47.28128,550.21375 0.19893805555555555,0.19893799999999998 470,359,726,615 507,424,568,460 633,429,699,468
p01\face\652.jpg p01\left\652.jpg p01\right\652.jpg p01\grid\652.jpg day02/0137.jpg left 1428.0,9.0 0.04928713,0.22548959 -20.206041,-8.17991,557.0618 0.19893805555555555,0.19893799999999998 460,256,712,508 497,318,557,354 621,323,685,361
p01\face\653.jpg p01\left\653.jpg p01\right\653.jpg p01\grid\653.jpg day57/0383.jpg left 347.0,377.0 -0.034494407,0.41072735 19.797071,-9.459363,518.93097 0.19893805555555555,0.19893799999999998 529,243,800,514 565,308,635,350 704,322,768,360
p01\face\654.jpg p01\left\654.jpg p01\right\654.jpg p01\grid\654.jpg day06/0383.jpg left 666.0,849.0 -0.0073128724,0.17896022 8.487222,-38.87719,556.76996 0.19893805555555555,0.19893799999999998 514,196,769,451 548,259,612,297 676,266,739,303
p01\face\655.jpg p01\left\655.jpg p01\right\655.jpg p01\grid\655.jpg day61/0222.jpg left 48.0,251.0 -0.007816605,0.1587963 54.305153,-69.00915,419.7338 0.19893805555555555,0.19893799999999998 590,67,930,407 635,148,723,200 811,164,890,211
p01\face\656.jpg p01\left\656.jpg p01\right\656.jpg p01\grid\656.jpg day03/0097.jpg left 803.0,85.0 -0.13246815,-0.0016760022 4.392473,-26.931034,404.04965 0.19893805555555555,0.19893799999999998 463,173,803,513 511,250,596,301 682,265,766,315
p01\face\657.jpg p01\left\657.jpg p01\right\657.jpg p01\grid\657.jpg day25/0180.jpg left 694.0,50.0 -0.016204624,0.4467359 36.85991,3.421199,385.29404 0.19893805555555555,0.19893799999999998 535,239,904,608 590,320,686,377 776,353,867,407
p01\face\658.jpg p01\left\658.jpg p01\right\658.jpg p01\grid\658.jpg day63/0120.jpg left 1143.0,656.0 -0.05272855,-0.16163714 -34.073063,8.408017,477.13953 0.19893805555555555,0.19893799999999998 401,273,696,568 443,348,515,391 588,354,664,399
p01\face\659.jpg p01\left\659.jpg p01\right\659.jpg p01\grid\659.jpg day20/0439.jpg left 874.0,584.0 -0.016408106,0.40280017 -7.139146,-45.203957,585.6187 0.19893805555555555,0.19893799999999998 495,192,733,430 526,255,584,289 645,256,705,292
p01\face\660.jpg p01\left\660.jpg p01\right\660.jpg p01\grid\660.jpg day01/0038.jpg left 17.0,758.0 0.015899047,-0.006727973 12.041722,12.603641,424.1114 0.19893805555555555,0.19893799999999998 488,277,818,607 533,353,617,403 699,370,780,418
p01\face\661.jpg p01\left\661.jpg p01\right\661.jpg p01\grid\661.jpg day61/0227.jpg left 1244.0,625.0 0.09343655,0.31624058 22.067808,-39.975254,442.64746 0.19893805555555555,0.19893799999999998 517,150,839,472 562,235,638,280 721,237,803,286
p01\face\662.jpg p01\left\662.jpg p01\right\662.jpg p01\grid\662.jpg day32/0166.jpg left 1309.0,386.0 0.14861979,0.3467873 19.316328,-8.727203,489.18976 0.19893805555555555,0.19893799999999998 523,240,811,528 565,314,632,354 705,315,780,360
p01\face\663.jpg p01\left\663.jpg p01\right\663.jpg p01\grid\663.jpg day55/0078.jpg left 877.0,865.0 -0.045927912,0.4255208 -13.4613,16.680069,497.64355 0.19893805555555555,0.19893799999999998 455,295,738,578 493,366,563,408 635,372,705,414
p01\face\664.jpg p01\left\664.jpg p01\right\664.jpg p01\grid\664.jpg day15/0406.jpg left 141.0,643.0 -0.26201674,-0.11770965 25.720428,-7.66423,372.0211 0.19893805555555555,0.19893799999999998 507,212,873,578 553,289,658,352 751,321,827,366
p01\face\665.jpg p01\left\665.jpg p01\right\665.jpg p01\grid\665.jpg day12/0334.jpg left 1323.0,730.0 0.016305447,0.38640735 -20.901743,-6.009328,564.4112 0.19893805555555555,0.19893799999999998 461,260,710,509 497,324,555,358 620,327,683,364
p01\face\666.jpg p01\left\666.jpg p01\right\666.jpg p01\grid\666.jpg day15/0213.jpg left 588.0,526.0 -0.002132459,0.2754918 -0.146438,-27.218882,515.1666 0.19893805555555555,0.19893799999999998 486,206,762,482 524,273,593,314 662,284,731,325
p01\face\667.jpg p01\left\667.jpg p01\right\667.jpg p01\grid\667.jpg day65/0352.jpg left 599.0,236.0 0.017798208,-0.22653145 9.444041,-2.350442,582.5053 0.19893805555555555,0.19893799999999998 523,269,763,509 555,330,616,366 675,335,735,371
p01\face\668.jpg p01\left\668.jpg p01\right\668.jpg p01\grid\668.jpg day07/0176.jpg left 627.0,816.0 0.02985143,-0.35325608 5.944819,-38.560036,407.78827 0.19893805555555555,0.19893799999999998 467,138,807,478 514,220,602,272 686,239,770,289
p01\face\669.jpg p01\left\669.jpg p01\right\669.jpg p01\grid\669.jpg day60/0047.jpg left 248.0,293.0 -0.1816074,-0.11869646 24.483059,-22.362734,356.68317 0.19893805555555555,0.19893799999999998 498,160,885,547 550,247,652,308 750,271,840,325
p01\face\670.jpg p01\left\670.jpg p01\right\670.jpg p01\grid\670.jpg day49/0392.jpg left 1312.0,483.0 0.021071525,-0.27740934 9.077989,-18.646088,469.6394 0.19893805555555555,0.19893799999999998 497,212,792,507 539,287,609,329 685,295,760,340
p01\face\671.jpg p01\left\671.jpg p01\right\671.jpg p01\grid\671.jpg day20/0400.jpg left 187.0,22.0 -0.12753022,0.30247855 -29.74527,-63.55699,543.8875 0.19893805555555555,0.19893799999999998 437,144,695,402 472,204,539,244 604,220,665,256
p01\face\672.jpg p01\left\672.jpg p01\right\672.jpg p01\grid\672.jpg day26/0046.jpg left 199.0,633.0 0.39602444,0.0069762035 36.99246,-32.330223,472.92316 0.19893805555555555,0.19893799999999998 567,190,852,475 604,255,682,301 747,263,819,306
p01\face\673.jpg p01\left\673.jpg p01\right\673.jpg p01\grid\673.jpg day58/0261.jpg left 42.0,490.0 0.0030618696,0.18792859 36.259304,-111.56253,521.9547 0.19893805555555555,0.19893799999999998 562,36,835,309 598,103,668,145 737,114,803,153
p01\face\674.jpg p01\left\674.jpg p01\right\674.jpg p01\grid\674.jpg day31/0005.jpg left 253.0,54.0 -0.10403537,0.19167589 3.827068,-42.050922,444.71213 0.19893805555555555,0.19893799999999998 474,148,795,469 514,224,599,275 678,238,754,283
p01\face\675.jpg p01\left\675.jpg p01\right\675.jpg p01\grid\675.jpg day15/0481.jpg left 382.0,298.0 -0.10269018,0.2872243 6.119693,-12.651591,496.1883 0.19893805555555555,0.19893799999999998 495,233,778,516 533,299,606,342 679,315,745,354
p01\face\676.jpg p01\left\676.jpg p01\right\676.jpg p01\grid\676.jpg day03/0024.jpg left 70.0,707.0 -0.039486703,0.3729939 7.94896,17.70259,515.32886 0.19893805555555555,0.19893799999999998 504,299,778,573 540,365,610,407 681,377,745,415
p01\face\677.jpg p01\left\677.jpg p01\right\677.jpg p01\grid\677.jpg day01/0261.jpg left 614.0,423.0 -0.1690484,-0.022462308 -7.50247,15.825846,557.3992 0.19893805555555555,0.19893799999999998 484,301,736,553 517,362,580,399 648,370,705,404
p01\face\678.jpg p01\left\678.jpg p01\right\678.jpg p01\grid\678.jpg day03/0323.jpg left 1300.0,580.0 0.044624005,0.43897298 -9.827783,8.752374,607.1796 0.19893805555555555,0.19893799999999998 494,292,725,523 526,353,581,386 639,352,699,388
p01\face\679.jpg p01\left\679.jpg p01\right\679.jpg p01\grid\679.jpg day51/0423.jpg left 19.0,736.0 -0.1226724,-0.007270399 22.393793,-9.807916,477.47226 0.19893805555555555,0.19893799999999998 528,239,814,525 569,303,642,346 713,319,783,361
p01\face\680.jpg p01\left\680.jpg p01\right\680.jpg p01\grid\680.jpg day49/0508.jpg left 1191.0,430.0 -0.3586246,-0.12641242 -28.88439,2.208799,400.64536 0.19893805555555555,0.19893799999999998 373,249,712,588 422,328,506,378 594,340,675,388
p01\face\681.jpg p01\left\681.jpg p01\right\681.jpg p01\grid\681.jpg day58/0334.jpg left 1366.0,110.0 -0.043510925,-0.16832352 -19.997572,-29.015896,522.74677 0.19893805555555555,0.19893799999999998 451,206,719,474 488,274,554,313 620,278,689,319
p01\face\682.jpg p01\left\682.jpg p01\right\682.jpg p01\grid\682.jpg day01/0057.jpg left 1413.0,609.0 0.07872399,0.06529763 -7.508427,2.895088,534.5701 0.19893805555555555,0.19893799999999998 478,273,742,537 516,338,579,375 645,344,714,385
p01\face\683.jpg p01\left\683.jpg p01\right\683.jpg p01\grid\683.jpg day52/0094.jpg left 988.0,685.0 -0.033082798,-0.20763373 -27.877945,-18.693663,489.02136 0.19893805555555555,0.19893799999999998 421,218,707,504 461,289,531,331 603,297,676,340
p01\face\684.jpg p01\left\684.jpg p01\right\684.jpg p01\grid\684.jpg day67/0173.jpg left 844.0,375.0 0.013593753,-0.15180042 20.175833,-6.145575,374.05655 0.19893805555555555,0.19893799999999998 492,212,865,585 545,302,636,356 735,318,823,370
p01\face\685.jpg p01\left\685.jpg p01\right\685.jpg p01\grid\685.jpg day15/0484.jpg left 1068.0,355.0 -0.023076247,-0.14602003 -25.87394,-7.491782,481.1971 0.19893805555555555,0.19893799999999998 422,241,713,532 463,313,533,355 608,321,681,364
p01\face\686.jpg p01\left\686.jpg p01\right\686.jpg p01\grid\686.jpg day63/0230.jpg left 1393.0,838.0 0.016401168,-0.34356266 10.956194,-26.73427,472.0271 0.19893805555555555,0.19893799999999998 501,195,793,487 544,268,614,310 688,279,763,324
p01\face\687.jpg p01\left\687.jpg p01\right\687.jpg p01\grid\687.jpg day59/0003.jpg left 1427.0,698.0 0.003680156,-0.19650069 -6.243216,-21.0615,500.55167 0.19893805555555555,0.19893799999999998 474,217,753,496 512,289,579,329 649,290,721,333
p01\face\688.jpg p01\left\688.jpg p01\right\688.jpg p01\grid\688.jpg day28/0230.jpg left 305.0,589.0 -0.012217406,-0.0578897 36.008846,-15.342346,384.4199 0.19893805555555555,0.19893799999999998 540,191,906,557 586,279,682,336 776,293,860,343
p01\face\689.jpg p01\left\689.jpg p01\right\689.jpg p01\grid\689.jpg day17/0070.jpg left 301.0,3.0 -0.07023429,0.37678936 17.579428,-29.271452,452.4951 0.19893805555555555,0.19893799999999998 509,182,818,491 552,254,631,301 710,274,783,317
p01\face\690.jpg p01\left\690.jpg p01\right\690.jpg p01\grid\690.jpg day41/0166.jpg left 1096.0,893.0 0.04164094,-0.17729451 6.172668,-4.09465,465.06393 0.19893805555555555,0.19893799999999998 488,245,786,543 531,317,604,360 679,329,754,374
p01\face\691.jpg p01\left\691.jpg p01\right\691.jpg p01\grid\691.jpg day27/0099.jpg left 1090.0,769.0 0.010351414,-0.090920545 -8.290561,23.565811,383.87866 0.19893805555555555,0.19893799999999998 419,299,782,662 472,387,557,438 650,398,743,453
p01\face\692.jpg p01\left\692.jpg p01\right\692.jpg p01\grid\692.jpg day27/0395.jpg left 1088.0,756.0 0.17431995,0.3964253 39.554504,19.28411,555.6305 0.19893805555555555,0.19893799999999998 581,307,833,559 611,379,671,415 733,365,800,405
p01\face\693.jpg p01\left\693.jpg p01\right\693.jpg p01\grid\693.jpg day48/0145.jpg left 223.0,886.0 -0.00693974,-0.14478421 13.790306,1.53036,464.71707 0.19893805555555555,0.19893799999999998 505,257,806,558 545,331,623,377 698,340,771,383
p01\face\694.jpg p01\left\694.jpg p01\right\694.jpg p01\grid\694.jpg day43/0388.jpg left 249.0,642.0 -0.09673331,0.42256257 -6.871431,17.581778,580.1507 0.19893805555555555,0.19893799999999998 492,305,733,546 523,363,586,400 647,374,704,408
p01\face\695.jpg p01\left\695.jpg p01\right\695.jpg p01\grid\695.jpg day22/0181.jpg left 535.0,742.0 0.0028886213,-0.34352002 1.887267,-1.883997,534.243 0.19893805555555555,0.19893799999999998 502,264,757,519 535,330,599,368 666,335,726,371
p01\face\696.jpg p01\left\696.jpg p01\right\696.jpg p01\grid\696.jpg day36/0161.jpg left 337.0,383.0 0.061719038,0.5278548 58.306488,49.316822,536.2856 0.19893805555555555,0.19893799999999998 607,361,875,629 641,426,711,468 778,437,842,475
p01\face\697.jpg p01\left\697.jpg p01\right\697.jpg p01\grid\697.jpg day35/0150.jpg left 297.0,270.0 0.032026526,0.3867826 70.62869,11.681733,573.2548 0.19893805555555555,0.19893799999999998 630,292,879,541 664,350,728,388 790,365,851,401
p01\face\698.jpg p01\left\698.jpg p01\right\698.jpg p01\grid\698.jpg day50/0023.jpg left 434.0,109.0 -0.03937276,0.41154242 15.427505,-9.754885,550.9944 0.19893805555555555,0.19893799999999998 527,250,782,505 561,311,627,350 691,323,752,359
p01\face\699.jpg p01\left\699.jpg p01\right\699.jpg p01\grid\699.jpg day63/0322.jpg left 698.0,755.0 -0.028546005,-0.30504262 -15.815442,-31.831678,451.1133 0.19893805555555555,0.19893799999999998 433,175,742,484 474,252,553,299 630,262,705,307
p01\face\700.jpg p01\left\700.jpg p01\right\700.jpg p01\grid\700.jpg day51/0333.jpg left 948.0,315.0 -0.07512492,0.26200745 -35.44634,-19.620926,540.3521 0.19893805555555555,0.19893799999999998 423,228,685,490 460,291,526,330 592,303,656,341
p01\face\701.jpg p01\left\701.jpg p01\right\701.jpg p01\grid\701.jpg day66/0280.jpg left 532.0,635.0 -0.00033990675,0.4076252 25.017084,-6.359897,523.3808 0.19893805555555555,0.19893799999999998 539,250,810,521 576,315,645,356 713,328,780,368
p01\face\702.jpg p01\left\702.jpg p01\right\702.jpg p01\grid\702.jpg day51/0270.jpg left 989.0,211.0 -0.04288214,-0.16682611 -29.665773,-34.960217,471.17682 0.19893805555555555,0.19893799999999998 408,176,706,474 449,249,524,294 598,259,673,304
p01\face\703.jpg p01\left\703.jpg p01\right\703.jpg p01\grid\703.jpg day07/0242.jpg left 1285.0,51.0 0.0035303538,0.4660869 -33.34004,38.112404,594.1578 0.19893805555555555,0.19893799999999998 448,342,686,580 480,405,538,439 598,404,659,440
p01\face\704.jpg p01\left\704.jpg p01\right\704.jpg p01\grid\704.jpg day36/0114.jpg left 91.0,123.0 -0.14319657,0.12479992 31.818937,-7.970582,383.8036 0.19893805555555555,0.19893799999999998 533,219,887,573 579,296,672,351 761,315,845,365
p01\face\705.jpg p01\left\705.jpg p01\right\705.jpg p01\grid\705.jpg day42/0623.jpg left 916.0,601.0 0.007804058,-0.2298023 1.642029,-49.709625,495.66187 0.19893805555555555,0.19893799999999998 488,154,770,436 526,225,595,266 667,231,737,273
p01\face\706.jpg p01\left\706.jpg p01\right\706.jpg p01\grid\706.jpg day54/0295.jpg left 817.0,651.0 0.018466515,-0.21432798 15.575804,-25.441029,489.8548 0.19893805555555555,0.19893799999999998 514,203,800,489 555,274,625,316 697,283,770,326
p01\face\707.jpg p01\left\707.jpg p01\right\707.jpg p01\grid\707.jpg day44/0137.jpg left 1145.0,326.0 0.0041441047,0.46567225 -25.698078,-5.10873,590.38617 0.19893805555555555,0.19893799999999998 463,264,701,502 493,330,551,364 612,326,672,362
p01\face\708.jpg p01\left\708.jpg p01\right\708.jpg p01\grid\708.jpg day25/0195.jpg left 1131.0,141.0 0.071091145,-0.16209176 27.39869,2.227599,398.38074 0.19893805555555555,0.19893799999999998 520,244,868,592 571,326,656,377 746,345,831,396
p01\face\709.jpg p01\left\709.jpg p01\right\709.jpg p01\grid\709.jpg day06/0038.jpg left 1223.0,9.0 0.10169465,0.34149477 -8.65924,-18.918447,524.584 0.19893805555555555,0.19893799999999998 475,226,743,494 512,299,575,336 643,295,713,337
p01\face\710.jpg p01\left\710.jpg p01\right\710.jpg p01\grid\710.jpg day47/0235.jpg left 549.0,142.0 0.00018277713,0.35090327 22.670172,20.62766,537.66296 0.19893805555555555,0.19893799999999998 537,306,802,571 573,370,640,410 706,380,772,419
p01\face\711.jpg p01\left\711.jpg p01\right\711.jpg p01\grid\711.jpg day15/0076.jpg left 1145.0,479.0 0.038221207,-0.22776195 3.959715,-19.43748,454.0111 0.19893805555555555,0.19893799999999998 480,206,786,512 525,282,597,325 675,292,754,339
p01\face\712.jpg p01\left\712.jpg p01\right\712.jpg p01\grid\712.jpg day28/0012.jpg left 557.0,620.0 0.0038832177,-0.15651873 -0.72312,22.265205,385.5726 0.19893805555555555,0.19893799999999998 441,294,802,655 489,382,582,437 671,395,761,449
p01\face\713.jpg p01\left\713.jpg p01\right\713.jpg p01\grid\713.jpg day53/0161.jpg left 319.0,881.0 -0.03552396,0.40657583 18.69902,-1.987514,567.2112 0.19893805555555555,0.19893799999999998 535,267,782,514 569,326,632,363 695,339,755,375
p01\face\714.jpg p01\left\714.jpg p01\right\714.jpg p01\grid\714.jpg day16/0379.jpg left 1179.0,189.0 0.04508233,0.019731134 -46.13557,-53.076717,407.58255 0.19893805555555555,0.19893799999999998 332,101,681,450 380,192,462,241 552,191,642,245
p01\face\715.jpg p01\left\715.jpg p01\right\715.jpg p01\grid\715.jpg day54/0595.jpg left 342.0,537.0 0.012496959,0.38583416 43.381683,-13.338453,452.6876 0.19893805555555555,0.19893799999999998 566,216,882,532 609,291,691,340 771,309,846,354
p01\face\716.jpg p01\left\716.jpg p01\right\716.jpg p01\grid\716.jpg day20/0160.jpg left 907.0,663.0 0.0013959557,0.33848873 6.572112,4.877997,493.54306 0.19893805555555555,0.19893799999999998 494,268,783,557 534,340,606,383 678,347,751,390
p01\face\717.jpg p01\left\717.jpg p01\right\717.jpg p01\grid\717.jpg day25/0051.jpg left 842.0,754.0 -0.0018936186,-0.06994673 0.495583,21.230076,482.16516 0.19893805555555555,0.19893799999999998 481,304,772,595 521,377,591,419 666,382,739,425
p01\face\718.jpg p01\left\718.jpg p01\right\718.jpg p01\grid\718.jpg day31/0248.jpg left 1181.0,410.0 -0.040154897,-0.15390873 -2.767074,16.414886,476.62024 0.19893805555555555,0.19893799999999998 474,292,768,586 513,371,583,413 658,367,733,412
p01\face\719.jpg p01\left\719.jpg p01\right\719.jpg p01\grid\719.jpg day58/0074.jpg left 326.0,429.0 -0.0106282225,0.33247688 43.894787,-33.901917,457.86172 0.19893805555555555,0.19893799999999998 570,171,880,481 611,246,692,294 769,261,844,306
p01\face\720.jpg p01\left\720.jpg p01\right\720.jpg p01\grid\720.jpg day42/0084.jpg left 1104.0,651.0 -0.08655524,-0.1404768 -72.78781,-1.657062,508.34354 0.19893805555555555,0.19893799999999998 333,256,613,536 373,327,440,367 511,333,583,376
p01\face\721.jpg p01\left\721.jpg p01\right\721.jpg p01\grid\721.jpg day34/0216.jpg left 646.0,449.0 -0.033041365,0.47378817 -23.64923,-6.634743,617.53864 0.19893805555555555,0.19893799999999998 471,265,699,493 502,324,559,358 615,328,673,362
p01\face\722.jpg p01\left\722.jpg p01\right\722.jpg p01\grid\722.jpg day42/0203.jpg left 1338.0,682.0 -0.030443575,-0.13549846 -47.262676,-1.694202,479.80066 0.19893805555555555,0.19893799999999998 375,252,669,546 415,328,485,370 560,330,635,375
p01\face\723.jpg p01\left\723.jpg p01\right\723.jpg p01\grid\723.jpg day53/0081.jpg left 1014.0,712.0 0.004404851,-0.22010942 -13.127397,-38.30514,431.3653 0.19893805555555555,0.19893799999999998 431,152,755,476 476,234,554,280 636,241,718,290
p01\face\724.jpg p01\left\724.jpg p01\right\724.jpg p01\grid\724.jpg day52/0768.jpg left 1276.0,339.0 0.018217882,0.26670194 -26.150759,-54.3112,574.75476 0.19893805555555555,0.19893799999999998 454,172,700,418 489,234,549,270 609,239,673,277
p01\face\725.jpg p01\left\725.jpg p01\right\725.jpg p01\grid\725.jpg day51/0170.jpg left 596.0,530.0 0.024922606,-0.1795139 5.80685,11.806108,448.28055 0.19893805555555555,0.19893799999999998 481,278,791,588 525,352,603,398 681,367,757,412
p01\face\726.jpg p01\left\726.jpg p01\right\726.jpg p01\grid\726.jpg day16/0291.jpg left 1249.0,529.0 0.027390476,0.26160955 -28.31026,-34.063522,579.9716 0.19893805555555555,0.19893799999999998 455,212,696,453 487,276,544,310 607,274,668,310
p01\face\727.jpg p01\left\727.jpg p01\right\727.jpg p01\grid\727.jpg day47/0262.jpg left 374.0,889.0 -0.0005380308,-0.09532856 11.995006,31.67791,520.7994 0.19893805555555555,0.19893799999999998 514,329,782,597 550,393,619,434 687,404,751,442
p01\face\728.jpg p01\left\728.jpg p01\right\728.jpg p01\grid\728.jpg day13/0189.jpg left 308.0,781.0 -0.107364416,0.32251456 -11.952534,-44.765385,527.39246 0.19893805555555555,0.19893799999999998 465,175,732,442 502,235,572,277 638,255,702,293
p01\face\729.jpg p01\left\729.jpg p01\right\729.jpg p01\grid\729.jpg day02/0134.jpg left 814.0,405.0 -0.032533113,0.42270076 -19.846607,0.060647,542.30695 0.19893805555555555,0.19893799999999998 457,267,716,526 492,333,556,371 622,338,686,376
p01\face\730.jpg p01\left\730.jpg p01\right\730.jpg p01\grid\730.jpg day42/0264.jpg left 148.0,103.0 -0.007134339,0.30658218 42.822533,-29.78971,529.84534 0.19893805555555555,0.19893799999999998 578,205,846,473 611,271,681,313 748,279,812,317
p01\face\731.jpg p01\left\731.jpg p01\right\731.jpg p01\grid\731.jpg day42/0044.jpg left 604.0,695.0 0.011037719,-0.14414796 -3.956322,7.149267,449.31403 0.19893805555555555,0.19893799999999998 459,267,769,577 502,342,580,388 658,355,734,400
p01\face\732.jpg p01\left\732.jpg p01\right\732.jpg p01\grid\732.jpg day34/0247.jpg left 1074.0,107.0 0.0114651695,0.33543903 -4.613258,-85.0985,540.80536 0.19893805555555555,0.19893799999999998 484,99,745,360 522,164,586,202 649,173,718,214
p01\face\733.jpg p01\left\733.jpg p01\right\733.jpg p01\grid\733.jpg day17/0485.jpg left 98.0,720.0 -0.047881752,-0.054042455 32.111244,-43.703323,473.17847 0.19893805555555555,0.19893799999999998 547,159,842,454 587,228,663,273 737,242,809,285
p01\face\734.jpg p01\left\734.jpg p01\right\734.jpg p01\grid\734.jpg day63/0488.jpg left 225.0,222.0 -0.09866316,0.3441295 -22.60153,-60.27206,541.4823 0.19893805555555555,0.19893799999999998 450,148,711,409 485,212,552,252 617,223,680,260
p01\face\735.jpg p01\left\735.jpg p01\right\735.jpg p01\grid\735.jpg day62/0088.jpg left 832.0,364.0 0.0036330547,0.40202734 29.847534,-2.443114,474.51395 0.19893805555555555,0.19893799999999998 540,247,841,548 581,320,657,365 732,333,807,378
p01\face\736.jpg p01\left\736.jpg p01\right\736.jpg p01\grid\736.jpg day58/0297.jpg left 983.0,569.0 0.013930969,-0.3609133 5.083155,-96.54642,513.99066 0.19893805555555555,0.19893799999999998 500,65,771,336 538,134,602,172 672,139,741,180
p01\face\737.jpg p01\left\737.jpg p01\right\737.jpg p01\grid\737.jpg day23/0005.jpg left 1021.0,208.0 -0.015678294,0.38480282 -39.226875,-9.410997,439.60532 0.19893805555555555,0.19893799999999998 369,223,693,547 414,308,492,354 572,307,657,358
p01\face\738.jpg p01\left\738.jpg p01\right\738.jpg p01\grid\738.jpg day04/0640.jpg left 105.0,150.0 -0.023068696,0.2741929 25.761505,-28.432798,494.65967 0.19893805555555555,0.19893799999999998 537,199,822,484 574,266,649,311 721,280,788,320
p01\face\739.jpg p01\left\739.jpg p01\right\739.jpg p01\grid\739.jpg day52/0464.jpg left 1235.0,342.0 -0.10414642,0.3879671 -50.281933,-26.24974,538.9358 0.19893805555555555,0.19893799999999998 395,214,657,476 431,280,495,318 562,288,628,327
p01\face\740.jpg p01\left\740.jpg p01\right\740.jpg p01\grid\740.jpg day43/0581.jpg left 949.0,644.0 -0.04630125,0.45822942 -9.789925,12.844895,519.75714 0.19893805555555555,0.19893799999999998 468,288,741,561 505,356,574,397 643,365,710,405
p01\face\741.jpg p01\left\741.jpg p01\right\741.jpg p01\grid\741.jpg day54/0444.jpg left 945.0,223.0 -0.0058999807,0.30007836 7.876674,-44.164337,421.21008 0.19893805555555555,0.19893799999999998 474,129,813,468 521,213,605,263 691,225,775,275
p01\face\742.jpg p01\left\742.jpg p01\right\742.jpg p01\grid\742.jpg day10/0117.jpg left 85.0,268.0 -0.052303948,0.36331117 41.023834,1.016919,488.6805 0.19893805555555555,0.19893799999999998 569,261,857,549 606,327,682,372 756,345,822,384
p01\face\743.jpg p01\left\743.jpg p01\right\743.jpg p01\grid\743.jpg day38/0191.jpg left 76.0,223.0 -0.083015874,0.43872976 17.853632,-4.364035,584.60754 0.19893805555555555,0.19893799999999998 536,264,777,505 568,321,632,359 690,335,750,371
p01\face\744.jpg p01\left\744.jpg p01\right\744.jpg p01\grid\744.jpg day44/0168.jpg left 1315.0,160.0 -0.0016733354,0.3149011 -0.601464,-40.83291,504.2884 0.19893805555555555,0.19893799999999998 482,174,762,454 523,244,590,284 662,254,732,296
p01\face\745.jpg p01\left\745.jpg p01\right\745.jpg p01\grid\745.jpg day17/0046.jpg left 531.0,86.0 -0.04489726,0.45291346 -1.279415,26.56878,515.8533 0.19893805555555555,0.19893799999999998 485,316,761,592 521,384,591,426 661,393,728,433
p01\face\746.jpg p01\left\746.jpg p01\right\746.jpg p01\grid\746.jpg day01/0455.jpg left 1082.0,191.0 0.055603538,0.4505486 -8.231359,24.84933,637.0217 0.19893805555555555,0.19893799999999998 500,320,723,543 532,378,586,410 641,380,699,414
p01\face\747.jpg p01\left\747.jpg p01\right\747.jpg p01\grid\747.jpg day08/0069.jpg left 199.0,209.0 -0.056492593,0.115160085 25.78321,-22.25703,499.75656 0.19893805555555555,0.19893799999999998 538,214,820,496 574,280,649,325 719,293,786,333
p01\face\748.jpg p01\left\748.jpg p01\right\748.jpg p01\grid\748.jpg day50/0152.jpg left 606.0,628.0 -0.06835738,0.4428874 12.93185,25.81591,583.9391 0.19893805555555555,0.19893799999999998 527,320,768,561 559,377,622,414 683,390,740,424
p01\face\749.jpg p01\left\749.jpg p01\right\749.jpg p01\grid\749.jpg day53/0032.jpg left 287.0,228.0 0.07577389,-0.17931132 43.224987,-10.450089,397.08084 0.19893805555555555,0.19893799999999998 561,207,915,561 609,292,700,346 789,309,874,360
p01\face\750.jpg p01\left\750.jpg p01\right\750.jpg p01\grid\750.jpg day58/0772.jpg left 1027.0,61.0 0.011806686,-0.23957981 -0.916932,-21.924654,369.3029 0.19893805555555555,0.19893799999999998 432,165,808,541 486,259,577,313 672,270,768,327
p01\face\751.jpg p01\left\751.jpg p01\right\751.jpg p01\grid\751.jpg day31/0216.jpg left 573.0,130.0 -0.055462122,0.38792247 18.8292,-38.745125,455.21255 0.19893805555555555,0.19893799999999998 512,159,822,469 553,233,635,282 711,249,786,294
p01\face\752.jpg p01\left\752.jpg p01\right\752.jpg p01\grid\752.jpg day28/0144.jpg left 1111.0,798.0 -0.05166612,0.45512888 -22.344275,19.998758,461.5856 0.19893805555555555,0.19893799999999998 420,297,727,604 463,375,535,418 616,381,692,426
p01\face\753.jpg p01\left\753.jpg p01\right\753.jpg p01\grid\753.jpg day52/0120.jpg left 610.0,426.0 -0.18837047,-0.13211869 -17.718864,-1.849882,592.9679 0.19893805555555555,0.19893799999999998 474,273,709,508 506,328,566,364 629,339,681,370
p01\face\754.jpg p01\left\754.jpg p01\right\754.jpg p01\grid\754.jpg day03/0324.jpg left 76.0,70.0 -0.020760827,0.44763324 10.286482,3.295653,610.0141 0.19893805555555555,0.19893799999999998 530,282,759,511 559,341,617,375 676,346,731,379
p01\face\755.jpg p01\left\755.jpg p01\right\755.jpg p01\grid\755.jpg day65/0082.jpg left 871.0,453.0 0.002597582,-0.22305603 13.694704,3.905671,447.09018 0.19893805555555555,0.19893799999999998 500,259,810,569 544,336,620,381 700,347,776,392
p01\face\756.jpg p01\left\756.jpg p01\right\756.jpg p01\grid\756.jpg day27/0398.jpg left 520.0,133.0 0.14295955,0.44963175 73.23517,13.174481,551.4455 0.19893805555555555,0.19893799999999998 640,292,898,550 672,361,736,399 801,360,865,398
p01\face\757.jpg p01\left\757.jpg p01\right\757.jpg p01\grid\757.jpg day59/0178.jpg left 1411.0,875.0 -0.0010140757,-0.10898497 -32.892414,8.495629,511.00525 0.19893805555555555,0.19893799999999998 421,280,695,554 459,351,523,389 594,353,664,395
p01\face\758.jpg p01\left\758.jpg p01\right\758.jpg p01\grid\758.jpg day01/0497.jpg left 447.0,477.0 -0.011445102,0.38127145 22.100702,26.993698,542.03815 0.19893805555555555,0.19893799999999998 538,319,800,581 572,384,639,424 705,392,768,429
p01\face\759.jpg p01\left\759.jpg p01\right\759.jpg p01\grid\759.jpg day65/0139.jpg left 876.0,783.0 0.06379667,-0.2389946 31.59258,-20.212732,397.66245 0.19893805555555555,0.19893799999999998 530,181,882,533 580,268,668,320 755,281,845,335
p01\face\760.jpg p01\left\760.jpg p01\right\760.jpg p01\grid\760.jpg day56/0019.jpg left 150.0,445.0 -0.035135992,-0.21764365 3.568217,-58.7506,492.40884 0.19893805555555555,0.19893799999999998 489,133,774,418 526,201,602,246 671,214,740,255
p01\face\761.jpg p01\left\761.jpg p01\right\761.jpg p01\grid\761.jpg day38/0238.jpg left 929.0,764.0 -0.044114202,0.28549606 -5.855797,-75.355675,417.33032 0.19893805555555555,0.19893799999999998 436,46,779,389 485,132,567,181 657,146,742,197
p01\face\762.jpg p01\left\762.jpg p01\right\762.jpg p01\grid\762.jpg day45/0263.jpg left 1071.0,15.0 0.008499143,0.09248257 25.551508,-122.95667,489.16702 0.19893805555555555,0.19893799999999998 537,0,823,286 576,63,646,105 720,72,790,114
p01\face\763.jpg p01\left\763.jpg p01\right\763.jpg p01\grid\763.jpg day28/0289.jpg left 1039.0,743.0 0.030950887,-0.17220059 -5.408803,8.059707,445.3883 0.19893805555555555,0.19893799999999998 457,269,769,581 499,347,574,392 655,355,733,401
p01\face\764.jpg p01\left\764.jpg p01\right\764.jpg p01\grid\764.jpg day62/0063.jpg left 1285.0,674.0 0.06176774,-0.08291008 -22.976274,-10.464155,299.47064 0.19893805555555555,0.19893799999999998 312,167,771,626 380,278,482,339 607,293,722,362
p01\face\765.jpg p01\left\765.jpg p01\right\765.jpg p01\grid\765.jpg day63/0177.jpg left 1238.0,436.0 -0.0016421311,0.45782244 -27.22803,12.195124,481.1809 0.19893805555555555,0.19893799999999998 417,282,712,577 459,358,529,400 604,361,680,406
p01\face\766.jpg p01\left\766.jpg p01\right\766.jpg p01\grid\766.jpg day12/0544.jpg left 222.0,229.0 -0.1178774,0.03242456 20.47096,-23.68251,510.70013 0.19893805555555555,0.19893799999999998 530,216,803,489 566,280,635,321 705,291,771,330
p01\face\767.jpg p01\left\767.jpg p01\right\767.jpg p01\grid\767.jpg day67/0358.jpg left 53.0,115.0 -0.13164057,0.39693338 -5.892934,-5.015619,442.5256 0.19893805555555555,0.19893799999999998 451,236,769,554 492,310,576,360 655,327,730,372
p01\face\768.jpg p01\left\768.jpg p01\right\768.jpg p01\grid\768.jpg day57/0200.jpg left 253.0,630.0 0.024378322,-0.16096294 26.861406,-4.220862,372.45624 0.19893805555555555,0.19893799999999998 511,217,884,590 562,305,659,363 753,326,841,378
p01\face\769.jpg p01\left\769.jpg p01\right\769.jpg p01\grid\769.jpg day57/0019.jpg left 776.0,770.0 -0.027273985,0.39660498 6.604196,-18.028458,487.4732 0.19893805555555555,0.19893799999999998 495,218,783,506 534,289,606,332 680,300,749,341
p01\face\770.jpg p01\left\770.jpg p01\right\770.jpg p01\grid\770.jpg day15/0326.jpg left 33.0,702.0 -0.18329793,-0.21392836 63.048454,-31.858492,372.4278 0.19893805555555555,0.19893799999999998 615,145,976,506 665,225,761,282 858,251,934,296
p01\face\771.jpg p01\left\771.jpg p01\right\771.jpg p01\grid\771.jpg day54/0395.jpg left 494.0,248.0 0.03105849,0.37379295 44.36587,-19.286886,379.96674 0.19893805555555555,0.19893799999999998 555,172,934,551 609,262,706,320 800,285,893,340
p01\face\772.jpg p01\left\772.jpg p01\right\772.jpg p01\grid\772.jpg day65/0040.jpg left 954.0,746.0 -0.016775597,-0.13963829 -10.462562,25.297451,390.56784 0.19893805555555555,0.19893799999999998 418,305,772,659 467,391,554,443 644,403,732,455
p01\face\773.jpg p01\left\773.jpg p01\right\773.jpg p01\grid\773.jpg day58/0056.jpg left 1040.0,424.0 0.0560554,0.43509755 19.07405,-3.979811,501.09576 0.19893805555555555,0.19893799999999998 522,249,807,534 562,322,631,363 705,329,775,371
p01\face\774.jpg p01\left\774.jpg p01\right\774.jpg p01\grid\774.jpg day20/0359.jpg left 1204.0,585.0 0.045077935,0.3493945 35.096703,-37.349216,618.0318 0.19893805555555555,0.19893799999999998 571,213,800,442 602,271,659,305 716,276,774,310
p01\face\775.jpg p01\left\775.jpg p01\right\775.jpg p01\grid\775.jpg day01/0367.jpg left 45.0,117.0 -0.12188559,0.2416209 -18.680042,-30.112316,494.4558 0.19893805555555555,0.19893799999999998 441,195,727,481 478,262,554,307 624,276,693,317
p01\face\776.jpg p01\left\776.jpg p01\right\776.jpg p01\grid\776.jpg day45/0537.jpg left 1176.0,196.0 0.01764417,0.49976027 5.966381,19.341,499.70203 0.19893805555555555,0.19893799999999998 495,299,778,582 535,370,604,411 676,378,748,421
p01\face\777.jpg p01\left\777.jpg p01\right\777.jpg p01\grid\777.jpg day64/0178.jpg left 563.0,124.0 -0.05044917,0.38454872 -3.501819,1.541374,555.61664 0.19893805555555555,0.19893799999999998 492,273,744,525 526,334,590,372 654,344,715,380
p01\face\778.jpg p01\left\778.jpg p01\right\778.jpg p01\grid\778.jpg day56/0367.jpg left 725.0,498.0 -0.017102115,0.5410663 15.173443,26.584488,572.6737 0.19893805555555555,0.19893799999999998 530,319,776,565 563,380,626,417 687,390,748,426
p01\face\779.jpg p01\left\779.jpg p01\right\779.jpg p01\grid\779.jpg day05/0064.jpg left 161.0,616.0 -0.041077722,0.45440504 4.905316,16.85661,584.9276 0.19893805555555555,0.19893799999999998 513,303,754,544 546,363,607,399 668,372,726,406
p01\face\780.jpg p01\left\780.jpg p01\right\780.jpg p01\grid\780.jpg day43/0440.jpg left 691.0,109.0 -0.00083867426,0.2479957 35.326595,-71.17488,478.34613 0.19893805555555555,0.19893799999999998 553,97,850,394 594,169,669,214 744,182,817,225
p01\face\781.jpg p01\left\781.jpg p01\right\781.jpg p01\grid\781.jpg day51/0013.jpg left 659.0,684.0 -0.07227451,0.3881996 -18.595867,-3.862481,548.59265 0.19893805555555555,0.19893799999999998 460,260,718,518 495,323,561,362 624,333,688,371
p01\face\782.jpg p01\left\782.jpg p01\right\782.jpg p01\grid\782.jpg day20/0061.jpg left 835.0,539.0 0.0023423915,0.41154385 22.629602,-0.766484,546.17175 0.19893805555555555,0.19893799999999998 540,265,799,524 574,330,640,369 705,338,768,375
p01\face\783.jpg p01\left\783.jpg p01\right\783.jpg p01\grid\783.jpg day20/0251.jpg left 651.0,93.0 -0.029112702,0.18224141 8.704025,0.098626,367.3884 0.19893805555555555,0.19893799999999998 452,226,842,616 505,317,605,377 702,336,798,393
p01\face\784.jpg p01\left\784.jpg p01\right\784.jpg p01\grid\784.jpg day42/0489.jpg left 89.0,765.0 -0.07211423,0.024368973 -4.946126,22.258844,547.7546 0.19893805555555555,0.19893799999999998 487,312,745,570 520,374,587,414 652,383,713,419
p01\face\785.jpg p01\left\785.jpg p01\right\785.jpg p01\grid\785.jpg day20/0456.jpg left 966.0,440.0 -0.022140993,0.3038891 -31.241507,-47.495304,544.3052 0.19893805555555555,0.19893799999999998 435,174,696,435 470,242,533,279 600,245,666,284
p01\face\786.jpg p01\left\786.jpg p01\right\786.jpg p01\grid\786.jpg day34/0066.jpg left 57.0,135.0 -0.099030435,0.18378158 4.244247,-73.79948,477.2491 0.19893805555555555,0.19893799999999998 488,95,779,386 526,162,601,207 675,177,744,218
p01\face\787.jpg p01\left\787.jpg p01\right\787.jpg p01\grid\787.jpg day34/0289.jpg left 1387.0,801.0 0.09121925,-0.07653715 -24.395718,15.564664,411.09552 0.19893805555555555,0.19893799999999998 388,279,733,624 439,362,521,411 609,375,697,427
p01\face\788.jpg p01\left\788.jpg p01\right\788.jpg p01\grid\788.jpg day58/0622.jpg left 90.0,164.0 0.0073901066,0.30660218 60.1021,-34.09773,438.79962 0.19893805555555555,0.19893799999999998 605,163,929,487 650,238,734,288 816,260,892,305
p01\face\789.jpg p01\left\789.jpg p01\right\789.jpg p01\grid\789.jpg day55/0416.jpg left 884.0,68.0 -0.022505498,0.3411208 -11.112664,-28.898603,459.10007 0.19893805555555555,0.19893799999999998 445,184,754,493 487,262,562,307 641,269,719,315
p01\face\790.jpg p01\left\790.jpg p01\right\790.jpg p01\grid\790.jpg day51/0238.jpg left 341.0,689.0 -0.10818068,0.49961433 -10.029792,34.48511,517.5743 0.19893805555555555,0.19893799999999998 468,334,739,605 504,397,576,440 642,411,708,450
p01\face\791.jpg p01\left\791.jpg p01\right\791.jpg p01\grid\791.jpg day13/0191.jpg left 1249.0,500.0 -0.10686049,-0.23336415 -60.688618,-46.6,509.21072 0.19893805555555555,0.19893799999999998 361,164,638,441 399,235,466,275 536,240,606,282
p01\face\792.jpg p01\left\792.jpg p01\right\792.jpg p01\grid\792.jpg day37/0477.jpg left 606.0,896.0 -0.023754066,-0.20743436 -17.510159,35.28139,497.72522 0.19893805555555555,0.19893799999999998 448,335,727,614 485,403,557,446 627,414,694,454
p01\face\793.jpg p01\left\793.jpg p01\right\793.jpg p01\grid\793.jpg day66/0247.jpg left 312.0,582.0 0.055541027,-0.20559925 41.273766,-27.189959,428.61096 0.19893805555555555,0.19893799999999998 560,177,887,504 606,254,690,304 772,273,851,320
p01\face\794.jpg p01\left\794.jpg p01\right\794.jpg p01\grid\794.jpg day03/0245.jpg left 1001.0,609.0 -0.02204403,-0.047621068 -19.053995,36.763393,439.85196 0.19893805555555555,0.19893799999999998 420,338,738,656 465,418,540,463 621,421,703,470
p01\face\795.jpg p01\left\795.jpg p01\right\795.jpg p01\grid\795.jpg day53/0394.jpg left 975.0,374.0 -0.020222511,0.3523531 -14.33159,-38.84328,489.7528 0.19893805555555555,0.19893799999999998 447,172,738,463 489,244,559,286 632,254,707,299
p01\face\796.jpg p01\left\796.jpg p01\right\796.jpg p01\grid\796.jpg day02/0182.jpg left 143.0,287.0 -0.049186446,0.3745263 21.957766,-27.562273,519.6869 0.19893805555555555,0.19893799999999998 535,208,803,476 570,272,640,314 708,285,771,322
p01\face\797.jpg p01\left\797.jpg p01\right\797.jpg p01\grid\797.jpg day01/0092.jpg left 406.0,424.0 -0.0046263407,-0.17330666 8.359173,-1.690281,438.38824 0.19893805555555555,0.19893799999999998 486,244,804,562 527,322,611,372 688,332,766,378
p01\face\798.jpg p01\left\798.jpg p01\right\798.jpg p01\grid\798.jpg day61/0377.jpg left 169.0,570.0 -0.34481174,-0.15885775 1.365158,-34.301876,352.8534 0.19893805555555555,0.19893799999999998 433,130,808,505 482,209,582,269 686,240,761,285
p01\face\799.jpg p01\left\799.jpg p01\right\799.jpg p01\grid\799.jpg day59/0557.jpg left 549.0,741.0 0.02284222,-0.19399971 16.538473,-14.492977,350.1974 0.19893805555555555,0.19893799999999998 472,178,868,574 530,272,627,330 729,292,826,350
p01\face\800.jpg p01\left\800.jpg p01\right\800.jpg p01\grid\800.jpg day63/0250.jpg left 368.0,679.0 0.020292226,0.35277954 54.005604,-20.169144,481.34155 0.19893805555555555,0.19893799999999998 593,210,890,507 634,280,712,326 785,297,857,340
p01\face\801.jpg p01\left\801.jpg p01\right\801.jpg p01\grid\801.jpg day62/0158.jpg left 89.0,624.0 -0.09989699,0.26130092 22.097672,-23.376022,448.2663 0.19893805555555555,0.19893799999999998 519,196,831,508 560,266,644,316 721,287,794,330
p01\face\802.jpg p01\left\802.jpg p01\right\802.jpg p01\grid\802.jpg day12/0168.jpg left 318.0,699.0 -0.07017744,0.5714015 -8.691528,50.865253,516.3987 0.19893805555555555,0.19893799999999998 471,366,745,640 506,434,576,476 646,442,712,481
p01\face\803.jpg p01\left\803.jpg p01\right\803.jpg p01\grid\803.jpg day02/0141.jpg left 17.0,36.0 -0.110922866,0.21472368 4.522101,-6.144148,559.0086 0.19893805555555555,0.19893799999999998 509,260,761,512 540,320,607,360 669,328,729,364
p01\face\804.jpg p01\left\804.jpg p01\right\804.jpg p01\grid\804.jpg day55/0419.jpg left 1188.0,828.0 -0.0050078533,-0.17573662 -20.158108,-15.841116,460.60416 0.19893805555555555,0.19893799999999998 428,217,729,518 471,294,540,335 620,300,696,345
p01\face\805.jpg p01\left\805.jpg p01\right\805.jpg p01\grid\805.jpg day52/0174.jpg left 177.0,457.0 -0.13298735,0.29961273 -16.636892,-26.146057,510.08484 0.19893805555555555,0.19893799999999998 450,207,729,486 486,271,561,316 629,287,696,327
p01\face\806.jpg p01\left\806.jpg p01\right\806.jpg p01\grid\806.jpg day33/0044.jpg left 135.0,762.0 -0.075328074,0.238362 9.390382,-10.100059,510.97055 0.19893805555555555,0.19893799999999998 509,244,780,515 544,308,614,350 682,318,748,357
p01\face\807.jpg p01\left\807.jpg p01\right\807.jpg p01\grid\807.jpg day04/0246.jpg left 937.0,306.0 -0.0003422968,0.42695764 -15.19663,-19.772055,557.07086 0.19893805555555555,0.19893799999999998 470,231,722,483 506,296,567,332 630,301,694,339
p01\face\808.jpg p01\left\808.jpg p01\right\808.jpg p01\grid\808.jpg day20/0119.jpg left 710.0,602.0 -0.09782216,0.41620728 -27.428942,-10.102477,440.2283 0.19893805555555555,0.19893799999999998 397,223,716,542 442,300,521,347 604,315,680,360
p01\face\809.jpg p01\left\809.jpg p01\right\809.jpg p01\grid\809.jpg day62/0033.jpg left 217.0,231.0 -0.03563194,0.265473 32.78464,-28.426193,541.67236 0.19893805555555555,0.19893799999999998 557,212,818,473 592,272,661,313 725,288,788,325
p01\face\810.jpg p01\left\810.jpg p01\right\810.jpg p01\grid\810.jpg day43/0154.jpg left 729.0,218.0 -0.028031051,0.297734 18.739622,-26.323023,481.09787 0.19893805555555555,0.19893799999999998 518,198,813,493 557,269,633,314 707,281,779,324
p01\face\811.jpg p01\left\811.jpg p01\right\811.jpg p01\grid\811.jpg day49/0248.jpg left 872.0,773.0 -0.07101392,0.35122073 -10.841015,-30.333998,537.4039 0.19893805555555555,0.19893799999999998 472,206,736,470 506,270,575,311 640,281,704,319
p01\face\812.jpg p01\left\812.jpg p01\right\812.jpg p01\grid\812.jpg day43/0453.jpg left 973.0,588.0 0.07483436,-0.2663856 32.807716,-63.473335,492.35947 0.19893805555555555,0.19893799999999998 552,123,837,408 592,192,662,234 734,203,806,246
p01\face\813.jpg p01\left\813.jpg p01\right\813.jpg p01\grid\813.jpg day31/0345.jpg left 287.0,785.0 -0.01014803,0.4107142 43.0383,10.360734,533.5847 0.19893805555555555,0.19893799999999998 576,285,841,550 612,347,681,388 748,364,811,401
p01\face\814.jpg p01\left\814.jpg p01\right\814.jpg p01\grid\814.jpg day42/0382.jpg left 1185.0,244.0 -0.015431855,-0.12473143 -19.215437,-2.870071,480.9429 0.19893805555555555,0.19893799999999998 437,251,728,542 478,323,548,365 621,330,696,375
p01\face\815.jpg p01\left\815.jpg p01\right\815.jpg p01\grid\815.jpg day25/0046.jpg left 891.0,710.0 0.033388548,0.06057871 -20.810223,7.218649,496.07437 0.19893805555555555,0.19893799999999998 440,276,725,561 478,349,547,390 620,349,692,392
p01\face\816.jpg p01\left\816.jpg p01\right\816.jpg p01\grid\816.jpg day65/0106.jpg left 607.0,5.0 -0.046507873,0.381398 1.922742,-8.887932,420.91492 0.19893805555555555,0.19893799999999998 458,219,795,556 506,298,591,349 676,317,758,366
p01\face\817.jpg p01\left\817.jpg p01\right\817.jpg p01\grid\817.jpg day66/0290.jpg left 1033.0,104.0 0.0010214656,0.41030753 15.866493,-8.466035,515.5716 0.19893805555555555,0.19893799999999998 519,244,795,520 557,312,626,353 694,321,764,363
p01\face\818.jpg p01\left\818.jpg p01\right\818.jpg p01\grid\818.jpg day14/0078.jpg left 730.0,649.0 -0.010594754,-0.12269229 -17.983574,13.127072,409.39273 0.19893805555555555,0.19893799999999998 406,274,748,616 454,357,538,407 625,369,710,420
p01\face\819.jpg p01\left\819.jpg p01\right\819.jpg p01\grid\819.jpg day36/0149.jpg left 234.0,845.0 0.007353542,0.60872924 39.400433,45.34564,501.8737 0.19893805555555555,0.19893799999999998 566,353,849,636 603,421,678,466 747,436,816,477
p01\face\820.jpg p01\left\820.jpg p01\right\820.jpg p01\grid\820.jpg day65/0074.jpg left 383.0,502.0 -0.01766126,0.45090768 26.034243,4.596496,465.16452 0.19893805555555555,0.19893799999999998 530,262,834,566 572,333,651,380 727,352,800,395
p01\face\821.jpg p01\left\821.jpg p01\right\821.jpg p01\grid\821.jpg day41/0403.jpg left 980.0,261.0 -0.059644092,0.37859473 -31.892405,-13.509545,512.42346 0.19893805555555555,0.19893799999999998 421,233,698,510 459,304,526,344 597,309,666,350
p01\face\822.jpg p01\left\822.jpg p01\right\822.jpg p01\grid\822.jpg day41/0411.jpg left 331.0,564.0 -0.07902333,0.32979047 2.955433,-18.874102,442.62128 0.19893805555555555,0.19893799999999998 470,202,789,521 513,276,597,326 677,296,752,341
p01\face\823.jpg p01\left\823.jpg p01\right\823.jpg p01\grid\823.jpg day41/0452.jpg left 162.0,827.0 -0.088208795,0.38810283 -14.956615,2.137777,586.0061 0.19893805555555555,0.19893799999999998 478,277,719,518 510,337,571,373 632,344,690,378
p01\face\824.jpg p01\left\824.jpg p01\right\824.jpg p01\grid\824.jpg day28/0070.jpg left 85.0,77.0 -0.06255907,0.53308964 9.141047,-0.147068,453.90472 0.19893805555555555,0.19893799999999998 494,248,804,558 530,326,615,377 688,334,763,379
p01\face\825.jpg p01\left\825.jpg p01\right\825.jpg p01\grid\825.jpg day08/0064.jpg left 23.0,869.0 -0.03639264,0.23521002 29.560656,-13.268031,504.6191 0.19893805555555555,0.19893799999999998 545,233,825,513 582,297,657,342 727,315,793,354
p01\face\826.jpg p01\left\826.jpg p01\right\826.jpg p01\grid\826.jpg day52/0154.jpg left 914.0,631.0 0.047547128,-0.11546229 -43.84259,7.6084,464.9521 0.19893805555555555,0.19893799999999998 374,270,678,574 416,346,488,389 570,353,643,396
p01\face\827.jpg p01\left\827.jpg p01\right\827.jpg p01\grid\827.jpg day67/0250.jpg left 1422.0,603.0 -0.049495615,-0.12009757 -25.381048,36.173656,467.96545 0.19893805555555555,0.19893799999999998 418,336,718,636 460,413,532,456 607,415,685,461
p01\face\828.jpg p01\left\828.jpg p01\right\828.jpg p01\grid\828.jpg day31/0396.jpg left 1218.0,160.0 0.028342038,0.4519756 -19.542109,25.018106,554.382 0.19893805555555555,0.19893799999999998 459,316,715,572 495,381,558,418 623,385,687,423
p01\face\829.jpg p01\left\829.jpg p01\right\829.jpg p01\grid\829.jpg day54/0209.jpg left 1409.0,774.0 0.027401721,0.48521015 6.052564,30.704376,581.7338 0.19893805555555555,0.19893799999999998 516,328,759,571 549,391,607,425 668,393,731,430
p01\face\830.jpg p01\left\830.jpg p01\right\830.jpg p01\grid\830.jpg day56/0143.jpg left 616.0,866.0 0.04982914,-0.1566144 36.294037,0.292934,429.23294 0.19893805555555555,0.19893799999999998 548,246,873,571 594,320,678,370 759,342,838,389
p01\face\831.jpg p01\left\831.jpg p01\right\831.jpg p01\grid\831.jpg day45/0398.jpg left 1129.0,327.0 0.0042690476,0.4670049 3.144246,19.793634,499.71854 0.19893805555555555,0.19893799999999998 489,301,772,584 529,371,598,412 670,380,742,423
p01\face\832.jpg p01\left\832.jpg p01\right\832.jpg p01\grid\832.jpg day53/0528.jpg left 825.0,318.0 0.033079993,-0.17206204 24.979746,-23.540192,511.5065 0.19893805555555555,0.19893799999999998 538,215,811,488 578,279,645,319 713,292,782,333
p01\face\833.jpg p01\left\833.jpg p01\right\833.jpg p01\grid\833.jpg day21/0229.jpg left 666.0,676.0 -0.00573426,-0.20263943 0.626915,22.274895,416.93866 0.19893805555555555,0.19893799999999998 459,300,789,630 505,380,587,429 673,394,752,441
p01\face\834.jpg p01\left\834.jpg p01\right\834.jpg p01\grid\834.jpg day13/0008.jpg left 794.0,358.0 -0.027993115,-0.19752921 -29.062096,-23.270882,426.2689 0.19893805555555555,0.19893799999999998 387,186,717,516 434,269,513,316 597,277,681,327
p01\face\835.jpg p01\left\835.jpg p01\right\835.jpg p01\grid\835.jpg day52/0034.jpg left 611.0,356.0 -0.08929154,0.3210156 -49.277237,-5.335427,627.0976 0.19893805555555555,0.19893799999999998 429,269,657,497 459,326,516,360 573,331,630,365
p01\face\836.jpg p01\left\836.jpg p01\right\836.jpg p01\grid\836.jpg day02/0099.jpg left 1014.0,49.0 -0.019274224,0.38637418 -23.318815,-17.387465,560.3618 0.19893805555555555,0.19893799999999998 455,236,708,489 489,301,552,338 615,305,679,343
p01\face\837.jpg p01\left\837.jpg p01\right\837.jpg p01\grid\837.jpg day31/0048.jpg left 1352.0,291.0 -0.032493897,-0.1808743 10.771323,-10.94487,472.11884 0.19893805555555555,0.19893799999999998 499,232,793,526 543,303,613,345 690,314,763,357
p01\face\838.jpg p01\left\838.jpg p01\right\838.jpg p01\grid\838.jpg day53/0682.jpg left 104.0,36.0 -0.09223178,0.42569402 25.250742,0.860856,441.6101 0.19893805555555555,0.19893799999999998 524,249,843,568 565,321,652,373 729,343,805,388
p01\face\839.jpg p01\left\839.jpg p01\right\839.jpg p01\grid\839.jpg day38/0441.jpg left 802.0,693.0 -0.027472418,-0.105358325 -14.850303,39.296017,458.37497 0.19893805555555555,0.19893799999999998 437,343,741,647 479,416,555,461 632,428,707,473
p01\face\840.jpg p01\left\840.jpg p01\right\840.jpg p01\grid\840.jpg day16/0131.jpg left 858.0,344.0 0.04272329,0.42866352 11.316562,4.647283,540.5576 0.19893805555555555,0.19893799999999998 517,276,778,537 553,343,616,380 683,346,749,385
p01\face\841.jpg p01\left\841.jpg p01\right\841.jpg p01\grid\841.jpg day59/0579.jpg left 903.0,409.0 -0.0046148906,-0.21227154 -3.857036,-22.555262,385.59296 0.19893805555555555,0.19893799999999998 432,171,793,532 483,261,570,313 663,272,754,326
p01\face\842.jpg p01\left\842.jpg p01\right\842.jpg p01\grid\842.jpg day53/0477.jpg left 848.0,63.0 0.02081786,0.30003193 18.202377,-47.218006,510.05264 0.19893805555555555,0.19893799999999998 524,163,803,442 561,233,630,274 701,240,770,281
p01\face\843.jpg p01\left\843.jpg p01\right\843.jpg p01\grid\843.jpg day16/0017.jpg left 384.0,37.0 -0.04380141,0.27283418 21.008717,-41.9209,516.9032 0.19893805555555555,0.19893799999999998 531,177,804,450 567,242,639,285 706,255,772,294
p01\face\844.jpg p01\left\844.jpg p01\right\844.jpg p01\grid\844.jpg day04/0342.jpg left 1416.0,880.0 -0.0613154,-0.09184249 -51.46838,45.01899,608.1481 0.19893805555555555,0.19893799999999998 422,356,653,587 454,417,508,449 567,414,627,450
p01\face\845.jpg p01\left\845.jpg p01\right\845.jpg p01\grid\845.jpg day58/0776.jpg left 1033.0,394.0 0.011140014,-0.23771974 -3.620909,-12.64693,362.27704 0.19893805555555555,0.19893799999999998 422,188,804,570 476,285,567,339 666,296,762,353
p01\face\846.jpg p01\left\846.jpg p01\right\846.jpg p01\grid\846.jpg day49/0257.jpg left 545.0,456.0 -0.057195686,0.3491591 -14.167366,-33.201206,528.12683 0.19893805555555555,0.19893799999999998 462,197,732,467 497,264,567,306 634,272,700,311
p01\face\847.jpg p01\left\847.jpg p01\right\847.jpg p01\grid\847.jpg day55/0342.jpg left 997.0,101.0 -0.04687124,0.41583043 -9.780989,-10.256004,425.70404 0.19893805555555555,0.19893799999999998 433,216,767,550 478,299,562,349 646,310,728,359
p01\face\848.jpg p01\left\848.jpg p01\right\848.jpg p01\grid\848.jpg day22/0024.jpg left 1197.0,733.0 -0.027009897,0.25911316 -53.13784,-66.2951,456.6599 0.19893805555555555,0.19893799999999998 349,99,655,405 392,178,461,219 544,181,620,226
p01\face\849.jpg p01\left\849.jpg p01\right\849.jpg p01\grid\849.jpg day15/0115.jpg left 1188.0,788.0 -0.0029816441,-0.2788373 -11.313002,-39.43669,555.5969 0.19893805555555555,0.19893799999999998 477,195,727,445 514,257,574,293 637,266,701,304
p01\face\850.jpg p01\left\850.jpg p01\right\850.jpg p01\grid\850.jpg day02/0074.jpg left 1279.0,315.0 0.1393045,-0.0305837 -12.87975,-47.797543,539.52747 0.19893805555555555,0.19893799999999998 473,177,729,433 509,241,570,277 635,243,701,282
p01\face\851.jpg p01\left\851.jpg p01\right\851.jpg p01\grid\851.jpg day32/0115.jpg left 61.0,107.0 -0.12248992,0.2890488 34.358814,-35.783127,497.90015 0.19893805555555555,0.19893799999999998 558,186,837,465 593,248,669,293 736,266,803,306
p01\face\852.jpg p01\left\852.jpg p01\right\852.jpg p01\grid\852.jpg day59/0514.jpg left 230.0,572.0 -0.029448928,0.40505224 24.256912,-15.304304,430.5162 0.19893805555555555,0.19893799999999998 517,205,848,536 561,284,648,336 731,301,810,348
p01\face\853.jpg p01\left\853.jpg p01\right\853.jpg p01\grid\853.jpg day41/0167.jpg left 1102.0,598.0 0.01997624,-0.1724904 4.952683,-12.918458,467.76016 0.19893805555555555,0.19893799999999998 487,226,784,523 529,299,601,342 676,308,751,353
p01\face\854.jpg p01\left\854.jpg p01\right\854.jpg p01\grid\854.jpg day04/0551.jpg left 234.0,602.0 -0.049337577,0.35485744 7.935666,5.392643,416.19183 0.19893805555555555,0.19893799999999998 473,254,816,597 517,336,608,390 693,350,774,398
p01\face\855.jpg p01\left\855.jpg p01\right\855.jpg p01\grid\855.jpg day16/0036.jpg left 427.0,112.0 -0.057687867,0.32515088 8.820308,-21.134237,496.76022 0.19893805555555555,0.19893799999999998 500,214,785,499 539,282,612,325 683,296,752,337
p01\face\856.jpg p01\left\856.jpg p01\right\856.jpg p01\grid\856.jpg day61/0030.jpg left 97.0,200.0 -0.05309552,0.30769613 16.219414,-9.753521,563.0848 0.19893805555555555,0.19893799999999998 530,252,780,502 563,311,629,350 691,324,751,360
p01\face\857.jpg p01\left\857.jpg p01\right\857.jpg p01\grid\857.jpg day58/0143.jpg left 174.0,340.0 -0.02080202,0.4185957 1.923332,8.542927,536.0568 0.19893805555555555,0.19893799999999998 496,282,761,547 532,347,599,387 666,356,730,394
p01\face\858.jpg p01\left\858.jpg p01\right\858.jpg p01\grid\858.jpg day03/0378.jpg left 971.0,684.0 0.010456952,-0.07152753 -18.838848,-1.778658,464.379 0.19893805555555555,0.19893799999999998 432,251,732,551 474,325,546,368 623,332,698,377
p01\face\859.jpg p01\left\859.jpg p01\right\859.jpg p01\grid\859.jpg day54/0560.jpg left 162.0,705.0 -0.04984495,0.35826057 7.904676,-7.065693,552.352 0.19893805555555555,0.19893799999999998 511,255,767,511 546,315,613,355 675,328,738,365
p01\face\860.jpg p01\left\860.jpg p01\right\860.jpg p01\grid\860.jpg day15/0322.jpg left 593.0,845.0 -0.051422983,0.37537274 -5.766775,-18.151068,534.9433 0.19893805555555555,0.19893799999999998 481,230,745,494 517,294,584,334 651,305,714,342
p01\face\861.jpg p01\left\861.jpg p01\right\861.jpg p01\grid\861.jpg day31/0421.jpg left 402.0,436.0 -0.041295312,0.61880994 30.318644,41.94801,510.82764 0.19893805555555555,0.19893799999999998 548,346,825,623 586,412,658,455 725,428,794,469
p01\face\862.jpg p01\left\862.jpg p01\right\862.jpg p01\grid\862.jpg day20/0032.jpg left 151.0,648.0 -0.29038736,-0.11779539 39.62546,-21.282173,368.2392 0.19893805555555555,0.19893799999999998 551,179,906,534 600,249,696,306 793,286,865,329
p01\face\863.jpg p01\left\863.jpg p01\right\863.jpg p01\grid\863.jpg day02/0001.jpg left 1024.0,181.0 0.009320898,-0.17179112 -17.200224,-17.66245,394.1724 0.19893805555555555,0.19893799999999998 401,187,758,544 449,277,537,329 624,284,717,339
p01\face\864.jpg p01\left\864.jpg p01\right\864.jpg p01\grid\864.jpg day54/0592.jpg left 1035.0,455.0 -0.057734642,0.47145328 -36.646423,-7.60117,547.13135 0.19893805555555555,0.19893799999999998 426,251,685,510 460,320,524,358 589,321,655,360
p01\face\865.jpg p01\left\865.jpg p01\right\865.jpg p01\grid\865.jpg day53/0396.jpg left 644.0,280.0 -0.011398371,0.36416882 -10.550121,-40.825703,490.0525 0.19893805555555555,0.19893799999999998 455,167,746,458 497,240,569,283 640,250,715,295
p01\face\866.jpg p01\left\866.jpg p01\right\866.jpg p01\grid\866.jpg day56/0158.jpg left 977.0,649.0 0.084234744,0.33540025 32.991875,-16.96062,454.4659 0.19893805555555555,0.19893799999999998 543,209,858,524 588,287,664,332 745,298,824,345
p01\face\867.jpg p01\left\867.jpg p01\right\867.jpg p01\grid\867.jpg day06/0177.jpg left 720.0,374.0 -0.0034301104,-0.26886427 -3.531967,-2.574628,466.0287 0.19893805555555555,0.19893799999999998 469,248,764,543 508,323,583,368 658,331,730,374
p01\face\868.jpg p01\left\868.jpg p01\right\868.jpg p01\grid\868.jpg day25/0124.jpg left 702.0,879.0 -0.04876741,0.49728033 -13.671225,45.98418,579.9584 0.19893805555555555,0.19893799999999998 477,355,723,601 510,416,573,453 634,423,695,459
p01\face\869.jpg p01\left\869.jpg p01\right\869.jpg p01\grid\869.jpg day42/0466.jpg left 423.0,600.0 -0.074500725,0.39261168 0.771135,9.476595,473.31918 0.19893805555555555,0.19893799999999998 475,274,776,575 515,346,594,393 669,361,741,404
p01\face\870.jpg p01\left\870.jpg p01\right\870.jpg p01\grid\870.jpg day23/0175.jpg left 1289.0,72.0 0.039799307,0.39041188 -10.738266,-20.471762,506.24924 0.19893805555555555,0.19893799999999998 464,218,743,497 502,290,571,331 637,291,712,336
p01\face\871.jpg p01\left\871.jpg p01\right\871.jpg p01\grid\871.jpg day62/0258.jpg left 1033.0,635.0 -0.037459094,-0.20250617 -17.011831,7.10217,516.7721 0.19893805555555555,0.19893799999999998 456,278,726,548 493,347,559,386 626,351,695,392
p01\face\872.jpg p01\left\872.jpg p01\right\872.jpg p01\grid\872.jpg day01/0212.jpg left 118.0,660.0 -0.05041795,0.52940345 -1.837013,16.428001,486.20132 0.19893805555555555,0.19893799999999998 475,291,766,582 513,362,591,408 661,374,731,416
p01\face\873.jpg p01\left\873.jpg p01\right\873.jpg p01\grid\873.jpg day41/0426.jpg left 866.0,617.0 -0.027724173,0.41912147 -31.986467,-23.706177,568.7939 0.19893805555555555,0.19893799999999998 443,226,692,475 476,292,537,328 599,293,662,330
p01\face\874.jpg p01\left\874.jpg p01\right\874.jpg p01\grid\874.jpg day10/0214.jpg left 644.0,832.0 0.00806725,-0.28409797 8.885519,-21.034292,494.36835 0.19893805555555555,0.19893799999999998 503,214,783,494 541,285,611,327 684,294,751,334
p01\face\875.jpg p01\left\875.jpg p01\right\875.jpg p01\grid\875.jpg day58/0753.jpg left 351.0,821.0 -0.066428356,0.45692953 -5.196711,-12.500277,407.55615 0.19893805555555555,0.19893799999999998 434,202,786,554 481,289,571,343 661,304,745,354
p01\face\876.jpg p01\left\876.jpg p01\right\876.jpg p01\grid\876.jpg day14/0064.jpg left 880.0,37.0 -0.051972143,-0.15030695 -20.783724,-2.623388,421.12027 0.19893805555555555,0.19893799999999998 405,236,738,569 452,320,533,368 617,327,702,378
p01\face\877.jpg p01\left\877.jpg p01\right\877.jpg p01\grid\877.jpg day51/0026.jpg left 1143.0,365.0 -0.018376393,-0.2153409 -31.47161,1.566424,486.80933 0.19893805555555555,0.19893799999999998 411,262,696,547 453,329,523,371 595,345,667,388
p01\face\878.jpg p01\left\878.jpg p01\right\878.jpg p01\grid\878.jpg day53/0674.jpg left 1388.0,481.0 0.0069754114,-0.08645082 2.820033,20.276054,422.70032 0.19893805555555555,0.19893799999999998 465,295,795,625 514,376,592,422 676,385,761,436
p01\face\879.jpg p01\left\879.jpg p01\right\879.jpg p01\grid\879.jpg day28/0212.jpg left 1237.0,171.0 0.053453606,0.30718675 11.634076,-47.92464,587.77435 0.19893805555555555,0.19893799999999998 527,188,767,428 560,250,617,284 679,252,740,288
p01\face\880.jpg p01\left\880.jpg p01\right\880.jpg p01\grid\880.jpg day17/0007.jpg left 508.0,517.0 0.010734242,0.2553994 12.173447,-55.195793,536.2525 0.19893805555555555,0.19893799999999998 518,157,782,421 553,224,619,263 686,230,750,268
p01\face\881.jpg p01\left\881.jpg p01\right\881.jpg p01\grid\881.jpg day45/0662.jpg left 888.0,77.0 -0.028350677,0.48812845 -10.210758,23.570871,576.6715 0.19893805555555555,0.19893799999999998 483,313,730,560 517,377,578,413 641,382,702,418
p01\face\882.jpg p01\left\882.jpg p01\right\882.jpg p01\grid\882.jpg day51/0250.jpg left 196.0,15.0 -0.052047066,0.33321348 29.14061,-39.14321,680.93164 0.19893805555555555,0.19893799999999998 567,225,771,429 596,272,648,303 698,285,749,315
p01\face\883.jpg p01\left\883.jpg p01\right\883.jpg p01\grid\883.jpg day50/0111.jpg left 1237.0,293.0 0.035933357,-0.0036304903 -1.181763,-7.619639,483.4183 0.19893805555555555,0.19893799999999998 475,242,766,533 518,311,588,353 661,322,736,367
p01\face\884.jpg p01\left\884.jpg p01\right\884.jpg p01\grid\884.jpg day67/0305.jpg left 560.0,239.0 -0.022619918,-0.24022572 -15.923538,-20.045618,515.20844 0.19893805555555555,0.19893799999999998 456,222,727,493 492,288,562,330 630,299,696,338
p01\face\885.jpg p01\left\885.jpg p01\right\885.jpg p01\grid\885.jpg day58/0150.jpg left 162.0,425.0 -0.02269863,0.37323684 26.77185,-36.66743,520.6266 0.19893805555555555,0.19893799999999998 544,188,815,459 579,255,649,297 718,266,782,304
p01\face\886.jpg p01\left\886.jpg p01\right\886.jpg p01\grid\886.jpg day25/0100.jpg left 1437.0,634.0 -0.01928492,-0.12991835 -28.605728,4.905408,479.64777 0.19893805555555555,0.19893799999999998 417,267,709,559 457,343,526,384 601,344,676,389
p01\face\887.jpg p01\left\887.jpg p01\right\887.jpg p01\grid\887.jpg day67/0068.jpg left 273.0,152.0 -0.036070555,0.39543122 6.116877,10.84758,570.10254 0.19893805555555555,0.19893799999999998 512,291,761,540 545,351,609,389 671,361,732,397
p01\face\888.jpg p01\left\888.jpg p01\right\888.jpg p01\grid\888.jpg day41/0185.jpg left 1275.0,132.0 0.02240745,0.30942577 -29.246372,-4.863891,520.07764 0.19893805555555555,0.19893799999999998 430,254,703,527 468,324,532,362 602,325,672,367
p01\face\889.jpg p01\left\889.jpg p01\right\889.jpg p01\grid\889.jpg day20/0375.jpg left 1347.0,516.0 0.082112215,0.29655653 23.87939,-38.371876,613.54895 0.19893805555555555,0.19893799999999998 553,211,784,442 583,271,640,305 697,271,757,307
p01\face\890.jpg p01\left\890.jpg p01\right\890.jpg p01\grid\890.jpg day54/0672.jpg left 1338.0,124.0 0.0327567,0.13384992 -26.536278,-24.814825,475.08682 0.19893805555555555,0.19893799999999998 418,201,716,499 459,277,529,319 606,279,682,324
p01\face\891.jpg p01\left\891.jpg p01\right\891.jpg p01\grid\891.jpg day63/0029.jpg left 672.0,136.0 -0.014982997,0.40743223 7.341825,-23.151945,455.20923 0.19893805555555555,0.19893799999999998 486,195,798,507 528,273,606,319 685,283,761,328
p01\face\892.jpg p01\left\892.jpg p01\right\892.jpg p01\grid\892.jpg day45/0079.jpg left 920.0,435.0 0.016717652,0.2820408 -15.546912,-43.35901,541.05914 0.19893805555555555,0.19893799999999998 466,182,727,443 500,251,564,289 631,251,695,289
p01\face\893.jpg p01\left\893.jpg p01\right\893.jpg p01\grid\893.jpg day41/0027.jpg left 533.0,731.0 0.011807736,-0.13822453 17.664646,19.190495,582.73456 0.19893805555555555,0.19893799999999998 537,309,775,547 570,366,631,402 690,378,748,412
p01\face\894.jpg p01\left\894.jpg p01\right\894.jpg p01\grid\894.jpg day50/0189.jpg left 1039.0,599.0 0.002932886,-0.14139417 -30.670671,-16.255074,504.3996 0.19893805555555555,0.19893799999999998 421,228,698,505 461,295,528,335 598,305,668,347
p01\face\895.jpg p01\left\895.jpg p01\right\895.jpg p01\grid\895.jpg day63/0528.jpg left 901.0,305.0 0.07563407,0.3783882 50.237354,5.353129,607.6103 0.19893805555555555,0.19893799999999998 596,284,831,519 627,343,687,379 745,349,803,383
p01\face\896.jpg p01\left\896.jpg p01\right\896.jpg p01\grid\896.jpg day14/0255.jpg left 804.0,120.0 0.0716263,-0.30934307 29.742393,-87.85729,445.15442 0.19893805555555555,0.19893799999999998 536,39,854,357 580,118,659,165 739,127,818,174
p01\face\897.jpg p01\left\897.jpg p01\right\897.jpg p01\grid\897.jpg day15/0528.jpg left 315.0,846.0 -0.11559836,0.45234072 -3.70137,51.67441,544.8563 0.19893805555555555,0.19893799999999998 487,368,746,627 522,428,589,468 656,443,716,479
p01\face\898.jpg p01\left\898.jpg p01\right\898.jpg p01\grid\898.jpg day55/0369.jpg left 191.0,26.0 -0.040067766,0.4618193 -0.068176,27.665236,549.5143 0.19893805555555555,0.19893799999999998 496,320,755,579 530,385,596,424 661,392,724,429
p01\face\899.jpg p01\left\899.jpg p01\right\899.jpg p01\grid\899.jpg day51/0348.jpg left 55.0,307.0 -0.060751185,0.32845646 20.0882,-22.713406,534.80237 0.19893805555555555,0.19893799999999998 532,222,794,484 567,283,636,324 703,298,764,334
p01\face\900.jpg p01\left\900.jpg p01\right\900.jpg p01\grid\900.jpg day04/0250.jpg left 478.0,812.0 -0.04974616,0.43211773 -6.715122,-14.17221,550.6041 0.19893805555555555,0.19893799999999998 484,241,739,496 519,304,583,342 647,313,710,350
p01\face\901.jpg p01\left\901.jpg p01\right\901.jpg p01\grid\901.jpg day04/0469.jpg left 1349.0,214.0 -0.30927214,-0.39621446 -34.529247,-54.833588,505.94022 0.19893805555555555,0.19893799999999998 415,147,688,420 455,222,518,259 587,217,660,260
p01\face\902.jpg p01\left\902.jpg p01\right\902.jpg p01\grid\902.jpg day67/0012.jpg left 546.0,122.0 -0.015931398,0.22859111 32.039608,-42.582573,441.77722 0.19893805555555555,0.19893799999999998 537,144,861,468 582,219,666,269 746,239,825,286
p01\face\903.jpg p01\left\903.jpg p01\right\903.jpg p01\grid\903.jpg day42/0206.jpg left 505.0,291.0 -0.027758399,-0.08264149 -32.582775,-8.193166,477.60205 0.19893805555555555,0.19893799999999998 406,238,701,533 446,312,519,355 592,317,667,362
p01\face\904.jpg p01\left\904.jpg p01\right\904.jpg p01\grid\904.jpg day62/0251.jpg left 449.0,195.0 -0.039166573,0.4251822 0.649115,1.023421,528.20074 0.19893805555555555,0.19893799999999998 492,266,759,533 529,331,596,371 664,343,728,381
p01\face\905.jpg p01\left\905.jpg p01\right\905.jpg p01\grid\905.jpg day22/0083.jpg left 212.0,160.0 -0.14282838,0.23801976 -30.435207,-71.179985,539.5861 0.19893805555555555,0.19893799999999998 435,128,696,389 468,189,538,231 600,201,664,239
p01\face\906.jpg p01\left\906.jpg p01\right\906.jpg p01\grid\906.jpg day59/0611.jpg left 1070.0,374.0 -0.002298905,-0.15592457 -14.244674,20.665834,462.24573 0.19893805555555555,0.19893799999999998 442,300,743,601 484,377,557,420 632,382,710,428
p01\face\907.jpg p01\left\907.jpg p01\right\907.jpg p01\grid\907.jpg day61/0029.jpg left 1290.0,211.0 -0.061200965,0.35961303 -42.23875,12.024513,522.783 0.19893805555555555,0.19893799999999998 402,287,675,560 441,354,508,394 576,363,645,404
p01\face\908.jpg p01\left\908.jpg p01\right\908.jpg p01\grid\908.jpg day06/0203.jpg left 108.0,305.0 -0.17814621,0.41097978 -54.11121,-16.877947,559.3756 0.19893805555555555,0.19893799999999998 396,236,649,489 429,297,496,337 558,310,619,346
p01\face\909.jpg p01\left\909.jpg p01\right\909.jpg p01\grid\909.jpg day53/0096.jpg left 1203.0,322.0 -0.022014497,0.43145186 -9.750741,-2.209663,517.41675 0.19893805555555555,0.19893799999999998 468,257,742,531 506,327,573,367 642,332,711,373
p01\face\910.jpg p01\left\910.jpg p01\right\910.jpg p01\grid\910.jpg day28/0068.jpg left 464.0,556.0 0.0057683378,-0.1530032 3.835645,-9.814811,473.6959 0.19893805555555555,0.19893799999999998 485,234,779,528 525,304,600,349 674,318,746,361
p01\face\911.jpg p01\left\911.jpg p01\right\911.jpg p01\grid\911.jpg day66/0314.jpg left 1086.0,650.0 -0.058983374,-0.23149315 -35.276512,-31.601772,393.57346 0.19893805555555555,0.19893799999999998 351,151,705,505 402,239,486,289 578,250,666,302
p01\face\912.jpg p01\left\912.jpg p01\right\912.jpg p01\grid\912.jpg day59/0177.jpg left 990.0,250.0 -0.014384388,-0.12584603 -21.55983,-0.218539,503.4124 0.19893805555555555,0.19893799999999998 440,261,719,540 480,330,547,370 617,336,689,379
p01\face\913.jpg p01\left\913.jpg p01\right\913.jpg p01\grid\913.jpg day51/0286.jpg left 789.0,14.0 -0.036032535,0.32193443 -4.100989,-23.25788,629.04803 0.19893805555555555,0.19893799999999998 507,240,732,465 536,296,593,330 650,301,705,334
p01\face\914.jpg p01\left\914.jpg p01\right\914.jpg p01\grid\914.jpg day20/0256.jpg left 533.0,98.0 -0.13160498,0.30974692 -24.57059,-19.042875,467.48605 0.19893805555555555,0.19893799999999998 418,210,721,513 457,283,536,330 611,295,684,338
p01\face\915.jpg p01\left\915.jpg p01\right\915.jpg p01\grid\915.jpg day08/0155.jpg left 913.0,190.0 0.018576322,0.40850344 18.701498,-14.164732,564.53174 0.19893805555555555,0.19893799999999998 535,243,785,493 570,306,631,342 694,313,757,350
p01\face\916.jpg p01\left\916.jpg p01\right\916.jpg p01\grid\916.jpg day42/0436.jpg left 278.0,710.0 -0.07147308,0.37604463 -1.66727,9.499366,496.10217 0.19893805555555555,0.19893799999999998 477,279,763,565 515,346,590,391 661,360,730,401
p01\face\917.jpg p01\left\917.jpg p01\right\917.jpg p01\grid\917.jpg day55/0104.jpg left 131.0,643.0 -0.088881016,0.029249992 46.32926,-18.007269,380.91376 0.19893805555555555,0.19893799999999998 568,187,929,548 618,266,711,321 804,289,889,340
p01\face\918.jpg p01\left\918.jpg p01\right\918.jpg p01\grid\918.jpg day37/0241.jpg left 890.0,14.0 0.047853645,0.34630084 0.826147,-82.29974,621.81006 0.19893805555555555,0.19893799999999998 514,137,742,365 544,198,601,232 657,198,715,232
p01\face\919.jpg p01\left\919.jpg p01\right\919.jpg p01\grid\919.jpg day06/0010.jpg left 90.0,502.0 -0.07517782,0.3358241 14.325615,-30.149647,525.877 0.19893805555555555,0.19893799999999998 521,205,786,470 555,267,625,309 691,281,754,318
p01\face\920.jpg p01\left\920.jpg p01\right\920.jpg p01\grid\920.jpg day56/0083.jpg left 38.0,53.0 -0.006612843,0.35566542 36.205788,-9.237191,479.63544 0.19893805555555555,0.19893799999999998 555,234,852,531 595,304,673,350 746,320,818,363
p01\face\921.jpg p01\left\921.jpg p01\right\921.jpg p01\grid\921.jpg day63/0397.jpg left 422.0,344.0 -0.023081165,0.29401895 10.489355,-42.57137,446.9604 0.19893805555555555,0.19893799999999998 488,147,804,463 534,222,613,269 694,240,770,285
p01\face\922.jpg p01\left\922.jpg p01\right\922.jpg p01\grid\922.jpg day03/0382.jpg left 1109.0,12.0 -0.023294894,0.42770723 -8.634519,-11.611216,487.7067 0.19893805555555555,0.19893799999999998 463,234,748,519 503,304,572,345 645,313,717,356
p01\face\923.jpg p01\left\923.jpg p01\right\923.jpg p01\grid\923.jpg day17/0302.jpg left 800.0,862.0 -0.036963698,-0.34872222 -26.864271,-11.718919,408.46152 0.19893805555555555,0.19893799999999998 386,207,725,546 431,294,516,345 601,304,685,354
p01\face\924.jpg p01\left\924.jpg p01\right\924.jpg p01\grid\924.jpg day54/0069.jpg left 201.0,172.0 -0.0630044,0.31443965 24.6499,20.81315,476.58694 0.19893805555555555,0.19893799999999998 528,302,826,600 569,369,647,415 721,388,793,431
p01\face\925.jpg p01\left\925.jpg p01\right\925.jpg p01\grid\925.jpg day20/0291.jpg left 1243.0,38.0 0.085004814,0.2048141 -21.990097,-28.223783,501.48657 0.19893805555555555,0.19893799999999998 440,202,720,482 479,275,545,314 617,274,689,317
p01\face\926.jpg p01\left\926.jpg p01\right\926.jpg p01\grid\926.jpg day45/0126.jpg left 884.0,888.0 -0.043131925,-0.31219423 -33.206642,-37.88582,521.5017 0.19893805555555555,0.19893799999999998 423,187,690,454 461,253,527,292 594,263,661,303
p01\face\927.jpg p01\left\927.jpg p01\right\927.jpg p01\grid\927.jpg day08/0070.jpg left 1169.0,78.0 0.021394856,-0.13792709 -2.783802,-43.22909,458.86508 0.19893805555555555,0.19893799999999998 465,153,771,459 509,229,582,272 660,237,738,283
p01\face\928.jpg p01\left\928.jpg p01\right\928.jpg p01\grid\928.jpg day29/0040.jpg left 1068.0,311.0 0.01781191,0.36183184 -24.2233,-11.072491,583.6989 0.19893805555555555,0.19893799999999998 462,253,705,496 494,318,552,352 615,316,676,352
p01\face\929.jpg p01\left\929.jpg p01\right\929.jpg p01\grid\929.jpg day35/0132.jpg left 1157.0,84.0 0.05632516,0.34404764 11.1517,-47.613445,513.1169 0.19893805555555555,0.19893799999999998 509,163,785,439 549,233,615,272 686,240,755,281
p01\face\930.jpg p01\left\930.jpg p01\right\930.jpg p01\grid\930.jpg day06/0371.jpg left 299.0,579.0 -0.0883048,0.018201487 -14.879661,-34.335052,495.2231 0.19893805555555555,0.19893799999999998 450,185,739,474 485,257,561,302 633,264,702,305
p01\face\931.jpg p01\left\931.jpg p01\right\931.jpg p01\grid\931.jpg day32/0121.jpg left 389.0,523.0 0.09766484,-0.24077925 21.820482,-25.994625,475.04694 0.19893805555555555,0.19893799999999998 523,195,821,493 563,264,641,310 715,283,787,326
p01\face\932.jpg p01\left\932.jpg p01\right\932.jpg p01\grid\932.jpg day53/0712.jpg left 75.0,57.0 -0.071294844,0.3074045 19.433176,-35.93926,437.90637 0.19893805555555555,0.19893799999999998 506,158,831,483 551,233,636,284 717,255,795,301
p01\face\933.jpg p01\left\933.jpg p01\right\933.jpg p01\grid\933.jpg day67/0243.jpg left 1187.0,503.0 -0.007798036,-0.1846143 -3.486402,17.511955,458.786 0.19893805555555555,0.19893799999999998 463,293,766,596 508,367,581,410 657,378,735,424
p01\face\934.jpg p01\left\934.jpg p01\right\934.jpg p01\grid\934.jpg day63/0486.jpg left 889.0,101.0 -0.06386619,0.36431378 -39.12562,-59.00232,532.32495 0.19893805555555555,0.19893799999999998 414,145,682,413 450,215,517,255 582,220,651,261
p01\face\935.jpg p01\left\935.jpg p01\right\935.jpg p01\grid\935.jpg day23/0011.jpg left 150.0,573.0 -0.3570854,-0.011320218 10.339938,-5.950331,395.22656 0.19893805555555555,0.19893799999999998 483,233,814,564 524,303,611,355 702,326,771,367
p01\face\936.jpg p01\left\936.jpg p01\right\936.jpg p01\grid\936.jpg day41/0359.jpg left 1109.0,564.0 0.0038233798,-0.1707777 -24.844786,-33.566616,434.0613 0.19893805555555555,0.19893799999999998 401,164,726,489 448,245,526,291 607,252,692,303
p01\face\937.jpg p01\left\937.jpg p01\right\937.jpg p01\grid\937.jpg day28/0057.jpg left 463.0,89.0 -0.031640347,0.17864174 14.294003,-48.892635,402.42682 0.19893805555555555,0.19893799999999998 486,109,838,461 531,194,624,249 709,206,796,258
p01\face\938.jpg p01\left\938.jpg p01\right\938.jpg p01\grid\938.jpg day04/0257.jpg left 1370.0,761.0 0.020416278,0.39305168 -25.78996,-13.247626,560.68616 0.19893805555555555,0.19893799999999998 452,245,702,495 487,311,547,347 610,311,674,349
p01\face\939.jpg p01\left\939.jpg p01\right\939.jpg p01\grid\939.jpg day54/0558.jpg left 621.0,235.0 -0.025900772,0.38662627 -7.280438,-15.143466,549.8928 0.19893805555555555,0.19893799999999998 482,238,740,496 517,303,581,341 647,311,710,348
p01\face\940.jpg p01\left\940.jpg p01\right\940.jpg p01\grid\940.jpg day56/0296.jpg left 1182.0,823.0 0.037431598,-0.06972321 6.74265,1.184641,415.96637 0.19893805555555555,0.19893799999999998 475,246,811,582 522,332,601,379 688,334,773,385
p01\face\941.jpg p01\left\941.jpg p01\right\941.jpg p01\grid\941.jpg day67/0107.jpg left 895.0,843.0 -0.047990363,-0.21957214 -45.793648,-3.519297,532.6594 0.19893805555555555,0.19893799999999998 403,259,665,521 439,325,503,363 570,332,636,371
p01\face\942.jpg p01\left\942.jpg p01\right\942.jpg p01\grid\942.jpg day27/0189.jpg left 346.0,818.0 -0.039543007,0.5541441 7.200152,24.861664,551.27576 0.19893805555555555,0.19893799999999998 514,317,764,567 547,379,610,416 675,388,735,424
p01\face\943.jpg p01\left\943.jpg p01\right\943.jpg p01\grid\943.jpg day35/0136.jpg left 580.0,51.0 -0.013847624,0.3841989 31.133476,-8.483277,540.85547 0.19893805555555555,0.19893799999999998 554,249,816,511 590,312,657,352 722,325,786,363
p01\face\944.jpg p01\left\944.jpg p01\right\944.jpg p01\grid\944.jpg day17/0455.jpg left 377.0,327.0 0.1391771,-0.32935673 49.63019,-43.040108,476.106 0.19893805555555555,0.19893799999999998 587,159,881,453 627,231,702,276 776,244,848,287
p01\face\945.jpg p01\left\945.jpg p01\right\945.jpg p01\grid\945.jpg day16/0262.jpg left 62.0,349.0 -0.011074125,0.4313542 37.641636,-2.460265,482.0255 0.19893805555555555,0.19893799999999998 560,249,855,544 598,321,674,366 750,334,819,375
p01\face\946.jpg p01\left\946.jpg p01\right\946.jpg p01\grid\946.jpg day11/0127.jpg left 482.0,57.0 0.009600956,0.38846174 22.781324,-21.63654,514.9952 0.19893805555555555,0.19893799999999998 536,217,810,491 571,287,640,328 711,293,777,332
p01\face\947.jpg p01\left\947.jpg p01\right\947.jpg p01\grid\947.jpg day15/0357.jpg left 837.0,299.0 0.06430405,-0.14120829 21.148006,-4.606775,521.0286 0.19893805555555555,0.19893799999999998 533,256,800,523 572,320,636,358 703,331,772,372
p01\face\948.jpg p01\left\948.jpg p01\right\948.jpg p01\grid\948.jpg day03/0085.jpg left 909.0,755.0 0.04988236,0.18867686 4.503652,43.72392,608.076 0.19893805555555555,0.19893799999999998 518,354,750,586 549,411,606,445 665,415,723,449
p01\face\949.jpg p01\left\949.jpg p01\right\949.jpg p01\grid\949.jpg day42/0338.jpg left 943.0,573.0 -0.02716066,-0.18130177 -17.554304,-17.900682,469.17886 0.19893805555555555,0.19893799999999998 437,214,735,512 476,289,551,334 625,294,700,339
p01\face\950.jpg p01\left\950.jpg p01\right\950.jpg p01\grid\950.jpg day20/0574.jpg left 1264.0,633.0 0.037312113,0.21120606 -40.345604,-0.532425,497.63025 0.19893805555555555,0.19893799999999998 400,259,685,544 438,336,505,376 576,329,651,374
p01\face\951.jpg p01\left\951.jpg p01\right\951.jpg p01\grid\951.jpg day53/0216.jpg left 1055.0,116.0 0.0013211753,0.26703268 -12.882645,-43.945118,518.75665 0.19893805555555555,0.19893799999999998 462,173,736,447 500,242,567,282 635,247,705,289
p01\face\952.jpg p01\left\952.jpg p01\right\952.jpg p01\grid\952.jpg day52/0731.jpg left 1115.0,717.0 -0.04990435,0.3775942 -31.119833,-1.178305,535.9469 0.19893805555555555,0.19893799999999998 431,262,698,529 467,330,533,369 600,335,667,375
p01\face\953.jpg p01\left\953.jpg p01\right\953.jpg p01\grid\953.jpg day52/0237.jpg left 918.0,187.0 -0.039192628,0.32017538 -13.145999,-29.133419,466.2146 0.19893805555555555,0.19893799999999998 441,186,745,490 484,260,559,305 636,272,712,317
p01\face\954.jpg p01\left\954.jpg p01\right\954.jpg p01\grid\954.jpg day15/0110.jpg left 6.0,665.0 0.02986515,-0.11989163 46.451138,-32.82098,525.58075 0.19893805555555555,0.19893799999999998 583,200,850,467 621,263,688,303 755,275,821,314
p01\face\955.jpg p01\left\955.jpg p01\right\955.jpg p01\grid\955.jpg day27/0003.jpg left 762.0,135.0 -0.02851037,0.38975355 8.581298,0.097843,506.98648 0.19893805555555555,0.19893799999999998 503,260,783,540 540,330,612,373 681,338,750,379
p01\face\956.jpg p01\left\956.jpg p01\right\956.jpg p01\grid\956.jpg day60/0090.jpg left 413.0,712.0 -0.030132495,0.31490225 14.594721,-47.612747,465.53384 0.19893805555555555,0.19893799999999998 505,144,809,448 546,218,624,264 701,231,774,274
p01\face\957.jpg p01\left\957.jpg p01\right\957.jpg p01\grid\957.jpg day03/0201.jpg left 659.0,387.0 -0.12241501,0.50363886 -35.076267,20.25883,476.51834 0.19893805555555555,0.19893799999999998 396,298,694,596 437,371,513,416 588,383,661,426
p01\face\958.jpg p01\left\958.jpg p01\right\958.jpg p01\grid\958.jpg day66/0061.jpg left 966.0,329.0 0.046064496,-0.21180844 20.718128,-18.575598,431.79446 0.19893805555555555,0.19893799999999998 512,200,834,522 559,278,638,325 718,293,800,342
p01\face\959.jpg p01\left\959.jpg p01\right\959.jpg p01\grid\959.jpg day52/0677.jpg left 82.0,342.0 -0.011730736,0.31728753 34.467613,-22.429008,471.3107 0.19893805555555555,0.19893799999999998 550,203,851,504 591,274,669,320 745,290,817,333
p01\face\960.jpg p01\left\960.jpg p01\right\960.jpg p01\grid\960.jpg day03/0478.jpg left 939.0,152.0 -0.044378612,-0.21244633 -39.239513,-8.904414,560.3686 0.19893805555555555,0.19893799999999998 427,253,677,503 459,316,523,354 586,323,647,359
p01\face\961.jpg p01\left\961.jpg p01\right\961.jpg p01\grid\961.jpg day55/0316.jpg left 977.0,366.0 -0.022994107,-0.13213465 -3.840713,48.123417,532.4618 0.19893805555555555,0.19893799999999998 486,362,748,624 522,427,588,466 653,433,719,472
p01\face\962.jpg p01\left\962.jpg p01\right\962.jpg p01\grid\962.jpg day42/0016.jpg left 239.0,230.0 -0.060595866,0.32494617 18.896734,-17.381723,455.46445 0.19893805555555555,0.19893799999999998 512,210,822,520 554,283,633,330 714,301,786,344
p01\face\963.jpg p01\left\963.jpg p01\right\963.jpg p01\grid\963.jpg day64/0138.jpg left 1119.0,498.0 -0.03759128,-0.1756 -16.611956,-8.697587,392.60712 0.19893805555555555,0.19893799999999998 403,213,757,567 453,303,535,352 628,308,718,362
p01\face\964.jpg p01\left\964.jpg p01\right\964.jpg p01\grid\964.jpg day18/0039.jpg left 464.0,375.0 -0.04756272,0.3339756 9.149638,-19.026775,461.1548 0.19893805555555555,0.19893799999999998 491,207,800,516 532,282,611,329 690,296,763,339
p01\face\965.jpg p01\left\965.jpg p01\right\965.jpg p01\grid\965.jpg day49/0450.jpg left 674.0,632.0 -0.028271189,-0.23553172 -9.076157,-19.6847,368.78854 0.19893805555555555,0.19893799999999998 402,166,787,551 456,259,556,319 647,277,746,336
p01\face\966.jpg p01\left\966.jpg p01\right\966.jpg p01\grid\966.jpg day55/0030.jpg left 907.0,773.0 0.05096691,0.37107745 -7.90809,-20.419842,466.62598 0.19893805555555555,0.19893799999999998 458,206,762,510 498,289,570,332 648,283,726,329
p01\face\967.jpg p01\left\967.jpg p01\right\967.jpg p01\grid\967.jpg day27/0354.jpg left 1014.0,462.0 -0.02036721,-0.14749055 -18.78266,-8.184203,425.80994 0.19893805555555555,0.19893799999999998 413,224,741,552 460,306,539,353 622,314,706,364
p01\face\968.jpg p01\left\968.jpg p01\right\968.jpg p01\grid\968.jpg day45/0388.jpg left 428.0,6.0 -0.028785603,0.3948997 26.350931,16.046158,509.80722 0.19893805555555555,0.19893799999999998 540,294,819,573 577,360,649,403 719,374,786,414
p01\face\969.jpg p01\left\969.jpg p01\right\969.jpg p01\grid\969.jpg day35/0048.jpg left 290.0,618.0 -0.27482423,-0.09159266 34.235752,-10.647508,303.4301 0.19893805555555555,0.19893799999999998 514,176,952,614 571,265,692,337 809,307,897,359
p01\face\970.jpg p01\left\970.jpg p01\right\970.jpg p01\grid\970.jpg day21/0165.jpg left 1100.0,600.0 0.019448468,-0.109940246 2.133337,8.631642,473.56146 0.19893805555555555,0.19893799999999998 482,276,776,570 524,349,593,390 671,357,744,400
p01\face\971.jpg p01\left\971.jpg p01\right\971.jpg p01\grid\971.jpg day47/0239.jpg left 25.0,108.0 0.012189004,0.5262369 42.814728,23.45803,489.26083 0.19893805555555555,0.19893799999999998 573,308,861,596 611,376,686,421 758,391,827,432
p01\face\972.jpg p01\left\972.jpg p01\right\972.jpg p01\grid\972.jpg day54/0142.jpg left 1282.0,161.0 -0.0015222237,0.2676144 -13.402286,-2.30872,506.54163 0.19893805555555555,0.19893799999999998 457,257,736,536 497,326,564,366 634,332,706,375
p01\face\973.jpg p01\left\973.jpg p01\right\973.jpg p01\grid\973.jpg day03/0436.jpg left 498.0,453.0 -0.0015337137,-0.06556719 22.121302,-22.266148,506.5834 0.19893805555555555,0.19893799999999998 533,216,810,493 569,285,639,327 710,291,777,331
p01\face\974.jpg p01\left\974.jpg p01\right\974.jpg p01\grid\974.jpg day31/0055.jpg left 363.0,374.0 -0.054056287,0.113654 31.262506,13.7852,401.80728 0.19893805555555555,0.19893799999999998 529,278,875,624 578,352,666,404 755,379,837,428
p01\face\975.jpg p01\left\975.jpg p01\right\975.jpg p01\grid\975.jpg day03/0537.jpg left 382.0,739.0 -0.07950201,0.30550802 -34.37776,-12.928719,562.7486 0.19893805555555555,0.19893799999999998 435,246,687,498 468,309,532,347 596,315,657,351
p01\face\976.jpg p01\left\976.jpg p01\right\976.jpg p01\grid\976.jpg day51/0200.jpg left 80.0,577.0 -0.007495706,0.34475353 49.89265,35.039787,511.0868 0.19893805555555555,0.19893799999999998 588,334,867,613 624,397,699,442 768,415,834,454
p01\face\977.jpg p01\left\977.jpg p01\right\977.jpg p01\grid\977.jpg day04/0497.jpg left 910.0,677.0 0.009819368,-0.27762938 -3.257716,-74.31334,454.1626 0.19893805555555555,0.19893799999999998 463,79,770,386 506,155,581,200 658,163,737,210
p01\face\978.jpg p01\left\978.jpg p01\right\978.jpg p01\grid\978.jpg day59/0270.jpg left 26.0,645.0 -0.040834237,0.30423346 31.241405,-29.457787,508.75778 0.19893805555555555,0.19893799999999998 553,203,826,476 589,266,661,309 728,280,794,319
p01\face\979.jpg p01\left\979.jpg p01\right\979.jpg p01\grid\979.jpg day15/0276.jpg left 538.0,832.0 0.060315385,-0.20705836 31.052614,-7.713271,457.26688 0.19893805555555555,0.19893799999999998 543,233,849,539 584,308,662,354 740,321,813,364
p01\face\980.jpg p01\left\980.jpg p01\right\980.jpg p01\grid\980.jpg day03/0500.jpg left 225.0,610.0 -0.020092633,0.4186876 8.898814,4.546362,693.1305 0.19893805555555555,0.19893799999999998 538,293,740,495 565,343,616,373 668,350,717,379
p01\face\981.jpg p01\left\981.jpg p01\right\981.jpg p01\grid\981.jpg day27/0445.jpg left 468.0,318.0 0.03700011,0.5077259 10.125758,28.30623,555.785 0.19893805555555555,0.19893799999999998 518,321,774,577 552,388,615,425 676,389,745,430
p01\face\982.jpg p01\left\982.jpg p01\right\982.jpg p01\grid\982.jpg day51/0183.jpg left 407.0,260.0 -0.047595926,0.2973663 16.155281,10.965802,467.88354 0.19893805555555555,0.19893799999999998 507,278,811,582 549,348,628,395 704,366,777,409
p01\face\983.jpg p01\left\983.jpg p01\right\983.jpg p01\grid\983.jpg day10/0102.jpg left 732.0,769.0 -0.04208845,0.4292035 1.395899,1.628572,524.70557 0.19893805555555555,0.19893799999999998 493,267,761,535 530,332,597,372 666,344,730,382
p01\face\984.jpg p01\left\984.jpg p01\right\984.jpg p01\grid\984.jpg day26/0036.jpg left 977.0,878.0 0.008762691,0.45748228 -8.360744,6.619874,525.8793 0.19893805555555555,0.19893799999999998 474,276,744,546 511,347,577,386 644,349,713,390
p01\face\985.jpg p01\left\985.jpg p01\right\985.jpg p01\grid\985.jpg day54/0347.jpg left 1013.0,757.0 -0.025056532,0.43522784 -15.301063,13.56742,471.09537 0.19893805555555555,0.19893799999999998 439,282,743,586 481,361,554,404 631,365,709,411
p01\face\986.jpg p01\left\986.jpg p01\right\986.jpg p01\grid\986.jpg day42/0235.jpg left 221.0,102.0 -0.06607708,0.4030291 11.494765,19.495863,623.9244 0.19893805555555555,0.19893799999999998 533,311,759,537 561,367,621,403 677,374,731,406
p01\face\987.jpg p01\left\987.jpg p01\right\987.jpg p01\grid\987.jpg day17/0402.jpg left 639.0,825.0 -0.055264086,-0.35245854 -0.728324,-28.964378,350.03214 0.19893805555555555,0.19893799999999998 417,127,820,530 472,229,575,290 679,245,773,301
p01\face\988.jpg p01\left\988.jpg p01\right\988.jpg p01\grid\988.jpg day47/0113.jpg left 925.0,172.0 -0.09066035,-0.18781528 -7.117271,-11.358399,538.29004 0.19893805555555555,0.19893799999999998 480,244,741,505 515,308,582,348 647,317,710,354
p01\face\989.jpg p01\left\989.jpg p01\right\989.jpg p01\grid\989.jpg day42/0499.jpg left 270.0,532.0 0.019661987,-0.18541226 10.174724,-5.341755,495.84793 0.19893805555555555,0.19893799999999998 505,249,785,529 543,316,616,359 686,329,753,369
p01\face\990.jpg p01\left\990.jpg p01\right\990.jpg p01\grid\990.jpg day44/0052.jpg left 1236.0,22.0 0.05353681,0.24370077 12.610696,-31.288273,522.4434 0.19893805555555555,0.19893799999999998 514,201,785,472 553,268,619,307 687,275,756,316
p01\face\991.jpg p01\left\991.jpg p01\right\991.jpg p01\grid\991.jpg day11/0066.jpg left 1298.0,172.0 -0.04742899,0.31273267 -94.47325,-52.59323,536.3086 0.19893805555555555,0.19893799999999998 304,159,572,427 342,230,406,268 473,232,543,274
p01\face\992.jpg p01\left\992.jpg p01\right\992.jpg p01\grid\992.jpg day63/0311.jpg left 437.0,102.0 -0.07019031,0.3017534 -11.92734,-43.99177,472.72507 0.19893805555555555,0.19893799999999998 447,154,748,455 487,229,565,275 640,240,713,283
p01\face\993.jpg p01\left\993.jpg p01\right\993.jpg p01\grid\993.jpg day45/0556.jpg left 779.0,120.0 -0.07699166,0.43467045 -21.091463,21.277628,560.3474 0.19893805555555555,0.19893799999999998 458,308,713,563 492,372,556,410 620,380,683,417
p01\face\994.jpg p01\left\994.jpg p01\right\994.jpg p01\grid\994.jpg day15/0027.jpg left 802.0,204.0 0.03025169,-0.21351284 15.789912,-61.97957,515.0333 0.19893805555555555,0.19893799999999998 522,137,793,408 559,204,626,244 695,211,762,251
p01\face\995.jpg p01\left\995.jpg p01\right\995.jpg p01\grid\995.jpg day28/0255.jpg left 119.0,682.0 -0.15891522,0.11149047 19.831984,-31.298977,456.55194 0.19893805555555555,0.19893799999999998 518,184,818,484 558,250,637,297 715,271,782,311
p01\face\996.jpg p01\left\996.jpg p01\right\996.jpg p01\grid\996.jpg day15/0373.jpg left 964.0,893.0 0.038192064,-0.17267181 -12.175554,4.522146,480.46558 0.19893805555555555,0.19893799999999998 453,268,741,556 494,336,564,378 637,350,710,393
p01\face\997.jpg p01\left\997.jpg p01\right\997.jpg p01\grid\997.jpg day31/0388.jpg left 213.0,526.0 -0.06737049,0.43197247 9.056656,31.062971,531.3891 0.19893805555555555,0.19893799999999998 511,327,778,594 544,391,614,433 680,401,744,439
p01\face\998.jpg p01\left\998.jpg p01\right\998.jpg p01\grid\998.jpg day43/0229.jpg left 1209.0,604.0 -0.04780458,0.37145182 -18.427195,-4.038892,571.0051 0.19893805555555555,0.19893799999999998 467,263,716,512 500,326,563,363 624,331,687,368
p01\face\999.jpg p01\left\999.jpg p01\right\999.jpg p01\grid\999.jpg day52/0335.jpg left 330.0,658.0 -0.07406796,0.29516095 4.527434,8.851317,544.25977 0.19893805555555555,0.19893799999999998 503,285,764,546 538,346,605,386 670,359,733,396
p01\face\1000.jpg p01\left\1000.jpg p01\right\1000.jpg p01\grid\1000.jpg day67/0084.jpg left 1147.0,320.0 -0.12415636,0.4805295 -54.263214,44.0036,511.21027 0.19893805555555555,0.19893799999999998 371,352,650,631 411,419,480,460 549,429,621,472
p01\face\1001.jpg p01\left\1001.jpg p01\right\1001.jpg p01\grid\1001.jpg day16/0028.jpg left 896.0,369.0 0.00232691,-0.1773597 -4.846384,-17.227278,488.74197 0.19893805555555555,0.19893799999999998 471,222,756,507 511,291,581,333 653,302,725,345
p01\face\1002.jpg p01\left\1002.jpg p01\right\1002.jpg p01\grid\1002.jpg day28/0029.jpg left 228.0,487.0 0.030916769,-0.31334287 20.250477,-36.97643,477.86697 0.19893805555555555,0.19893799999999998 524,175,812,463 564,246,637,289 710,259,779,300
p01\face\1003.jpg p01\left\1003.jpg p01\right\1003.jpg p01\grid\1003.jpg day55/0207.jpg left 1208.0,121.0 -0.0066176206,-0.102588646 -20.557808,-23.532661,439.65506 0.19893805555555555,0.19893799999999998 417,192,736,511 461,274,537,319 618,276,700,325
p01\face\1004.jpg p01\left\1004.jpg p01\right\1004.jpg p01\grid\1004.jpg day53/0691.jpg left 853.0,552.0 0.0021925415,-0.116632685 -5.370947,16.90107,402.5404 0.19893805555555555,0.19893799999999998 435,284,780,629 485,365,569,415 659,382,743,432
p01\face\1005.jpg p01\left\1005.jpg p01\right\1005.jpg p01\grid\1005.jpg day48/0166.jpg left 683.0,682.0 0.0058891387,0.29782087 23.550095,-51.119682,568.4387 0.19893805555555555,0.19893799999999998 544,175,794,425 577,238,641,276 704,245,765,281
p01\face\1006.jpg p01\left\1006.jpg p01\right\1006.jpg p01\grid\1006.jpg day32/0129.jpg left 1416.0,456.0 0.17866711,0.05422452 -25.843102,5.696472,408.13577 0.19893805555555555,0.19893799999999998 389,259,728,598 439,344,514,389 609,347,691,396
p01\face\1007.jpg p01\left\1007.jpg p01\right\1007.jpg p01\grid\1007.jpg day28/0075.jpg left 221.0,729.0 0.0199586,-0.1060603 7.26313,15.152458,461.87976 0.19893805555555555,0.19893799999999998 490,287,794,591 530,362,608,408 682,370,758,415
p01\face\1008.jpg p01\left\1008.jpg p01\right\1008.jpg p01\grid\1008.jpg day04/0599.jpg left 1411.0,77.0 -0.008152558,0.15214539 -85.86343,-19.227118,511.0583 0.19893805555555555,0.19893799999999998 311,224,587,500 348,296,414,335 485,293,554,334
p01\face\1009.jpg p01\left\1009.jpg p01\right\1009.jpg p01\grid\1009.jpg day64/0177.jpg left 759.0,732.0 -0.039422136,0.29824424 -14.144948,11.579773,552.22485 0.19893805555555555,0.19893799999999998 472,292,727,547 505,356,568,393 633,360,696,397
p01\face\1010.jpg p01\left\1010.jpg p01\right\1010.jpg p01\grid\1010.jpg day44/0186.jpg left 577.0,434.0 -0.003520967,-0.1320621 -1.942874,5.059191,478.85196 0.19893805555555555,0.19893799999999998 474,268,766,560 513,339,586,382 664,349,731,389
p01\face\1011.jpg p01\left\1011.jpg p01\right\1011.jpg p01\grid\1011.jpg day53/0184.jpg left 1146.0,313.0 0.02384139,-0.14857355 16.194347,-5.354987,543.6906 0.19893805555555555,0.19893799999999998 528,258,786,516 565,324,626,360 691,326,758,366
p01\face\1012.jpg p01\left\1012.jpg p01\right\1012.jpg p01\grid\1012.jpg day27/0120.jpg left 590.0,364.0 -0.036178093,-0.27023944 -24.71585,-4.632573,623.963 0.19893805555555555,0.19893799999999998 469,268,698,497 499,325,559,361 616,333,671,366
p01\face\1013.jpg p01\left\1013.jpg p01\right\1013.jpg p01\grid\1013.jpg day52/0450.jpg left 168.0,57.0 -0.12590535,0.40994614 -18.389309,-34.4096,544.952 0.19893805555555555,0.19893799999999998 460,200,716,456 495,261,562,301 624,276,687,313
p01\face\1014.jpg p01\left\1014.jpg p01\right\1014.jpg p01\grid\1014.jpg day30/0033.jpg left 991.0,574.0 0.037544936,0.49061182 18.028563,15.38267,691.77527 0.19893805555555555,0.19893799999999998 552,308,756,512 579,362,630,392 680,363,732,394
p01\face\1015.jpg p01\left\1015.jpg p01\right\1015.jpg p01\grid\1015.jpg day20/0087.jpg left 566.0,344.0 -0.031454857,0.32902938 23.398481,-13.488869,466.9312 0.19893805555555555,0.19893799999999998 524,221,830,527 565,295,644,342 721,309,794,352
p01\face\1016.jpg p01\left\1016.jpg p01\right\1016.jpg p01\grid\1016.jpg day45/0441.jpg left 824.0,509.0 0.005072077,0.31254655 -14.203923,-41.10036,441.41107 0.19893805555555555,0.19893799999999998 428,147,752,471 474,229,553,276 633,235,717,285
p01\face\1017.jpg p01\left\1017.jpg p01\right\1017.jpg p01\grid\1017.jpg day38/0507.jpg left 1354.0,273.0 -0.16336031,-0.07237281 -4.402964,16.785746,363.7883 0.19893805555555555,0.19893799999999998 417,279,795,657 473,367,564,421 665,382,755,436
p01\face\1018.jpg p01\left\1018.jpg p01\right\1018.jpg p01\grid\1018.jpg day48/0156.jpg left 790.0,367.0 0.006567227,-0.29041204 16.078045,-50.79166,550.35095 0.19893805555555555,0.19893799999999998 530,171,785,426 563,237,627,275 690,239,754,277
p01\face\1019.jpg p01\left\1019.jpg p01\right\1019.jpg p01\grid\1019.jpg day63/0490.jpg left 828.0,370.0 -0.08812354,0.35782346 -34.94732,-55.236485,536.124 0.19893805555555555,0.19893799999999998 424,155,689,420 458,222,527,263 592,229,658,268
p01\face\1020.jpg p01\left\1020.jpg p01\right\1020.jpg p01\grid\1020.jpg day27/0143.jpg left 951.0,301.0 -0.03108292,-0.2174009 -54.126167,22.54434,526.1273 0.19893805555555555,0.19893799999999998 382,311,644,573 421,372,485,410 552,389,618,428
p01\face\1021.jpg p01\left\1021.jpg p01\right\1021.jpg p01\grid\1021.jpg day21/0176.jpg left 1063.0,614.0 -0.051224977,-0.1116565 -50.3904,19.122585,420.06058 0.19893805555555555,0.19893799999999998 331,290,667,626 377,378,456,425 544,379,628,429
p01\face\1022.jpg p01\left\1022.jpg p01\right\1022.jpg p01\grid\1022.jpg day03/0086.jpg left 457.0,719.0 -0.05058359,0.20601828 13.255177,44.54875,610.28845 0.19893805555555555,0.19893799999999998 535,356,764,585 564,412,622,446 681,416,736,449
p01\face\1023.jpg p01\left\1023.jpg p01\right\1023.jpg p01\grid\1023.jpg day12/0129.jpg left 25.0,258.0 -0.08329334,0.34436497 21.938885,-10.808994,425.41818 0.19893805555555555,0.19893799999999998 512,217,843,548 555,293,645,347 725,312,804,359
p01\face\1024.jpg p01\left\1024.jpg p01\right\1024.jpg p01\grid\1024.jpg day11/0090.jpg left 877.0,94.0 0.0024415653,0.3583936 2.951936,-37.344627,481.121 0.19893805555555555,0.19893799999999998 484,173,778,467 525,247,597,290 672,256,745,299
p01\face\1025.jpg p01\left\1025.jpg p01\right\1025.jpg p01\grid\1025.jpg day21/0120.jpg left 637.0,724.0 -0.06642392,0.46013206 -15.586978,-7.970369,488.12717 0.19893805555555555,0.19893799999999998 446,238,737,529 484,311,559,356 630,320,703,363
p01\face\1026.jpg p01\left\1026.jpg p01\right\1026.jpg p01\grid\1026.jpg day55/0273.jpg left 1092.0,557.0 -0.012807678,-0.11742574 -5.054999,-7.540642,457.4455 0.19893805555555555,0.19893799999999998 462,234,769,541 504,317,576,360 655,312,734,359
p01\face\1027.jpg p01\left\1027.jpg p01\right\1027.jpg p01\grid\1027.jpg day06/0335.jpg left 257.0,33.0 -0.011261797,0.31441647 37.94806,-40.03419,544.36646 0.19893805555555555,0.19893799999999998 569,189,830,450 603,254,670,294 735,262,798,299
p01\face\1028.jpg p01\left\1028.jpg p01\right\1028.jpg p01\grid\1028.jpg day13/0144.jpg left 1036.0,602.0 0.04853084,-0.296121 13.841907,-53.48976,468.53015 0.19893805555555555,0.19893799999999998 508,134,805,431 549,208,621,251 696,216,771,261
p01\face\1029.jpg p01\left\1029.jpg p01\right\1029.jpg p01\grid\1029.jpg day31/0455.jpg left 590.0,27.0 -0.027180275,0.43248436 14.869258,0.133221,402.17548 0.19893805555555555,0.19893799999999998 487,237,839,589 534,321,624,375 713,336,798,387
p01\face\1030.jpg p01\left\1030.jpg p01\right\1030.jpg p01\grid\1030.jpg day59/0531.jpg left 996.0,521.0 0.0035641624,0.46446225 -3.195982,-2.180538,476.081 0.19893805555555555,0.19893799999999998 467,247,767,547 510,323,583,366 657,332,735,378
p01\face\1031.jpg p01\left\1031.jpg p01\right\1031.jpg p01\grid\1031.jpg day29/0009.jpg left 732.0,864.0 0.005450028,-0.18535613 5.945964,-13.274446,507.4692 0.19893805555555555,0.19893799999999998 501,235,775,509 538,305,605,345 676,309,743,349
p01\face\1032.jpg p01\left\1032.jpg p01\right\1032.jpg p01\grid\1032.jpg day15/0408.jpg left 1212.0,182.0 0.06831858,0.04691976 -37.958996,-17.599445,379.1461 0.19893805555555555,0.19893799999999998 336,185,705,554 386,276,476,330 569,279,662,334
p01\face\1033.jpg p01\left\1033.jpg p01\right\1033.jpg p01\grid\1033.jpg day31/0309.jpg left 397.0,809.0 0.005341474,0.4688551 36.42332,25.746382,618.05536 0.19893805555555555,0.19893799999999998 573,321,801,549 604,377,662,411 720,386,775,419
p01\face\1034.jpg p01\left\1034.jpg p01\right\1034.jpg p01\grid\1034.jpg day34/0238.jpg left 683.0,379.0 0.02041534,0.32883513 -5.698465,-42.81327,585.0861 0.19893805555555555,0.19893799999999998 496,197,734,435 529,258,586,292 648,262,708,298
p01\face\1035.jpg p01\left\1035.jpg p01\right\1035.jpg p01\grid\1035.jpg day41/0041.jpg left 753.0,103.0 -0.014100185,0.44698897 10.107574,-22.179377,561.6507 0.19893805555555555,0.19893799999999998 520,228,769,477 553,290,616,327 679,299,740,335
p01\face\1036.jpg p01\left\1036.jpg p01\right\1036.jpg p01\grid\1036.jpg day20/0450.jpg left 1068.0,484.0 -0.030803913,0.3117006 -39.921024,-46.947712,550.40704 0.19893805555555555,0.19893799999999998 420,177,678,435 455,244,518,281 583,247,649,286
p01\face\1037.jpg p01\left\1037.jpg p01\right\1037.jpg p01\grid\1037.jpg day19/0105.jpg left 1187.0,449.0 -0.019367402,0.38318554 -29.9277,-6.971382,617.3797 0.19893805555555555,0.19893799999999998 460,265,689,494 492,324,547,357 605,327,663,361
p01\face\1038.jpg p01\left\1038.jpg p01\right\1038.jpg p01\grid\1038.jpg day17/0545.jpg left 458.0,570.0 0.026019193,-0.13075024 15.453991,7.624829,393.7488 0.19893805555555555,0.19893799999999998 486,256,841,611 533,338,627,394 715,358,800,409
p01\face\1039.jpg p01\left\1039.jpg p01\right\1039.jpg p01\grid\1039.jpg day63/0037.jpg left 465.0,400.0 -0.02731201,0.42088023 -4.562354,-2.099544,483.66812 0.19893805555555555,0.19893799999999998 467,251,761,545 508,324,581,367 656,333,728,376
p01\face\1040.jpg p01\left\1040.jpg p01\right\1040.jpg p01\grid\1040.jpg day22/0231.jpg left 1214.0,804.0 0.08414143,0.4239314 43.83672,10.150063,600.2226 0.19893805555555555,0.19893799999999998 585,292,822,529 617,354,674,388 735,356,795,392
p01\face\1041.jpg p01\left\1041.jpg p01\right\1041.jpg p01\grid\1041.jpg day17/0488.jpg left 622.0,780.0 0.00016493116,-0.19123119 6.699254,-31.782337,431.59015 0.19893805555555555,0.19893799999999998 482,169,804,491 524,253,603,300 686,254,765,301
p01\face\1042.jpg p01\left\1042.jpg p01\right\1042.jpg p01\grid\1042.jpg day09/0014.jpg left 360.0,707.0 -0.1104272,0.3980096 -11.49299,-30.99241,422.48212 0.19893805555555555,0.19893799999999998 426,163,760,497 471,242,558,294 644,263,722,309
p01\face\1043.jpg p01\left\1043.jpg p01\right\1043.jpg p01\grid\1043.jpg day45/0193.jpg left 494.0,539.0 -0.04663281,0.33362666 6.891879,-9.128189,530.6417 0.19893805555555555,0.19893799999999998 504,245,774,515 539,312,609,354 676,321,742,360
p01\face\1044.jpg p01\left\1044.jpg p01\right\1044.jpg p01\grid\1044.jpg day22/0052.jpg left 345.0,831.0 -0.07110725,0.4378302 7.46246,-9.336738,463.36386 0.19893805555555555,0.19893799999999998 488,229,794,535 528,303,609,351 683,317,758,362
p01\face\1045.jpg p01\left\1045.jpg p01\right\1045.jpg p01\grid\1045.jpg day65/0041.jpg left 149.0,778.0 -0.019926436,-0.13459966 23.197195,26.10025,396.6833 0.19893805555555555,0.19893799999999998 509,306,860,657 555,391,648,446 735,405,819,455
p01\face\1046.jpg p01\left\1046.jpg p01\right\1046.jpg p01\grid\1046.jpg day45/0642.jpg left 859.0,780.0 -0.011456203,0.41573486 -13.372337,15.57894,534.4094 0.19893805555555555,0.19893799999999998 467,295,734,562 502,365,568,404 635,366,702,406
p01\face\1047.jpg p01\left\1047.jpg p01\right\1047.jpg p01\grid\1047.jpg day27/0407.jpg left 18.0,528.0 -0.05087958,0.32485765 17.429422,-2.199708,584.64905 0.19893805555555555,0.19893799999999998 537,270,778,511 567,329,630,366 691,336,748,370
p01\face\1048.jpg p01\left\1048.jpg p01\right\1048.jpg p01\grid\1048.jpg day15/0149.jpg left 772.0,5.0 -0.06657091,-0.3480581 -24.336596,-56.531616,445.78928 0.19893805555555555,0.19893799999999998 411,114,724,427 453,196,529,241 610,200,688,246
p01\face\1049.jpg p01\left\1049.jpg p01\right\1049.jpg p01\grid\1049.jpg day58/0385.jpg left 826.0,342.0 0.020738594,-0.21631162 9.407448,-26.001314,436.9715 0.19893805555555555,0.19893799999999998 486,184,805,503 530,260,611,308 691,276,770,323
p01\face\1050.jpg p01\left\1050.jpg p01\right\1050.jpg p01\grid\1050.jpg day15/0208.jpg left 1346.0,401.0 0.056832567,-0.18372622 10.408278,-33.574142,483.88376 0.19893805555555555,0.19893799999999998 502,185,790,473 546,256,612,295 686,265,761,310
p01\face\1051.jpg p01\left\1051.jpg p01\right\1051.jpg p01\grid\1051.jpg day20/0200.jpg left 439.0,390.0 -0.013371752,0.37739524 22.704786,-5.286365,461.25922 0.19893805555555555,0.19893799999999998 523,239,832,548 562,314,644,363 719,324,794,369
p01\face\1052.jpg p01\left\1052.jpg p01\right\1052.jpg p01\grid\1052.jpg day28/0011.jpg left 135.0,733.0 -0.22502054,-0.025410622 12.918521,25.754623,397.03622 0.19893805555555555,0.19893799999999998 483,311,828,656 528,389,615,441 710,406,785,451
p01\face\1053.jpg p01\left\1053.jpg p01\right\1053.jpg p01\grid\1053.jpg day63/0365.jpg left 1134.0,823.0 0.05281366,0.3388149 21.808023,-40.07775,457.13205 0.19893805555555555,0.19893799999999998 519,157,829,467 563,235,638,280 718,244,796,290
p01\face\1054.jpg p01\left\1054.jpg p01\right\1054.jpg p01\grid\1054.jpg day12/0011.jpg left 1307.0,544.0 -0.02607762,0.42776483 -23.74095,9.836551,552.13104 0.19893805555555555,0.19893799999999998 452,286,710,544 486,353,549,390 615,356,679,394
p01\face\1055.jpg p01\left\1055.jpg p01\right\1055.jpg p01\grid\1055.jpg day21/0249.jpg left 11.0,467.0 -0.124416046,0.30711704 -24.201328,-2.443854,547.5376 0.19893805555555555,0.19893799999999998 452,264,710,522 483,329,549,368 616,333,676,369
p01\face\1056.jpg p01\left\1056.jpg p01\right\1056.jpg p01\grid\1056.jpg day54/0624.jpg left 532.0,515.0 -0.012533807,0.16241573 4.129287,-92.63946,427.7733 0.19893805555555555,0.19893799999999998 467,12,803,348 512,96,596,146 681,106,763,155
p01\face\1057.jpg p01\left\1057.jpg p01\right\1057.jpg p01\grid\1057.jpg day42/0413.jpg left 242.0,850.0 -0.096900135,0.3625533 -23.279512,13.588871,547.1335 0.19893805555555555,0.19893799999999998 450,293,711,554 484,358,551,398 618,366,679,402
p01\face\1058.jpg p01\left\1058.jpg p01\right\1058.jpg p01\grid\1058.jpg day37/0531.jpg left 37.0,606.0 -0.2092916,0.06422949 58.854992,-27.072725,441.4257 0.19893805555555555,0.19893799999999998 611,193,912,494 652,255,731,302 810,280,877,320
p01\face\1059.jpg p01\left\1059.jpg p01\right\1059.jpg p01\grid\1059.jpg day17/0134.jpg left 1119.0,172.0 0.0008783817,0.26699886 -26.736992,-30.990425,495.71246 0.19893805555555555,0.19893799999999998 424,193,710,479 466,264,533,304 605,271,680,316
p01\face\1060.jpg p01\left\1060.jpg p01\right\1060.jpg p01\grid\1060.jpg day58/0628.jpg left 1229.0,320.0 0.06432778,-0.27779013 28.488688,-27.952797,413.51694 0.19893805555555555,0.19893799999999998 528,169,864,505 576,253,657,301 743,265,828,316
p01\face\1061.jpg p01\left\1061.jpg p01\right\1061.jpg p01\grid\1061.jpg day56/0077.jpg left 1085.0,523.0 0.046333358,0.34656903 14.490186,-3.364193,475.1926 0.19893805555555555,0.19893799999999998 507,247,807,547 549,322,622,365 698,329,773,374
p01\face\1062.jpg p01\left\1062.jpg p01\right\1062.jpg p01\grid\1062.jpg day54/0527.jpg left 1340.0,424.0 0.015226017,0.30219868 3.316815,-25.945494,469.38818 0.19893805555555555,0.19893799999999998 479,194,783,498 523,270,596,313 673,278,751,324
p01\face\1063.jpg p01\left\1063.jpg p01\right\1063.jpg p01\grid\1063.jpg day37/0180.jpg left 919.0,786.0 -0.03529353,-0.29916617 -23.451866,-40.63139,519.1046 0.19893805555555555,0.19893799999999998 443,180,713,450 480,250,546,289 613,254,682,295
p01\face\1064.jpg p01\left\1064.jpg p01\right\1064.jpg p01\grid\1064.jpg day12/0128.jpg left 1307.0,114.0 0.064627685,0.2957063 -30.533472,-10.927731,428.34125 0.19893805555555555,0.19893799999999998 384,218,714,548 432,303,510,349 592,303,679,355
p01\face\1065.jpg p01\left\1065.jpg p01\right\1065.jpg p01\grid\1065.jpg day63/0038.jpg left 492.0,220.0 -0.03604002,0.38568094 -4.236573,-1.651656,487.0836 0.19893805555555555,0.19893799999999998 469,252,761,544 508,324,583,369 656,334,728,377
p01\face\1066.jpg p01\left\1066.jpg p01\right\1066.jpg p01\grid\1066.jpg day21/0003.jpg left 1060.0,97.0 0.05069915,0.21558382 13.595948,-29.695826,530.0776 0.19893805555555555,0.19893799999999998 519,207,786,474 556,273,620,311 689,279,756,319
p01\face\1067.jpg p01\left\1067.jpg p01\right\1067.jpg p01\grid\1067.jpg day66/0024.jpg left 1222.0,761.0 0.1290321,0.5109616 33.050404,15.142534,429.89465 0.19893805555555555,0.19893799999999998 542,279,875,612 587,368,666,415 752,367,836,417
p01\face\1068.jpg p01\left\1068.jpg p01\right\1068.jpg p01\grid\1068.jpg day07/0220.jpg left 460.0,255.0 -0.057600714,0.3335867 -6.539092,-65.666,447.8122 0.19893805555555555,0.19893799999999998 451,92,767,408 492,171,573,219 654,182,729,227
p01\face\1069.jpg p01\left\1069.jpg p01\right\1069.jpg p01\grid\1069.jpg day56/0029.jpg left 696.0,554.0 -0.01225792,0.23118368 21.937199,-54.36163,584.8861 0.19893805555555555,0.19893799999999998 543,175,784,416 577,233,638,269 698,244,758,280
p01\face\1070.jpg p01\left\1070.jpg p01\right\1070.jpg p01\grid\1070.jpg day04/0138.jpg left 1285.0,223.0 0.030945355,0.3943218 -35.491066,-3.854545,544.7623 0.19893805555555555,0.19893799999999998 429,260,688,519 464,331,525,367 591,325,658,365
p01\face\1071.jpg p01\left\1071.jpg p01\right\1071.jpg p01\grid\1071.jpg day15/0206.jpg left 959.0,282.0 0.04950384,0.27352166 15.036915,-35.999508,488.127 0.19893805555555555,0.19893799999999998 511,179,802,470 553,251,622,292 696,260,771,305
p01\face\1072.jpg p01\left\1072.jpg p01\right\1072.jpg p01\grid\1072.jpg day60/0095.jpg left 840.0,144.0 -0.015165996,0.29926255 3.415708,-54.7967,462.84253 0.19893805555555555,0.19893799999999998 479,125,786,432 520,202,598,248 675,212,750,257
p01\face\1073.jpg p01\left\1073.jpg p01\right\1073.jpg p01\grid\1073.jpg day61/0319.jpg left 1109.0,269.0 0.020806814,-0.3045143 20.058018,-49.888615,436.02606 0.19893805555555555,0.19893799999999998 512,126,831,445 558,206,636,252 716,215,797,263
p01\face\1074.jpg p01\left\1074.jpg p01\right\1074.jpg p01\grid\1074.jpg day45/0511.jpg left 1310.0,359.0 0.043960612,-0.17945671 13.564932,-5.118639,394.16812 0.19893805555555555,0.19893799999999998 482,222,834,574 534,306,619,357 708,323,798,377
p01\face\1075.jpg p01\left\1075.jpg p01\right\1075.jpg p01\grid\1075.jpg day59/0515.jpg left 212.0,267.0 -0.034782153,0.38923764 24.142208,-20.138395,431.4376 0.19893805555555555,0.19893799999999998 518,194,848,524 562,273,647,324 731,290,809,336
p01\face\1076.jpg p01\left\1076.jpg p01\right\1076.jpg p01\grid\1076.jpg day45/0635.jpg left 1165.0,804.0 8.703748e-05,0.37062117 -5.763687,13.623874,541.8675 0.19893805555555555,0.19893799999999998 483,293,745,555 519,359,583,397 649,364,716,404
p01\face\1077.jpg p01\left\1077.jpg p01\right\1077.jpg p01\grid\1077.jpg day68/0008.jpg left 966.0,514.0 0.04236575,-0.2115786 7.844886,0.435938,417.27292 0.19893805555555555,0.19893799999999998 477,243,810,576 523,323,607,373 689,338,773,388
p01\face\1078.jpg p01\left\1078.jpg p01\right\1078.jpg p01\grid\1078.jpg day54/0596.jpg left 761.0,864.0 0.057472598,-0.23465699 27.682005,-2.343752,442.9581 0.19893805555555555,0.19893799999999998 532,243,845,556 577,319,653,364 734,334,812,380
p01\face\1079.jpg p01\left\1079.jpg p01\right\1079.jpg p01\grid\1079.jpg day63/0124.jpg left 1002.0,576.0 -0.02958969,-0.15403128 -29.863188,7.302825,477.9489 0.19893805555555555,0.19893799999999998 411,272,705,566 453,344,525,387 597,353,673,398
p01\face\1080.jpg p01\left\1080.jpg p01\right\1080.jpg p01\grid\1080.jpg day20/0458.jpg left 815.0,549.0 -0.049098365,0.31568706 -27.171175,-43.629017,540.9109 0.19893805555555555,0.19893799999999998 440,180,704,444 476,247,542,286 608,253,674,292
p01\face\1081.jpg p01\left\1081.jpg p01\right\1081.jpg p01\grid\1081.jpg day54/0410.jpg left 1368.0,4.0 0.0003012384,0.29172438 -13.773397,-34.93687,465.56104 0.19893805555555555,0.19893799999999998 440,174,743,477 485,248,557,291 634,258,712,304
p01\face\1082.jpg p01\left\1082.jpg p01\right\1082.jpg p01\grid\1082.jpg day01/0225.jpg left 1033.0,763.0 0.053788103,0.41538832 -0.579382,13.909946,532.9977 0.19893805555555555,0.19893799999999998 493,292,760,559 528,363,592,401 659,361,728,402
p01\face\1083.jpg p01\left\1083.jpg p01\right\1083.jpg p01\grid\1083.jpg day41/0245.jpg left 224.0,668.0 -0.06519031,0.40431958 -1.111329,26.66826,474.7082 0.19893805555555555,0.19893799999999998 474,314,774,614 511,388,590,435 665,395,735,437
p01\face\1084.jpg p01\left\1084.jpg p01\right\1084.jpg p01\grid\1084.jpg day57/0021.jpg left 89.0,224.0 -0.11646975,0.07259056 28.014467,-27.311197,514.9813 0.19893805555555555,0.19893799999999998 548,212,813,477 585,272,652,312 719,285,783,323
p01\face\1085.jpg p01\left\1085.jpg p01\right\1085.jpg p01\grid\1085.jpg day57/0160.jpg left 1144.0,886.0 0.018498646,-0.15197861 -0.954574,12.399905,443.62967 0.19893805555555555,0.19893799999999998 465,279,778,592 511,358,584,401 664,365,745,413
p01\face\1086.jpg p01\left\1086.jpg p01\right\1086.jpg p01\grid\1086.jpg day22/0155.jpg left 539.0,4.0 -0.055016097,0.41370997 1.995149,22.387545,484.52567 0.19893805555555555,0.19893799999999998 481,304,778,601 520,377,596,422 668,385,743,430
p01\face\1087.jpg p01\left\1087.jpg p01\right\1087.jpg p01\grid\1087.jpg day59/0594.jpg left 1233.0,888.0 -0.03728589,0.5358129 -22.839518,33.43458,510.2818 0.19893805555555555,0.19893799999999998 438,328,718,608 476,401,545,442 614,404,687,447
p01\face\1088.jpg p01\left\1088.jpg p01\right\1088.jpg p01\grid\1088.jpg day55/0251.jpg left 451.0,661.0 -0.044118073,0.40097404 3.129632,-4.421836,516.4232 0.19893805555555555,0.19893799999999998 493,252,769,528 530,320,600,362 670,330,737,370
p01\face\1089.jpg p01\left\1089.jpg p01\right\1089.jpg p01\grid\1089.jpg day52/0674.jpg left 234.0,55.0 -0.016075274,0.30364916 34.560364,-24.767262,468.96887 0.19893805555555555,0.19893799999999998 550,197,853,500 591,269,669,315 746,285,818,328
p01\face\1090.jpg p01\left\1090.jpg p01\right\1090.jpg p01\grid\1090.jpg day34/0240.jpg left 349.0,209.0 -0.047763746,0.40238795 5.600974,-47.307888,580.87494 0.19893805555555555,0.19893799999999998 514,185,757,428 546,246,609,283 668,255,729,291
p01\face\1091.jpg p01\left\1091.jpg p01\right\1091.jpg p01\grid\1091.jpg day17/0543.jpg left 1380.0,82.0 0.08332365,0.22363406 -31.242306,-2.890457,413.24454 0.19893805555555555,0.19893799999999998 376,236,715,575 425,323,503,369 590,323,678,375
p01\face\1092.jpg p01\left\1092.jpg p01\right\1092.jpg p01\grid\1092.jpg day31/0260.jpg left 979.0,795.0 0.017386641,-0.16637243 14.583379,27.801605,455.66254 0.19893805555555555,0.19893799999999998 506,314,815,623 546,394,624,440 700,397,778,443
p01\face\1093.jpg p01\left\1093.jpg p01\right\1093.jpg p01\grid\1093.jpg day27/0121.jpg left 917.0,528.0 -0.062004868,0.39153528 -41.111713,-0.849032,628.7671 0.19893805555555555,0.19893799999999998 444,276,670,502 475,335,530,368 586,338,644,372
p01\face\1094.jpg p01\left\1094.jpg p01\right\1094.jpg p01\grid\1094.jpg day20/0487.jpg left 1117.0,423.0 0.032539558,-0.07460963 12.498768,17.322042,414.09402 0.19893805555555555,0.19893799999999998 489,287,825,623 537,372,615,418 703,377,788,428
p01\face\1095.jpg p01\left\1095.jpg p01\right\1095.jpg p01\grid\1095.jpg day67/0177.jpg left 875.0,513.0 -0.0096624065,-0.102099426 -16.399652,23.609764,430.40475 0.19893805555555555,0.19893799999999998 420,304,745,629 466,382,547,430 627,394,711,444
p01\face\1096.jpg p01\left\1096.jpg p01\right\1096.jpg p01\grid\1096.jpg day47/0052.jpg left 1137.0,798.0 -0.014123805,0.44968897 2.100064,28.401365,485.6045 0.19893805555555555,0.19893799999999998 483,318,777,612 523,391,595,434 670,399,743,442
p01\face\1097.jpg p01\left\1097.jpg p01\right\1097.jpg p01\grid\1097.jpg day20/0010.jpg left 265.0,503.0 -0.2925647,0.011357583 27.805445,-24.879435,365.28806 0.19893805555555555,0.19893799999999998 523,170,878,525 569,245,663,301 756,267,835,314
p01\face\1098.jpg p01\left\1098.jpg p01\right\1098.jpg p01\grid\1098.jpg day06/0118.jpg left 682.0,780.0 -0.035448425,-0.27664012 -16.477673,-4.058272,542.31525 0.19893805555555555,0.19893799999999998 467,260,722,515 500,327,563,364 628,330,691,367
p01\face\1099.jpg p01\left\1099.jpg p01\right\1099.jpg p01\grid\1099.jpg day38/0070.jpg left 857.0,718.0 -0.07066739,0.29290113 -27.240664,-45.717724,528.0054 0.19893805555555555,0.19893799999999998 436,172,706,442 471,239,540,280 608,248,674,287
p01\face\1100.jpg p01\left\1100.jpg p01\right\1100.jpg p01\grid\1100.jpg day32/0123.jpg left 16.0,330.0 -0.25662458,-0.02719127 61.73064,-3.803638,350.99573 0.19893805555555555,0.19893799999999998 618,223,994,599 664,304,766,365 868,328,944,373
p01\face\1101.jpg p01\left\1101.jpg p01\right\1101.jpg p01\grid\1101.jpg day42/0260.jpg left 1410.0,327.0 0.020817915,-0.20271844 23.553633,-24.953403,515.05585 0.19893805555555555,0.19893799999999998 539,212,810,483 575,282,642,322 711,285,778,325
p01\face\1102.jpg p01\left\1102.jpg p01\right\1102.jpg p01\grid\1102.jpg day47/0261.jpg left 1424.0,326.0 -0.0041356413,-0.05150937 -12.573003,24.08272,525.6976 0.19893805555555555,0.19893799999999998 467,314,734,581 504,381,568,419 635,385,704,426
p01\face\1103.jpg p01\left\1103.jpg p01\right\1103.jpg p01\grid\1103.jpg day41/0151.jpg left 964.0,693.0 -0.007717985,-0.2396161 -14.399629,-11.270507,432.20285 0.19893805555555555,0.19893799999999998 429,218,751,540 473,300,551,346 633,307,714,355
p01\face\1104.jpg p01\left\1104.jpg p01\right\1104.jpg p01\grid\1104.jpg day50/0187.jpg left 591.0,6.0 -0.025721973,-0.17807716 -16.44491,-30.991539,508.51575 0.19893805555555555,0.19893799999999998 451,197,728,474 488,263,561,306 629,276,696,316
p01\face\1105.jpg p01\left\1105.jpg p01\right\1105.jpg p01\grid\1105.jpg day61/0492.jpg left 475.0,463.0 0.06058185,-0.16745818 12.355771,-30.804516,492.35077 0.19893805555555555,0.19893799999999998 508,193,793,478 548,261,618,303 690,274,762,317
p01\face\1106.jpg p01\left\1106.jpg p01\right\1106.jpg p01\grid\1106.jpg day44/0112.jpg left 112.0,791.0 -0.010529351,0.24941161 51.050953,-7.919226,498.91562 0.19893805555555555,0.19893799999999998 590,243,875,528 627,309,702,354 774,325,841,365
p01\face\1107.jpg p01\left\1107.jpg p01\right\1107.jpg p01\grid\1107.jpg day54/0686.jpg left 1092.0,856.0 0.00990918,-0.10742616 -1.966178,10.781964,476.5631 0.19893805555555555,0.19893799999999998 474,281,766,573 515,353,584,394 662,362,734,405
p01\face\1108.jpg p01\left\1108.jpg p01\right\1108.jpg p01\grid\1108.jpg day04/0149.jpg left 542.0,80.0 -0.011640062,0.35199213 6.546816,-19.366112,467.19165 0.19893805555555555,0.19893799999999998 488,208,792,512 528,286,604,331 683,292,756,335
p01\face\1109.jpg p01\left\1109.jpg p01\right\1109.jpg p01\grid\1109.jpg day65/0273.jpg left 466.0,486.0 -0.0053494005,-0.18407287 -11.225316,8.197026,448.14108 0.19893805555555555,0.19893799999999998 442,269,754,581 484,345,563,392 641,356,717,401
p01\face\1110.jpg p01\left\1110.jpg p01\right\1110.jpg p01\grid\1110.jpg day54/0030.jpg left 706.0,689.0 0.0061218534,-0.12190176 -10.217909,-16.207521,494.27283 0.19893805555555555,0.19893799999999998 461,225,746,510 500,296,570,338 641,302,714,345
p01\face\1111.jpg p01\left\1111.jpg p01\right\1111.jpg p01\grid\1111.jpg day54/0429.jpg left 49.0,405.0 -0.025996357,0.23146941 25.653063,-65.016464,447.4118 0.19893805555555555,0.19893799999999998 523,93,842,412 567,168,652,219 729,186,807,232
p01\face\1112.jpg p01\left\1112.jpg p01\right\1112.jpg p01\grid\1112.jpg day14/0091.jpg left 1259.0,642.0 0.014768383,-0.0073577166 -687.5569,-352.66684,1524.4084 0.19893805555555555,0.19893799999999998 102,78,193,169 115,102,136,114 159,101,184,116
p01\face\1113.jpg p01\left\1113.jpg p01\right\1113.jpg p01\grid\1113.jpg day19/0199.jpg left 1048.0,611.0 0.009465398,-0.15714405 -12.596082,-19.315863,417.8551 0.19893805555555555,0.19893799999999998 427,195,760,528 474,280,552,326 638,284,723,335
p01\face\1114.jpg p01\left\1114.jpg p01\right\1114.jpg p01\grid\1114.jpg day57/0436.jpg left 1279.0,696.0 0.028486622,-0.37118354 -21.059881,0.666892,444.6464 0.19893805555555555,0.19893799999999998 424,251,728,555 466,332,536,374 616,337,694,383
p01\face\1115.jpg p01\left\1115.jpg p01\right\1115.jpg p01\grid\1115.jpg day59/0368.jpg left 1159.0,757.0 -0.03334178,-0.17979875 -11.630992,-5.514015,457.94052 0.19893805555555555,0.19893799999999998 444,237,753,546 487,317,562,362 637,319,719,368
p01\face\1116.jpg p01\left\1116.jpg p01\right\1116.jpg p01\grid\1116.jpg day58/0268.jpg left 144.0,282.0 0.06985882,-0.40133607 31.672207,-110.08609,516.18964 0.19893805555555555,0.19893799999999998 554,37,825,308 590,104,659,145 728,114,794,153
p01\face\1117.jpg p01\left\1117.jpg p01\right\1117.jpg p01\grid\1117.jpg day52/0010.jpg left 1273.0,123.0 0.003887594,-0.20742753 -1.076797,-46.479126,523.5693 0.19893805555555555,0.19893799999999998 489,172,756,439 527,238,591,276 658,244,727,285
p01\face\1118.jpg p01\left\1118.jpg p01\right\1118.jpg p01\grid\1118.jpg day57/0312.jpg left 543.0,797.0 0.017642066,0.3030832 3.469914,-37.859547,480.96112 0.19893805555555555,0.19893799999999998 484,171,781,468 525,247,598,290 674,254,747,297
p01\face\1119.jpg p01\left\1119.jpg p01\right\1119.jpg p01\grid\1119.jpg day47/0209.jpg left 475.0,726.0 0.02870193,-0.20850822 16.842882,7.140544,497.02222 0.19893805555555555,0.19893799999999998 520,276,799,555 558,343,630,386 700,355,767,395
p01\face\1120.jpg p01\left\1120.jpg p01\right\1120.jpg p01\grid\1120.jpg day53/0673.jpg left 278.0,278.0 0.06100995,-0.11291167 30.485437,18.407803,416.53546 0.19893805555555555,0.19893799999999998 532,289,868,625 577,367,664,419 750,386,829,433
p01\face\1121.jpg p01\left\1121.jpg p01\right\1121.jpg p01\grid\1121.jpg day53/0206.jpg left 52.0,766.0 0.023052024,0.31723997 41.531914,-30.84319,529.60333 0.19893805555555555,0.19893799999999998 572,202,840,470 609,266,678,307 746,281,810,319
p01\face\1122.jpg p01\left\1122.jpg p01\right\1122.jpg p01\grid\1122.jpg day21/0060.jpg left 784.0,597.0 -0.03099211,0.4434705 -11.575892,20.130781,557.4058 0.19893805555555555,0.19893799999999998 477,307,732,562 510,371,574,409 638,376,701,413
p01\face\1123.jpg p01\left\1123.jpg p01\right\1123.jpg p01\grid\1123.jpg day15/0197.jpg left 1343.0,426.0 0.035690907,-0.19111592 8.320731,-34.451492,489.45154 0.19893805555555555,0.19893799999999998 500,186,783,469 542,255,608,294 682,265,754,308
p01\face\1124.jpg p01\left\1124.jpg p01\right\1124.jpg p01\grid\1124.jpg day17/0034.jpg left 624.0,609.0 0.028586559,-0.2862322 13.571322,-44.592464,397.82843 0.19893805555555555,0.19893799999999998 482,118,831,467 532,200,622,254 707,220,794,272
p01\face\1125.jpg p01\left\1125.jpg p01\right\1125.jpg p01\grid\1125.jpg day63/0529.jpg left 437.0,313.0 0.08380982,0.37009108 56.990685,5.105498,609.30597 0.19893805555555555,0.19893799999999998 608,284,842,518 639,342,699,378 756,349,814,383
p01\face\1126.jpg p01\left\1126.jpg p01\right\1126.jpg p01\grid\1126.jpg day37/0401.jpg left 652.0,528.0 0.012452403,-0.14036293 15.508641,23.649532,459.819 0.19893805555555555,0.19893799999999998 507,306,811,610 549,381,625,426 702,392,777,437
p01\face\1127.jpg p01\left\1127.jpg p01\right\1127.jpg p01\grid\1127.jpg day65/0311.jpg left 284.0,451.0 -0.11687803,0.47415906 -6.424154,74.16887,673.2939 0.19893805555555555,0.19893799999999998 509,400,719,610 537,448,594,482 644,461,695,491
p01\face\1128.jpg p01\left\1128.jpg p01\right\1128.jpg p01\grid\1128.jpg day54/0574.jpg left 1064.0,580.0 0.029258056,-0.26715568 10.487675,-26.697523,494.28195 0.19893805555555555,0.19893799999999998 507,203,787,483 547,274,614,314 685,280,757,323
p01\face\1129.jpg p01\left\1129.jpg p01\right\1129.jpg p01\grid\1129.jpg day11/0001.jpg left 1058.0,128.0 0.047752045,-0.12799545 -16.586739,-63.643055,382.74554 0.19893805555555555,0.19893799999999998 396,58,762,424 447,148,534,200 630,157,721,211
p01\face\1130.jpg p01\left\1130.jpg p01\right\1130.jpg p01\grid\1130.jpg day48/0168.jpg left 1183.0,713.0 -0.053423863,-0.17763524 -33.6026,-17.150764,465.12683 0.19893805555555555,0.19893799999999998 401,215,701,515 440,294,513,337 589,294,664,339
p01\face\1131.jpg p01\left\1131.jpg p01\right\1131.jpg p01\grid\1131.jpg day49/0449.jpg left 908.0,289.0 -0.004382506,-0.30981976 -10.614096,-28.795753,496.34628 0.19893805555555555,0.19893799999999998 463,198,743,478 500,270,570,312 640,275,710,317
p01\face\1132.jpg p01\left\1132.jpg p01\right\1132.jpg p01\grid\1132.jpg day41/0466.jpg left 890.0,175.0 -0.021759681,0.32095394 -2.847289,-21.026423,532.48126 0.19893805555555555,0.19893799999999998 486,222,754,490 522,290,589,330 656,296,723,336
p01\face\1133.jpg p01\left\1133.jpg p01\right\1133.jpg p01\grid\1133.jpg day53/0375.jpg left 1225.0,887.0 -0.006079274,-0.26410207 -13.596205,-27.341572,564.2745 0.19893805555555555,0.19893799999999998 477,220,723,466 511,282,571,318 634,289,695,325
p01\face\1134.jpg p01\left\1134.jpg p01\right\1134.jpg p01\grid\1134.jpg day53/0650.jpg left 30.0,387.0 -0.0070392694,0.31498235 35.535973,-39.263157,423.49765 0.19893805555555555,0.19893799999999998 544,143,880,479 590,223,675,274 762,242,841,289
p01\face\1135.jpg p01\left\1135.jpg p01\right\1135.jpg p01\grid\1135.jpg day37/0423.jpg left 862.0,371.0 0.11534451,0.4756491 70.399376,26.279516,591.8999 0.19893805555555555,0.19893799999999998 630,319,871,560 664,379,724,415 784,388,845,424
p01\face\1136.jpg p01\left\1136.jpg p01\right\1136.jpg p01\grid\1136.jpg day53/0678.jpg left 93.0,724.0 -0.00493093,-0.016358213 39.114582,29.10185,428.64087 0.19893805555555555,0.19893799999999998 556,320,880,644 602,393,683,441 767,412,845,458
p01\face\1137.jpg p01\left\1137.jpg p01\right\1137.jpg p01\grid\1137.jpg day56/0214.jpg left 1420.0,235.0 0.10310692,0.27683505 15.16698,-53.329502,437.44125 0.19893805555555555,0.19893799999999998 503,120,821,438 549,203,622,246 704,203,786,252
p01\face\1138.jpg p01\left\1138.jpg p01\right\1138.jpg p01\grid\1138.jpg day07/0118.jpg left 910.0,701.0 0.044280775,-0.19964175 24.966797,-26.521671,479.09607 0.19893805555555555,0.19893799999999998 534,199,825,490 575,271,645,313 720,279,793,322
p01\face\1139.jpg p01\left\1139.jpg p01\right\1139.jpg p01\grid\1139.jpg day31/0014.jpg left 1019.0,339.0 -0.012419202,0.3088482 -21.42903,-37.107975,440.39868 0.19893805555555555,0.19893799999999998 408,154,736,482 454,238,535,286 616,245,701,296
p01\face\1140.jpg p01\left\1140.jpg p01\right\1140.jpg p01\grid\1140.jpg day37/0003.jpg left 1087.0,7.0 0.05448927,0.06518454 5.110121,-15.535035,422.77032 0.19893805555555555,0.19893799999999998 470,207,800,537 518,283,599,331 682,299,766,349
p01\face\1141.jpg p01\left\1141.jpg p01\right\1141.jpg p01\grid\1141.jpg day42/0339.jpg left 1053.0,616.0 -0.02163159,-0.17581801 -24.50092,-15.539498,464.35306 0.19893805555555555,0.19893799999999998 420,217,723,520 459,295,534,340 609,298,687,344
p01\face\1142.jpg p01\left\1142.jpg p01\right\1142.jpg p01\grid\1142.jpg day15/0402.jpg left 862.0,481.0 0.010876303,-0.13659538 -10.510639,-7.967997,361.7178 0.19893805555555555,0.19893799999999998 398,203,782,587 454,293,547,348 646,313,742,370
p01\face\1143.jpg p01\left\1143.jpg p01\right\1143.jpg p01\grid\1143.jpg day28/0038.jpg left 1216.0,212.0 0.03845407,0.32539 -12.584129,-35.79734,533.4465 0.19893805555555555,0.19893799999999998 468,196,730,458 507,263,568,299 636,267,703,307
p01\face\1144.jpg p01\left\1144.jpg p01\right\1144.jpg p01\grid\1144.jpg day25/0127.jpg left 1289.0,481.0 0.007673658,0.34801313 -32.886818,42.971004,593.8707 0.19893805555555555,0.19893799999999998 449,352,687,590 481,414,538,448 599,413,660,449
p01\face\1145.jpg p01\left\1145.jpg p01\right\1145.jpg p01\grid\1145.jpg day43/0357.jpg left 751.0,418.0 -0.056666967,0.46592882 7.87981,1.890835,492.8512 0.19893805555555555,0.19893799999999998 497,261,783,547 537,330,610,373 681,344,751,386
p01\face\1146.jpg p01\left\1146.jpg p01\right\1146.jpg p01\grid\1146.jpg day04/0090.jpg left 427.0,425.0 0.048413843,-0.25224555 20.281912,-25.225544,491.43335 0.19893805555555555,0.19893799999999998 527,205,810,488 565,276,635,318 708,283,777,324
p01\face\1147.jpg p01\left\1147.jpg p01\right\1147.jpg p01\grid\1147.jpg day42/0113.jpg left 720.0,352.0 -0.067646615,0.39963955 -14.251234,-1.581074,555.71924 0.19893805555555555,0.19893799999999998 470,265,726,521 504,328,570,367 633,337,696,374
p01\face\1148.jpg p01\left\1148.jpg p01\right\1148.jpg p01\grid\1148.jpg day67/0252.jpg left 390.0,790.0 0.016721392,-0.16347453 1.209566,40.25013,460.33252 0.19893805555555555,0.19893799999999998 476,345,779,648 516,418,595,465 668,430,743,475
p01\face\1149.jpg p01\left\1149.jpg p01\right\1149.jpg p01\grid\1149.jpg day52/0070.jpg left 246.0,101.0 -0.03652499,0.30805606 9.516386,-34.73679,588.0114 0.19893805555555555,0.19893799999999998 521,211,762,452 553,269,616,306 676,280,734,314
p01\face\1150.jpg p01\left\1150.jpg p01\right\1150.jpg p01\grid\1150.jpg day03/0079.jpg left 177.0,301.0 -0.11362284,0.29961237 -10.948537,0.976759,468.65454 0.19893805555555555,0.19893799999999998 449,257,750,558 488,328,567,375 643,341,713,383
p01\face\1151.jpg p01\left\1151.jpg p01\right\1151.jpg p01\grid\1151.jpg day38/0422.jpg left 1434.0,574.0 -0.010108206,0.3939738 -20.475355,26.70562,467.97327 0.19893805555555555,0.19893799999999998 426,314,729,617 470,389,542,432 619,396,697,442
p01\face\1152.jpg p01\left\1152.jpg p01\right\1152.jpg p01\grid\1152.jpg day60/0156.jpg left 1143.0,629.0 0.018464874,-0.09844151 13.164547,-3.549604,452.7277 0.19893805555555555,0.19893799999999998 502,243,812,553 544,323,619,368 696,323,777,371
p01\face\1153.jpg p01\left\1153.jpg p01\right\1153.jpg p01\grid\1153.jpg day27/0523.jpg left 924.0,694.0 0.07362186,-0.13975005 11.043922,-3.470555,495.78516 0.19893805555555555,0.19893799999999998 505,254,784,533 547,316,616,357 686,337,756,379
p01\face\1154.jpg p01\left\1154.jpg p01\right\1154.jpg p01\grid\1154.jpg day35/0171.jpg left 299.0,794.0 -0.041480485,0.2748422 19.640268,-8.771926,447.85794 0.19893805555555555,0.19893799999999998 511,227,832,548 552,303,637,354 715,317,793,363
p01\face\1155.jpg p01\left\1155.jpg p01\right\1155.jpg p01\grid\1155.jpg day35/0109.jpg left 1326.0,250.0 0.0029537128,-0.14123216 5.717927,16.428001,547.4534 0.19893805555555555,0.19893799999999998 507,300,763,556 545,364,606,400 670,370,737,410
p01\face\1156.jpg p01\left\1156.jpg p01\right\1156.jpg p01\grid\1156.jpg day25/0152.jpg left 288.0,284.0 -0.024851667,0.4906397 -2.89607,18.856262,586.76636 0.19893805555555555,0.19893799999999998 500,306,741,547 532,368,593,404 654,373,712,407
p01\face\1157.jpg p01\left\1157.jpg p01\right\1157.jpg p01\grid\1157.jpg day21/0077.jpg left 1431.0,496.0 -0.044593673,0.27887645 -27.531912,-21.823238,541.02734 0.19893805555555555,0.19893799999999998 442,224,704,486 476,292,540,330 607,294,673,333
p01\face\1158.jpg p01\left\1158.jpg p01\right\1158.jpg p01\grid\1158.jpg day51/0165.jpg left 1046.0,640.0 0.041089296,-0.14161661 15.381742,25.997606,499.5599 0.19893805555555555,0.19893799999999998 516,316,795,595 556,381,625,422 695,396,765,438
p01\face\1159.jpg p01\left\1159.jpg p01\right\1159.jpg p01\grid\1159.jpg day41/0144.jpg left 489.0,751.0 0.00013746684,-0.20186257 11.866844,-31.283628,513.00806 0.19893805555555555,0.19893799999999998 511,199,782,470 549,262,619,304 687,278,753,317
p01\face\1160.jpg p01\left\1160.jpg p01\right\1160.jpg p01\grid\1160.jpg day50/0177.jpg left 987.0,355.0 -0.019652538,0.2532449 -12.438605,-29.644255,512.6334 0.19893805555555555,0.19893799999999998 459,200,738,479 498,269,567,310 636,277,708,320
p01\face\1161.jpg p01\left\1161.jpg p01\right\1161.jpg p01\grid\1161.jpg day21/0064.jpg left 941.0,373.0 -0.03414978,0.5344589 -10.627171,16.785746,555.44354 0.19893805555555555,0.19893799999999998 477,299,732,554 512,364,575,401 640,371,703,408
p01\face\1162.jpg p01\left\1162.jpg p01\right\1162.jpg p01\grid\1162.jpg day17/0223.jpg left 473.0,184.0 0.007676913,-0.1735588 16.753387,-33.93942,462.23615 0.19893805555555555,0.19893799999999998 510,176,813,479 551,248,630,295 705,262,778,305
p01\face\1163.jpg p01\left\1163.jpg p01\right\1163.jpg p01\grid\1163.jpg day63/0076.jpg left 124.0,825.0 0.05736082,-0.13098514 65.274376,11.159468,436.69153 0.19893805555555555,0.19893799999999998 620,275,938,593 665,348,747,397 828,369,903,414
p01\face\1164.jpg p01\left\1164.jpg p01\right\1164.jpg p01\grid\1164.jpg day01/0199.jpg left 1137.0,883.0 -0.012456985,-0.12972556 -25.703712,2.56606,429.23004 0.19893805555555555,0.19893799999999998 399,252,724,577 444,334,523,381 605,340,687,389
p01\face\1165.jpg p01\left\1165.jpg p01\right\1165.jpg p01\grid\1165.jpg day20/0136.jpg left 568.0,660.0 -0.038136594,0.19683659 5.348283,6.280768,485.93594 0.19893805555555555,0.19893799999999998 489,271,783,565 528,340,603,385 677,353,749,396
p01\face\1166.jpg p01\left\1166.jpg p01\right\1166.jpg p01\grid\1166.jpg day02/0066.jpg left 848.0,704.0 -0.06604103,0.22428387 -46.738808,-65.02378,522.5602 0.19893805555555555,0.19893799999999998 397,133,665,401 433,202,497,240 568,206,634,245
p01\face\1167.jpg p01\left\1167.jpg p01\right\1167.jpg p01\grid\1167.jpg day38/0395.jpg left 180.0,556.0 -0.08254036,0.5511601 0.937275,48.208313,602.99176 0.19893805555555555,0.19893799999999998 511,361,742,592 542,416,602,452 660,427,715,460
p01\face\1168.jpg p01\left\1168.jpg p01\right\1168.jpg p01\grid\1168.jpg day20/0551.jpg left 734.0,389.0 -0.055723626,0.42487514 -17.746351,3.986918,494.0701 0.19893805555555555,0.19893799999999998 445,266,733,554 482,340,554,383 626,343,698,386
p01\face\1169.jpg p01\left\1169.jpg p01\right\1169.jpg p01\grid\1169.jpg day12/0461.jpg left 610.0,64.0 -0.07618248,0.3959501 -9.245616,-15.360246,528.5307 0.19893805555555555,0.19893799999999998 470,231,743,504 505,297,580,342 640,307,712,350
p01\face\1170.jpg p01\left\1170.jpg p01\right\1170.jpg p01\grid\1170.jpg day42/0454.jpg left 1098.0,634.0 0.011579865,-0.23048006 -10.589722,5.494658,463.28857 0.19893805555555555,0.19893799999999998 452,266,750,564 494,343,564,385 640,347,718,393
p01\face\1171.jpg p01\left\1171.jpg p01\right\1171.jpg p01\grid\1171.jpg day63/0450.jpg left 934.0,529.0 0.17242554,-0.09257217 0.187174,-21.385632,410.65826 0.19893805555555555,0.19893799999999998 457,188,794,525 505,270,584,317 677,280,756,327
p01\face\1172.jpg p01\left\1172.jpg p01\right\1172.jpg p01\grid\1172.jpg day38/0340.jpg left 1262.0,331.0 0.03051101,0.27148256 -2.774417,-73.43088,403.761 0.19893805555555555,0.19893799999999998 443,43,795,395 491,137,573,186 664,137,755,191
p01\face\1173.jpg p01\left\1173.jpg p01\right\1173.jpg p01\grid\1173.jpg day51/0084.jpg left 808.0,113.0 -0.012305128,0.39747402 13.881573,3.855545,543.77167 0.19893805555555555,0.19893799999999998 520,274,781,535 557,336,623,375 688,349,752,387
p01\face\1174.jpg p01\left\1174.jpg p01\right\1174.jpg p01\grid\1174.jpg day49/0119.jpg left 617.0,600.0 -0.018744236,0.42572796 -0.658184,-40.238792,492.2134 0.19893805555555555,0.19893799999999998 481,170,767,456 519,244,592,287 662,249,734,292
p01\face\1175.jpg p01\left\1175.jpg p01\right\1175.jpg p01\grid\1175.jpg day49/0352.jpg left 1397.0,435.0 0.009823502,0.0147318235 -43.68904,-3.91901,398.75012 0.19893805555555555,0.19893799999999998 332,227,687,582 382,318,466,368 555,319,648,374
p01\face\1176.jpg p01\left\1176.jpg p01\right\1176.jpg p01\grid\1176.jpg day04/0603.jpg left 989.0,264.0 -0.09501295,-0.1882965 -46.592007,-17.625341,478.0721 0.19893805555555555,0.19893799999999998 375,217,669,511 415,292,488,335 562,297,635,340
p01\face\1177.jpg p01\left\1177.jpg p01\right\1177.jpg p01\grid\1177.jpg day43/0576.jpg left 952.0,770.0 0.026971508,-0.11129892 8.496246,28.121134,512.1087 0.19893805555555555,0.19893799999999998 506,321,779,594 544,388,611,428 679,396,748,437
p01\face\1178.jpg p01\left\1178.jpg p01\right\1178.jpg p01\grid\1178.jpg day16/0012.jpg left 75.0,731.0 -0.01085423,0.31987154 26.837406,-26.61366,511.36536 0.19893805555555555,0.19893799999999998 541,206,818,483 578,272,651,315 720,286,786,325
p01\face\1179.jpg p01\left\1179.jpg p01\right\1179.jpg p01\grid\1179.jpg day54/0052.jpg left 1365.0,400.0 -0.27586892,-0.081733495 -22.345308,13.028058,448.73962 0.19893805555555555,0.19893799999999998 416,284,723,591 460,360,533,403 613,363,689,408
p01\face\1180.jpg p01\left\1180.jpg p01\right\1180.jpg p01\grid\1180.jpg day15/0167.jpg left 887.0,557.0 -0.00028123206,-0.2968301 -1.674798,-54.77464,469.3773 0.19893805555555555,0.19893799999999998 474,131,771,428 514,208,586,251 661,211,736,256
p01\face\1181.jpg p01\left\1181.jpg p01\right\1181.jpg p01\grid\1181.jpg day17/0016.jpg left 708.0,677.0 0.024258848,0.33127755 9.960971,-51.53771,540.8292 0.19893805555555555,0.19893799999999998 514,166,775,427 550,232,614,270 680,237,746,276
p01\face\1182.jpg p01\left\1182.jpg p01\right\1182.jpg p01\grid\1182.jpg day49/0137.jpg left 1266.0,319.0 -0.019188082,0.46840155 14.23663,-28.732113,541.6703 0.19893805555555555,0.19893799999999998 523,210,781,468 559,274,623,312 688,285,752,323
p01\face\1183.jpg p01\left\1183.jpg p01\right\1183.jpg p01\grid\1183.jpg day04/0111.jpg left 199.0,88.0 -0.034984604,0.42569178 9.025919,-18.734127,503.93607 0.19893805555555555,0.19893799999999998 507,221,786,500 541,292,613,335 684,297,750,336
p01\face\1184.jpg p01\left\1184.jpg p01\right\1184.jpg p01\grid\1184.jpg day63/0506.jpg left 1301.0,833.0 0.0013285227,-0.3073623 -13.459875,-51.054367,394.6114 0.19893805555555555,0.19893799999999998 413,99,765,451 462,190,544,239 636,195,726,249
p01\face\1185.jpg p01\left\1185.jpg p01\right\1185.jpg p01\grid\1185.jpg day37/0298.jpg left 1115.0,793.0 -0.12417878,-0.13891014 -9.288065,78.671616,580.4767 0.19893805555555555,0.19893799999999998 487,416,730,659 520,480,578,514 643,480,701,514
p01\face\1186.jpg p01\left\1186.jpg p01\right\1186.jpg p01\grid\1186.jpg day21/0105.jpg left 1027.0,812.0 0.0123786675,-0.29171085 -3.061176,-29.338308,450.04218 0.19893805555555555,0.19893799999999998 462,181,769,488 506,257,581,302 659,269,737,315
p01\face\1187.jpg p01\left\1187.jpg p01\right\1187.jpg p01\grid\1187.jpg day66/0168.jpg left 492.0,611.0 -0.11306569,0.47558665 -15.676747,-20.847845,507.28006 0.19893805555555555,0.19893799999999998 454,217,728,491 491,284,561,326 631,298,697,337
p01\face\1188.jpg p01\left\1188.jpg p01\right\1188.jpg p01\grid\1188.jpg day42/0250.jpg left 752.0,630.0 0.037010238,0.3697886 41.14684,-21.828186,519.73956 0.19893805555555555,0.19893799999999998 572,217,846,491 608,286,678,328 747,293,814,333
p01\face\1189.jpg p01\left\1189.jpg p01\right\1189.jpg p01\grid\1189.jpg day65/0159.jpg left 133.0,629.0 -0.0071985815,0.35146117 64.80734,-19.310368,675.36206 0.19893805555555555,0.19893799999999998 622,254,830,462 650,303,705,336 757,315,806,344
p01\face\1190.jpg p01\left\1190.jpg p01\right\1190.jpg p01\grid\1190.jpg day62/0306.jpg left 442.0,583.0 -0.025052214,-0.2061626 14.898523,-8.980956,500.55426 0.19893805555555555,0.19893799999999998 513,242,790,519 553,304,623,346 699,327,760,363
p01\face\1191.jpg p01\left\1191.jpg p01\right\1191.jpg p01\grid\1191.jpg day04/0060.jpg left 430.0,430.0 -0.047330033,-0.10505716 -17.027437,-5.322292,426.79056 0.19893805555555555,0.19893799999999998 419,232,747,560 461,313,545,363 629,322,707,368
p01\face\1192.jpg p01\left\1192.jpg p01\right\1192.jpg p01\grid\1192.jpg day36/0046.jpg left 1163.0,753.0 -0.044994656,-0.16221473 -37.4748,2.922229,435.46402 0.19893805555555555,0.19893799999999998 372,254,691,573 419,333,495,378 575,343,659,393
p01\face\1193.jpg p01\left\1193.jpg p01\right\1193.jpg p01\grid\1193.jpg day16/0364.jpg left 633.0,502.0 0.055821836,-0.24752685 22.018326,-14.973328,455.23074 0.19893805555555555,0.19893799999999998 523,216,829,522 564,293,640,338 718,302,793,347
p01\face\1194.jpg p01\left\1194.jpg p01\right\1194.jpg p01\grid\1194.jpg day51/0088.jpg left 1408.0,372.0 -0.009576524,0.3080874 -61.398003,11.478759,539.1066 0.19893805555555555,0.19893799999999998 375,289,639,553 411,360,472,396 539,355,608,396
p01\face\1195.jpg p01\left\1195.jpg p01\right\1195.jpg p01\grid\1195.jpg day11/0167.jpg left 369.0,505.0 -0.09917975,0.47852138 2.486574,12.108165,410.18552 0.19893805555555555,0.19893799999999998 457,269,803,615 502,351,593,405 680,370,761,418
p01\face\1196.jpg p01\left\1196.jpg p01\right\1196.jpg p01\grid\1196.jpg day53/0405.jpg left 1064.0,90.0 0.02169273,0.42904493 -2.23082,6.738209,500.5475 0.19893805555555555,0.19893799999999998 477,272,762,557 517,344,587,386 659,351,731,394
p01\face\1197.jpg p01\left\1197.jpg p01\right\1197.jpg p01\grid\1197.jpg day65/0289.jpg left 743.0,589.0 -0.0417395,-0.11386815 -46.124393,39.71205,493.98245 0.19893805555555555,0.19893799999999998 385,344,670,629 422,416,494,459 565,420,635,462
p01\face\1198.jpg p01\left\1198.jpg p01\right\1198.jpg p01\grid\1198.jpg day31/0419.jpg left 453.0,271.0 -0.07583346,0.59711426 1.007204,5.176675,560.22266 0.19893805555555555,0.19893799999999998 502,277,752,527 535,340,601,379 660,350,723,387
p01\face\1199.jpg p01\left\1199.jpg p01\right\1199.jpg p01\grid\1199.jpg day04/0183.jpg left 1106.0,48.0 -0.050428435,-0.17340402 -36.069336,-37.43908,389.8569 0.19893805555555555,0.19893799999999998 345,131,708,494 396,224,483,276 574,229,668,285
p01\face\1200.jpg p01\left\1200.jpg p01\right\1200.jpg p01\grid\1200.jpg day61/0479.jpg left 1042.0,867.0 -0.04424511,-0.26446345 -41.926754,-13.009353,559.28235 0.19893805555555555,0.19893799999999998 422,245,672,495 456,310,517,346 579,313,643,351
p01\face\1201.jpg p01\left\1201.jpg p01\right\1201.jpg p01\grid\1201.jpg day66/0020.jpg left 831.0,162.0 0.10353648,0.46258307 89.073494,18.335127,538.25714 0.19893805555555555,0.19893799999999998 665,300,930,565 704,363,770,402 838,380,902,418
p01\face\1202.jpg p01\left\1202.jpg p01\right\1202.jpg p01\grid\1202.jpg day09/0054.jpg left 58.0,526.0 -0.2518284,-0.099013485 15.473989,-14.670336,461.47928 0.19893805555555555,0.19893799999999998 508,223,806,521 545,290,627,339 704,307,768,345
p01\face\1203.jpg p01\left\1203.jpg p01\right\1203.jpg p01\grid\1203.jpg day12/0577.jpg left 917.0,839.0 0.024462467,0.2973359 20.319595,-33.397976,530.8069 0.19893805555555555,0.19893799999999998 532,198,799,465 569,265,635,304 702,272,769,312
p01\face\1204.jpg p01\left\1204.jpg p01\right\1204.jpg p01\grid\1204.jpg day31/0043.jpg left 572.0,240.0 -0.021509437,0.42072618 26.486277,-15.052722,479.4275 0.19893805555555555,0.19893799999999998 534,220,832,518 573,294,651,340 725,305,797,348
p01\face\1205.jpg p01\left\1205.jpg p01\right\1205.jpg p01\grid\1205.jpg day56/0183.jpg left 1324.0,58.0 0.03191939,-0.030825842 -6.570274,3.485781,397.13806 0.19893805555555555,0.19893799999999998 430,248,781,599 481,332,565,382 655,344,743,396
p01\face\1206.jpg p01\left\1206.jpg p01\right\1206.jpg p01\grid\1206.jpg day16/0234.jpg left 1212.0,145.0 0.056702483,0.060269132 -6.42165,-13.576065,493.4687 0.19893805555555555,0.19893799999999998 469,232,754,517 510,302,577,342 651,308,723,351
p01\face\1207.jpg p01\left\1207.jpg p01\right\1207.jpg p01\grid\1207.jpg day41/0031.jpg left 1243.0,352.0 -0.022740833,0.3857728 -11.724777,8.495477,599.6433 0.19893805555555555,0.19893799999999998 488,291,722,525 520,349,577,383 636,354,696,390
p01\face\1208.jpg p01\left\1208.jpg p01\right\1208.jpg p01\grid\1208.jpg day63/0326.jpg left 839.0,42.0 -0.067803286,0.32833087 -8.730798,-46.366043,463.05148 0.19893805555555555,0.19893799999999998 450,144,757,451 492,219,571,266 646,233,722,278
p01\face\1209.jpg p01\left\1209.jpg p01\right\1209.jpg p01\grid\1209.jpg day01/0123.jpg left 307.0,53.0 -0.02951677,0.41050816 21.18282,-0.009121,453.5421 0.19893805555555555,0.19893799999999998 517,249,830,562 558,324,640,373 717,338,793,383
p01\face\1210.jpg p01\left\1210.jpg p01\right\1210.jpg p01\grid\1210.jpg day21/0234.jpg left 324.0,188.0 -0.06002732,0.38824698 5.176716,8.166748,445.54337 0.19893805555555555,0.19893799999999998 478,268,796,586 519,345,600,393 684,358,757,401
p01\face\1211.jpg p01\left\1211.jpg p01\right\1211.jpg p01\grid\1211.jpg day23/0126.jpg left 631.0,35.0 -0.012931164,-0.12946625 -5.35353,31.208445,434.85837 0.19893805555555555,0.19893799999999998 452,323,771,642 494,402,575,450 656,411,734,457
p01\face\1212.jpg p01\left\1212.jpg p01\right\1212.jpg p01\grid\1212.jpg day01/0288.jpg left 1022.0,692.0 0.022486217,0.37084088 -1.997104,25.438768,585.4914 0.19893805555555555,0.19893799999999998 500,319,743,562 534,379,594,415 655,385,716,421
p01\face\1213.jpg p01\left\1213.jpg p01\right\1213.jpg p01\grid\1213.jpg day11/0053.jpg left 412.0,290.0 -0.023296457,0.3566886 12.604251,-46.14487,536.2917 0.19893805555555555,0.19893799999999998 518,175,780,437 554,239,621,279 686,249,750,287
p01\face\1214.jpg p01\left\1214.jpg p01\right\1214.jpg p01\grid\1214.jpg day12/0208.jpg left 1057.0,145.0 0.14090896,0.44085184 60.21652,-31.496796,581.5324 0.19893805555555555,0.19893799999999998 614,213,858,457 647,279,707,315 767,279,830,316
p01\face\1215.jpg p01\left\1215.jpg p01\right\1215.jpg p01\grid\1215.jpg day44/0008.jpg left 740.0,403.0 -0.034666568,0.19778764 8.545931,-21.36428,499.39407 0.19893805555555555,0.19893799999999998 499,214,785,500 538,283,611,326 682,294,752,336
p01\face\1216.jpg p01\left\1216.jpg p01\right\1216.jpg p01\grid\1216.jpg day04/0062.jpg left 1160.0,245.0 -0.017918605,-0.31911942 -15.859187,-23.634512,462.2969 0.19893805555555555,0.19893799999999998 442,200,739,497 482,278,552,320 628,280,704,325
p01\face\1217.jpg p01\left\1217.jpg p01\right\1217.jpg p01\grid\1217.jpg day22/0062.jpg left 795.0,666.0 -0.084277034,0.39830488 -5.261732,-11.965039,453.75684 0.19893805555555555,0.19893799999999998 455,220,770,535 496,297,578,346 654,309,733,356
p01\face\1218.jpg p01\left\1218.jpg p01\right\1218.jpg p01\grid\1218.jpg day53/0063.jpg left 839.0,432.0 -0.02967676,-0.28012964 -19.38925,-29.315977,586.2053 0.19893805555555555,0.19893799999999998 471,221,709,459 504,281,562,315 623,288,683,324
p01\face\1219.jpg p01\left\1219.jpg p01\right\1219.jpg p01\grid\1219.jpg day63/0148.jpg left 582.0,236.0 0.034004267,0.47691032 22.490007,26.395908,465.06308 0.19893805555555555,0.19893799999999998 521,312,827,618 565,384,640,429 718,400,794,445
p01\face\1220.jpg p01\left\1220.jpg p01\right\1220.jpg p01\grid\1220.jpg day19/0154.jpg left 196.0,858.0 -0.069100834,0.47869226 4.054741,32.917797,576.7702 0.19893805555555555,0.19893799999999998 511,332,755,576 542,392,606,430 667,401,725,435
p01\face\1221.jpg p01\left\1221.jpg p01\right\1221.jpg p01\grid\1221.jpg day58/0407.jpg left 489.0,63.0 -0.02815816,0.25425357 23.768007,-47.596386,445.24387 0.19893805555555555,0.19893799999999998 520,134,839,453 563,210,645,259 726,227,802,272
p01\face\1222.jpg p01\left\1222.jpg p01\right\1222.jpg p01\grid\1222.jpg day59/0449.jpg left 164.0,409.0 -0.055647053,0.40377617 11.28555,-17.172392,460.01196 0.19893805555555555,0.19893799999999998 495,210,805,520 535,284,619,334 693,299,768,344
p01\face\1223.jpg p01\left\1223.jpg p01\right\1223.jpg p01\grid\1223.jpg day01/0268.jpg left 669.0,80.0 0.016999401,-0.11589234 8.170101,-4.084064,346.8324 0.19893805555555555,0.19893799999999998 449,210,848,609 502,307,602,367 705,320,801,377
p01\face\1224.jpg p01\left\1224.jpg p01\right\1224.jpg p01\grid\1224.jpg day07/0289.jpg left 1024.0,749.0 0.030325113,-0.21260194 -16.374622,0.628903,369.305 0.19893805555555555,0.19893799999999998 392,230,765,603 443,325,530,377 629,334,722,389
p01\face\1225.jpg p01\left\1225.jpg p01\right\1225.jpg p01\grid\1225.jpg day04/0285.jpg left 237.0,586.0 -0.043742392,0.4046731 7.322514,-3.111769,509.02222 0.19893805555555555,0.19893799999999998 502,255,779,532 538,323,610,366 679,331,746,371
p01\face\1226.jpg p01\left\1226.jpg p01\right\1226.jpg p01\grid\1226.jpg day27/0057.jpg left 1171.0,848.0 0.017580336,0.32434323 -14.138154,-28.662046,470.74265 0.19893805555555555,0.19893799999999998 445,189,746,490 485,270,555,312 634,268,710,313
p01\face\1227.jpg p01\left\1227.jpg p01\right\1227.jpg p01\grid\1227.jpg day43/0470.jpg left 583.0,641.0 -0.03249592,0.25260976 8.833573,-70.367134,487.48984 0.19893805555555555,0.19893799999999998 497,103,789,395 536,174,612,219 684,186,756,229
p01\face\1228.jpg p01\left\1228.jpg p01\right\1228.jpg p01\grid\1228.jpg day59/0590.jpg left 105.0,639.0 -0.06692661,0.4953489 5.699947,28.302303,516.1099 0.19893805555555555,0.19893799999999998 498,319,774,595 535,385,607,428 675,398,742,438
p01\face\1229.jpg p01\left\1229.jpg p01\right\1229.jpg p01\grid\1229.jpg day45/0477.jpg left 303.0,324.0 -0.01612111,0.35935798 33.143208,22.739191,496.0522 0.19893805555555555,0.19893799999999998 551,307,839,595 589,374,664,419 735,389,805,431
p01\face\1230.jpg p01\left\1230.jpg p01\right\1230.jpg p01\grid\1230.jpg day62/0036.jpg left 563.0,724.0 0.02843643,-0.1756038 21.69491,-19.706537,531.95605 0.19893805555555555,0.19893799999999998 535,227,797,489 572,289,639,329 704,303,768,341
p01\face\1231.jpg p01\left\1231.jpg p01\right\1231.jpg p01\grid\1231.jpg day63/0203.jpg left 23.0,16.0 -0.043377552,0.39708805 16.007685,-8.953931,503.47504 0.19893805555555555,0.19893799999999998 518,241,798,521 555,309,628,352 699,322,765,361
p01\face\1232.jpg p01\left\1232.jpg p01\right\1232.jpg p01\grid\1232.jpg day28/0214.jpg left 1394.0,743.0 0.06743354,0.2610286 6.352282,-37.838524,592.6427 0.19893805555555555,0.19893799999999998 518,207,756,445 551,269,608,303 669,270,730,306
p01\face\1233.jpg p01\left\1233.jpg p01\right\1233.jpg p01\grid\1233.jpg day63/0101.jpg left 479.0,15.0 -0.009692179,0.29005882 14.672218,-12.519909,431.06976 0.19893805555555555,0.19893799999999998 493,213,824,544 539,292,624,343 706,307,787,355
p01\face\1234.jpg p01\left\1234.jpg p01\right\1234.jpg p01\grid\1234.jpg day52/0509.jpg left 261.0,644.0 -0.07907873,0.3826798 -0.397318,4.360026,523.85 0.19893805555555555,0.19893799999999998 489,273,759,543 524,337,596,380 662,349,726,387
p01\face\1235.jpg p01\left\1235.jpg p01\right\1235.jpg p01\grid\1235.jpg day10/0049.jpg left 1436.0,471.0 -0.038055107,-0.13791327 -24.230253,2.271355,486.92334 0.19893805555555555,0.19893799999999998 427,264,713,550 469,333,538,374 611,344,684,387
p01\face\1236.jpg p01\left\1236.jpg p01\right\1236.jpg p01\grid\1236.jpg day67/0008.jpg left 647.0,531.0 -0.13764791,-0.18743718 34.083687,-36.30648,443.36087 0.19893805555555555,0.19893799999999998 547,166,856,475 592,238,665,281 754,255,821,295
p01\face\1237.jpg p01\left\1237.jpg p01\right\1237.jpg p01\grid\1237.jpg day31/0042.jpg left 1105.0,378.0 -0.057181556,-0.18997666 -1.209182,-11.263887,476.43155 0.19893805555555555,0.19893799999999998 478,231,770,523 517,310,586,351 663,307,736,350
p01\face\1238.jpg p01\left\1238.jpg p01\right\1238.jpg p01\grid\1238.jpg day31/0220.jpg left 1034.0,721.0 0.0298653,-0.22754806 -1.151146,-20.262615,429.90674 0.19893805555555555,0.19893799999999998 460,196,784,520 505,277,584,324 665,285,747,334
p01\face\1239.jpg p01\left\1239.jpg p01\right\1239.jpg p01\grid\1239.jpg day59/0327.jpg left 197.0,312.0 -0.0019447799,0.31064218 31.66002,-5.318962,444.61874 0.19893805555555555,0.19893799999999998 538,234,860,556 581,310,665,360 745,326,823,372
p01\face\1240.jpg p01\left\1240.jpg p01\right\1240.jpg p01\grid\1240.jpg day08/0087.jpg left 1436.0,740.0 0.021750852,-0.15225197 -1.410334,-30.194147,453.5987 0.19893805555555555,0.19893799999999998 466,182,773,489 510,255,585,300 663,268,741,314
p01\face\1241.jpg p01\left\1241.jpg p01\right\1241.jpg p01\grid\1241.jpg day67/0194.jpg left 1031.0,455.0 -0.008846091,-0.14095023 -6.707344,36.752865,460.284 0.19893805555555555,0.19893799999999998 457,337,760,640 501,413,574,456 649,419,728,466
p01\face\1242.jpg p01\left\1242.jpg p01\right\1242.jpg p01\grid\1242.jpg day38/0050.jpg left 10.0,67.0 -0.08783263,0.4034669 7.218791,-12.584037,508.86932 0.19893805555555555,0.19893799999999998 502,236,776,510 537,299,612,344 678,315,744,354
p01\face\1243.jpg p01\left\1243.jpg p01\right\1243.jpg p01\grid\1243.jpg day66/0211.jpg left 413.0,849.0 0.03388203,-0.2315991 22.366472,-0.523321,419.91574 0.19893805555555555,0.19893799999999998 513,241,844,572 559,320,643,370 728,338,807,385
p01\face\1244.jpg p01\left\1244.jpg p01\right\1244.jpg p01\grid\1244.jpg day15/0044.jpg left 527.0,25.0 0.028155956,-0.23384413 11.458523,-58.335636,490.56702 0.19893805555555555,0.19893799999999998 507,133,793,419 545,205,617,248 689,211,759,253
p01\face\1245.jpg p01\left\1245.jpg p01\right\1245.jpg p01\grid\1245.jpg day43/0517.jpg left 796.0,394.0 0.032436587,0.27451408 40.101387,-60.8337,542.1464 0.19893805555555555,0.19893799999999998 572,147,836,411 607,213,674,253 740,221,804,259
p01\face\1246.jpg p01\left\1246.jpg p01\right\1246.jpg p01\grid\1246.jpg day48/0085.jpg left 766.0,849.0 -0.0065625343,0.35781562 17.7681,-41.22347,531.7638 0.19893805555555555,0.19893799999999998 527,183,792,448 564,248,631,288 696,257,763,297
p01\face\1247.jpg p01\left\1247.jpg p01\right\1247.jpg p01\grid\1247.jpg day28/0044.jpg left 184.0,637.0 -0.3283342,0.0090945745 28.052248,10.960234,381.8308 0.19893805555555555,0.19893799999999998 523,273,872,622 566,347,660,403 755,371,827,414
p01\face\1248.jpg p01\left\1248.jpg p01\right\1248.jpg p01\grid\1248.jpg day61/0321.jpg left 1073.0,746.0 0.038071845,-0.28445157 20.405514,-43.602467,436.0996 0.19893805555555555,0.19893799999999998 514,142,832,460 559,221,635,266 719,232,797,278
p01\face\1249.jpg p01\left\1249.jpg p01\right\1249.jpg p01\grid\1249.jpg day43/0310.jpg left 1391.0,329.0 0.0103648575,0.05126178 -18.974691,9.73903,438.21176 0.19893805555555555,0.19893799999999998 418,273,737,592 464,350,540,395 622,360,703,408
p01\face\1250.jpg p01\left\1250.jpg p01\right\1250.jpg p01\grid\1250.jpg day42/0120.jpg left 942.0,187.0 -0.065195516,0.39591336 -33.123604,-3.136641,538.15 0.19893805555555555,0.19893799999999998 427,258,694,525 462,325,531,366 594,331,663,372
p01\face\1251.jpg p01\left\1251.jpg p01\right\1251.jpg p01\grid\1251.jpg day01/0186.jpg left 955.0,76.0 0.06072743,0.38046074 19.871399,2.151286,569.97516 0.19893805555555555,0.19893799999999998 537,275,786,524 573,336,633,372 695,344,759,382
p01\face\1252.jpg p01\left\1252.jpg p01\right\1252.jpg p01\grid\1252.jpg day51/0426.jpg left 514.0,415.0 -0.055867556,0.29169452 4.731609,-24.481792,452.65115 0.19893805555555555,0.19893799999999998 477,192,790,505 521,266,600,313 679,283,755,328
p01\face\1253.jpg p01\left\1253.jpg p01\right\1253.jpg p01\grid\1253.jpg day06/0248.jpg left 1062.0,763.0 -0.014705955,0.22517435 -19.606504,-62.555748,529.2044 0.19893805555555555,0.19893799999999998 452,141,717,406 490,206,554,244 622,215,689,255
p01\face\1254.jpg p01\left\1254.jpg p01\right\1254.jpg p01\grid\1254.jpg day51/0224.jpg left 99.0,706.0 -0.06731692,0.3449157 2.399551,62.97484,565.97125 0.19893805555555555,0.19893799999999998 504,390,753,639 538,447,602,485 664,460,725,496
p01\face\1255.jpg p01\left\1255.jpg p01\right\1255.jpg p01\grid\1255.jpg day54/0279.jpg left 1276.0,797.0 0.055830482,-0.12257093 2.646171,-21.05881,403.8002 0.19893805555555555,0.19893799999999998 459,185,804,530 508,271,589,319 678,278,766,330
p01\face\1256.jpg p01\left\1256.jpg p01\right\1256.jpg p01\grid\1256.jpg day52/0721.jpg left 1408.0,774.0 -0.05273946,0.3866548 -22.75776,7.424244,531.04224 0.19893805555555555,0.19893799999999998 447,280,714,547 483,348,547,386 617,352,683,391
p01\face\1257.jpg p01\left\1257.jpg p01\right\1257.jpg p01\grid\1257.jpg day51/0223.jpg left 224.0,217.0 -0.13854578,0.51866174 0.804708,53.64581,552.0385 0.19893805555555555,0.19893799999999998 498,372,751,625 533,428,600,468 662,447,723,483
p01\face\1258.jpg p01\left\1258.jpg p01\right\1258.jpg p01\grid\1258.jpg day59/0319.jpg left 1060.0,481.0 0.05591401,-0.14636938 11.191187,2.880803,431.0445 0.19893805555555555,0.19893799999999998 488,253,812,577 536,331,614,377 695,344,779,394
p01\face\1259.jpg p01\left\1259.jpg p01\right\1259.jpg p01\grid\1259.jpg day63/0356.jpg left 612.0,43.0 0.013640311,0.30263972 26.801945,-48.396564,451.98233 0.19893805555555555,0.19893799999999998 529,134,845,450 571,213,652,261 731,223,809,269
p01\face\1260.jpg p01\left\1260.jpg p01\right\1260.jpg p01\grid\1260.jpg day11/0136.jpg left 103.0,610.0 0.005986369,0.37828392 33.648376,-13.099883,515.77496 0.19893805555555555,0.19893799999999998 556,234,832,510 592,302,665,345 733,312,799,351
p01\face\1261.jpg p01\left\1261.jpg p01\right\1261.jpg p01\grid\1261.jpg day08/0147.jpg left 598.0,740.0 -0.009155668,0.3330003 14.83729,-12.293945,549.35486 0.19893805555555555,0.19893799999999998 523,243,782,502 559,307,625,346 689,317,753,355
p01\face\1262.jpg p01\left\1262.jpg p01\right\1262.jpg p01\grid\1262.jpg day41/0385.jpg left 1362.0,424.0 0.009091213,0.3226847 -35.21283,-11.729735,604.67444 0.19893805555555555,0.19893799999999998 448,255,683,490 479,318,536,352 595,315,656,351
p01\face\1263.jpg p01\left\1263.jpg p01\right\1263.jpg p01\grid\1263.jpg day64/0145.jpg left 901.0,484.0 0.018261252,-0.17543066 5.506811,-8.986308,385.5002 0.19893805555555555,0.19893799999999998 456,208,817,569 508,295,598,349 688,311,779,365
p01\face\1264.jpg p01\left\1264.jpg p01\right\1264.jpg p01\grid\1264.jpg day12/0028.jpg left 318.0,768.0 -0.105155446,0.48502308 -10.907143,-6.224876,496.59134 0.19893805555555555,0.19893799999999998 458,243,744,529 495,313,571,358 641,327,710,368
p01\face\1265.jpg p01\left\1265.jpg p01\right\1265.jpg p01\grid\1265.jpg day57/0202.jpg left 887.0,247.0 0.00750684,-0.20812857 0.375387,-14.642077,370.96384 0.19893805555555555,0.19893799999999998 436,186,812,562 490,280,581,334 675,290,772,348
p01\face\1266.jpg p01\left\1266.jpg p01\right\1266.jpg p01\grid\1266.jpg day03/0414.jpg left 1217.0,182.0 0.10373392,0.4057654 19.010336,19.38952,547.7624 0.19893805555555555,0.19893799999999998 535,306,793,564 570,374,631,410 697,372,763,411
p01\face\1267.jpg p01\left\1267.jpg p01\right\1267.jpg p01\grid\1267.jpg day47/0320.jpg left 636.0,551.0 -0.006570707,-0.2748623 -1.088773,-37.903553,477.62506 0.19893805555555555,0.19893799999999998 476,173,767,464 516,244,589,287 663,255,733,297
p01\face\1268.jpg p01\left\1268.jpg p01\right\1268.jpg p01\grid\1268.jpg day12/0170.jpg left 746.0,6.0 -0.027341424,0.5699236 -21.164265,43.02901,518.0767 0.19893805555555555,0.19893799999999998 445,348,721,624 481,420,550,461 619,423,688,464
p01\face\1269.jpg p01\left\1269.jpg p01\right\1269.jpg p01\grid\1269.jpg day58/0349.jpg left 1024.0,713.0 0.0015286487,-0.22505352 -16.117989,-12.214215,547.84656 0.19893805555555555,0.19893799999999998 467,245,722,500 503,309,564,345 628,315,694,354
p01\face\1270.jpg p01\left\1270.jpg p01\right\1270.jpg p01\grid\1270.jpg day17/0204.jpg left 483.0,190.0 0.06320898,-0.22860658 30.937471,-18.493793,449.30588 0.19893805555555555,0.19893799999999998 541,206,853,518 582,282,663,330 740,294,816,339
p01\face\1271.jpg p01\left\1271.jpg p01\right\1271.jpg p01\grid\1271.jpg day22/0187.jpg left 1253.0,887.0 -0.08449514,-0.16862316 -72.256004,-8.392,547.1501 0.19893805555555555,0.19893799999999998 360,252,618,510 394,322,454,358 520,317,587,357
p01\face\1272.jpg p01\left\1272.jpg p01\right\1272.jpg p01\grid\1272.jpg day06/0001.jpg left 218.0,447.0 -0.035910662,0.38778803 23.166044,-36.797657,520.25916 0.19893805555555555,0.19893799999999998 538,190,803,455 574,253,643,294 709,267,773,305
p01\face\1273.jpg p01\left\1273.jpg p01\right\1273.jpg p01\grid\1273.jpg day12/0489.jpg left 327.0,508.0 -0.08949648,0.18657732 -16.36687,-27.869608,573.561 0.19893805555555555,0.19893799999999998 472,222,718,468 504,280,567,317 630,291,688,325
p01\face\1274.jpg p01\left\1274.jpg p01\right\1274.jpg p01\grid\1274.jpg day17/0194.jpg left 1310.0,41.0 0.020208867,0.20348059 -81.487595,-61.624924,398.42563 0.19893805555555555,0.19893799999999998 228,71,586,429 280,164,364,214 453,164,549,221
p01\face\1275.jpg p01\left\1275.jpg p01\right\1275.jpg p01\grid\1275.jpg day59/0026.jpg left 1160.0,278.0 0.03208217,-0.11083755 -17.80893,-28.828167,382.9551 0.19893805555555555,0.19893799999999998 391,153,758,520 444,244,531,296 624,252,720,309
p01\face\1276.jpg p01\left\1276.jpg p01\right\1276.jpg p01\grid\1276.jpg day43/0269.jpg left 974.0,471.0 -0.024833456,-0.20552695 -1.27285,-40.26386,525.864 0.19893805555555555,0.19893799999999998 490,184,757,451 526,253,592,292 659,255,726,295
p01\face\1277.jpg p01\left\1277.jpg p01\right\1277.jpg p01\grid\1277.jpg day41/0383.jpg left 1311.0,295.0 0.02757606,0.28602034 -39.379448,-12.051439,606.5955 0.19893805555555555,0.19893799999999998 444,256,676,488 474,319,529,352 588,313,648,349
p01\face\1278.jpg p01\left\1278.jpg p01\right\1278.jpg p01\grid\1278.jpg day38/0472.jpg left 800.0,613.0 -0.1107551,0.5189719 -42.650894,22.978352,439.41724 0.19893805555555555,0.19893799999999998 363,299,690,626 401,387,485,437 567,384,646,431
p01\face\1279.jpg p01\left\1279.jpg p01\right\1279.jpg p01\grid\1279.jpg day53/0170.jpg left 1421.0,867.0 0.0271365,-0.2055146 -2.336478,1.024318,557.1115 0.19893805555555555,0.19893799999999998 497,273,746,522 532,337,590,371 654,340,718,378
p01\face\1280.jpg p01\left\1280.jpg p01\right\1280.jpg p01\grid\1280.jpg day16/0347.jpg left 1361.0,359.0 0.0008930224,-0.06297269 -26.127836,-18.77931,473.184 0.19893805555555555,0.19893799999999998 421,214,718,511 461,294,530,335 607,289,683,334
p01\face\1281.jpg p01\left\1281.jpg p01\right\1281.jpg p01\grid\1281.jpg day63/0018.jpg left 939.0,745.0 -0.024199005,-0.18872124 -14.736773,-10.740276,475.03485 0.19893805555555555,0.19893799999999998 445,232,739,526 486,306,558,349 631,312,706,357
p01\face\1282.jpg p01\left\1282.jpg p01\right\1282.jpg p01\grid\1282.jpg day63/0100.jpg left 676.0,411.0 0.01605687,-0.16600594 8.729124,-5.040408,422.66766 0.19893805555555555,0.19893799999999998 480,231,810,561 526,311,608,360 691,324,773,373
p01\face\1283.jpg p01\left\1283.jpg p01\right\1283.jpg p01\grid\1283.jpg day54/0087.jpg left 840.0,779.0 0.03609305,-0.14936624 0.49217,5.689489,519.06824 0.19893805555555555,0.19893799999999998 491,276,759,544 529,341,595,380 663,352,730,392
p01\face\1284.jpg p01\left\1284.jpg p01\right\1284.jpg p01\grid\1284.jpg day40/0006.jpg left 395.0,248.0 0.00051005726,0.35993418 7.433753,-27.029972,522.808 0.19893805555555555,0.19893799999999998 507,209,777,479 542,278,609,318 678,282,744,321
p01\face\1285.jpg p01\left\1285.jpg p01\right\1285.jpg p01\grid\1285.jpg day17/0511.jpg left 1095.0,267.0 -0.014967337,-0.18256934 -14.522089,-25.408146,437.5043 0.19893805555555555,0.19893799999999998 432,186,751,505 475,270,551,315 632,270,714,319
p01\face\1286.jpg p01\left\1286.jpg p01\right\1286.jpg p01\grid\1286.jpg day55/0362.jpg left 1370.0,30.0 -0.0012955315,0.42022422 -13.320784,29.049078,551.0373 0.19893805555555555,0.19893799999999998 471,324,729,582 506,389,569,426 635,393,699,431
p01\face\1287.jpg p01\left\1287.jpg p01\right\1287.jpg p01\grid\1287.jpg day04/0308.jpg left 204.0,436.0 -0.074013636,0.46178952 -16.799166,23.721222,626.0244 0.19893805555555555,0.19893799999999998 486,318,711,543 514,376,572,410 629,380,683,412
p01\face\1288.jpg p01\left\1288.jpg p01\right\1288.jpg p01\grid\1288.jpg day12/0516.jpg left 353.0,613.0 -0.034863386,0.33073413 12.001754,-1.596234,560.7453 0.19893805555555555,0.19893799999999998 522,267,774,519 555,328,619,366 684,338,744,374
p01\face\1289.jpg p01\left\1289.jpg p01\right\1289.jpg p01\grid\1289.jpg day11/0122.jpg left 1252.0,546.0 0.010841827,-0.15711714 0.561088,-20.963066,468.67636 0.19893805555555555,0.19893799999999998 478,208,776,506 519,284,591,327 666,287,742,332
p01\face\1290.jpg p01\left\1290.jpg p01\right\1290.jpg p01\grid\1290.jpg day52/0490.jpg left 307.0,423.0 -0.05865288,0.32847017 9.357282,-4.511908,543.5927 0.19893805555555555,0.19893799999999998 513,259,772,518 548,320,615,360 679,333,742,370
p01\face\1291.jpg p01\left\1291.jpg p01\right\1291.jpg p01\grid\1291.jpg day10/0135.jpg left 650.0,881.0 0.04684222,-0.29855898 24.946997,-29.420382,427.00723 0.19893805555555555,0.19893799999999998 522,170,849,497 566,251,650,301 732,264,811,311
p01\face\1292.jpg p01\left\1292.jpg p01\right\1292.jpg p01\grid\1292.jpg day58/0088.jpg left 964.0,352.0 0.03948185,0.3811146 12.861301,-11.85437,464.10904 0.19893805555555555,0.19893799999999998 500,224,807,531 543,301,618,346 695,308,774,355
p01\face\1293.jpg p01\left\1293.jpg p01\right\1293.jpg p01\grid\1293.jpg day06/0055.jpg left 1321.0,264.0 0.013992965,-0.12991929 -0.723303,-13.214324,505.84628 0.19893805555555555,0.19893799999999998 485,234,762,511 525,305,591,344 660,308,733,351
p01\face\1294.jpg p01\left\1294.jpg p01\right\1294.jpg p01\grid\1294.jpg day01/0374.jpg left 1274.0,501.0 -0.052841783,-0.1855355 -38.890762,-20.429441,476.546 0.19893805555555555,0.19893799999999998 390,210,685,505 432,283,504,326 578,291,653,336
p01\face\1295.jpg p01\left\1295.jpg p01\right\1295.jpg p01\grid\1295.jpg day42/0568.jpg left 652.0,562.0 0.0274526,-0.23508132 7.747101,-51.92492,477.1799 0.19893805555555555,0.19893799999999998 497,141,791,435 536,216,608,259 681,219,756,264
p01\face\1296.jpg p01\left\1296.jpg p01\right\1296.jpg p01\grid\1296.jpg day01/0089.jpg left 111.0,285.0 0.003473862,-0.119353764 14.438655,-4.724054,446.7369 0.19893805555555555,0.19893799999999998 503,239,816,552 542,315,626,365 701,325,777,370
p01\face\1297.jpg p01\left\1297.jpg p01\right\1297.jpg p01\grid\1297.jpg day53/0376.jpg left 362.0,844.0 -0.053587995,0.3551179 -3.128701,-28.50765,564.1577 0.19893805555555555,0.19893799999999998 494,216,744,466 527,278,591,316 655,287,715,323
p01\face\1298.jpg p01\left\1298.jpg p01\right\1298.jpg p01\grid\1298.jpg day64/0024.jpg left 620.0,161.0 -0.00012180328,-0.21210046 -4.606982,-11.356741,487.25314 0.19893805555555555,0.19893799999999998 471,233,757,519 510,303,583,346 654,314,724,356
p01\face\1299.jpg p01\left\1299.jpg p01\right\1299.jpg p01\grid\1299.jpg day51/0297.jpg left 1318.0,244.0 -0.13207293,-0.20414722 2.219454,-23.974316,638.56165 0.19893805555555555,0.19893799999999998 519,242,736,459 552,298,601,327 660,300,714,332
p01\face\1300.jpg p01\left\1300.jpg p01\right\1300.jpg p01\grid\1300.jpg day20/0124.jpg left 389.0,5.0 -0.05900529,0.33297652 7.541137,-6.493285,488.5245 0.19893805555555555,0.19893799999999998 496,244,785,533 534,313,609,358 681,325,751,367
p01\face\1301.jpg p01\left\1301.jpg p01\right\1301.jpg p01\grid\1301.jpg day53/0164.jpg left 403.0,433.0 -0.018551612,0.457871 16.535625,-4.852642,557.9352 0.19893805555555555,0.19893799999999998 531,260,783,512 564,322,628,360 692,331,753,367
p01\face\1302.jpg p01\left\1302.jpg p01\right\1302.jpg p01\grid\1302.jpg day55/0406.jpg left 279.0,768.0 -0.021569619,0.32332602 15.058421,-31.96943,481.82773 0.19893805555555555,0.19893799999999998 513,188,802,477 552,258,625,301 699,269,768,310
p01\face\1303.jpg p01\left\1303.jpg p01\right\1303.jpg p01\grid\1303.jpg day55/0244.jpg left 678.0,264.0 -0.055841923,0.37486163 2.556788,-6.261605,514.8553 0.19893805555555555,0.19893799999999998 492,248,769,525 528,316,600,359 669,326,736,366
p01\face\1304.jpg p01\left\1304.jpg p01\right\1304.jpg p01\grid\1304.jpg day03/0070.jpg left 134.0,418.0 0.002999092,-0.19260547 8.025289,0.875849,446.85806 0.19893805555555555,0.19893799999999998 487,252,797,562 528,326,609,374 688,342,761,385
p01\face\1305.jpg p01\left\1305.jpg p01\right\1305.jpg p01\grid\1305.jpg day12/0210.jpg left 1395.0,688.0 0.13056709,0.4239753 55.079685,-20.103237,574.6833 0.19893805555555555,0.19893799999999998 605,233,852,480 638,300,698,336 759,298,823,336
p01\face\1306.jpg p01\left\1306.jpg p01\right\1306.jpg p01\grid\1306.jpg day58/0193.jpg left 303.0,720.0 -0.04900045,0.4080142 29.020489,38.33171,555.64233 0.19893805555555555,0.19893799999999998 551,341,807,597 586,400,653,440 715,416,778,453
p01\face\1307.jpg p01\left\1307.jpg p01\right\1307.jpg p01\grid\1307.jpg day41/0360.jpg left 340.0,264.0 -0.08634532,0.18815175 0.008636,-45.128372,446.56012 0.19893805555555555,0.19893799999999998 463,140,785,462 505,217,590,268 668,231,747,278
p01\face\1308.jpg p01\left\1308.jpg p01\right\1308.jpg p01\grid\1308.jpg day56/0212.jpg left 965.0,811.0 0.031563163,0.3927364 21.602327,-36.168327,426.36484 0.19893805555555555,0.19893799999999998 514,154,842,482 560,238,639,285 723,244,805,293
p01\face\1309.jpg p01\left\1309.jpg p01\right\1309.jpg p01\grid\1309.jpg day21/0071.jpg left 128.0,207.0 -0.09592669,0.30118114 -4.901771,-26.213882,552.8943 0.19893805555555555,0.19893799999999998 488,218,744,474 521,280,588,320 652,291,713,327
p01\face\1310.jpg p01\left\1310.jpg p01\right\1310.jpg p01\grid\1310.jpg day65/0339.jpg left 844.0,351.0 0.03906774,-0.29287884 9.545717,-1.543157,581.60785 0.19893805555555555,0.19893799999999998 524,270,762,508 556,330,616,366 675,337,735,373
p01\face\1311.jpg p01\left\1311.jpg p01\right\1311.jpg p01\grid\1311.jpg day50/0012.jpg left 622.0,596.0 0.03543202,-0.15076537 18.765469,5.520762,442.0652 0.19893805555555555,0.19893799999999998 510,262,825,577 553,335,634,383 713,354,789,399
p01\face\1312.jpg p01\left\1312.jpg p01\right\1312.jpg p01\grid\1312.jpg day49/0422.jpg left 552.0,328.0 -0.068005614,0.28118217 -11.287303,-45.087646,483.18262 0.19893805555555555,0.19893799999999998 452,156,747,451 491,228,567,273 641,240,713,283
p01\face\1313.jpg p01\left\1313.jpg p01\right\1313.jpg p01\grid\1313.jpg day42/0005.jpg left 1149.0,324.0 -0.06627337,-0.18598634 -23.858507,-32.339153,470.40134 0.19893805555555555,0.19893799999999998 421,180,722,481 463,259,535,302 613,259,688,304
p01\face\1314.jpg p01\left\1314.jpg p01\right\1314.jpg p01\grid\1314.jpg day65/0079.jpg left 1404.0,380.0 -0.007887744,-0.13542287 0.823482,3.448649,457.27902 0.19893805555555555,0.19893799999999998 474,261,778,565 518,337,590,380 668,344,746,390
p01\face\1315.jpg p01\left\1315.jpg p01\right\1315.jpg p01\grid\1315.jpg day43/0286.jpg left 774.0,860.0 -0.011932563,0.34191096 11.129842,-37.57761,507.5539 0.19893805555555555,0.19893799999999998 508,181,788,461 546,252,616,294 685,259,757,302
p01\face\1316.jpg p01\left\1316.jpg p01\right\1316.jpg p01\grid\1316.jpg day47/0170.jpg left 63.0,641.0 -0.23208417,-0.15743396 11.323304,14.686923,369.70532 0.19893805555555555,0.19893799999999998 469,275,835,641 517,362,613,419 712,378,790,424
p01\face\1317.jpg p01\left\1317.jpg p01\right\1317.jpg p01\grid\1317.jpg day53/0412.jpg left 10.0,46.0 -0.048946444,0.45487386 17.364056,2.802366,503.02164 0.19893805555555555,0.19893799999999998 520,264,803,547 556,333,632,378 699,344,769,386
p01\face\1318.jpg p01\left\1318.jpg p01\right\1318.jpg p01\grid\1318.jpg day04/0645.jpg left 1051.0,631.0 0.0061299303,-0.21878824 3.003041,-18.389664,486.3396 0.19893805555555555,0.19893799999999998 488,219,773,504 528,289,597,330 671,299,741,341
p01\face\1319.jpg p01\left\1319.jpg p01\right\1319.jpg p01\grid\1319.jpg day48/0022.jpg left 129.0,283.0 -0.0479187,0.30322006 24.702467,12.760672,464.31265 0.19893805555555555,0.19893799999999998 526,282,832,588 567,351,648,399 724,371,797,414
p01\face\1320.jpg p01\left\1320.jpg p01\right\1320.jpg p01\grid\1320.jpg day17/0198.jpg left 977.0,8.0 -0.021624887,-0.08669303 -41.471817,-45.963776,372.8928 0.19893805555555555,0.19893799999999998 315,98,694,477 370,190,461,244 558,204,654,261
p01\face\1321.jpg p01\left\1321.jpg p01\right\1321.jpg p01\grid\1321.jpg day01/0486.jpg left 772.0,218.0 -0.025160939,-0.17040467 -14.555968,1.290745,407.06906 0.19893805555555555,0.19893799999999998 416,244,756,584 461,327,548,379 633,339,717,389
p01\face\1322.jpg p01\left\1322.jpg p01\right\1322.jpg p01\grid\1322.jpg day66/0155.jpg left 442.0,48.0 -0.10108328,0.37114385 -7.100514,-37.38127,538.72943 0.19893805555555555,0.19893799999999998 480,193,741,454 514,255,583,296 647,269,710,306
p01\face\1323.jpg p01\left\1323.jpg p01\right\1323.jpg p01\grid\1323.jpg day27/0086.jpg left 1302.0,76.0 0.08793106,0.346922 -19.878178,4.91986,413.4909 0.19893805555555555,0.19893799999999998 403,254,745,596 453,343,532,390 619,341,709,395
p01\face\1324.jpg p01\left\1324.jpg p01\right\1324.jpg p01\grid\1324.jpg day53/0696.jpg left 476.0,702.0 0.0012266601,-0.10856924 4.145037,22.156868,402.43372 0.19893805555555555,0.19893799999999998 459,298,804,643 508,377,595,429 684,398,766,447
p01\face\1325.jpg p01\left\1325.jpg p01\right\1325.jpg p01\grid\1325.jpg day54/0102.jpg left 515.0,37.0 -0.035084687,0.31554243 20.86323,-12.034976,448.5302 0.19893805555555555,0.19893799999999998 513,220,829,536 557,293,638,341 718,313,794,358
p01\face\1326.jpg p01\left\1326.jpg p01\right\1326.jpg p01\grid\1326.jpg day65/0331.jpg left 1246.0,464.0 -0.039971583,-0.14923681 -27.607618,33.83579,547.71826 0.19893805555555555,0.19893799999999998 444,333,700,589 479,398,542,435 606,403,672,442
p01\face\1327.jpg p01\left\1327.jpg p01\right\1327.jpg p01\grid\1327.jpg day12/0475.jpg left 294.0,669.0 -0.07597722,0.06414544 -14.127503,-24.547823,565.72974 0.19893805555555555,0.19893799999999998 475,228,721,474 509,285,570,321 634,297,692,331
p01\face\1328.jpg p01\left\1328.jpg p01\right\1328.jpg p01\grid\1328.jpg day61/0163.jpg left 1318.0,301.0 0.08668851,0.37589276 -10.118936,-23.37899,488.95605 0.19893805555555555,0.19893799999999998 463,209,748,494 502,286,569,326 640,280,715,325
p01\face\1329.jpg p01\left\1329.jpg p01\right\1329.jpg p01\grid\1329.jpg day62/0232.jpg left 659.0,102.0 -0.014010181,-0.05372386 5.94268,-42.437817,373.56918 0.19893805555555555,0.19893799999999998 453,111,826,484 504,199,597,254 691,214,784,269
p01\face\1330.jpg p01\left\1330.jpg p01\right\1330.jpg p01\grid\1330.jpg day49/0115.jpg left 377.0,412.0 0.011519175,0.41894746 36.068977,30.963654,536.9789 0.19893805555555555,0.19893799999999998 564,326,829,591 598,391,667,432 733,400,797,438
p01\face\1331.jpg p01\left\1331.jpg p01\right\1331.jpg p01\grid\1331.jpg day37/0148.jpg left 1203.0,584.0 0.007905158,0.46785834 -26.379429,36.398277,648.58136 0.19893805555555555,0.19893799999999998 475,340,694,559 504,398,556,429 611,396,668,430
p01\face\1332.jpg p01\left\1332.jpg p01\right\1332.jpg p01\grid\1332.jpg day60/0056.jpg left 825.0,4.0 0.047139663,0.23797488 -2.960105,-74.31309,463.14127 0.19893805555555555,0.19893799999999998 464,81,771,388 508,161,581,204 660,165,738,211
p01\face\1333.jpg p01\left\1333.jpg p01\right\1333.jpg p01\grid\1333.jpg day50/0210.jpg left 1116.0,532.0 -0.0524495,0.42217767 -23.689377,3.785913,640.9185 0.19893805555555555,0.19893799999999998 478,285,700,507 505,344,563,378 614,343,672,377
p01\face\1334.jpg p01\left\1334.jpg p01\right\1334.jpg p01\grid\1334.jpg day54/0085.jpg left 1199.0,138.0 -0.019037202,0.30237046 -0.19501,-0.737933,524.391 0.19893805555555555,0.19893799999999998 487,262,760,535 526,328,593,368 661,338,730,379
p01\face\1335.jpg p01\left\1335.jpg p01\right\1335.jpg p01\grid\1335.jpg day44/0060.jpg left 1061.0,135.0 0.006236618,0.43358117 -49.65749,-10.926035,601.3184 0.19893805555555555,0.19893799999999998 424,255,659,490 453,321,510,355 570,314,630,350
p01\face\1336.jpg p01\left\1336.jpg p01\right\1336.jpg p01\grid\1336.jpg day53/0084.jpg left 979.0,744.0 -0.014759389,-0.24962048 -8.85869,-37.344234,431.3546 0.19893805555555555,0.19893799999999998 440,154,764,478 486,235,565,282 646,244,728,293
p01\face\1337.jpg p01\left\1337.jpg p01\right\1337.jpg p01\grid\1337.jpg day11/0163.jpg left 976.0,421.0 -0.041978184,-0.15826988 -25.674488,13.909802,389.70978 0.19893805555555555,0.19893799999999998 377,273,732,628 427,363,511,413 603,370,693,424
p01\face\1338.jpg p01\left\1338.jpg p01\right\1338.jpg p01\grid\1338.jpg day03/0445.jpg left 896.0,713.0 0.022417346,-0.120038 -2.097729,3.923892,434.66864 0.19893805555555555,0.19893799999999998 459,256,781,578 504,338,582,384 662,342,746,392
p01\face\1339.jpg p01\left\1339.jpg p01\right\1339.jpg p01\grid\1339.jpg day58/0670.jpg left 1082.0,508.0 0.038509715,-0.3332186 24.850811,-55.059715,450.83328 0.19893805555555555,0.19893799999999998 530,120,840,430 571,203,646,248 725,203,804,250
p01\face\1340.jpg p01\left\1340.jpg p01\right\1340.jpg p01\grid\1340.jpg day58/0615.jpg left 786.0,432.0 -0.019008484,-0.17653143 -4.832,-1.190301,426.8891 0.19893805555555555,0.19893799999999998 450,241,778,569 495,326,574,373 656,328,741,379
p01\face\1341.jpg p01\left\1341.jpg p01\right\1341.jpg p01\grid\1341.jpg day63/0330.jpg left 987.0,402.0 -0.08440743,-0.25463223 -47.19687,-12.133604,398.20178 0.19893805555555555,0.19893799999999998 325,202,677,554 372,296,457,347 545,297,636,351
p01\face\1342.jpg p01\left\1342.jpg p01\right\1342.jpg p01\grid\1342.jpg day15/0118.jpg left 1006.0,41.0 -0.0047485107,0.2762055 -9.190277,-50.306118,570.35565 0.19893805555555555,0.19893799999999998 483,178,730,425 519,238,580,274 641,248,704,285
p01\face\1343.jpg p01\left\1343.jpg p01\right\1343.jpg p01\grid\1343.jpg day15/0053.jpg left 1005.0,786.0 0.011268338,-0.23519585 -2.416813,-47.28597,496.6115 0.19893805555555555,0.19893799999999998 480,159,762,441 519,231,586,271 658,235,730,278
p01\face\1344.jpg p01\left\1344.jpg p01\right\1344.jpg p01\grid\1344.jpg day28/0271.jpg left 494.0,191.0 0.07598479,-0.36402178 22.649216,-45.980804,432.3121 0.19893805555555555,0.19893799999999998 521,134,839,452 564,214,643,261 725,226,801,271
p01\face\1345.jpg p01\left\1345.jpg p01\right\1345.jpg p01\grid\1345.jpg day17/0303.jpg left 1118.0,218.0 -0.07414894,0.3400665 -69.900856,-26.12496,479.4747 0.19893805555555555,0.19893799999999998 322,196,620,494 363,274,433,316 510,276,586,321
p01\face\1346.jpg p01\left\1346.jpg p01\right\1346.jpg p01\grid\1346.jpg day60/0144.jpg left 1388.0,565.0 0.04946951,0.23000132 -35.1605,13.994033,520.71265 0.19893805555555555,0.19893799999999998 420,293,691,564 457,365,520,402 590,362,660,404
p01\face\1347.jpg p01\left\1347.jpg p01\right\1347.jpg p01\grid\1347.jpg day47/0341.jpg left 849.0,106.0 -0.055498075,0.23952547 -16.75782,-62.114483,486.16998 0.19893805555555555,0.19893799999999998 441,121,733,413 482,192,555,235 628,204,701,247
p01\face\1348.jpg p01\left\1348.jpg p01\right\1348.jpg p01\grid\1348.jpg day54/0491.jpg left 280.0,147.0 0.006415945,0.439135 31.680256,21.551863,584.8296 0.19893805555555555,0.19893799999999998 561,311,804,554 593,370,656,407 716,380,776,416
p01\face\1349.jpg p01\left\1349.jpg p01\right\1349.jpg p01\grid\1349.jpg day38/0279.jpg left 1167.0,871.0 -0.022079755,-0.2571627 -14.153638,-38.671402,380.1466 0.19893805555555555,0.19893799999999998 403,124,769,490 454,219,539,270 636,223,727,277
p01\face\1350.jpg p01\left\1350.jpg p01\right\1350.jpg p01\grid\1350.jpg day31/0454.jpg left 59.0,112.0 -0.28886932,0.20490983 57.540802,-5.616906,427.07697 0.19893805555555555,0.19893799999999998 606,239,921,554 644,298,735,352 814,337,880,376
p01\face\1351.jpg p01\left\1351.jpg p01\right\1351.jpg p01\grid\1351.jpg day04/0472.jpg left 1363.0,27.0 0.056347378,0.22725084 -34.29481,-56.01479,508.32626 0.19893805555555555,0.19893799999999998 415,145,692,422 455,217,521,256 590,219,663,262
p01\face\1352.jpg p01\left\1352.jpg p01\right\1352.jpg p01\grid\1352.jpg day03/0046.jpg left 463.0,39.0 -0.052595355,-0.117865205 -24.715187,1.6573,466.6853 0.19893805555555555,0.19893799999999998 419,257,720,558 458,333,536,379 609,338,684,383
p01\face\1353.jpg p01\left\1353.jpg p01\right\1353.jpg p01\grid\1353.jpg day16/0276.jpg left 1226.0,694.0 -0.23566733,-0.117955565 -21.552301,-1.214973,486.3215 0.19893805555555555,0.19893799999999998 436,259,718,541 477,331,541,369 616,329,688,372
p01\face\1354.jpg p01\left\1354.jpg p01\right\1354.jpg p01\grid\1354.jpg day41/0364.jpg left 0.0,537.0 -0.09855461,0.0671875 12.826023,-42.381546,455.31427 0.19893805555555555,0.19893799999999998 498,153,808,463 538,225,620,274 698,242,771,285
p01\face\1355.jpg p01\left\1355.jpg p01\right\1355.jpg p01\grid\1355.jpg day45/0528.jpg left 1237.0,728.0 -0.00854478,-0.15908726 -10.517975,-5.561512,450.4114 0.19893805555555555,0.19893799999999998 446,237,756,547 488,317,563,362 642,320,721,367
p01\face\1356.jpg p01\left\1356.jpg p01\right\1356.jpg p01\grid\1356.jpg day22/0195.jpg left 413.0,177.0 -0.14670499,0.3538597 -33.114613,-20.435474,557.13153 0.19893805555555555,0.19893799999999998 435,230,690,485 468,291,535,331 598,303,659,339
p01\face\1357.jpg p01\left\1357.jpg p01\right\1357.jpg p01\grid\1357.jpg day49/0081.jpg left 975.0,470.0 -0.025066534,0.4730367 -10.699447,37.40938,504.36148 0.19893805555555555,0.19893799999999998 460,338,743,621 500,408,569,449 640,416,713,459
p01\face\1358.jpg p01\left\1358.jpg p01\right\1358.jpg p01\grid\1358.jpg day34/0153.jpg left 664.0,657.0 -0.051593382,0.48115814 -27.738155,24.637892,614.41705 0.19893805555555555,0.19893799999999998 465,320,691,546 496,377,551,410 610,383,665,416
p01\face\1359.jpg p01\left\1359.jpg p01\right\1359.jpg p01\grid\1359.jpg day43/0571.jpg left 956.0,851.0 0.036649823,-0.10055532 8.468228,28.416836,511.51086 0.19893805555555555,0.19893799999999998 505,322,778,595 544,388,611,428 679,398,748,439
p01\face\1360.jpg p01\left\1360.jpg p01\right\1360.jpg p01\grid\1360.jpg day53/0578.jpg left 797.0,576.0 -0.03682479,0.4349675 -27.080467,21.154879,504.90436 0.19893805555555555,0.19893799999999998 425,303,710,588 465,374,535,416 606,381,679,424
p01\face\1361.jpg p01\left\1361.jpg p01\right\1361.jpg p01\grid\1361.jpg day65/0202.jpg left 568.0,200.0 -0.002906453,0.4575523 1.160143,20.146238,497.06055 0.19893805555555555,0.19893799999999998 485,301,771,587 523,373,595,416 667,379,737,421
p01\face\1362.jpg p01\left\1362.jpg p01\right\1362.jpg p01\grid\1362.jpg day13/0132.jpg left 318.0,20.0 -0.054595478,0.25790352 12.494705,-50.2294,492.44412 0.19893805555555555,0.19893799999999998 507,150,795,438 545,218,620,263 691,232,761,274
p01\face\1363.jpg p01\left\1363.jpg p01\right\1363.jpg p01\grid\1363.jpg day56/0036.jpg left 873.0,714.0 0.04872947,-0.17576686 13.559652,-49.559246,584.41064 0.19893805555555555,0.19893799999999998 529,185,769,425 563,242,623,278 682,252,743,288
p01\face\1364.jpg p01\left\1364.jpg p01\right\1364.jpg p01\grid\1364.jpg day04/0564.jpg left 787.0,623.0 -0.007503906,-0.14245124 1.583486,24.309702,472.6082 0.19893805555555555,0.19893799999999998 481,310,775,604 522,383,594,426 669,391,742,434
p01\face\1365.jpg p01\left\1365.jpg p01\right\1365.jpg p01\grid\1365.jpg day47/0222.jpg left 107.0,201.0 -0.016488899,0.097319074 55.30602,-8.661293,351.99124 0.19893805555555555,0.19893799999999998 584,196,986,598 640,282,749,347 845,314,942,372
p01\face\1366.jpg p01\left\1366.jpg p01\right\1366.jpg p01\grid\1366.jpg day52/0398.jpg left 1380.0,619.0 -0.055402957,-0.37845036 -31.480488,-91.80016,612.44214 0.19893805555555555,0.19893799999999998 458,119,686,347 489,177,544,210 602,182,659,216
p01\face\1367.jpg p01\left\1367.jpg p01\right\1367.jpg p01\grid\1367.jpg day17/0551.jpg left 401.0,40.0 -0.08321387,0.54571176 -3.625084,14.69467,474.31613 0.19893805555555555,0.19893799999999998 469,285,769,585 506,361,585,408 656,367,731,412
p01\face\1368.jpg p01\left\1368.jpg p01\right\1368.jpg p01\grid\1368.jpg day59/0238.jpg left 345.0,72.0 -0.025198566,0.34860846 24.993837,-8.101645,437.38855 0.19893805555555555,0.19893799999999998 522,226,847,551 565,304,649,354 731,319,809,365
p01\face\1369.jpg p01\left\1369.jpg p01\right\1369.jpg p01\grid\1369.jpg day59/0387.jpg left 563.0,518.0 -0.05797897,0.37369108 -0.304588,-29.86753,452.03177 0.19893805555555555,0.19893799999999998 465,177,781,493 507,254,589,303 667,268,745,314
p01\face\1370.jpg p01\left\1370.jpg p01\right\1370.jpg p01\grid\1370.jpg day52/0531.jpg left 1420.0,76.0 0.08161354,0.40399575 -8.377197,16.40632,729.5149 0.19893805555555555,0.19893799999999998 519,314,711,506 545,365,590,392 640,363,689,392
p01\face\1371.jpg p01\left\1371.jpg p01\right\1371.jpg p01\grid\1371.jpg day67/0127.jpg left 267.0,710.0 0.023196016,-0.19143674 21.355515,-9.054021,508.09564 0.19893805555555555,0.19893799999999998 530,243,804,517 568,307,640,350 707,323,774,363
p01\face\1372.jpg p01\left\1372.jpg p01\right\1372.jpg p01\grid\1372.jpg day01/0340.jpg left 261.0,52.0 -0.048431043,0.34566206 27.824352,-23.981585,596.57623 0.19893805555555555,0.19893799999999998 557,233,792,468 588,290,649,326 707,299,764,333
p01\face\1373.jpg p01\left\1373.jpg p01\right\1373.jpg p01\grid\1373.jpg day51/0069.jpg left 1348.0,562.0 -0.02523741,0.41833264 -16.521275,21.265415,500.30402 0.19893805555555555,0.19893799999999998 449,305,731,587 489,376,556,416 628,381,700,424
p01\face\1374.jpg p01\left\1374.jpg p01\right\1374.jpg p01\grid\1374.jpg day50/0272.jpg left 933.0,261.0 0.032477587,0.4508987 54.89813,-34.80635,717.8314 0.19893805555555555,0.19893799999999998 608,236,803,431 636,284,685,313 733,293,782,322
p01\face\1375.jpg p01\left\1375.jpg p01\right\1375.jpg p01\grid\1375.jpg day14/0108.jpg left 1303.0,478.0 0.0076137464,0.015963491 -726.64966,-350.05225,1608.6819 0.19893805555555555,0.19893799999999998 103,94,190,181 115,116,137,129 158,117,180,130
p01\face\1376.jpg p01\left\1376.jpg p01\right\1376.jpg p01\grid\1376.jpg day47/0307.jpg left 542.0,400.0 -0.032404423,0.3004203 3.300023,-29.58824,458.2676 0.19893805555555555,0.19893799999999998 478,183,787,492 518,258,599,306 674,269,750,314
p01\face\1377.jpg p01\left\1377.jpg p01\right\1377.jpg p01\grid\1377.jpg day52/0089.jpg left 432.0,180.0 -0.06161795,0.26508656 -0.933627,-36.24347,505.55603 0.19893805555555555,0.19893799999999998 482,185,762,465 520,251,592,294 661,265,730,306
p01\face\1378.jpg p01\left\1378.jpg p01\right\1378.jpg p01\grid\1378.jpg day06/0091.jpg left 692.0,117.0 -0.021877931,-0.10093046 -16.311146,9.475682,458.09497 0.19893805555555555,0.19893799999999998 433,275,737,579 476,348,551,393 629,360,704,405
p01\face\1379.jpg p01\left\1379.jpg p01\right\1379.jpg p01\grid\1379.jpg day36/0165.jpg left 185.0,704.0 0.06096611,0.51197493 63.390972,54.91783,534.57355 0.19893805555555555,0.19893799999999998 616,372,886,642 651,436,721,478 789,450,853,488
p01\face\1380.jpg p01\left\1380.jpg p01\right\1380.jpg p01\grid\1380.jpg day36/0106.jpg left 486.0,5.0 -0.077209555,0.37777758 4.178241,-0.833205,419.18466 0.19893805555555555,0.19893799999999998 464,239,803,578 509,317,600,371 681,336,763,385
p01\face\1381.jpg p01\left\1381.jpg p01\right\1381.jpg p01\grid\1381.jpg day29/0023.jpg left 204.0,282.0 -0.07855396,0.35953146 15.999422,-20.693012,522.8026 0.19893805555555555,0.19893799999999998 522,222,792,492 557,286,629,329 695,299,759,337
p01\face\1382.jpg p01\left\1382.jpg p01\right\1382.jpg p01\grid\1382.jpg day58/0680.jpg left 112.0,117.0 0.045759965,0.2640756 42.8758,-61.398357,458.99066 0.19893805555555555,0.19893799999999998 569,107,882,420 608,188,689,236 767,193,843,238
p01\face\1383.jpg p01\left\1383.jpg p01\right\1383.jpg p01\grid\1383.jpg day38/0193.jpg left 264.0,516.0 -0.23303613,-0.037373725 8.948448,3.552917,596.6099 0.19893805555555555,0.19893799999999998 521,283,756,518 549,334,618,375 675,351,726,381
p01\face\1384.jpg p01\left\1384.jpg p01\right\1384.jpg p01\grid\1384.jpg day33/0084.jpg left 1376.0,110.0 0.06069591,0.20547505 -28.852476,-66.35121,445.05862 0.19893805555555555,0.19893799999999998 400,93,713,406 445,175,517,218 598,174,679,222
p01\face\1385.jpg p01\left\1385.jpg p01\right\1385.jpg p01\grid\1385.jpg day14/0275.jpg left 665.0,203.0 -0.020443246,0.40677953 5.528577,-2.169532,539.62854 0.19893805555555555,0.19893799999999998 504,260,769,525 538,327,607,368 672,333,738,372
p01\face\1386.jpg p01\left\1386.jpg p01\right\1386.jpg p01\grid\1386.jpg day61/0387.jpg left 572.0,75.0 -0.0011271534,-0.34797558 -2.840291,-68.06753,527.9916 0.19893805555555555,0.19893799999999998 487,128,752,393 521,195,590,236 656,203,720,241
p01\face\1387.jpg p01\left\1387.jpg p01\right\1387.jpg p01\grid\1387.jpg day34/0192.jpg left 428.0,352.0 -0.06073366,0.5204302 -18.878098,34.027477,588.4773 0.19893805555555555,0.19893799999999998 471,335,709,573 505,394,563,428 624,402,684,438
p01\face\1388.jpg p01\left\1388.jpg p01\right\1388.jpg p01\grid\1388.jpg day65/0346.jpg left 910.0,564.0 0.025571665,-0.24933818 6.049473,1.250813,584.4562 0.19893805555555555,0.19893799999999998 518,276,756,514 549,336,610,372 669,343,727,377
p01\face\1389.jpg p01\left\1389.jpg p01\right\1389.jpg p01\grid\1389.jpg day47/0312.jpg left 350.0,271.0 -0.060583323,0.32842925 14.128376,-45.30284,486.3997 0.19893805555555555,0.19893799999999998 509,159,797,447 549,225,624,270 695,244,765,286
p01\face\1390.jpg p01\left\1390.jpg p01\right\1390.jpg p01\grid\1390.jpg day31/0027.jpg left 835.0,586.0 -0.006101959,0.34217486 1.695641,-18.909948,442.85803 0.19893805555555555,0.19893799999999998 467,201,789,523 512,282,591,329 672,290,753,338
p01\face\1391.jpg p01\left\1391.jpg p01\right\1391.jpg p01\grid\1391.jpg day53/0572.jpg left 83.0,323.0 -0.0044261725,-0.032870024 46.005005,-22.720846,372.5287 0.19893805555555555,0.19893799999999998 563,166,939,542 616,252,710,308 807,273,898,327
p01\face\1392.jpg p01\left\1392.jpg p01\right\1392.jpg p01\grid\1392.jpg day66/0266.jpg left 1138.0,92.0 0.077948935,0.44331953 50.614807,-7.209641,575.92957 0.19893805555555555,0.19893799999999998 595,257,842,504 629,320,690,356 751,326,814,363
p01\face\1393.jpg p01\left\1393.jpg p01\right\1393.jpg p01\grid\1393.jpg day17/0052.jpg left 1067.0,748.0 -0.010516121,0.45985115 -16.138079,37.91048,520.7716 0.19893805555555555,0.19893799999999998 456,340,729,613 494,409,560,448 629,413,698,454
p01\face\1394.jpg p01\left\1394.jpg p01\right\1394.jpg p01\grid\1394.jpg day14/0238.jpg left 291.0,25.0 -0.039422538,0.14382093 43.55788,-97.32713,470.9196 0.19893805555555555,0.19893799999999998 570,33,874,337 609,106,690,154 765,120,838,163
p01\face\1395.jpg p01\left\1395.jpg p01\right\1395.jpg p01\grid\1395.jpg day48/0199.jpg left 638.0,125.0 -0.22072586,-0.09039504 -3.09961,11.796267,547.2707 0.19893805555555555,0.19893799999999998 491,293,744,546 524,354,588,392 658,363,713,396
p01\face\1396.jpg p01\left\1396.jpg p01\right\1396.jpg p01\grid\1396.jpg day59/0534.jpg left 1004.0,143.0 -0.0108721955,0.47200269 -0.135333,-8.392198,476.98962 0.19893805555555555,0.19893799999999998 474,234,772,532 517,309,590,352 664,319,740,364
p01\face\1397.jpg p01\left\1397.jpg p01\right\1397.jpg p01\grid\1397.jpg day27/0228.jpg left 437.0,146.0 -0.058393296,0.4171335 8.87141,-24.32705,726.2267 0.19893805555555555,0.19893799999999998 542,253,735,446 567,301,618,331 665,308,713,336
p01\face\1398.jpg p01\left\1398.jpg p01\right\1398.jpg p01\grid\1398.jpg day43/0309.jpg left 122.0,672.0 -0.011457691,-0.008212257 34.24342,18.124014,442.19113 0.19893805555555555,0.19893799999999998 544,293,860,609 588,362,673,413 750,386,825,431
p01\face\1399.jpg p01\left\1399.jpg p01\right\1399.jpg p01\grid\1399.jpg day67/0268.jpg left 1102.0,316.0 -0.00620241,-0.18855229 -11.306797,44.103703,451.8779 0.19893805555555555,0.19893799999999998 447,355,751,659 489,434,562,477 639,437,717,483
p01\face\1400.jpg p01\left\1400.jpg p01\right\1400.jpg p01\grid\1400.jpg day58/0179.jpg left 1223.0,497.0 0.037686743,-0.1657714 4.184006,-29.618626,420.41052 0.19893805555555555,0.19893799999999998 467,169,800,502 517,250,595,296 679,261,766,313
p01\face\1401.jpg p01\left\1401.jpg p01\right\1401.jpg p01\grid\1401.jpg day45/0379.jpg left 664.0,200.0 -0.05427635,0.38822106 -18.650354,25.896973,535.54333 0.19893805555555555,0.19893799999999998 456,316,723,583 491,383,558,423 625,388,691,427
p01\face\1402.jpg p01\left\1402.jpg p01\right\1402.jpg p01\grid\1402.jpg day56/0049.jpg left 37.0,876.0 -0.0038335675,0.30228612 19.020678,-49.010246,477.91153 0.19893805555555555,0.19893799999999998 518,147,813,442 559,217,634,262 705,230,781,275
p01\face\1403.jpg p01\left\1403.jpg p01\right\1403.jpg p01\grid\1403.jpg day01/0405.jpg left 33.0,219.0 -0.01681678,0.419137 23.753023,16.418509,599.0394 0.19893805555555555,0.19893799999999998 550,304,785,539 581,362,641,398 700,369,757,403
p01\face\1404.jpg p01\left\1404.jpg p01\right\1404.jpg p01\grid\1404.jpg day20/0121.jpg left 1059.0,82.0 -0.066701785,0.34698904 -51.177456,-17.74132,443.6323 0.19893805555555555,0.19893799999999998 343,205,662,524 387,288,463,333 545,290,626,338
p01\face\1405.jpg p01\left\1405.jpg p01\right\1405.jpg p01\grid\1405.jpg day35/0004.jpg left 1086.0,14.0 0.0056105517,-0.22168726 23.769909,-28.664993,347.95154 0.19893805555555555,0.19893799999999998 491,132,891,532 552,228,646,284 752,247,851,306
p01\face\1406.jpg p01\left\1406.jpg p01\right\1406.jpg p01\grid\1406.jpg day58/0329.jpg left 496.0,381.0 0.020373086,-0.2532034 12.599987,-22.855043,516.61523 0.19893805555555555,0.19893799999999998 516,217,786,487 551,283,621,325 688,292,754,331
p01\face\1407.jpg p01\left\1407.jpg p01\right\1407.jpg p01\grid\1407.jpg day49/0256.jpg left 3.0,445.0 -0.10975095,0.27768585 6.471387,-33.849354,541.17334 0.19893805555555555,0.19893799999999998 507,202,765,460 541,261,610,302 675,278,735,314
p01\face\1408.jpg p01\left\1408.jpg p01\right\1408.jpg p01\grid\1408.jpg day51/0397.jpg left 253.0,37.0 -0.0901947,0.29652387 20.233921,-40.52506,478.64774 0.19893805555555555,0.19893799999999998 521,166,815,460 560,233,639,280 710,253,780,295
p01\face\1409.jpg p01\left\1409.jpg p01\right\1409.jpg p01\grid\1409.jpg day64/0185.jpg left 25.0,231.0 -0.045027394,0.26924467 18.681047,-61.22118,473.9578 0.19893805555555555,0.19893799999999998 516,117,814,415 556,188,635,235 708,204,780,247
p01\face\1410.jpg p01\left\1410.jpg p01\right\1410.jpg p01\grid\1410.jpg day29/0013.jpg left 566.0,242.0 -0.16380437,-0.14505874 8.089525,-24.252802,504.45233 0.19893805555555555,0.19893799999999998 503,212,779,488 538,279,610,322 683,288,744,324
p01\face\1411.jpg p01\left\1411.jpg p01\right\1411.jpg p01\grid\1411.jpg day23/0044.jpg left 1.0,251.0 -0.28297037,-0.04592188 22.205679,-17.362883,418.90512 0.19893805555555555,0.19893799999999998 515,206,837,528 555,275,642,327 731,301,795,339
p01\face\1412.jpg p01\left\1412.jpg p01\right\1412.jpg p01\grid\1412.jpg day32/0038.jpg left 1118.0,486.0 -0.0008143865,0.29855776 -46.343422,-7.399062,526.7519 0.19893805555555555,0.19893799999999998 398,249,669,520 435,320,501,359 566,318,639,361
p01\face\1413.jpg p01\left\1413.jpg p01\right\1413.jpg p01\grid\1413.jpg day17/0509.jpg left 1369.0,689.0 0.011544454,-0.13278598 -23.333895,-11.335923,427.04474 0.19893805555555555,0.19893799999999998 406,218,733,545 450,302,526,347 611,304,695,354
p01\face\1414.jpg p01\left\1414.jpg p01\right\1414.jpg p01\grid\1414.jpg day36/0118.jpg left 747.0,163.0 -0.035328858,-0.0905764 7.221392,-2.302669,325.08017 0.19893805555555555,0.19893799999999998 428,204,857,633 490,303,595,366 708,325,811,386
p01\face\1415.jpg p01\left\1415.jpg p01\right\1415.jpg p01\grid\1415.jpg day38/0024.jpg left 581.0,460.0 -0.025470749,0.46560034 22.907368,-3.931272,437.82474 0.19893805555555555,0.19893799999999998 518,237,837,556 562,311,646,361 725,331,801,376
p01\face\1416.jpg p01\left\1416.jpg p01\right\1416.jpg p01\grid\1416.jpg day12/0090.jpg left 1341.0,356.0 0.042295083,0.3695885 -24.718575,6.389122,476.72595 0.19893805555555555,0.19893799999999998 422,270,719,567 464,347,533,388 610,348,686,393
p01\face\1417.jpg p01\left\1417.jpg p01\right\1417.jpg p01\grid\1417.jpg day61/0348.jpg left 248.0,99.0 0.052094754,-0.16773447 0.61401,-39.485703,442.24872 0.19893805555555555,0.19893799999999998 468,155,783,470 511,229,590,276 669,245,747,291
p01\face\1418.jpg p01\left\1418.jpg p01\right\1418.jpg p01\grid\1418.jpg day03/0446.jpg left 1217.0,175.0 0.057709232,0.30008015 -16.29327,-12.232401,464.4298 0.19893805555555555,0.19893799999999998 438,225,742,529 479,306,552,349 628,302,707,349
p01\face\1419.jpg p01\left\1419.jpg p01\right\1419.jpg p01\grid\1419.jpg day40/0005.jpg left 1219.0,364.0 0.10223433,0.24545892 -23.481667,-27.957178,532.1924 0.19893805555555555,0.19893799999999998 454,213,715,474 486,287,547,323 614,273,681,313
p01\face\1420.jpg p01\left\1420.jpg p01\right\1420.jpg p01\grid\1420.jpg day19/0196.jpg left 1232.0,458.0 0.008872963,-0.106995404 -20.078407,-21.591545,425.9816 0.19893805555555555,0.19893799999999998 413,192,741,520 458,279,534,324 619,277,704,328
p01\face\1421.jpg p01\left\1421.jpg p01\right\1421.jpg p01\grid\1421.jpg day49/0486.jpg left 1220.0,520.0 -0.008561723,0.4153515 -7.929202,1.391157,471.91528 0.19893805555555555,0.19893799999999998 454,256,755,557 499,330,571,373 647,341,725,387
p01\face\1422.jpg p01\left\1422.jpg p01\right\1422.jpg p01\grid\1422.jpg day04/0199.jpg left 11.0,870.0 0.030706516,0.41158858 31.889776,13.16793,560.1912 0.19893805555555555,0.19893799999999998 561,294,814,547 592,359,658,398 722,362,782,398
p01\face\1423.jpg p01\left\1423.jpg p01\right\1423.jpg p01\grid\1423.jpg day53/0277.jpg left 285.0,786.0 0.01777011,0.3798436 39.882042,0.221218,443.98718 0.19893805555555555,0.19893799999999998 558,247,879,568 601,323,685,373 766,340,841,385
p01\face\1424.jpg p01\left\1424.jpg p01\right\1424.jpg p01\grid\1424.jpg day62/0038.jpg left 467.0,311.0 -0.02587593,0.24857986 23.653055,-25.709572,536.0056 0.19893805555555555,0.19893799999999998 538,216,802,480 574,277,643,318 708,291,772,329
p01\face\1425.jpg p01\left\1425.jpg p01\right\1425.jpg p01\grid\1425.jpg day45/0026.jpg left 1298.0,472.0 0.06983113,0.22910777 -18.922346,-22.620825,470.67575 0.19893805555555555,0.19893799999999998 436,205,734,503 476,285,545,326 623,280,699,325
p01\face\1426.jpg p01\left\1426.jpg p01\right\1426.jpg p01\grid\1426.jpg day42/0136.jpg left 778.0,482.0 -0.024798378,0.37300393 -5.253947,2.068931,456.65244 0.19893805555555555,0.19893799999999998 457,255,769,567 499,333,575,378 656,341,732,386
p01\face\1427.jpg p01\left\1427.jpg p01\right\1427.jpg p01\grid\1427.jpg day13/0109.jpg left 94.0,761.0 0.020886254,-0.24903293 18.90107,-32.48396,515.8137 0.19893805555555555,0.19893799999999998 528,198,796,466 564,262,633,303 702,276,765,313
p01\face\1428.jpg p01\left\1428.jpg p01\right\1428.jpg p01\grid\1428.jpg day23/0014.jpg left 670.0,155.0 -0.047938325,-0.091524065 -38.22667,-8.1399,423.10657 0.19893805555555555,0.19893799999999998 362,223,695,556 407,303,492,354 573,315,657,365
p01\face\1429.jpg p01\left\1429.jpg p01\right\1429.jpg p01\grid\1429.jpg day59/0070.jpg left 978.0,793.0 0.026781615,-0.29115787 8.571456,-50.891155,468.27783 0.19893805555555555,0.19893799999999998 495,139,793,437 537,215,609,258 684,221,760,266
p01\face\1430.jpg p01\left\1430.jpg p01\right\1430.jpg p01\grid\1430.jpg day67/0132.jpg left 1285.0,59.0 0.022983784,-0.18361507 4.616806,-18.176989,510.29697 0.19893805555555555,0.19893799999999998 496,225,769,498 536,290,603,330 671,303,740,344
p01\face\1431.jpg p01\left\1431.jpg p01\right\1431.jpg p01\grid\1431.jpg day25/0209.jpg left 133.0,685.0 -0.042893834,0.46407336 8.753823,9.926808,540.99994 0.19893805555555555,0.19893799999999998 512,286,771,545 547,350,613,389 680,360,741,396
p01\face\1432.jpg p01\left\1432.jpg p01\right\1432.jpg p01\grid\1432.jpg day47/0016.jpg left 1342.0,221.0 -0.00681484,-0.18395817 -14.797048,-55.374813,476.66177 0.19893805555555555,0.19893799999999998 444,133,739,428 486,206,558,249 631,214,707,259
p01\face\1433.jpg p01\left\1433.jpg p01\right\1433.jpg p01\grid\1433.jpg day17/0493.jpg left 79.0,165.0 -0.044197064,0.3196245 36.81295,-29.67394,436.16144 0.19893805555555555,0.19893799999999998 553,175,875,497 593,250,680,302 759,267,835,312
p01\face\1434.jpg p01\left\1434.jpg p01\right\1434.jpg p01\grid\1434.jpg day16/0177.jpg left 1399.0,760.0 0.02746439,-0.2250062 2.307994,-6.929846,485.55045 0.19893805555555555,0.19893799999999998 490,244,773,527 529,319,595,358 669,319,741,362
p01\face\1435.jpg p01\left\1435.jpg p01\right\1435.jpg p01\grid\1435.jpg day16/0378.jpg left 207.0,390.0 -0.14347102,0.030219257 2.080138,-49.822884,415.6424 0.19893805555555555,0.19893799999999998 459,117,795,453 503,193,591,245 678,214,754,259
p01\face\1436.jpg p01\left\1436.jpg p01\right\1436.jpg p01\grid\1436.jpg day12/0153.jpg left 288.0,301.0 -0.05649359,0.4169656 19.29579,-3.761233,453.7444 0.19893805555555555,0.19893799999999998 514,242,823,551 556,314,635,361 714,332,787,375
p01\face\1437.jpg p01\left\1437.jpg p01\right\1437.jpg p01\grid\1437.jpg day27/0239.jpg left 87.0,524.0 -0.044351954,0.3758307 23.883245,-17.810486,702.7316 0.19893805555555555,0.19893799999999998 561,260,760,459 588,307,642,339 687,317,738,347
p01\face\1438.jpg p01\left\1438.jpg p01\right\1438.jpg p01\grid\1438.jpg day59/0205.jpg left 456.0,283.0 0.00531939,-0.043147404 9.671062,31.498718,366.52963 0.19893805555555555,0.19893799999999998 461,319,842,700 512,410,608,467 706,425,797,479
p01\face\1439.jpg p01\left\1439.jpg p01\right\1439.jpg p01\grid\1439.jpg day25/0201.jpg left 798.0,200.0 0.024277277,0.40058506 38.57438,6.991397,402.44147 0.19893805555555555,0.19893799999999998 545,254,900,609 596,336,686,390 775,358,862,410
p01\face\1440.jpg p01\left\1440.jpg p01\right\1440.jpg p01\grid\1440.jpg day53/0526.jpg left 1081.0,578.0 0.005486282,0.29457986 21.447468,-19.355425,518.10297 0.19893805555555555,0.19893799999999998 531,224,804,497 570,289,637,329 707,302,774,342
p01\face\1441.jpg p01\left\1441.jpg p01\right\1441.jpg p01\grid\1441.jpg day50/0242.jpg left 761.0,337.0 -0.030559674,-0.30303916 -15.48293,-60.1223,457.83435 0.19893805555555555,0.19893799999999998 435,113,739,417 478,187,553,232 630,200,706,245
p01\face\1442.jpg p01\left\1442.jpg p01\right\1442.jpg p01\grid\1442.jpg day31/0181.jpg left 1148.0,859.0 -0.1037529,0.5997859 -52.852337,25.363388,515.351 0.19893805555555555,0.19893799999999998 381,311,657,587 417,386,484,426 552,385,624,428
p01\face\1443.jpg p01\left\1443.jpg p01\right\1443.jpg p01\grid\1443.jpg day02/0130.jpg left 613.0,436.0 -0.042469442,0.30907083 -10.898194,-6.838029,539.73755 0.19893805555555555,0.19893799999999998 472,252,737,517 507,318,574,358 640,325,706,364
p01\face\1444.jpg p01\left\1444.jpg p01\right\1444.jpg p01\grid\1444.jpg day37/0459.jpg left 1300.0,586.0 0.024788441,0.5018706 -9.176648,65.51682,562.6522 0.19893805555555555,0.19893799999999998 483,394,735,646 518,458,578,494 641,459,707,498
p01\face\1445.jpg p01\left\1445.jpg p01\right\1445.jpg p01\grid\1445.jpg day37/0113.jpg left 1337.0,576.0 0.019945284,0.39991704 -1.653161,10.185257,512.3427 0.19893805555555555,0.19893799999999998 482,282,759,559 522,352,589,392 659,358,729,400
p01\face\1446.jpg p01\left\1446.jpg p01\right\1446.jpg p01\grid\1446.jpg day38/0180.jpg left 418.0,322.0 -0.020402355,-0.08346912 5.321042,37.83225,608.5972 0.19893805555555555,0.19893799999999998 516,343,747,574 549,395,607,429 669,411,721,442
p01\face\1447.jpg p01\left\1447.jpg p01\right\1447.jpg p01\grid\1447.jpg day20/0466.jpg left 1049.0,77.0 0.060404193,0.4011696 27.035135,-30.972675,496.7564 0.19893805555555555,0.19893799999999998 541,192,824,475 580,265,649,306 721,270,793,313
p01\face\1448.jpg p01\left\1448.jpg p01\right\1448.jpg p01\grid\1448.jpg day61/0047.jpg left 546.0,223.0 -0.08475618,-0.1625586 2.673337,-12.448392,605.64594 0.19893805555555555,0.19893799999999998 513,254,747,488 543,312,603,348 665,319,717,350
p01\face\1449.jpg p01\left\1449.jpg p01\right\1449.jpg p01\grid\1449.jpg day49/0066.jpg left 1076.0,195.0 -0.037357613,-0.12270171 -20.286533,1.481235,419.88702 0.19893805555555555,0.19893799999999998 405,246,739,580 453,330,534,378 617,337,704,389
p01\face\1450.jpg p01\left\1450.jpg p01\right\1450.jpg p01\grid\1450.jpg day49/0239.jpg left 930.0,219.0 -0.080995336,0.32196745 -44.523396,6.76497,421.3805 0.19893805555555555,0.19893799999999998 342,260,679,597 390,341,472,390 558,352,643,403
p01\face\1451.jpg p01\left\1451.jpg p01\right\1451.jpg p01\grid\1451.jpg day52/0243.jpg left 106.0,804.0 0.01294184,-0.17256565 13.064,-14.693376,455.499 0.19893805555555555,0.19893799999999998 500,218,806,524 542,289,621,336 698,307,771,350
p01\face\1452.jpg p01\left\1452.jpg p01\right\1452.jpg p01\grid\1452.jpg day49/0461.jpg left 441.0,794.0 -0.072561584,0.35564157 -6.078036,-30.024832,594.0398 0.19893805555555555,0.19893799999999998 495,220,733,458 527,279,588,315 648,288,705,322
p01\face\1453.jpg p01\left\1453.jpg p01\right\1453.jpg p01\grid\1453.jpg day01/0010.jpg left 1381.0,571.0 0.056332346,0.28333378 -5.450902,-2.497622,514.87537 0.19893805555555555,0.19893799999999998 478,258,752,532 516,329,580,367 650,329,722,372
p01\face\1454.jpg p01\left\1454.jpg p01\right\1454.jpg p01\grid\1454.jpg day01/0336.jpg left 1395.0,223.0 0.029198505,0.15938583 -71.88216,-19.75344,471.49896 0.19893805555555555,0.19893799999999998 317,212,615,510 357,291,426,332 504,286,580,331
p01\face\1455.jpg p01\left\1455.jpg p01\right\1455.jpg p01\grid\1455.jpg day61/0421.jpg left 205.0,119.0 -0.020196224,0.24332239 38.517666,-40.61843,476.4137 0.19893805555555555,0.19893799999999998 560,164,858,462 600,235,678,281 752,250,824,293
p01\face\1456.jpg p01\left\1456.jpg p01\right\1456.jpg p01\grid\1456.jpg day25/0144.jpg left 1042.0,192.0 0.025990028,0.3744885 -24.12839,19.406322,612.8603 0.19893805555555555,0.19893799999999998 471,311,702,542 500,373,557,407 615,369,673,403
p01\face\1457.jpg p01\left\1457.jpg p01\right\1457.jpg p01\grid\1457.jpg day67/0073.jpg left 802.0,435.0 -0.023550464,0.42371017 1.907948,13.497253,567.36053 0.19893805555555555,0.19893799999999998 503,295,753,545 537,357,601,395 662,365,725,402
p01\face\1458.jpg p01\left\1458.jpg p01\right\1458.jpg p01\grid\1458.jpg day61/0394.jpg left 37.0,422.0 -0.03580872,0.17404509 39.32516,-61.564323,545.3422 0.19893805555555555,0.19893799999999998 571,149,829,407 606,209,673,249 739,224,799,260
p01\face\1459.jpg p01\left\1459.jpg p01\right\1459.jpg p01\grid\1459.jpg day27/0303.jpg left 903.0,3.0 -0.0134952525,0.34311166 -34.45663,-23.033272,453.5128 0.19893805555555555,0.19893799999999998 387,195,700,508 431,274,509,320 585,281,666,329
p01\face\1460.jpg p01\left\1460.jpg p01\right\1460.jpg p01\grid\1460.jpg day27/0061.jpg left 98.0,504.0 -0.027819984,0.26717988 13.27379,-36.79458,476.25168 0.19893805555555555,0.19893799999999998 506,173,804,471 544,248,620,293 697,255,767,297
p01\face\1461.jpg p01\left\1461.jpg p01\right\1461.jpg p01\grid\1461.jpg day27/0071.jpg left 596.0,697.0 -0.07338368,0.38356826 -8.412124,15.704436,453.6028 0.19893805555555555,0.19893799999999998 447,285,763,601 488,363,569,411 649,373,725,418
p01\face\1462.jpg p01\left\1462.jpg p01\right\1462.jpg p01\grid\1462.jpg day04/0212.jpg left 198.0,664.0 0.009215236,0.39260638 30.94749,10.119097,560.6959 0.19893805555555555,0.19893799999999998 559,288,812,541 590,353,656,392 720,356,780,392
p01\face\1463.jpg p01\left\1463.jpg p01\right\1463.jpg p01\grid\1463.jpg day37/0261.jpg left 1196.0,847.0 -0.026648132,0.53998244 -46.028244,31.294954,569.54456 0.19893805555555555,0.19893799999999998 417,328,664,575 451,395,509,429 573,394,636,431
p01\face\1464.jpg p01\left\1464.jpg p01\right\1464.jpg p01\grid\1464.jpg day54/0331.jpg left 198.0,448.0 0.013581417,0.2632436 42.4726,-30.603054,450.56512 0.19893805555555555,0.19893799999999998 563,176,881,494 607,250,689,299 769,269,845,314
p01\face\1465.jpg p01\left\1465.jpg p01\right\1465.jpg p01\grid\1465.jpg day65/0252.jpg left 779.0,747.0 -0.084495306,0.47455707 -31.726946,24.64404,561.4397 0.19893805555555555,0.19893799999999998 439,314,694,569 472,380,536,418 600,384,663,421
p01\face\1466.jpg p01\left\1466.jpg p01\right\1466.jpg p01\grid\1466.jpg day53/0017.jpg left 612.0,681.0 0.022574708,-0.27695745 5.1937,-0.6976,401.3226 0.19893805555555555,0.19893799999999998 461,234,807,580 510,315,601,369 685,338,770,389
p01\face\1467.jpg p01\left\1467.jpg p01\right\1467.jpg p01\grid\1467.jpg day05/0017.jpg left 406.0,136.0 0.013252404,-0.2635587 8.609632,-31.820444,440.12463 0.19893805555555555,0.19893799999999998 487,171,803,487 528,250,610,299 689,260,765,305
p01\face\1468.jpg p01\left\1468.jpg p01\right\1468.jpg p01\grid\1468.jpg day20/0118.jpg left 1337.0,743.0 -0.08600309,-0.2083814 -52.870926,-5.483623,443.5275 0.19893805555555555,0.19893799999999998 344,237,656,549 386,318,459,361 543,322,618,367
p01\face\1469.jpg p01\left\1469.jpg p01\right\1469.jpg p01\grid\1469.jpg day22/0092.jpg left 1206.0,296.0 -0.012394396,0.35212752 -15.470575,-23.360529,534.98303 0.19893805555555555,0.19893799999999998 461,219,725,483 499,284,563,322 631,294,697,333
p01\face\1470.jpg p01\left\1470.jpg p01\right\1470.jpg p01\grid\1470.jpg day06/0192.jpg left 372.0,541.0 0.03891567,-0.16418694 26.146046,-5.485781,473.23795 0.19893805555555555,0.19893799999999998 534,244,826,536 575,312,650,357 724,330,794,372
p01\face\1471.jpg p01\left\1471.jpg p01\right\1471.jpg p01\grid\1471.jpg day12/0062.jpg left 782.0,848.0 -0.032204214,0.38770574 -10.175252,2.601242,547.3752 0.19893805555555555,0.19893799999999998 476,272,735,531 511,338,575,376 641,343,705,381
p01\face\1472.jpg p01\left\1472.jpg p01\right\1472.jpg p01\grid\1472.jpg day35/0139.jpg left 1324.0,22.0 0.0631395,0.43487078 12.581826,-0.914178,588.1467 0.19893805555555555,0.19893799999999998 528,271,768,511 562,333,619,367 679,337,742,374
p01\face\1473.jpg p01\left\1473.jpg p01\right\1473.jpg p01\grid\1473.jpg day60/0045.jpg left 372.0,313.0 0.00044519763,-0.018845772 27.602552,-22.691277,368.382 0.19893805555555555,0.19893799999999998 510,165,888,543 565,249,659,305 754,274,848,330
p01\face\1474.jpg p01\left\1474.jpg p01\right\1474.jpg p01\grid\1474.jpg day35/0042.jpg left 98.0,402.0 0.2743266,-0.13148183 51.659824,-17.747042,557.9208 0.19893805555555555,0.19893799999999998 598,238,847,487 633,294,694,330 761,311,818,345
p01\face\1475.jpg p01\left\1475.jpg p01\right\1475.jpg p01\grid\1475.jpg day28/0204.jpg left 385.0,147.0 -0.016192649,0.3227246 14.112137,-46.327267,593.8721 0.19893805555555555,0.19893799999999998 533,191,771,429 563,253,624,289 684,257,741,291
p01\face\1476.jpg p01\left\1476.jpg p01\right\1476.jpg p01\grid\1476.jpg day35/0097.jpg left 276.0,558.0 -0.03112359,0.36702552 38.73489,19.484564,559.5121 0.19893805555555555,0.19893799999999998 570,306,823,559 605,364,671,403 734,381,795,417
p01\face\1477.jpg p01\left\1477.jpg p01\right\1477.jpg p01\grid\1477.jpg day17/0474.jpg left 1056.0,137.0 -0.046217337,-0.2261187 -7.981499,-47.64271,456.43942 0.19893805555555555,0.19893799999999998 453,142,759,448 495,219,570,264 648,225,724,270
p01\face\1478.jpg p01\left\1478.jpg p01\right\1478.jpg p01\grid\1478.jpg day44/0071.jpg left 973.0,775.0 -0.00026584003,-0.16505392 -21.814165,-8.671091,488.0203 0.19893805555555555,0.19893799999999998 433,240,719,526 474,308,544,350 616,321,689,364
p01\face\1479.jpg p01\left\1479.jpg p01\right\1479.jpg p01\grid\1479.jpg day64/0115.jpg left 1042.0,25.0 -0.2393657,-0.26269102 -113.23889,-42.613426,729.64874 0.19893805555555555,0.19893799999999998 365,226,561,422 389,279,435,306 494,280,534,304
p01\face\1480.jpg p01\left\1480.jpg p01\right\1480.jpg p01\grid\1480.jpg day54/0172.jpg left 1405.0,414.0 0.14328144,-0.0027679931 2.214266,8.923056,468.04617 0.19893805555555555,0.19893799999999998 481,276,779,574 524,350,593,391 674,356,747,399
p01\face\1481.jpg p01\left\1481.jpg p01\right\1481.jpg p01\grid\1481.jpg day67/0205.jpg left 552.0,834.0 0.0205698,-0.22023627 6.160324,39.389805,458.2197 0.19893805555555555,0.19893799999999998 488,343,789,644 528,418,604,463 682,428,754,471
p01\face\1482.jpg p01\left\1482.jpg p01\right\1482.jpg p01\grid\1482.jpg day59/0009.jpg left 451.0,418.0 0.005544964,0.29133943 27.242352,-25.950094,507.41443 0.19893805555555555,0.19893799999999998 540,206,820,486 579,273,651,316 720,286,789,327
p01\face\1483.jpg p01\left\1483.jpg p01\right\1483.jpg p01\grid\1483.jpg day48/0010.jpg left 880.0,844.0 0.004501088,-0.18444206 -20.714222,-20.514303,430.07916 0.19893805555555555,0.19893799999999998 412,195,737,520 457,278,535,324 617,283,701,333
p01\face\1484.jpg p01\left\1484.jpg p01\right\1484.jpg p01\grid\1484.jpg day36/0038.jpg left 209.0,886.0 -0.32484084,-0.11997686 -24.990126,-5.530901,393.62836 0.19893805555555555,0.19893799999999998 376,221,731,576 419,302,521,363 604,321,686,370
p01\face\1485.jpg p01\left\1485.jpg p01\right\1485.jpg p01\grid\1485.jpg day08/0027.jpg left 189.0,680.0 -0.03512064,0.3039297 -0.062885,-1.234641,565.3098 0.19893805555555555,0.19893799999999998 501,269,751,519 533,331,596,368 661,337,721,373
p01\face\1486.jpg p01\left\1486.jpg p01\right\1486.jpg p01\grid\1486.jpg day16/0163.jpg left 859.0,276.0 -0.02399814,0.4713746 -4.352568,9.821968,529.6263 0.19893805555555555,0.19893799999999998 483,283,751,551 519,351,586,391 653,357,720,397
p01\face\1487.jpg p01\left\1487.jpg p01\right\1487.jpg p01\grid\1487.jpg day20/0309.jpg left 481.0,307.0 -0.073428385,0.1796119 -32.78601,-106.85004,543.294 0.19893805555555555,0.19893799999999998 429,58,691,320 465,121,532,161 597,133,661,171
p01\face\1488.jpg p01\left\1488.jpg p01\right\1488.jpg p01\grid\1488.jpg day12/0538.jpg left 284.0,115.0 -0.09926119,0.24562404 17.037277,-28.094543,501.44006 0.19893805555555555,0.19893799999999998 521,202,801,482 557,268,629,311 701,282,767,321
p01\face\1489.jpg p01\left\1489.jpg p01\right\1489.jpg p01\grid\1489.jpg day32/0015.jpg left 609.0,694.0 -0.07094254,0.28805622 -23.366987,-22.148321,507.1775 0.19893805555555555,0.19893799999999998 436,214,718,496 473,283,546,326 613,291,685,334
p01\face\1490.jpg p01\left\1490.jpg p01\right\1490.jpg p01\grid\1490.jpg day62/0156.jpg left 605.0,466.0 -0.0357126,0.37859377 1.20075,-25.733582,444.25613 0.19893805555555555,0.19893799999999998 467,185,786,504 510,263,592,312 671,276,750,323
p01\face\1491.jpg p01\left\1491.jpg p01\right\1491.jpg p01\grid\1491.jpg day15/0265.jpg left 1238.0,591.0 0.000915347,-0.19375195 -37.82538,-35.903637,358.01746 0.19893805555555555,0.19893799999999998 314,116,707,509 371,212,464,267 564,227,666,288
p01\face\1492.jpg p01\left\1492.jpg p01\right\1492.jpg p01\grid\1492.jpg day31/0197.jpg left 519.0,34.0 -0.082187146,0.4655913 -8.584979,-7.908355,538.9638 0.19893805555555555,0.19893799999999998 476,249,738,511 512,313,579,353 645,327,708,364
p01\face\1493.jpg p01\left\1493.jpg p01\right\1493.jpg p01\grid\1493.jpg day60/0133.jpg left 1275.0,200.0 -0.37676066,-0.15336177 -32.74246,0.076965,415.5416 0.19893805555555555,0.19893799999999998 377,249,699,571 425,332,497,375 584,328,665,376
p01\face\1494.jpg p01\left\1494.jpg p01\right\1494.jpg p01\grid\1494.jpg day06/0190.jpg left 754.0,132.0 -0.002971712,0.38396904 13.697136,-13.647194,474.90457 0.19893805555555555,0.19893799999999998 505,224,802,521 548,296,621,339 695,308,770,353
p01\face\1495.jpg p01\left\1495.jpg p01\right\1495.jpg p01\grid\1495.jpg day37/0402.jpg left 293.0,762.0 0.03533612,-0.06972651 29.761242,28.275602,467.89517 0.19893805555555555,0.19893799999999998 541,318,841,618 581,388,659,434 734,404,806,447
p01\face\1496.jpg p01\left\1496.jpg p01\right\1496.jpg p01\grid\1496.jpg day43/0400.jpg left 209.0,136.0 -0.11849877,0.4516747 -14.033363,10.780433,576.9917 0.19893805555555555,0.19893799999999998 477,291,721,535 509,350,573,388 633,361,693,397
p01\face\1497.jpg p01\left\1497.jpg p01\right\1497.jpg p01\grid\1497.jpg day41/0020.jpg left 651.0,218.0 -0.020520404,0.3147562 19.022232,-23.391947,524.04425 0.19893805555555555,0.19893799999999998 527,217,797,487 564,281,633,322 701,294,767,333
p01\face\1498.jpg p01\left\1498.jpg p01\right\1498.jpg p01\grid\1498.jpg day38/0285.jpg left 663.0,264.0 -0.0058138813,0.40803036 28.46448,-34.809845,405.9802 0.19893805555555555,0.19893799999999998 521,144,872,495 570,230,658,282 748,247,833,298
p01\face\1499.jpg p01\left\1499.jpg p01\right\1499.jpg p01\grid\1499.jpg day67/0307.jpg left 893.0,111.0 -0.08323866,0.33725336 -24.220655,-21.777077,523.0806 0.19893805555555555,0.19893799999999998 439,218,713,492 475,286,545,328 614,294,681,334
p01\face\1500.jpg p01\left\1500.jpg p01\right\1500.jpg p01\grid\1500.jpg day59/0466.jpg left 1240.0,773.0 0.022909708,-0.09814382 -36.477535,3.371964,412.03198 0.19893805555555555,0.19893799999999998 360,249,702,591 410,334,489,381 576,342,666,396
p01\face\1501.jpg p01\left\1501.jpg p01\right\1501.jpg p01\grid\1501.jpg day59/0223.jpg right 45.0,91.0 0.034748647,-0.0036483635 39.250065,27.452627,408.38492 0.19893805555555555,0.19893799999999998 553,312,898,657 599,393,687,445 774,407,858,457
p01\face\1502.jpg p01\left\1502.jpg p01\right\1502.jpg p01\grid\1502.jpg day16/0089.jpg right 1340.0,658.0 -0.007586981,-0.12202311 -14.0638,-0.874491,409.7187 0.19893805555555555,0.19893799999999998 420,240,757,577 468,327,546,373 635,330,720,381
p01\face\1503.jpg p01\left\1503.jpg p01\right\1503.jpg p01\grid\1503.jpg day26/0047.jpg right 538.0,677.0 0.24874406,-0.011399162 29.479929,-36.596703,503.62854 0.19893805555555555,0.19893799999999998 551,188,825,462 586,252,661,297 722,258,794,301
p01\face\1504.jpg p01\left\1504.jpg p01\right\1504.jpg p01\grid\1504.jpg day58/0366.jpg right 327.0,823.0 -0.0155719025,0.37104872 11.021054,-12.454334,552.33136 0.19893805555555555,0.19893799999999998 517,243,775,501 552,307,618,346 681,316,745,354
p01\face\1505.jpg p01\left\1505.jpg p01\right\1505.jpg p01\grid\1505.jpg day15/0043.jpg right 927.0,194.0 0.028617179,-0.16988885 -2.531893,-55.966053,498.22223 0.19893805555555555,0.19893799999999998 480,142,762,424 519,214,586,254 658,217,730,260
p01\face\1506.jpg p01\left\1506.jpg p01\right\1506.jpg p01\grid\1506.jpg day58/0394.jpg right 176.0,644.0 0.04549726,-0.228112 32.464283,-34.068542,439.01917 0.19893805555555555,0.19893799999999998 540,165,858,483 585,238,667,287 747,260,823,305
p01\face\1507.jpg p01\left\1507.jpg p01\right\1507.jpg p01\grid\1507.jpg day52/0276.jpg right 1187.0,661.0 0.021404158,-0.22814184 -2.985,-22.769894,412.6071 0.19893805555555555,0.19893799999999998 450,183,787,520 497,271,575,317 662,273,749,325
p01\face\1508.jpg p01\left\1508.jpg p01\right\1508.jpg p01\grid\1508.jpg day19/0197.jpg right 1221.0,419.0 -0.00034561282,0.3780789 -13.671653,-21.474459,422.57382 0.19893805555555555,0.19893799999999998 425,189,758,522 471,276,549,322 636,278,720,328
p01\face\1509.jpg p01\left\1509.jpg p01\right\1509.jpg p01\grid\1509.jpg day04/0285.jpg right 237.0,586.0 -0.043742392,0.4046731 7.322514,-3.111769,509.02222 0.19893805555555555,0.19893799999999998 502,255,779,532 538,323,610,366 679,331,746,371
p01\face\1510.jpg p01\left\1510.jpg p01\right\1510.jpg p01\grid\1510.jpg day25/0065.jpg right 1197.0,576.0 -0.024203034,0.4362478 -29.758879,16.143488,571.7257 0.19893805555555555,0.19893799999999998 445,300,694,549 481,363,541,399 603,369,667,407
p01\face\1511.jpg p01\left\1511.jpg p01\right\1511.jpg p01\grid\1511.jpg day03/0121.jpg right 861.0,343.0 0.0130057745,0.44788414 -6.036111,25.658436,537.95953 0.19893805555555555,0.19893799999999998 481,316,745,580 518,383,582,421 649,388,716,428
p01\face\1512.jpg p01\left\1512.jpg p01\right\1512.jpg p01\grid\1512.jpg day22/0236.jpg right 502.0,810.0 -0.086762585,-0.08585749 29.961458,15.787339,568.45337 0.19893805555555555,0.19893799999999998 558,301,805,548 588,364,651,401 719,367,773,399
p01\face\1513.jpg p01\left\1513.jpg p01\right\1513.jpg p01\grid\1513.jpg day51/0202.jpg right 1426.0,120.0 0.0012349422,-0.050314598 -10.450349,28.42993,502.93115 0.19893805555555555,0.19893799999999998 463,322,742,601 504,391,570,430 640,396,713,439
p01\face\1514.jpg p01\left\1514.jpg p01\right\1514.jpg p01\grid\1514.jpg day52/0313.jpg right 173.0,579.0 0.02060948,0.32881287 45.735035,1.131151,508.12793 0.19893805555555555,0.19893799999999998 579,263,859,543 617,330,690,373 760,343,827,383
p01\face\1515.jpg p01\left\1515.jpg p01\right\1515.jpg p01\grid\1515.jpg day53/0602.jpg right 1397.0,830.0 0.09353589,-0.14481004 40.789944,-10.715082,462.17587 0.19893805555555555,0.19893799999999998 565,229,866,530 610,301,682,344 759,315,835,360
p01\face\1516.jpg p01\left\1516.jpg p01\right\1516.jpg p01\grid\1516.jpg day04/0205.jpg right 993.0,89.0 0.09225702,0.44279972 8.986331,0.943264,559.8349 0.19893805555555555,0.19893799999999998 516,270,769,523 552,337,612,373 676,338,742,377
p01\face\1517.jpg p01\left\1517.jpg p01\right\1517.jpg p01\grid\1517.jpg day13/0069.jpg right 799.0,572.0 -0.11049148,0.3995201 -36.992794,-44.326687,525.7732 0.19893805555555555,0.19893799999999998 415,173,685,443 451,240,520,281 588,251,654,290
p01\face\1518.jpg p01\left\1518.jpg p01\right\1518.jpg p01\grid\1518.jpg day35/0129.jpg right 30.0,739.0 -0.024260212,0.3265691 41.110947,-36.47556,510.6875 0.19893805555555555,0.19893799999999998 571,186,847,462 608,251,680,294 750,267,814,305
p01\face\1519.jpg p01\left\1519.jpg p01\right\1519.jpg p01\grid\1519.jpg day31/0311.jpg right 179.0,744.0 0.01707161,0.4262508 40.91654,30.112202,617.8509 0.19893805555555555,0.19893799999999998 581,329,810,558 611,384,671,420 728,393,783,426
p01\face\1520.jpg p01\left\1520.jpg p01\right\1520.jpg p01\grid\1520.jpg day41/0485.jpg right 1183.0,506.0 0.020434652,0.35532326 -3.394942,-10.805028,576.2023 0.19893805555555555,0.19893799999999998 497,252,743,498 531,316,589,350 651,317,715,355
p01\face\1521.jpg p01\left\1521.jpg p01\right\1521.jpg p01\grid\1521.jpg day14/0033.jpg right 1240.0,273.0 0.035457127,0.26681593 -18.095621,-18.526194,442.39478 0.19893805555555555,0.19893799999999998 422,204,741,523 467,285,543,330 623,288,707,338
p01\face\1522.jpg p01\left\1522.jpg p01\right\1522.jpg p01\grid\1522.jpg day53/0267.jpg right 1326.0,840.0 0.060350258,-0.16774961 6.364678,-27.054516,447.90024 0.19893805555555555,0.19893799999999998 485,187,795,497 529,265,602,308 682,272,761,319
p01\face\1523.jpg p01\left\1523.jpg p01\right\1523.jpg p01\grid\1523.jpg day06/0260.jpg right 282.0,317.0 -0.004819915,0.30796593 22.141092,-36.93782,562.5658 0.19893805555555555,0.19893799999999998 541,201,791,451 575,262,638,299 702,272,763,308
p01\face\1524.jpg p01\left\1524.jpg p01\right\1524.jpg p01\grid\1524.jpg day14/0063.jpg right 981.0,431.0 -0.012452565,0.33691654 -26.967535,4.41626,433.76575 0.19893805555555555,0.19893799999999998 394,256,722,584 441,339,519,385 603,344,687,394
p01\face\1525.jpg p01\left\1525.jpg p01\right\1525.jpg p01\grid\1525.jpg day52/0569.jpg right 374.0,578.0 -0.045348167,0.37747136 5.160885,18.203775,548.34296 0.19893805555555555,0.19893799999999998 506,303,765,562 540,366,606,405 671,375,734,412
p01\face\1526.jpg p01\left\1526.jpg p01\right\1526.jpg p01\grid\1526.jpg day17/0235.jpg right 708.0,31.0 0.017359069,-0.2052075 10.01841,-36.895374,467.62897 0.19893805555555555,0.19893799999999998 498,171,796,469 538,244,613,289 689,255,762,298
p01\face\1527.jpg p01\left\1527.jpg p01\right\1527.jpg p01\grid\1527.jpg day49/0364.jpg right 4.0,364.0 -0.033378813,0.41152424 44.152992,-0.488377,501.00006 0.19893805555555555,0.19893799999999998 576,258,858,540 614,325,687,368 759,341,825,380
p01\face\1528.jpg p01\left\1528.jpg p01\right\1528.jpg p01\grid\1528.jpg day07/0121.jpg right 645.0,411.0 0.055035364,-0.21846269 29.683788,-30.354677,477.09216 0.19893805555555555,0.19893799999999998 543,188,837,482 584,262,657,305 731,270,804,313
p01\face\1529.jpg p01\left\1529.jpg p01\right\1529.jpg p01\grid\1529.jpg day25/0069.jpg right 1047.0,662.0 -0.014003718,-0.100985445 15.17623,13.601359,487.379 0.19893805555555555,0.19893799999999998 516,289,802,575 554,363,623,404 698,363,768,405
p01\face\1530.jpg p01\left\1530.jpg p01\right\1530.jpg p01\grid\1530.jpg day10/0048.jpg right 1083.0,53.0 -0.020963356,0.3719952 -20.523865,-1.16787,487.974 0.19893805555555555,0.19893799999999998 434,255,723,544 476,327,545,368 620,335,693,378
p01\face\1531.jpg p01\left\1531.jpg p01\right\1531.jpg p01\grid\1531.jpg day62/0068.jpg right 1035.0,502.0 0.048397217,-0.13444813 -13.146864,-13.485079,288.43182 0.19893805555555555,0.19893799999999998 334,145,814,625 405,264,514,329 640,278,763,351
p01\face\1532.jpg p01\left\1532.jpg p01\right\1532.jpg p01\grid\1532.jpg day67/0279.jpg right 1376.0,637.0 0.010736763,-0.105479784 -7.822083,51.47132,458.64648 0.19893805555555555,0.19893799999999998 456,372,759,675 498,448,571,491 647,453,725,499
p01\face\1533.jpg p01\left\1533.jpg p01\right\1533.jpg p01\grid\1533.jpg day17/0043.jpg right 559.0,124.0 -0.043254882,0.4677786 -1.143592,27.87384,508.78613 0.19893805555555555,0.19893799999999998 482,318,762,598 520,387,590,429 661,396,730,437
p01\face\1534.jpg p01\left\1534.jpg p01\right\1534.jpg p01\grid\1534.jpg day58/0573.jpg right 277.0,577.0 -0.060794067,0.36465296 9.771165,-28.474789,504.22852 0.19893805555555555,0.19893799999999998 504,200,784,480 542,267,615,310 685,281,752,321
p01\face\1535.jpg p01\left\1535.jpg p01\right\1535.jpg p01\grid\1535.jpg day14/0165.jpg right 996.0,184.0 0.0026910694,-0.14246552 -15.101376,-39.09768,493.61026 0.19893805555555555,0.19893799999999998 450,176,735,461 490,247,559,288 631,253,704,296
p01\face\1536.jpg p01\left\1536.jpg p01\right\1536.jpg p01\grid\1536.jpg day22/0153.jpg right 136.0,361.0 -0.116358094,0.41053686 14.858288,26.118029,491.99918 0.19893805555555555,0.19893799999999998 515,315,803,603 549,384,628,431 695,392,765,434
p01\face\1537.jpg p01\left\1537.jpg p01\right\1537.jpg p01\grid\1537.jpg day17/0425.jpg right 551.0,507.0 -0.07236213,0.32304737 -7.12179,-31.887985,423.87134 0.19893805555555555,0.19893799999999998 438,161,777,500 481,245,569,297 653,256,735,305
p01\face\1538.jpg p01\left\1538.jpg p01\right\1538.jpg p01\grid\1538.jpg day56/0067.jpg right 379.0,678.0 -0.0021825698,0.37288463 27.336193,1.223245,466.2873 0.19893805555555555,0.19893799999999998 532,254,839,561 574,327,653,374 729,342,804,387
p01\face\1539.jpg p01\left\1539.jpg p01\right\1539.jpg p01\grid\1539.jpg day20/0158.jpg right 1349.0,678.0 0.042430237,0.27447402 -7.32022,4.128052,501.49466 0.19893805555555555,0.19893799999999998 469,270,751,552 509,341,576,381 647,344,720,387
p01\face\1540.jpg p01\left\1540.jpg p01\right\1540.jpg p01\grid\1540.jpg day38/0412.jpg right 389.0,529.0 0.02784044,-0.14650008 3.347872,8.028183,460.60306 0.19893805555555555,0.19893799999999998 481,272,782,573 522,345,597,390 675,357,748,400
p01\face\1541.jpg p01\left\1541.jpg p01\right\1541.jpg p01\grid\1541.jpg day20/0370.jpg right 610.0,659.0 0.026638051,0.33277398 42.98543,-38.559032,609.2941 0.19893805555555555,0.19893799999999998 584,209,816,441 615,267,673,301 732,274,789,308
p01\face\1542.jpg p01\left\1542.jpg p01\right\1542.jpg p01\grid\1542.jpg day49/0034.jpg right 1295.0,532.0 -0.025064921,-0.25507638 -14.342127,-26.88136,566.2418 0.19893805555555555,0.19893799999999998 475,221,721,467 510,283,570,319 631,289,694,326
p01\face\1543.jpg p01\left\1543.jpg p01\right\1543.jpg p01\grid\1543.jpg day53/0401.jpg right 817.0,769.0 -0.008397377,0.48058036 0.834651,15.247292,502.97836 0.19893805555555555,0.19893799999999998 485,290,770,575 523,362,593,404 666,369,736,411
p01\face\1544.jpg p01\left\1544.jpg p01\right\1544.jpg p01\grid\1544.jpg day45/0541.jpg right 34.0,55.0 -0.018232413,0.42441034 35.846928,16.120651,513.4221 0.19893805555555555,0.19893799999999998 560,295,836,571 597,360,670,403 737,374,804,414
p01\face\1545.jpg p01\left\1545.jpg p01\right\1545.jpg p01\grid\1545.jpg day41/0037.jpg right 984.0,621.0 -0.0068999156,-0.23694646 -4.783874,14.027753,584.5781 0.19893805555555555,0.19893799999999998 498,299,736,537 530,359,590,395 649,365,709,401
p01\face\1546.jpg p01\left\1546.jpg p01\right\1546.jpg p01\grid\1546.jpg day15/0016.jpg right 1246.0,111.0 0.025469286,-0.20315854 1.577313,-67.004,512.7287 0.19893805555555555,0.19893799999999998 493,126,766,399 531,196,595,234 665,198,735,240
p01\face\1547.jpg p01\left\1547.jpg p01\right\1547.jpg p01\grid\1547.jpg day58/0697.jpg right 555.0,283.0 -0.005868014,0.4683729 10.633412,5.16117,468.25797 0.19893805555555555,0.19893799999999998 496,262,802,568 537,339,613,384 691,348,766,393
p01\face\1548.jpg p01\left\1548.jpg p01\right\1548.jpg p01\grid\1548.jpg day49/0105.jpg right 790.0,467.0 0.05221891,0.4594474 13.865096,28.887186,527.0976 0.19893805555555555,0.19893799999999998 518,321,789,592 555,391,622,431 689,393,758,434
p01\face\1549.jpg p01\left\1549.jpg p01\right\1549.jpg p01\grid\1549.jpg day16/0316.jpg right 498.0,75.0 -0.04972105,0.30882347 14.083894,-33.8242,453.6047 0.19893805555555555,0.19893799999999998 501,171,813,483 543,246,622,293 701,260,776,305
p01\face\1550.jpg p01\left\1550.jpg p01\right\1550.jpg p01\grid\1550.jpg day37/0487.jpg right 1366.0,436.0 0.055768616,0.009032832 11.977991,20.835112,477.79407 0.19893805555555555,0.19893799999999998 503,304,795,596 547,374,616,415 691,384,766,429
p01\face\1551.jpg p01\left\1551.jpg p01\right\1551.jpg p01\grid\1551.jpg day12/0080.jpg right 1380.0,370.0 0.06881625,0.38006607 -32.17293,3.869153,479.57388 0.19893805555555555,0.19893799999999998 409,265,703,559 449,344,518,385 593,339,669,384
p01\face\1552.jpg p01\left\1552.jpg p01\right\1552.jpg p01\grid\1552.jpg day01/0504.jpg right 438.0,99.0 -0.013248757,0.40301526 25.841473,20.286966,547.1896 0.19893805555555555,0.19893799999999998 546,307,805,566 580,371,646,410 711,378,774,415
p01\face\1553.jpg p01\left\1553.jpg p01\right\1553.jpg p01\grid\1553.jpg day63/0475.jpg right 228.0,572.0 -0.09102263,0.44659585 2.580647,-55.313362,578.3724 0.19893805555555555,0.19893799999999998 509,171,749,411 541,228,604,265 663,243,721,277
p01\face\1554.jpg p01\left\1554.jpg p01\right\1554.jpg p01\grid\1554.jpg day20/0489.jpg right 1327.0,342.0 0.05987869,0.004737691 9.436061,16.631058,418.2876 0.19893805555555555,0.19893799999999998 482,286,816,620 530,370,608,416 693,374,780,426
p01\face\1555.jpg p01\left\1555.jpg p01\right\1555.jpg p01\grid\1555.jpg day53/0713.jpg right 185.0,789.0 -0.119516425,-0.14490978 21.06171,-25.491852,439.12183 0.19893805555555555,0.19893799999999998 513,188,829,504 558,261,637,308 721,279,794,322
p01\face\1556.jpg p01\left\1556.jpg p01\right\1556.jpg p01\grid\1556.jpg day62/0143.jpg right 780.0,392.0 0.007410496,0.38383213 10.461692,-21.041082,473.90497 0.19893805555555555,0.19893799999999998 498,207,796,505 539,280,614,325 690,292,763,335
p01\face\1557.jpg p01\left\1557.jpg p01\right\1557.jpg p01\grid\1557.jpg day53/0498.jpg right 443.0,664.0 -0.029553676,0.34630927 14.98453,-42.229275,534.06146 0.19893805555555555,0.19893799999999998 522,180,789,447 556,247,625,288 692,256,756,294
p01\face\1558.jpg p01\left\1558.jpg p01\right\1558.jpg p01\grid\1558.jpg day19/0029.jpg right 647.0,458.0 0.04818658,-0.26544195 14.574683,2.005418,400.28577 0.19893805555555555,0.19893799999999998 489,244,831,586 538,325,623,376 711,345,793,394
p01\face\1559.jpg p01\left\1559.jpg p01\right\1559.jpg p01\grid\1559.jpg day47/0236.jpg right 1335.0,627.0 0.019111358,0.42957464 -2.74537,31.463675,517.02216 0.19893805555555555,0.19893799999999998 482,326,758,602 519,395,589,437 655,399,727,442
p01\face\1560.jpg p01\left\1560.jpg p01\right\1560.jpg p01\grid\1560.jpg day53/0594.jpg right 1324.0,779.0 0.060511418,-0.14499776 17.915268,-11.394443,460.81253 0.19893805555555555,0.19893799999999998 514,227,817,530 558,303,628,345 707,310,785,356
p01\face\1561.jpg p01\left\1561.jpg p01\right\1561.jpg p01\grid\1561.jpg day54/0369.jpg right 134.0,18.0 -0.058496065,0.33890322 11.501767,-40.970226,490.65707 0.19893805555555555,0.19893799999999998 505,168,794,457 542,239,618,284 690,251,759,292
p01\face\1562.jpg p01\left\1562.jpg p01\right\1562.jpg p01\grid\1562.jpg day08/0124.jpg right 729.0,278.0 -0.03843394,0.42577073 -18.312653,17.447973,605.81433 0.19893805555555555,0.19893799999999998 477,306,711,540 508,366,566,400 626,370,683,404
p01\face\1563.jpg p01\left\1563.jpg p01\right\1563.jpg p01\grid\1563.jpg day08/0032.jpg right 767.0,896.0 -0.028907422,0.32818592 -8.35004,2.145744,565.2948 0.19893805555555555,0.19893799999999998 485,275,735,525 519,338,580,374 645,343,706,379
p01\face\1564.jpg p01\left\1564.jpg p01\right\1564.jpg p01\grid\1564.jpg day01/0294.jpg right 622.0,545.0 0.011675706,0.3836474 -1.532502,24.777802,577.0124 0.19893805555555555,0.19893799999999998 499,317,746,564 533,380,594,416 657,384,718,420
p01\face\1565.jpg p01\left\1565.jpg p01\right\1565.jpg p01\grid\1565.jpg day55/0366.jpg right 595.0,767.0 -0.023019457,0.5056094 -6.30854,34.220474,546.02716 0.19893805555555555,0.19893799999999998 483,331,745,593 517,399,584,439 649,403,713,441
p01\face\1566.jpg p01\left\1566.jpg p01\right\1566.jpg p01\grid\1566.jpg day47/0137.jpg right 352.0,232.0 -0.055926185,0.4503496 1.925029,-11.066489,558.286 0.19893805555555555,0.19893799999999998 503,248,755,500 536,310,602,349 664,319,725,355
p01\face\1567.jpg p01\left\1567.jpg p01\right\1567.jpg p01\grid\1567.jpg day67/0236.jpg right 296.0,771.0 -0.05223885,0.47096306 8.06766,22.201937,464.19302 0.19893805555555555,0.19893799999999998 489,301,796,608 529,375,610,423 685,388,760,433
p01\face\1568.jpg p01\left\1568.jpg p01\right\1568.jpg p01\grid\1568.jpg day43/0392.jpg right 186.0,718.0 -0.108334064,0.42868084 -9.212787,20.090296,573.21497 0.19893805555555555,0.19893799999999998 485,309,731,555 517,367,583,406 642,378,702,414
p01\face\1569.jpg p01\left\1569.jpg p01\right\1569.jpg p01\grid\1569.jpg day55/0037.jpg right 1062.0,203.0 0.050588787,0.35951933 8.330602,-31.202744,465.21323 0.19893805555555555,0.19893799999999998 490,181,794,485 535,257,607,300 685,266,763,312
p01\face\1570.jpg p01\left\1570.jpg p01\right\1570.jpg p01\grid\1570.jpg day28/0214.jpg right 1394.0,743.0 0.06743354,0.2610286 6.352282,-37.838524,592.6427 0.19893805555555555,0.19893799999999998 518,207,756,445 551,269,608,303 669,270,730,306
p01\face\1571.jpg p01\left\1571.jpg p01\right\1571.jpg p01\grid\1571.jpg day27/0398.jpg right 520.0,133.0 0.14295955,0.44963175 73.23517,13.174481,551.4455 0.19893805555555555,0.19893799999999998 640,292,898,550 672,361,736,399 801,360,865,398
p01\face\1572.jpg p01\left\1572.jpg p01\right\1572.jpg p01\grid\1572.jpg day55/0252.jpg right 1389.0,597.0 -0.023643844,-0.15525986 -24.806412,0.747404,432.92532 0.19893805555555555,0.19893799999999998 403,248,725,570 449,331,524,376 607,334,691,384
p01\face\1573.jpg p01\left\1573.jpg p01\right\1573.jpg p01\grid\1573.jpg day51/0422.jpg right 629.0,474.0 -0.077598795,0.3648843 -9.550264,-16.072254,449.91812 0.19893805555555555,0.19893799999999998 443,210,759,526 485,286,567,335 646,301,722,346
p01\face\1574.jpg p01\left\1574.jpg p01\right\1574.jpg p01\grid\1574.jpg day66/0072.jpg right 1362.0,212.0 0.038040567,0.3464195 3.713657,-33.19124,461.1786 0.19893805555555555,0.19893799999999998 480,175,787,482 522,253,597,298 675,259,753,305
p01\face\1575.jpg p01\left\1575.jpg p01\right\1575.jpg p01\grid\1575.jpg day03/0037.jpg right 315.0,201.0 -0.18914059,0.43253645 -59.19713,15.021573,513.1183 0.19893805555555555,0.19893799999999998 364,292,641,569 400,360,472,403 542,370,608,409
p01\face\1576.jpg p01\left\1576.jpg p01\right\1576.jpg p01\grid\1576.jpg day49/0201.jpg right 347.0,114.0 -0.015613908,0.34945908 28.747284,-21.626657,443.19574 0.19893805555555555,0.19893799999999998 532,195,853,516 575,272,657,321 738,287,816,333
p01\face\1577.jpg p01\left\1577.jpg p01\right\1577.jpg p01\grid\1577.jpg day42/0106.jpg right 1185.0,152.0 0.031428218,-0.06708155 -54.365517,-4.220583,616.3552 0.19893805555555555,0.19893799999999998 417,269,649,501 450,330,504,362 566,331,623,365
p01\face\1578.jpg p01\left\1578.jpg p01\right\1578.jpg p01\grid\1578.jpg day45/0002.jpg right 187.0,624.0 -0.061981704,-0.21877372 -11.645852,-54.4254,479.12128 0.19893805555555555,0.19893799999999998 451,137,743,429 490,205,568,251 639,221,709,263
p01\face\1579.jpg p01\left\1579.jpg p01\right\1579.jpg p01\grid\1579.jpg day20/0250.jpg right 1214.0,827.0 0.005024282,-0.113012 -25.541018,19.82722,358.91708 0.19893805555555555,0.19893799999999998 355,284,742,671 410,379,501,433 602,391,699,449
p01\face\1580.jpg p01\left\1580.jpg p01\right\1580.jpg p01\grid\1580.jpg day22/0198.jpg right 549.0,833.0 -0.14096418,0.4384683 -38.958965,-9.989302,551.96796 0.19893805555555555,0.19893799999999998 422,248,678,504 456,311,523,351 585,321,648,358
p01\face\1581.jpg p01\left\1581.jpg p01\right\1581.jpg p01\grid\1581.jpg day18/0065.jpg right 1384.0,375.0 0.086902656,-0.107693315 -71.91906,-51.125885,380.4793 0.19893805555555555,0.19893799999999998 244,89,616,461 293,190,378,241 477,181,570,236
p01\face\1582.jpg p01\left\1582.jpg p01\right\1582.jpg p01\grid\1582.jpg day27/0072.jpg right 1291.0,165.0 0.0182544,0.35341725 -28.630907,1.005084,470.15152 0.19893805555555555,0.19893799999999998 411,257,711,557 453,335,523,377 601,335,677,380
p01\face\1583.jpg p01\left\1583.jpg p01\right\1583.jpg p01\grid\1583.jpg day37/0013.jpg right 495.0,750.0 -0.033993594,-0.07917869 -2.006741,1.79649,414.5529 0.19893805555555555,0.19893799999999998 453,246,792,585 494,334,581,386 666,334,748,383
p01\face\1584.jpg p01\left\1584.jpg p01\right\1584.jpg p01\grid\1584.jpg day49/0041.jpg right 758.0,438.0 0.004460819,0.34572327 -12.827223,-30.720062,576.16113 0.19893805555555555,0.19893799999999998 480,215,726,461 513,279,574,315 634,281,697,318
p01\face\1585.jpg p01\left\1585.jpg p01\right\1585.jpg p01\grid\1585.jpg day48/0106.jpg right 116.0,47.0 -0.06303225,0.33157885 22.682304,-16.87209,544.2215 0.19893805555555555,0.19893799999999998 540,235,798,493 574,296,641,336 706,309,767,345
p01\face\1586.jpg p01\left\1586.jpg p01\right\1586.jpg p01\grid\1586.jpg day48/0188.jpg right 443.0,108.0 -0.16691022,-0.061395597 14.046748,5.254355,572.3899 0.19893805555555555,0.19893799999999998 529,284,772,527 561,342,622,378 687,350,742,383
p01\face\1587.jpg p01\left\1587.jpg p01\right\1587.jpg p01\grid\1587.jpg day49/0458.jpg right 318.0,344.0 -0.08169578,0.3481838 -4.532296,-39.40462,602.65 0.19893805555555555,0.19893799999999998 502,207,734,439 532,265,590,299 651,273,706,306
p01\face\1588.jpg p01\left\1588.jpg p01\right\1588.jpg p01\grid\1588.jpg day20/0225.jpg right 731.0,698.0 -0.09299622,0.4426651 -30.267933,33.290154,499.69733 0.19893805555555555,0.19893799999999998 419,329,705,615 456,401,528,444 600,406,670,448
p01\face\1589.jpg p01\left\1589.jpg p01\right\1589.jpg p01\grid\1589.jpg day16/0240.jpg right 1021.0,523.0 -0.18258488,-0.15314671 -5.169726,-9.207537,495.04633 0.19893805555555555,0.19893799999999998 473,241,755,523 511,313,580,354 651,313,723,356
p01\face\1590.jpg p01\left\1590.jpg p01\right\1590.jpg p01\grid\1590.jpg day41/0196.jpg right 630.0,225.0 -0.034001082,0.36393481 28.298424,-22.508892,520.9399 0.19893805555555555,0.19893799999999998 546,217,817,488 582,282,652,324 721,296,785,334
p01\face\1591.jpg p01\left\1591.jpg p01\right\1591.jpg p01\grid\1591.jpg day49/0245.jpg right 1140.0,156.0 0.0011101351,0.33086315 -26.641577,-41.089832,543.22943 0.19893805555555555,0.19893799999999998 443,186,704,447 479,254,542,291 609,258,675,297
p01\face\1592.jpg p01\left\1592.jpg p01\right\1592.jpg p01\grid\1592.jpg day17/0553.jpg right 831.0,455.0 -0.014666978,0.5129124 -7.833464,12.742748,431.64395 0.19893805555555555,0.19893799999999998 440,273,771,604 485,359,566,407 650,364,734,414
p01\face\1593.jpg p01\left\1593.jpg p01\right\1593.jpg p01\grid\1593.jpg day22/0061.jpg right 986.0,677.0 -0.0520996,0.35782662 -15.449739,-9.577773,461.33566 0.19893805555555555,0.19893799999999998 435,228,745,538 476,307,554,353 631,312,709,358
p01\face\1594.jpg p01\left\1594.jpg p01\right\1594.jpg p01\grid\1594.jpg day51/0088.jpg right 1408.0,372.0 -0.009576524,0.3080874 -61.398003,11.478759,539.1066 0.19893805555555555,0.19893799999999998 375,289,639,553 411,360,472,396 539,355,608,396
p01\face\1595.jpg p01\left\1595.jpg p01\right\1595.jpg p01\grid\1595.jpg day52/0094.jpg right 988.0,685.0 -0.033082798,-0.20763373 -27.877945,-18.693663,489.02136 0.19893805555555555,0.19893799999999998 421,218,707,504 461,289,531,331 603,297,676,340
p01\face\1596.jpg p01\left\1596.jpg p01\right\1596.jpg p01\grid\1596.jpg day13/0197.jpg right 926.0,597.0 -0.053057954,-0.31707382 -37.672672,-45.86305,503.32535 0.19893805555555555,0.19893799999999998 406,164,683,441 444,232,514,274 583,244,652,285
p01\face\1597.jpg p01\left\1597.jpg p01\right\1597.jpg p01\grid\1597.jpg day37/0357.jpg right 0.0,331.0 -0.07257216,0.33135748 24.370836,-15.248033,536.0118 0.19893805555555555,0.19893799999999998 541,236,803,498 575,297,645,339 711,313,772,349
p01\face\1598.jpg p01\left\1598.jpg p01\right\1598.jpg p01\grid\1598.jpg day61/0301.jpg right 603.0,634.0 -0.005524661,-0.27960193 -8.186537,-36.332157,457.9762 0.19893805555555555,0.19893799999999998 452,168,756,472 494,241,572,287 647,255,722,300
p01\face\1599.jpg p01\left\1599.jpg p01\right\1599.jpg p01\grid\1599.jpg day07/0264.jpg right 79.0,882.0 0.0025235729,0.32951447 34.36901,-13.447742,491.38815 0.19893805555555555,0.19893799999999998 555,229,843,517 592,298,667,343 741,311,808,351
p01\face\1600.jpg p01\left\1600.jpg p01\right\1600.jpg p01\grid\1600.jpg day04/0605.jpg right 637.0,117.0 -0.089348584,0.27987134 -26.451979,-22.735376,491.99097 0.19893805555555555,0.19893799999999998 425,210,711,496 463,280,535,323 608,290,677,331
p01\face\1601.jpg p01\left\1601.jpg p01\right\1601.jpg p01\grid\1601.jpg day03/0200.jpg right 1248.0,618.0 -0.11126146,-0.13695154 -102.318665,38.436844,486.78906 0.19893805555555555,0.19893799999999998 198,280,609,691 296,416,366,458 440,417,516,462
p01\face\1602.jpg p01\left\1602.jpg p01\right\1602.jpg p01\grid\1602.jpg day67/0242.jpg right 1173.0,147.0 0.0004964492,0.41699073 -5.38853,12.976886,469.6735 0.19893805555555555,0.19893799999999998 459,282,762,585 504,356,577,399 653,367,731,413
p01\face\1603.jpg p01\left\1603.jpg p01\right\1603.jpg p01\grid\1603.jpg day06/0053.jpg right 1364.0,474.0 0.028997598,-0.10562427 -5.011558,-6.762122,505.956 0.19893805555555555,0.19893799999999998 478,248,755,525 516,320,582,359 651,320,724,363
p01\face\1604.jpg p01\left\1604.jpg p01\right\1604.jpg p01\grid\1604.jpg day60/0135.jpg right 1069.0,272.0 0.06228274,0.040396217 -26.800146,6.662709,412.23935 0.19893805555555555,0.19893799999999998 385,258,728,601 434,346,515,394 601,347,692,401
p01\face\1605.jpg p01\left\1605.jpg p01\right\1605.jpg p01\grid\1605.jpg day43/0578.jpg right 264.0,550.0 -0.028673168,0.37214386 27.62784,23.019056,522.22675 0.19893805555555555,0.19893799999999998 545,310,818,583 580,375,652,418 719,386,785,425
p01\face\1606.jpg p01\left\1606.jpg p01\right\1606.jpg p01\grid\1606.jpg day41/0337.jpg right 524.0,441.0 -0.08325092,0.35887566 -22.91792,21.188705,576.6252 0.19893805555555555,0.19893799999999998 461,310,710,559 491,374,557,413 618,375,678,411
p01\face\1607.jpg p01\left\1607.jpg p01\right\1607.jpg p01\grid\1607.jpg day20/0335.jpg right 396.0,436.0 -0.036142148,0.43936992 19.015985,11.836441,503.666 0.19893805555555555,0.19893799999999998 524,284,806,566 561,353,634,396 705,364,772,404
p01\face\1608.jpg p01\left\1608.jpg p01\right\1608.jpg p01\grid\1608.jpg day37/0250.jpg right 362.0,600.0 -0.08154427,0.32201165 31.788652,-80.57097,633.92346 0.19893805555555555,0.19893799999999998 567,146,786,365 597,196,655,230 709,212,761,243
p01\face\1609.jpg p01\left\1609.jpg p01\right\1609.jpg p01\grid\1609.jpg day17/0064.jpg right 627.0,799.0 -0.06456936,0.6101491 -7.594782,29.959505,482.9822 0.19893805555555555,0.19893799999999998 463,320,754,611 502,394,575,437 649,403,719,445
p01\face\1610.jpg p01\left\1610.jpg p01\right\1610.jpg p01\grid\1610.jpg day23/0149.jpg right 519.0,819.0 -0.033227753,0.35417777 18.51362,-15.041402,577.2761 0.19893805555555555,0.19893799999999998 537,245,781,489 569,304,632,341 693,314,753,350
p01\face\1611.jpg p01\left\1611.jpg p01\right\1611.jpg p01\grid\1611.jpg day54/0461.jpg right 1045.0,330.0 0.06972623,-0.21145341 22.88141,-7.342297,434.74982 0.19893805555555555,0.19893799999999998 519,229,838,548 565,307,643,353 723,320,804,368
p01\face\1612.jpg p01\left\1612.jpg p01\right\1612.jpg p01\grid\1612.jpg day67/0317.jpg right 884.0,630.0 -0.1291695,-0.32846457 -85.21518,-9.715031,610.76556 0.19893805555555555,0.19893799999999998 364,258,595,489 394,321,451,355 508,320,568,356
p01\face\1613.jpg p01\left\1613.jpg p01\right\1613.jpg p01\grid\1613.jpg day61/0217.jpg right 297.0,346.0 -0.0067900363,0.14483716 4.221855,-118.62645,537.4558 0.19893805555555555,0.19893799999999998 502,33,766,297 537,98,604,138 670,105,734,143
p01\face\1614.jpg p01\left\1614.jpg p01\right\1614.jpg p01\grid\1614.jpg day54/0303.jpg right 607.0,746.0 -0.006329537,0.40757522 21.443249,-40.987556,451.41638 0.19893805555555555,0.19893799999999998 518,152,830,464 561,229,640,276 718,242,794,287
p01\face\1615.jpg p01\left\1615.jpg p01\right\1615.jpg p01\grid\1615.jpg day03/0354.jpg right 433.0,406.0 -0.011982862,0.31646493 12.263588,-6.417567,541.9422 0.19893805555555555,0.19893799999999998 520,254,782,516 553,321,620,361 685,324,749,362
p01\face\1616.jpg p01\left\1616.jpg p01\right\1616.jpg p01\grid\1616.jpg day52/0564.jpg right 173.0,23.0 -0.06711917,0.43882236 11.805622,3.868889,556.1288 0.19893805555555555,0.19893799999999998 520,276,773,529 554,337,620,376 684,349,744,385
p01\face\1617.jpg p01\left\1617.jpg p01\right\1617.jpg p01\grid\1617.jpg day51/0005.jpg right 1413.0,205.0 0.01996176,0.20680243 -49.113052,-31.900717,428.54657 0.19893805555555555,0.19893799999999998 343,169,668,494 387,254,463,299 546,249,631,300
p01\face\1618.jpg p01\left\1618.jpg p01\right\1618.jpg p01\grid\1618.jpg day62/0016.jpg right 1370.0,224.0 0.0059639933,-0.16440824 -23.088593,-53.932766,389.75128 0.19893805555555555,0.19893799999999998 382,88,743,449 433,179,518,230 609,185,703,241
p01\face\1619.jpg p01\left\1619.jpg p01\right\1619.jpg p01\grid\1619.jpg day44/0119.jpg right 52.0,807.0 -0.04735888,0.2470901 29.498535,-9.284094,504.29376 0.19893805555555555,0.19893799999999998 546,242,826,522 583,308,656,351 727,321,793,360
p01\face\1620.jpg p01\left\1620.jpg p01\right\1620.jpg p01\grid\1620.jpg day45/0134.jpg right 1060.0,863.0 0.013021463,-0.26150656 -9.602495,-30.414577,498.3204 0.19893805555555555,0.19893799999999998 464,196,743,475 503,264,572,305 642,275,712,317
p01\face\1621.jpg p01\left\1621.jpg p01\right\1621.jpg p01\grid\1621.jpg day45/0136.jpg right 1148.0,794.0 -0.08339175,-0.21785639 -8.208717,-31.9674,507.96503 0.19893805555555555,0.19893799999999998 467,194,744,471 506,262,575,303 647,272,714,312
p01\face\1622.jpg p01\left\1622.jpg p01\right\1622.jpg p01\grid\1622.jpg day38/0127.jpg right 1087.0,186.0 -0.0212351,-0.15918708 20.411488,-2.212138,578.5511 0.19893805555555555,0.19893799999999998 541,268,785,512 574,331,634,367 697,333,757,369
p01\face\1623.jpg p01\left\1623.jpg p01\right\1623.jpg p01\grid\1623.jpg day59/0391.jpg right 1388.0,871.0 -0.0030246307,-0.18028285 -22.000507,-20.445145,445.34903 0.19893805555555555,0.19893799999999998 417,200,732,515 459,282,535,327 614,284,695,332
p01\face\1624.jpg p01\left\1624.jpg p01\right\1624.jpg p01\grid\1624.jpg day42/0164.jpg right 1341.0,222.0 -0.0008927004,-0.17226918 -2.507463,-40.920547,507.40088 0.19893805555555555,0.19893799999999998 483,177,759,453 521,248,587,287 657,250,727,292
p01\face\1625.jpg p01\left\1625.jpg p01\right\1625.jpg p01\grid\1625.jpg day59/0080.jpg right 298.0,33.0 0.011959017,0.19401315 37.18039,-39.6894,419.5532 0.19893805555555555,0.19893799999999998 546,140,888,482 592,223,680,275 766,237,848,286
p01\face\1626.jpg p01\left\1626.jpg p01\right\1626.jpg p01\grid\1626.jpg day29/0045.jpg right 36.0,92.0 -0.05684932,0.3810515 12.26071,-15.602569,583.7281 0.19893805555555555,0.19893799999999998 527,245,768,486 558,303,621,340 681,314,739,348
p01\face\1627.jpg p01\left\1627.jpg p01\right\1627.jpg p01\grid\1627.jpg day20/0297.jpg right 594.0,794.0 -0.038112536,0.2861692 -1.499091,-16.070778,491.52783 0.19893805555555555,0.19893799999999998 476,222,768,514 514,295,589,340 661,302,734,345
p01\face\1628.jpg p01\left\1628.jpg p01\right\1628.jpg p01\grid\1628.jpg day20/0022.jpg right 423.0,119.0 -0.035124592,0.29796588 28.846954,4.250609,411.87616 0.19893805555555555,0.19893799999999998 525,251,871,597 570,332,661,386 747,348,829,397
p01\face\1629.jpg p01\left\1629.jpg p01\right\1629.jpg p01\grid\1629.jpg day44/0033.jpg right 919.0,223.0 -0.022481574,-0.29150528 -9.692077,-91.18821,491.00522 0.19893805555555555,0.19893799999999998 460,62,746,348 500,132,572,175 642,142,715,185
p01\face\1630.jpg p01\left\1630.jpg p01\right\1630.jpg p01\grid\1630.jpg day31/0060.jpg right 1067.0,743.0 -0.005997929,-0.07737702 -15.946705,25.168524,448.9912 0.19893805555555555,0.19893799999999998 431,310,743,622 476,388,549,431 630,394,709,441
p01\face\1631.jpg p01\left\1631.jpg p01\right\1631.jpg p01\grid\1631.jpg day33/0045.jpg right 460.0,74.0 -0.109642595,0.41232944 -10.464656,-24.641651,507.6666 0.19893805555555555,0.19893799999999998 464,209,741,486 501,276,573,319 640,288,709,329
p01\face\1632.jpg p01\left\1632.jpg p01\right\1632.jpg p01\grid\1632.jpg day06/0353.jpg right 1227.0,848.0 0.03197929,-0.17284742 9.712848,-28.593687,545.16296 0.19893805555555555,0.19893799999999998 517,214,772,469 553,278,613,314 679,283,743,321
p01\face\1633.jpg p01\left\1633.jpg p01\right\1633.jpg p01\grid\1633.jpg day45/0151.jpg right 952.0,793.0 -0.05778669,0.5530895 -42.579613,17.681347,456.0785 0.19893805555555555,0.19893799999999998 374,290,684,600 413,375,489,420 567,370,646,417
p01\face\1634.jpg p01\left\1634.jpg p01\right\1634.jpg p01\grid\1634.jpg day52/0471.jpg right 1267.0,462.0 -0.0075477655,0.35083604 -7.085959,18.548595,591.53 0.19893805555555555,0.19893799999999998 493,307,733,547 526,368,584,402 645,372,706,408
p01\face\1635.jpg p01\left\1635.jpg p01\right\1635.jpg p01\grid\1635.jpg day16/0302.jpg right 852.0,387.0 -0.022418508,-0.22681442 -16.756008,-35.03218,430.6965 0.19893805555555555,0.19893799999999998 421,160,743,482 467,240,545,286 627,251,708,299
p01\face\1636.jpg p01\left\1636.jpg p01\right\1636.jpg p01\grid\1636.jpg day43/0156.jpg right 1149.0,715.0 0.061002232,-0.25180316 10.83503,-12.076989,471.21124 0.19893805555555555,0.19893799999999998 502,229,793,520 544,299,614,341 689,314,762,357
p01\face\1637.jpg p01\left\1637.jpg p01\right\1637.jpg p01\grid\1637.jpg day18/0075.jpg right 890.0,703.0 -0.0019735931,-0.32327023 -3.696849,-65.056015,423.36917 0.19893805555555555,0.19893799999999998 450,81,778,409 497,164,576,211 660,173,742,222
p01\face\1638.jpg p01\left\1638.jpg p01\right\1638.jpg p01\grid\1638.jpg day21/0156.jpg right 680.0,334.0 -0.015656214,0.37823835 8.615805,4.709419,488.04984 0.19893805555555555,0.19893799999999998 498,267,789,558 538,339,608,381 684,348,756,391
p01\face\1639.jpg p01\left\1639.jpg p01\right\1639.jpg p01\grid\1639.jpg day38/0199.jpg right 1319.0,260.0 -0.28231293,-0.1481338 -50.87534,11.069858,581.2179 0.19893805555555555,0.19893799999999998 412,296,649,533 447,355,502,388 568,359,623,392
p01\face\1640.jpg p01\left\1640.jpg p01\right\1640.jpg p01\grid\1640.jpg day12/0393.jpg right 746.0,256.0 0.041854132,0.4122831 1.122795,-42.105873,495.9659 0.19893805555555555,0.19893799999999998 488,167,774,453 523,247,595,290 667,241,737,283
p01\face\1641.jpg p01\left\1641.jpg p01\right\1641.jpg p01\grid\1641.jpg day20/0048.jpg right 1369.0,468.0 0.07886733,0.4749498 -17.246262,39.77129,561.43463 0.19893805555555555,0.19893799999999998 470,346,719,595 504,414,562,448 626,408,690,446
p01\face\1642.jpg p01\left\1642.jpg p01\right\1642.jpg p01\grid\1642.jpg day58/0200.jpg right 664.0,372.0 -0.012117838,0.42750064 7.801486,33.021008,548.3544 0.19893805555555555,0.19893799999999998 510,330,771,591 545,395,611,434 676,402,740,440
p01\face\1643.jpg p01\left\1643.jpg p01\right\1643.jpg p01\grid\1643.jpg day47/0091.jpg right 1243.0,763.0 -0.005115547,-0.17769869 -23.751932,-2.544962,458.70398 0.19893805555555555,0.19893799999999998 418,247,721,550 462,323,532,365 611,330,689,376
p01\face\1644.jpg p01\left\1644.jpg p01\right\1644.jpg p01\grid\1644.jpg day45/0420.jpg right 1385.0,352.0 -0.03679036,-0.13805431 -35.775307,12.206815,487.7137 0.19893805555555555,0.19893799999999998 403,285,689,571 444,355,513,396 586,365,659,408
p01\face\1645.jpg p01\left\1645.jpg p01\right\1645.jpg p01\grid\1645.jpg day56/0273.jpg right 547.0,591.0 0.015061779,0.4039623 33.893753,-6.041195,529.26355 0.19893805555555555,0.19893799999999998 557,251,825,519 594,316,663,357 730,329,796,368
p01\face\1646.jpg p01\left\1646.jpg p01\right\1646.jpg p01\grid\1646.jpg day60/0141.jpg right 81.0,562.0 -0.28192154,0.04543114 46.515,23.73966,406.5126 0.19893805555555555,0.19893799999999998 578,311,908,641 618,380,708,434 794,403,864,445
p01\face\1647.jpg p01\left\1647.jpg p01\right\1647.jpg p01\grid\1647.jpg day13/0155.jpg right 289.0,303.0 -0.0068242596,0.24046327 30.075783,-54.96422,470.5761 0.19893805555555555,0.19893799999999998 540,129,843,432 581,202,659,248 735,216,808,259
p01\face\1648.jpg p01\left\1648.jpg p01\right\1648.jpg p01\grid\1648.jpg day16/0255.jpg right 1002.0,250.0 0.002085977,-0.25640723 2.477468,-4.715135,468.0217 0.19893805555555555,0.19893799999999998 483,243,780,540 524,321,594,363 670,324,746,369
p01\face\1649.jpg p01\left\1649.jpg p01\right\1649.jpg p01\grid\1649.jpg day59/0316.jpg right 1044.0,479.0 0.03272726,-0.11984714 8.556018,1.652045,435.37228 0.19893805555555555,0.19893799999999998 484,251,805,572 530,330,608,376 688,339,770,388
p01\face\1650.jpg p01\left\1650.jpg p01\right\1650.jpg p01\grid\1650.jpg day33/0037.jpg right 170.0,639.0 -0.30995804,-0.042813197 24.133806,-8.657175,398.16302 0.19893805555555555,0.19893799999999998 516,222,853,559 559,297,647,349 738,317,811,360
p01\face\1651.jpg p01\left\1651.jpg p01\right\1651.jpg p01\grid\1651.jpg day28/0257.jpg right 1369.0,436.0 0.0565471,0.04842744 -34.26835,-32.300808,446.25055 0.19893805555555555,0.19893799999999998 389,174,704,489 432,257,505,300 586,254,667,302
p01\face\1652.jpg p01\left\1652.jpg p01\right\1652.jpg p01\grid\1652.jpg day11/0195.jpg right 256.0,655.0 0.0008517819,0.40585637 38.141445,-0.95233,523.4685 0.19893805555555555,0.19893799999999998 568,262,836,530 603,327,672,368 740,339,804,377
p01\face\1653.jpg p01\left\1653.jpg p01\right\1653.jpg p01\grid\1653.jpg day43/0593.jpg right 1360.0,6.0 -0.019007597,0.41564393 -24.045053,1.487157,518.1251 0.19893805555555555,0.19893799999999998 438,265,712,539 477,334,544,374 613,340,682,381
p01\face\1654.jpg p01\left\1654.jpg p01\right\1654.jpg p01\grid\1654.jpg day63/0441.jpg right 376.0,631.0 0.024006044,-0.2147693 23.670622,-20.062277,406.2071 0.19893805555555555,0.19893799999999998 512,187,854,529 559,267,646,319 736,289,815,336
p01\face\1655.jpg p01\left\1655.jpg p01\right\1655.jpg p01\grid\1655.jpg day45/0445.jpg right 136.0,612.0 -0.038846523,0.28277496 8.450939,-9.874069,470.05078 0.19893805555555555,0.19893799999999998 492,232,793,533 533,303,609,348 686,318,759,361
p01\face\1656.jpg p01\left\1656.jpg p01\right\1656.jpg p01\grid\1656.jpg day27/0414.jpg right 492.0,846.0 -0.030282538,0.3520623 17.191387,5.313819,574.6712 0.19893805555555555,0.19893799999999998 534,282,780,528 566,342,629,379 692,351,750,385
p01\face\1657.jpg p01\left\1657.jpg p01\right\1657.jpg p01\grid\1657.jpg day07/0308.jpg right 58.0,18.0 0.013578112,0.24745513 59.432056,-50.768585,507.54684 0.19893805555555555,0.19893799999999998 609,154,891,436 644,223,719,268 787,232,856,273
p01\face\1658.jpg p01\left\1658.jpg p01\right\1658.jpg p01\grid\1658.jpg day54/0557.jpg right 1386.0,401.0 -0.035073653,-0.16256894 -28.179184,-11.485889,549.63763 0.19893805555555555,0.19893799999999998 445,247,700,502 480,313,541,349 605,315,671,354
p01\face\1659.jpg p01\left\1659.jpg p01\right\1659.jpg p01\grid\1659.jpg day36/0031.jpg right 406.0,316.0 -0.079498194,0.28197503 3.982132,-17.077242,406.6456 0.19893805555555555,0.19893799999999998 459,195,807,543 506,275,596,329 683,294,767,344
p01\face\1660.jpg p01\left\1660.jpg p01\right\1660.jpg p01\grid\1660.jpg day19/0196.jpg right 1232.0,458.0 0.008872963,-0.106995404 -20.078407,-21.591545,425.9816 0.19893805555555555,0.19893799999999998 413,192,741,520 458,279,534,324 619,277,704,328
p01\face\1661.jpg p01\left\1661.jpg p01\right\1661.jpg p01\grid\1661.jpg day08/0072.jpg right 1022.0,541.0 0.005022372,-0.19330512 2.011489,-34.871037,458.20474 0.19893805555555555,0.19893799999999998 476,172,780,476 520,247,593,290 671,258,747,303
p01\face\1662.jpg p01\left\1662.jpg p01\right\1662.jpg p01\grid\1662.jpg day45/0293.jpg right 218.0,839.0 0.07489957,-0.40108085 18.805162,-68.55282,496.16074 0.19893805555555555,0.19893799999999998 516,105,811,400 555,177,639,227 700,191,779,238
p01\face\1663.jpg p01\left\1663.jpg p01\right\1663.jpg p01\grid\1663.jpg day48/0181.jpg right 1074.0,176.0 -0.05693971,-0.39755604 -30.66542,-20.069336,436.0833 0.19893805555555555,0.19893799999999998 391,195,709,513 435,278,514,325 591,286,673,335
p01\face\1664.jpg p01\left\1664.jpg p01\right\1664.jpg p01\grid\1664.jpg day52/0005.jpg right 452.0,717.0 -0.23322834,-0.16231656 5.880201,-24.175997,414.49295 0.19893805555555555,0.19893799999999998 469,184,797,512 516,257,598,306 688,281,761,324
p01\face\1665.jpg p01\left\1665.jpg p01\right\1665.jpg p01\grid\1665.jpg day67/0033.jpg right 1008.0,840.0 0.017650472,-0.14257103 -6.264255,-1.830919,421.15082 0.19893805555555555,0.19893799999999998 441,240,771,570 489,317,570,365 653,334,737,384
p01\face\1666.jpg p01\left\1666.jpg p01\right\1666.jpg p01\grid\1666.jpg day34/0092.jpg right 1353.0,579.0 -0.02367779,0.25015247 -54.25981,-68.60914,463.53732 0.19893805555555555,0.19893799999999998 348,93,658,403 390,177,463,220 540,174,622,223
p01\face\1667.jpg p01\left\1667.jpg p01\right\1667.jpg p01\grid\1667.jpg day27/0033.jpg right 442.0,742.0 0.0015086457,0.33414236 30.202366,-8.290192,425.93396 0.19893805555555555,0.19893799999999998 529,221,866,558 576,301,661,352 747,318,828,366
p01\face\1668.jpg p01\left\1668.jpg p01\right\1668.jpg p01\grid\1668.jpg day44/0129.jpg right 911.0,595.0 -0.030511608,0.52386177 -6.762351,-3.834084,587.0894 0.19893805555555555,0.19893799999999998 494,265,734,505 526,327,586,363 646,332,706,368
p01\face\1669.jpg p01\left\1669.jpg p01\right\1669.jpg p01\grid\1669.jpg day51/0380.jpg right 574.0,28.0 -0.05628385,0.2815658 1.2478,-33.868916,466.94617 0.19893805555555555,0.19893799999999998 474,175,780,481 515,249,594,296 669,261,744,306
p01\face\1670.jpg p01\left\1670.jpg p01\right\1670.jpg p01\grid\1670.jpg day54/0015.jpg right 88.0,5.0 -0.0028786603,0.25502697 36.19711,-53.47122,447.159 0.19893805555555555,0.19893799999999998 548,120,869,441 592,196,676,246 754,212,833,259
p01\face\1671.jpg p01\left\1671.jpg p01\right\1671.jpg p01\grid\1671.jpg day56/0126.jpg right 1019.0,418.0 0.005807406,-0.15791026 5.866777,-13.353006,451.33005 0.19893805555555555,0.19893799999999998 483,219,795,531 526,297,602,342 679,303,760,351
p01\face\1672.jpg p01\left\1672.jpg p01\right\1672.jpg p01\grid\1672.jpg day55/0402.jpg right 1168.0,208.0 0.06275457,0.3509918 -4.75319,-40.06652,475.44736 0.19893805555555555,0.19893799999999998 466,165,763,462 508,242,581,285 652,244,731,291
p01\face\1673.jpg p01\left\1673.jpg p01\right\1673.jpg p01\grid\1673.jpg day53/0188.jpg right 5.0,325.0 0.06585715,-0.112099744 52.263508,-3.325252,541.60114 0.19893805555555555,0.19893799999999998 595,261,856,522 631,322,698,362 763,336,826,373
p01\face\1674.jpg p01\left\1674.jpg p01\right\1674.jpg p01\grid\1674.jpg day63/0335.jpg right 1035.0,840.0 0.21674919,-0.22618496 86.766365,-1.636309,475.3241 0.19893805555555555,0.19893799999999998 666,250,961,545 712,317,784,360 857,341,933,386
p01\face\1675.jpg p01\left\1675.jpg p01\right\1675.jpg p01\grid\1675.jpg day37/0303.jpg right 1402.0,186.0 -0.26914626,-0.14605123 -4.113827,-4.105653,369.08463 0.19893805555555555,0.19893799999999998 426,224,789,587 481,312,565,362 661,317,752,371
p01\face\1676.jpg p01\left\1676.jpg p01\right\1676.jpg p01\grid\1676.jpg day21/0217.jpg right 602.0,828.0 0.0011928378,0.3438968 8.146629,1.65563,483.20667 0.19893805555555555,0.19893799999999998 497,260,791,554 536,335,608,378 684,339,756,382
p01\face\1677.jpg p01\left\1677.jpg p01\right\1677.jpg p01\grid\1677.jpg day20/0580.jpg right 645.0,350.0 0.0037182998,-0.265429 2.098543,-50.30144,482.83603 0.19893805555555555,0.19893799999999998 486,148,774,436 524,219,596,262 670,228,739,269
p01\face\1678.jpg p01\left\1678.jpg p01\right\1678.jpg p01\grid\1678.jpg day45/0189.jpg right 337.0,598.0 -0.04315734,0.35511824 12.039271,-6.813711,531.6361 0.19893805555555555,0.19893799999999998 516,251,783,518 550,316,620,358 686,326,750,364
p01\face\1679.jpg p01\left\1679.jpg p01\right\1679.jpg p01\grid\1679.jpg day04/0357.jpg right 969.0,807.0 -0.062814645,-0.21409029 -38.103912,6.292457,390.29193 0.19893805555555555,0.19893799999999998 341,250,699,608 392,341,477,392 570,350,660,404
p01\face\1680.jpg p01\left\1680.jpg p01\right\1680.jpg p01\grid\1680.jpg day38/0349.jpg right 418.0,848.0 -0.04797607,0.6487546 -6.092748,37.564713,566.36224 0.19893805555555555,0.19893799999999998 490,338,739,587 524,403,584,439 649,409,710,445
p01\face\1681.jpg p01\left\1681.jpg p01\right\1681.jpg p01\grid\1681.jpg day66/0283.jpg right 169.0,637.0 -0.0008732535,0.38267967 34.658855,-4.91557,527.1374 0.19893805555555555,0.19893799999999998 558,253,828,523 595,317,665,359 732,332,798,371
p01\face\1682.jpg p01\left\1682.jpg p01\right\1682.jpg p01\grid\1682.jpg day21/0121.jpg right 2.0,876.0 -0.021465415,0.37539223 0.581268,-6.45725,508.08792 0.19893805555555555,0.19893799999999998 488,249,764,525 525,315,595,357 665,326,732,366
p01\face\1683.jpg p01\left\1683.jpg p01\right\1683.jpg p01\grid\1683.jpg day20/0431.jpg right 1079.0,245.0 -0.012608718,0.3887863 -35.94969,-46.615814,543.9049 0.19893805555555555,0.19893799999999998 427,175,688,436 461,246,525,284 588,243,657,284
p01\face\1684.jpg p01\left\1684.jpg p01\right\1684.jpg p01\grid\1684.jpg day45/0259.jpg right 988.0,460.0 -0.034644917,-0.47003296 20.982256,-117.90367,473.02713 0.19893805555555555,0.19893799999999998 522,0,822,300 563,67,635,110 715,70,787,113
p01\face\1685.jpg p01\left\1685.jpg p01\right\1685.jpg p01\grid\1685.jpg day23/0197.jpg right 1145.0,498.0 0.0073441896,0.4298944 -10.591306,16.245647,555.3183 0.19893805555555555,0.19893799999999998 479,300,734,555 514,367,575,403 638,366,705,406
p01\face\1686.jpg p01\left\1686.jpg p01\right\1686.jpg p01\grid\1686.jpg day58/0455.jpg right 944.0,489.0 -0.008727506,-0.20994367 -8.075719,-9.805214,485.14813 0.19893805555555555,0.19893799999999998 464,237,750,523 503,308,573,350 647,317,717,359
p01\face\1687.jpg p01\left\1687.jpg p01\right\1687.jpg p01\grid\1687.jpg day61/0110.jpg right 717.0,895.0 0.024012541,-0.10869353 7.273039,-20.933884,407.74365 0.19893805555555555,0.19893799999999998 472,186,815,529 519,271,603,321 691,279,776,330
p01\face\1688.jpg p01\left\1688.jpg p01\right\1688.jpg p01\grid\1688.jpg day12/0025.jpg right 293.0,190.0 -0.08045557,0.5135546 -15.897448,-16.266445,505.45154 0.19893805555555555,0.19893799999999998 451,223,733,505 488,295,561,338 630,304,699,345
p01\face\1689.jpg p01\left\1689.jpg p01\right\1689.jpg p01\grid\1689.jpg day42/0603.jpg right 738.0,710.0 -0.026206536,-0.31062996 -18.851427,-62.12219,583.45447 0.19893805555555555,0.19893799999999998 473,161,713,401 504,224,564,260 624,225,684,261
p01\face\1690.jpg p01\left\1690.jpg p01\right\1690.jpg p01\grid\1690.jpg day47/0293.jpg right 1020.0,522.0 0.0052090418,0.37926382 16.155027,3.860373,530.05237 0.19893805555555555,0.19893799999999998 522,272,790,540 560,337,627,377 694,348,761,388
p01\face\1691.jpg p01\left\1691.jpg p01\right\1691.jpg p01\grid\1691.jpg day64/0050.jpg right 777.0,130.0 -0.080567665,0.40214077 -36.065258,-46.734715,637.012 0.19893805555555555,0.19893799999999998 456,201,678,423 484,258,541,292 596,263,651,296
p01\face\1692.jpg p01\left\1692.jpg p01\right\1692.jpg p01\grid\1692.jpg day01/0323.jpg right 467.0,655.0 -0.056287743,0.28159994 4.174244,-15.638088,460.27927 0.19893805555555555,0.19893799999999998 478,215,788,525 519,289,600,337 677,302,752,347
p01\face\1693.jpg p01\left\1693.jpg p01\right\1693.jpg p01\grid\1693.jpg day37/0518.jpg right 928.0,58.0 0.096307985,-0.0003059371 43.896057,34.807014,389.08548 0.19893805555555555,0.19893799999999998 558,332,912,686 615,402,702,454 791,443,881,497
p01\face\1694.jpg p01\left\1694.jpg p01\right\1694.jpg p01\grid\1694.jpg day62/0065.jpg right 1299.0,671.0 -0.009787491,0.107611224 -21.840597,-12.629209,306.64987 0.19893805555555555,0.19893799999999998 316,162,772,618 386,273,486,333 613,289,725,356
p01\face\1695.jpg p01\left\1695.jpg p01\right\1695.jpg p01\grid\1695.jpg day06/0117.jpg right 147.0,166.0 -0.08232474,0.455156 -4.20224,-14.115275,554.127 0.19893805555555555,0.19893799999999998 492,242,744,494 524,304,590,343 653,313,713,349
p01\face\1696.jpg p01\left\1696.jpg p01\right\1696.jpg p01\grid\1696.jpg day67/0332.jpg right 1033.0,11.0 -0.08491122,0.34551668 -5.46878,-94.05249,564.3346 0.19893805555555555,0.19893799999999998 489,95,732,338 527,150,587,186 648,171,709,207
p01\face\1697.jpg p01\left\1697.jpg p01\right\1697.jpg p01\grid\1697.jpg day07/0029.jpg right 1318.0,883.0 -0.03414508,-0.1730878 -25.4202,-12.983617,503.29343 0.19893805555555555,0.19893799999999998 433,235,709,511 473,304,537,342 609,311,679,353
p01\face\1698.jpg p01\left\1698.jpg p01\right\1698.jpg p01\grid\1698.jpg day64/0272.jpg right 500.0,724.0 0.07881075,-0.111106455 76.69321,81.25872,546.6734 0.19893805555555555,0.19893799999999998 644,424,903,683 679,488,745,527 809,497,873,535
p01\face\1699.jpg p01\left\1699.jpg p01\right\1699.jpg p01\grid\1699.jpg day04/0024.jpg right 396.0,767.0 0.005792289,-0.26600274 -3.782664,-6.876943,511.62375 0.19893805555555555,0.19893799999999998 483,249,753,519 519,317,586,357 655,324,721,363
p01\face\1700.jpg p01\left\1700.jpg p01\right\1700.jpg p01\grid\1700.jpg day42/0492.jpg right 422.0,562.0 -0.0037653348,-0.045090605 -3.276008,20.376984,544.1961 0.19893805555555555,0.19893799999999998 490,308,748,566 524,370,590,409 654,380,717,417
p01\face\1701.jpg p01\left\1701.jpg p01\right\1701.jpg p01\grid\1701.jpg day15/0040.jpg right 386.0,394.0 0.023051275,-0.2433917 21.085253,-52.595455,490.10144 0.19893805555555555,0.19893799999999998 527,145,813,431 565,215,638,258 710,225,779,266
p01\face\1702.jpg p01\left\1702.jpg p01\right\1702.jpg p01\grid\1702.jpg day17/0294.jpg right 1368.0,569.0 0.019402286,-0.1334653 -39.886337,-16.84105,420.17914 0.19893805555555555,0.19893799999999998 360,201,693,534 406,287,482,332 568,289,655,341
p01\face\1703.jpg p01\left\1703.jpg p01\right\1703.jpg p01\grid\1703.jpg day54/0604.jpg right 1076.0,677.0 0.06539081,0.4915796 18.186703,13.91676,505.89032 0.19893805555555555,0.19893799999999998 523,288,803,568 563,361,629,400 701,365,773,408
p01\face\1704.jpg p01\left\1704.jpg p01\right\1704.jpg p01\grid\1704.jpg day49/0442.jpg right 1303.0,480.0 0.011087754,-0.04801806 -39.115314,1.629921,366.92798 0.19893805555555555,0.19893799999999998 322,234,701,613 377,329,462,380 564,335,660,392
p01\face\1705.jpg p01\left\1705.jpg p01\right\1705.jpg p01\grid\1705.jpg day31/0426.jpg right 174.0,458.0 0.0259358,0.5707001 69.04958,38.8488,521.6241 0.19893805555555555,0.19893799999999998 629,340,902,613 664,405,737,448 804,421,868,459
p01\face\1706.jpg p01\left\1706.jpg p01\right\1706.jpg p01\grid\1706.jpg day01/0431.jpg right 1347.0,705.0 0.008554715,-0.13112165 19.364279,24.336945,487.42566 0.19893805555555555,0.19893799999999998 524,311,810,597 565,385,632,425 706,388,779,431
p01\face\1707.jpg p01\left\1707.jpg p01\right\1707.jpg p01\grid\1707.jpg day53/0434.jpg right 620.0,504.0 -0.19791944,-0.12457446 -14.30232,-0.83524,439.20154 0.19893805555555555,0.19893799999999998 430,247,748,565 470,324,551,372 638,334,707,375
p01\face\1708.jpg p01\left\1708.jpg p01\right\1708.jpg p01\grid\1708.jpg day56/0286.jpg right 651.0,899.0 0.01613083,0.4327525 27.724098,0.880223,525.80145 0.19893805555555555,0.19893799999999998 545,265,815,535 583,331,650,371 718,341,785,381
p01\face\1709.jpg p01\left\1709.jpg p01\right\1709.jpg p01\grid\1709.jpg day51/0396.jpg right 131.0,836.0 0.0039519574,-0.18259661 18.04924,-8.285669,475.90506 0.19893805555555555,0.19893799999999998 517,238,809,530 556,307,632,352 706,322,775,363
p01\face\1710.jpg p01\left\1710.jpg p01\right\1710.jpg p01\grid\1710.jpg day45/0518.jpg right 614.0,597.0 -0.015083099,0.38319972 14.040748,-7.679409,456.77448 0.19893805555555555,0.19893799999999998 501,232,813,544 543,308,622,355 701,320,776,365
p01\face\1711.jpg p01\left\1711.jpg p01\right\1711.jpg p01\grid\1711.jpg day53/0091.jpg right 371.0,650.0 -0.048550013,0.32828668 0.221149,-40.826706,439.65555 0.19893805555555555,0.19893799999999998 463,147,787,471 506,226,588,275 670,239,749,286
p01\face\1712.jpg p01\left\1712.jpg p01\right\1712.jpg p01\grid\1712.jpg day65/0323.jpg right 948.0,661.0 -0.07879379,0.46872133 -19.035576,34.288853,558.121 0.19893805555555555,0.19893799999999998 461,333,717,589 495,396,561,435 624,404,687,441
p01\face\1713.jpg p01\left\1713.jpg p01\right\1713.jpg p01\grid\1713.jpg day41/0219.jpg right 263.0,151.0 -0.048610605,0.23402451 36.84983,-52.098286,482.0772 0.19893805555555555,0.19893799999999998 557,142,849,434 597,209,675,255 746,228,816,270
p01\face\1714.jpg p01\left\1714.jpg p01\right\1714.jpg p01\grid\1714.jpg day42/0519.jpg right 59.0,139.0 -0.058455553,0.4096381 6.171702,-35.422684,596.3366 0.19893805555555555,0.19893799999999998 519,211,756,448 548,270,612,308 668,278,726,312
p01\face\1715.jpg p01\left\1715.jpg p01\right\1715.jpg p01\grid\1715.jpg day38/0175.jpg right 790.0,357.0 -0.069994465,0.53283334 -19.661663,36.740383,578.4639 0.19893805555555555,0.19893799999999998 467,339,710,582 501,399,562,435 623,408,683,444
p01\face\1716.jpg p01\left\1716.jpg p01\right\1716.jpg p01\grid\1716.jpg day13/0143.jpg right 660.0,278.0 0.051412433,-0.3254884 21.450977,-57.376995,461.62164 0.19893805555555555,0.19893799999999998 522,121,825,424 563,196,639,241 715,206,790,251
p01\face\1717.jpg p01\left\1717.jpg p01\right\1717.jpg p01\grid\1717.jpg day28/0019.jpg right 218.0,328.0 -0.23532921,-0.008767078 13.472745,14.833229,393.79446 0.19893805555555555,0.19893799999999998 485,282,831,628 528,361,618,415 714,378,786,421
p01\face\1718.jpg p01\left\1718.jpg p01\right\1718.jpg p01\grid\1718.jpg day59/0291.jpg right 894.0,675.0 -0.007976728,0.40413794 -16.701298,-29.19642,470.6732 0.19893805555555555,0.19893799999999998 435,185,739,489 477,263,552,308 627,269,706,316
p01\face\1719.jpg p01\left\1719.jpg p01\right\1719.jpg p01\grid\1719.jpg day49/0114.jpg right 407.0,282.0 0.02852429,0.40573394 32.42819,28.310865,537.9725 0.19893805555555555,0.19893799999999998 557,321,822,586 592,387,659,427 726,394,790,432
p01\face\1720.jpg p01\left\1720.jpg p01\right\1720.jpg p01\grid\1720.jpg day52/0303.jpg right 547.0,405.0 -0.08770885,0.41282418 -4.270032,-7.473613,577.22107 0.19893805555555555,0.19893799999999998 494,258,738,502 527,315,591,353 651,329,711,365
p01\face\1721.jpg p01\left\1721.jpg p01\right\1721.jpg p01\grid\1721.jpg day27/0267.jpg right 139.0,69.0 -0.019048491,0.38553268 21.284477,-1.964996,433.23328 0.19893805555555555,0.19893799999999998 515,242,839,566 557,319,641,369 723,333,799,378
p01\face\1722.jpg p01\left\1722.jpg p01\right\1722.jpg p01\grid\1722.jpg day68/0011.jpg right 543.0,121.0 0.037447426,-0.16637027 15.970781,-8.943705,419.44244 0.19893805555555555,0.19893799999999998 496,220,829,553 543,299,628,350 709,315,793,365
p01\face\1723.jpg p01\left\1723.jpg p01\right\1723.jpg p01\grid\1723.jpg day33/0109.jpg right 744.0,134.0 -0.05936959,0.3434017 -1.603351,-55.32751,490.498 0.19893805555555555,0.19893799999999998 477,138,765,426 516,209,589,252 661,220,731,262
p01\face\1724.jpg p01\left\1724.jpg p01\right\1724.jpg p01\grid\1724.jpg day53/0489.jpg right 289.0,602.0 0.07450618,-0.28840986 26.624638,-46.893936,531.1105 0.19893805555555555,0.19893799999999998 546,173,808,435 582,236,649,276 714,248,778,286
p01\face\1725.jpg p01\left\1725.jpg p01\right\1725.jpg p01\grid\1725.jpg day07/0149.jpg right 171.0,269.0 -0.055748735,0.3753541 3.340571,-32.260323,489.60437 0.19893805555555555,0.19893799999999998 489,188,777,476 525,259,601,304 672,268,741,309
p01\face\1726.jpg p01\left\1726.jpg p01\right\1726.jpg p01\grid\1726.jpg day44/0087.jpg right 1162.0,84.0 -0.021229545,0.3061881 4.286891,-24.908382,515.3946 0.19893805555555555,0.19893799999999998 493,211,769,487 533,276,602,317 671,291,740,332
p01\face\1727.jpg p01\left\1727.jpg p01\right\1727.jpg p01\grid\1727.jpg day41/0325.jpg right 1235.0,485.0 -0.033714063,-0.046504788 -45.128178,31.199127,466.75385 0.19893805555555555,0.19893799999999998 375,325,676,626 414,404,486,447 564,402,639,447
p01\face\1728.jpg p01\left\1728.jpg p01\right\1728.jpg p01\grid\1728.jpg day63/0401.jpg right 972.0,101.0 0.033279307,0.21898371 -0.867811,-42.594234,445.8011 0.19893805555555555,0.19893799999999998 462,148,780,466 508,225,586,271 665,236,746,284
p01\face\1729.jpg p01\left\1729.jpg p01\right\1729.jpg p01\grid\1729.jpg day15/0216.jpg right 1226.0,268.0 0.052283566,0.19464898 -28.89039,-31.70708,521.69214 0.19893805555555555,0.19893799999999998 432,202,700,470 472,270,533,306 602,272,672,314
p01\face\1730.jpg p01\left\1730.jpg p01\right\1730.jpg p01\grid\1730.jpg day52/0423.jpg right 861.0,274.0 0.015250436,0.3670136 19.620413,-9.208692,579.26984 0.19893805555555555,0.19893799999999998 539,255,785,501 572,317,633,353 695,322,756,358
p01\face\1731.jpg p01\left\1731.jpg p01\right\1731.jpg p01\grid\1731.jpg day63/0105.jpg right 226.0,59.0 -0.015694896,0.22638854 27.829428,-15.509705,436.67764 0.19893805555555555,0.19893799999999998 526,209,851,534 572,283,656,333 738,304,816,350
p01\face\1732.jpg p01\left\1732.jpg p01\right\1732.jpg p01\grid\1732.jpg day27/0454.jpg right 456.0,738.0 0.086563505,-0.17686531 59.77306,41.161247,574.74835 0.19893805555555555,0.19893799999999998 613,347,857,591 645,408,708,445 769,416,829,452
p01\face\1733.jpg p01\left\1733.jpg p01\right\1733.jpg p01\grid\1733.jpg day43/0066.jpg right 525.0,397.0 -0.022712119,0.29605955 46.89269,-37.143658,493.74323 0.19893805555555555,0.19893799999999998 580,179,866,465 619,244,694,289 765,263,834,304
p01\face\1734.jpg p01\left\1734.jpg p01\right\1734.jpg p01\grid\1734.jpg day49/0240.jpg right 266.0,237.0 -0.15178074,0.26480567 -17.065145,5.226799,426.92593 0.19893805555555555,0.19893799999999998 416,260,744,588 459,334,546,386 628,352,706,398
p01\face\1735.jpg p01\left\1735.jpg p01\right\1735.jpg p01\grid\1735.jpg day52/0702.jpg right 380.0,644.0 -0.009318029,-0.21095209 5.376612,5.151492,508.85226 0.19893805555555555,0.19893799999999998 499,273,772,546 535,339,607,382 674,351,740,390
p01\face\1736.jpg p01\left\1736.jpg p01\right\1736.jpg p01\grid\1736.jpg day10/0126.jpg right 1005.0,634.0 0.018827729,-0.27634606 9.424884,-32.07068,428.06308 0.19893805555555555,0.19893799999999998 485,166,809,490 531,246,610,293 691,257,773,306
p01\face\1737.jpg p01\left\1737.jpg p01\right\1737.jpg p01\grid\1737.jpg day03/0118.jpg right 793.0,30.0 -0.027898986,0.05221571 -28.5995,-3.504959,479.9427 0.19893805555555555,0.19893799999999998 416,250,710,544 455,323,528,366 603,327,675,370
p01\face\1738.jpg p01\left\1738.jpg p01\right\1738.jpg p01\grid\1738.jpg day44/0188.jpg right 219.0,659.0 -0.040137406,0.31639504 9.961936,8.623595,494.59457 0.19893805555555555,0.19893799999999998 506,280,788,562 543,348,613,390 685,356,754,397
p01\face\1739.jpg p01\left\1739.jpg p01\right\1739.jpg p01\grid\1739.jpg day54/0186.jpg right 1014.0,754.0 -2.2110566e-05,-0.09844326 -10.400997,24.686663,514.94525 0.19893805555555555,0.19893799999999998 469,315,740,586 506,383,572,422 640,387,709,428
p01\face\1740.jpg p01\left\1740.jpg p01\right\1740.jpg p01\grid\1740.jpg day42/0073.jpg right 1262.0,338.0 -0.05813298,0.33221453 -66.05116,-4.775207,510.75772 0.19893805555555555,0.19893799999999998 346,250,628,532 386,320,456,362 523,325,598,370
p01\face\1741.jpg p01\left\1741.jpg p01\right\1741.jpg p01\grid\1741.jpg day45/0562.jpg right 1147.0,756.0 -0.07016567,0.40030104 -32.33781,32.940983,553.5371 0.19893805555555555,0.19893799999999998 434,330,693,589 469,395,533,433 598,401,664,440
p01\face\1742.jpg p01\left\1742.jpg p01\right\1742.jpg p01\grid\1742.jpg day17/0400.jpg right 575.0,66.0 -0.14551838,-0.25858858 -0.56539,-41.270065,347.7136 0.19893805555555555,0.19893799999999998 419,95,818,494 474,192,573,251 678,206,772,262
p01\face\1743.jpg p01\left\1743.jpg p01\right\1743.jpg p01\grid\1743.jpg day53/0488.jpg right 741.0,750.0 0.011036228,0.34312496 16.34437,-35.365173,507.98038 0.19893805555555555,0.19893799999999998 519,186,799,466 557,257,626,298 697,264,767,306
p01\face\1744.jpg p01\left\1744.jpg p01\right\1744.jpg p01\grid\1744.jpg day14/0258.jpg right 143.0,757.0 0.0057490733,0.47746745 24.827677,4.885672,536.0125 0.19893805555555555,0.19893799999999998 544,275,806,537 578,341,645,381 711,349,774,386
p01\face\1745.jpg p01\left\1745.jpg p01\right\1745.jpg p01\grid\1745.jpg day67/0244.jpg right 1376.0,125.0 0.007236715,-0.13978416 -6.281007,13.904,458.31668 0.19893805555555555,0.19893799999999998 456,284,762,590 500,358,575,403 649,368,730,416
p01\face\1746.jpg p01\left\1746.jpg p01\right\1746.jpg p01\grid\1746.jpg day56/0036.jpg right 873.0,714.0 0.04872947,-0.17576686 13.559652,-49.559246,584.41064 0.19893805555555555,0.19893799999999998 529,185,769,425 563,242,623,278 682,252,743,288
p01\face\1747.jpg p01\left\1747.jpg p01\right\1747.jpg p01\grid\1747.jpg day04/0206.jpg right 1090.0,347.0 0.084397584,0.42265433 6.348929,5.851766,560.1578 0.19893805555555555,0.19893799999999998 511,280,764,533 547,347,607,383 671,347,737,386
p01\face\1748.jpg p01\left\1748.jpg p01\right\1748.jpg p01\grid\1748.jpg day17/0026.jpg right 128.0,296.0 -0.08029587,0.08789452 34.26064,-55.017963,414.41443 0.19893805555555555,0.19893799999999998 541,104,877,440 586,178,677,232 759,200,838,247
p01\face\1749.jpg p01\left\1749.jpg p01\right\1749.jpg p01\grid\1749.jpg day05/0046.jpg right 379.0,434.0 0.021498604,-0.2563155 15.489193,-17.949034,434.93884 0.19893805555555555,0.19893799999999998 502,203,821,522 544,282,626,331 707,294,783,339
p01\face\1750.jpg p01\left\1750.jpg p01\right\1750.jpg p01\grid\1750.jpg day54/0154.jpg right 784.0,811.0 -0.013117852,-0.0626078 -0.821111,6.947526,501.64062 0.19893805555555555,0.19893799999999998 483,277,762,556 521,343,591,385 661,354,730,395
p01\face\1751.jpg p01\left\1751.jpg p01\right\1751.jpg p01\grid\1751.jpg day37/0069.jpg right 302.0,85.0 -0.072740585,0.40795472 8.476618,-19.130913,459.06738 0.19893805555555555,0.19893799999999998 491,207,797,513 530,280,611,328 688,295,760,338
p01\face\1752.jpg p01\left\1752.jpg p01\right\1752.jpg p01\grid\1752.jpg day67/0006.jpg right 1430.0,69.0 0.061744865,0.17804435 1.011817,-43.509945,448.43326 0.19893805555555555,0.19893799999999998 468,147,784,463 514,225,589,270 668,232,752,282
p01\face\1753.jpg p01\left\1753.jpg p01\right\1753.jpg p01\grid\1753.jpg day55/0159.jpg right 384.0,230.0 -0.040813528,0.38436252 9.778133,-34.694275,514.0774 0.19893805555555555,0.19893799999999998 509,191,780,462 545,257,615,299 683,269,749,308
p01\face\1754.jpg p01\left\1754.jpg p01\right\1754.jpg p01\grid\1754.jpg day59/0534.jpg right 1004.0,143.0 -0.0108721955,0.47200269 -0.135333,-8.392198,476.98962 0.19893805555555555,0.19893799999999998 474,234,772,532 517,309,590,352 664,319,740,364
p01\face\1755.jpg p01\left\1755.jpg p01\right\1755.jpg p01\grid\1755.jpg day53/0309.jpg right 916.0,612.0 0.022307508,0.28703484 3.728603,-18.794884,443.66675 0.19893805555555555,0.19893799999999998 470,201,794,525 517,281,596,328 676,291,760,341
p01\face\1756.jpg p01\left\1756.jpg p01\right\1756.jpg p01\grid\1756.jpg day25/0167.jpg right 936.0,225.0 -0.023088366,-0.17244971 -10.11299,3.252299,442.99567 0.19893805555555555,0.19893799999999998 443,256,758,571 486,335,564,381 644,344,722,390
p01\face\1757.jpg p01\left\1757.jpg p01\right\1757.jpg p01\grid\1757.jpg day59/0236.jpg right 300.0,93.0 -0.019489601,0.32471982 29.34356,-4.44074,433.35522 0.19893805555555555,0.19893799999999998 531,234,859,562 575,311,660,362 743,328,821,374
p01\face\1758.jpg p01\left\1758.jpg p01\right\1758.jpg p01\grid\1758.jpg day42/0392.jpg right 1417.0,495.0 0.011011452,-0.08955004 -19.36793,7.197792,474.0858 0.19893805555555555,0.19893799999999998 434,273,728,567 476,344,546,386 621,353,696,398
p01\face\1759.jpg p01\left\1759.jpg p01\right\1759.jpg p01\grid\1759.jpg day58/0660.jpg right 813.0,196.0 0.027813407,0.45599118 22.24056,-13.396217,453.66943 0.19893805555555555,0.19893799999999998 520,216,835,531 562,296,641,343 720,304,798,350
p01\face\1760.jpg p01\left\1760.jpg p01\right\1760.jpg p01\grid\1760.jpg day43/0244.jpg right 846.0,240.0 0.0021671373,0.29579368 33.44907,-18.04253,472.11148 0.19893805555555555,0.19893799999999998 546,212,849,515 589,284,665,329 740,300,816,345
p01\face\1761.jpg p01\left\1761.jpg p01\right\1761.jpg p01\grid\1761.jpg day67/0310.jpg right 663.0,747.0 0.05280682,-0.3613739 13.058206,-7.949008,494.06784 0.19893805555555555,0.19893799999999998 513,243,789,519 552,310,621,351 690,325,759,366
p01\face\1762.jpg p01\left\1762.jpg p01\right\1762.jpg p01\grid\1762.jpg day60/0056.jpg right 825.0,4.0 0.047139663,0.23797488 -2.960105,-74.31309,463.14127 0.19893805555555555,0.19893799999999998 464,81,771,388 508,161,581,204 660,165,738,211
p01\face\1763.jpg p01\left\1763.jpg p01\right\1763.jpg p01\grid\1763.jpg day53/0579.jpg right 290.0,441.0 -0.10154249,0.41175702 -17.123688,18.137743,529.55963 0.19893805555555555,0.19893799999999998 457,301,724,568 492,365,561,406 628,376,692,414
p01\face\1764.jpg p01\left\1764.jpg p01\right\1764.jpg p01\grid\1764.jpg day66/0164.jpg right 659.0,309.0 -0.10199345,0.5333092 -15.439758,-25.776537,509.8869 0.19893805555555555,0.19893799999999998 456,207,727,478 493,274,562,315 631,288,697,327
p01\face\1765.jpg p01\left\1765.jpg p01\right\1765.jpg p01\grid\1765.jpg day01/0379.jpg right 213.0,684.0 0.022139704,-0.11596161 12.391487,19.53502,420.10577 0.19893805555555555,0.19893799999999998 489,292,822,625 533,372,618,423 703,386,782,433
p01\face\1766.jpg p01\left\1766.jpg p01\right\1766.jpg p01\grid\1766.jpg day42/0356.jpg right 1274.0,399.0 -0.006007351,-0.110617466 -34.623577,-24.40816,467.79947 0.19893805555555555,0.19893799999999998 397,198,700,501 437,276,512,321 586,277,665,324
p01\face\1767.jpg p01\left\1767.jpg p01\right\1767.jpg p01\grid\1767.jpg day49/0140.jpg right 239.0,774.0 -0.0943984,0.23933308 4.014925,-86.723045,492.63187 0.19893805555555555,0.19893799999999998 492,75,771,354 530,138,603,181 674,158,738,196
p01\face\1768.jpg p01\left\1768.jpg p01\right\1768.jpg p01\grid\1768.jpg day11/0079.jpg right 707.0,870.0 -0.015129691,0.41653606 -12.729942,-23.778622,494.46295 0.19893805555555555,0.19893799999999998 456,207,741,492 494,281,564,323 637,285,707,327
p01\face\1769.jpg p01\left\1769.jpg p01\right\1769.jpg p01\grid\1769.jpg day07/0310.jpg right 542.0,228.0 0.09303253,-0.2556789 43.785843,-46.30221,500.23666 0.19893805555555555,0.19893799999999998 578,162,858,442 615,234,685,276 756,239,825,280
p01\face\1770.jpg p01\left\1770.jpg p01\right\1770.jpg p01\grid\1770.jpg day36/0152.jpg right 1171.0,4.0 0.123579234,0.5340502 37.22034,42.54868,540.32294 0.19893805555555555,0.19893799999999998 566,349,828,611 605,416,666,452 734,421,801,461
p01\face\1771.jpg p01\left\1771.jpg p01\right\1771.jpg p01\grid\1771.jpg day27/0435.jpg right 1095.0,286.0 -0.06172798,0.5674301 -27.90322,26.78414,576.90027 0.19893805555555555,0.19893799999999998 452,319,696,563 486,382,546,418 606,388,669,425
p01\face\1772.jpg p01\left\1772.jpg p01\right\1772.jpg p01\grid\1772.jpg day14/0262.jpg right 1225.0,402.0 0.020032793,0.42307088 -1.555752,-2.950723,540.3195 0.19893805555555555,0.19893799999999998 490,259,754,523 527,327,591,365 656,331,725,372
p01\face\1773.jpg p01\left\1773.jpg p01\right\1773.jpg p01\grid\1773.jpg day52/0211.jpg right 1172.0,599.0 -0.0475279,-0.19321977 -45.24867,0.281236,518.67413 0.19893805555555555,0.19893799999999998 397,263,668,534 435,332,501,371 569,338,638,379
p01\face\1774.jpg p01\left\1774.jpg p01\right\1774.jpg p01\grid\1774.jpg day58/0015.jpg right 1123.0,848.0 -0.0065207654,0.23579232 5.295978,-55.36426,482.0358 0.19893805555555555,0.19893799999999998 489,135,783,429 530,207,602,250 677,217,750,260
p01\face\1775.jpg p01\left\1775.jpg p01\right\1775.jpg p01\grid\1775.jpg day28/0001.jpg right 957.0,578.0 -0.08158779,-0.13399231 -41.341698,-3.308868,475.13004 0.19893805555555555,0.19893799999999998 385,248,680,543 427,323,497,365 572,328,648,373
p01\face\1776.jpg p01\left\1776.jpg p01\right\1776.jpg p01\grid\1776.jpg day17/0348.jpg right 744.0,140.0 0.038635172,0.35041028 23.463867,-39.988335,540.16003 0.19893805555555555,0.19893799999999998 539,187,801,449 576,254,640,292 707,261,773,300
p01\face\1777.jpg p01\left\1777.jpg p01\right\1777.jpg p01\grid\1777.jpg day04/0239.jpg right 934.0,400.0 -0.0046860976,0.33350325 -17.127645,-30.690313,444.43002 0.19893805555555555,0.19893799999999998 423,173,745,495 468,256,546,302 626,260,710,310
p01\face\1778.jpg p01\left\1778.jpg p01\right\1778.jpg p01\grid\1778.jpg day53/0442.jpg right 1008.0,787.0 0.058197197,-0.28144366 21.424183,-32.245335,457.87085 0.19893805555555555,0.19893799999999998 522,178,825,481 565,254,638,297 716,263,791,308
p01\face\1779.jpg p01\left\1779.jpg p01\right\1779.jpg p01\grid\1779.jpg day56/0068.jpg right 729.0,55.0 0.007553863,0.35881686 17.911785,-10.863301,473.3492 0.19893805555555555,0.19893799999999998 513,228,816,531 554,303,630,348 706,313,781,358
p01\face\1780.jpg p01\left\1780.jpg p01\right\1780.jpg p01\grid\1780.jpg day02/0037.jpg right 1428.0,666.0 0.0411992,-0.07078669 -32.779907,-51.706474,462.17816 0.19893805555555555,0.19893799999999998 399,136,703,440 441,213,514,256 590,215,669,262
p01\face\1781.jpg p01\left\1781.jpg p01\right\1781.jpg p01\grid\1781.jpg day58/0799.jpg right 1379.0,469.0 -0.07239319,-0.1203187 -42.10274,17.077538,462.64465 0.19893805555555555,0.19893799999999998 377,289,686,598 417,373,492,418 571,367,649,413
p01\face\1782.jpg p01\left\1782.jpg p01\right\1782.jpg p01\grid\1782.jpg day49/0311.jpg right 854.0,395.0 0.041629896,-0.28715387 12.888988,-25.040386,401.83258 0.19893805555555555,0.19893799999999998 483,171,828,516 533,254,618,305 706,273,791,324
p01\face\1783.jpg p01\left\1783.jpg p01\right\1783.jpg p01\grid\1783.jpg day50/0188.jpg right 373.0,26.0 -0.10142689,0.2549371 -15.262679,-31.565088,515.3437 0.19893805555555555,0.19893799999999998 454,197,731,474 491,263,564,306 632,276,699,316
p01\face\1784.jpg p01\left\1784.jpg p01\right\1784.jpg p01\grid\1784.jpg day62/0184.jpg right 529.0,380.0 -0.0037542896,0.16014786 12.602507,-11.439802,450.96332 0.19893805555555555,0.19893799999999998 496,224,811,539 538,299,619,347 698,311,774,356
p01\face\1785.jpg p01\left\1785.jpg p01\right\1785.jpg p01\grid\1785.jpg day52/0281.jpg right 1040.0,508.0 -0.0034442674,-0.22331071 -4.754697,-27.562492,417.1176 0.19893805555555555,0.19893799999999998 447,172,781,506 493,260,572,307 658,261,743,312
p01\face\1786.jpg p01\left\1786.jpg p01\right\1786.jpg p01\grid\1786.jpg day31/0417.jpg right 604.0,535.0 -0.00043530727,-0.17803033 -17.608692,49.445107,509.50647 0.19893805555555555,0.19893799999999998 451,363,727,639 487,432,557,474 627,441,694,481
p01\face\1787.jpg p01\left\1787.jpg p01\right\1787.jpg p01\grid\1787.jpg day16/0147.jpg right 331.0,233.0 -0.029304048,0.31141382 32.47292,4.97003,540.7776 0.19893805555555555,0.19893799999999998 557,277,819,539 591,339,660,380 725,351,788,388
p01\face\1788.jpg p01\left\1788.jpg p01\right\1788.jpg p01\grid\1788.jpg day41/0436.jpg right 387.0,689.0 -0.075988114,0.42695788 -10.393732,2.86105,583.6927 0.19893805555555555,0.19893799999999998 486,278,727,519 517,338,580,375 640,346,698,380
p01\face\1789.jpg p01\left\1789.jpg p01\right\1789.jpg p01\grid\1789.jpg day31/0113.jpg right 45.0,660.0 -0.03749637,0.25360245 21.3061,-17.857294,545.88855 0.19893805555555555,0.19893799999999998 537,233,796,492 570,295,639,336 701,305,765,343
p01\face\1790.jpg p01\left\1790.jpg p01\right\1790.jpg p01\grid\1790.jpg day67/0015.jpg right 1431.0,462.0 0.05436974,-0.20394425 11.443352,-35.274265,434.24872 0.19893805555555555,0.19893799999999998 490,161,811,482 537,239,615,285 695,252,777,301
p01\face\1791.jpg p01\left\1791.jpg p01\right\1791.jpg p01\grid\1791.jpg day27/0432.jpg right 560.0,525.0 -0.06576224,0.5100305 -18.66187,17.271524,574.7613 0.19893805555555555,0.19893799999999998 470,303,714,547 502,366,563,402 625,370,685,406
p01\face\1792.jpg p01\left\1792.jpg p01\right\1792.jpg p01\grid\1792.jpg day44/0031.jpg right 165.0,605.0 -0.05417597,0.12552859 30.347683,-87.63776,504.2137 0.19893805555555555,0.19893799999999998 546,77,826,357 585,141,658,184 728,160,795,200
p01\face\1793.jpg p01\left\1793.jpg p01\right\1793.jpg p01\grid\1793.jpg day20/0477.jpg right 564.0,849.0 0.08035685,-0.30272332 40.96958,-17.996704,484.36804 0.19893805555555555,0.19893799999999998 570,217,858,505 609,289,682,332 754,299,824,341
p01\face\1794.jpg p01\left\1794.jpg p01\right\1794.jpg p01\grid\1794.jpg day61/0155.jpg right 429.0,24.0 -0.053731747,0.25834408 -0.414995,-63.16372,401.35065 0.19893805555555555,0.19893799999999998 445,69,799,423 493,154,583,208 673,171,758,222
p01\face\1795.jpg p01\left\1795.jpg p01\right\1795.jpg p01\grid\1795.jpg day63/0292.jpg right 1412.0,320.0 -0.0961161,0.39281118 -86.67293,-25.293573,619.87714 0.19893805555555555,0.19893799999999998 365,234,593,462 396,295,450,327 507,294,567,330
p01\face\1796.jpg p01\left\1796.jpg p01\right\1796.jpg p01\grid\1796.jpg day41/0416.jpg right 802.0,381.0 0.018484836,0.415141 31.85813,-33.818237,575.513 0.19893805555555555,0.19893799999999998 561,209,805,453 595,271,656,307 718,278,778,314
p01\face\1797.jpg p01\left\1797.jpg p01\right\1797.jpg p01\grid\1797.jpg day16/0005.jpg right 763.0,886.0 0.007957913,-0.22191215 -5.747822,-23.14492,514.4734 0.19893805555555555,0.19893799999999998 478,216,748,486 516,284,582,323 649,290,718,331
p01\face\1798.jpg p01\left\1798.jpg p01\right\1798.jpg p01\grid\1798.jpg day50/0310.jpg right 1376.0,738.0 -0.21780547,-0.30119058 -132.1455,-50.69759,594.242 0.19893805555555555,0.19893799999999998 268,181,509,422 302,244,360,278 422,250,483,286
p01\face\1799.jpg p01\left\1799.jpg p01\right\1799.jpg p01\grid\1799.jpg day42/0257.jpg right 460.0,16.0 0.027709149,0.2918814 37.24844,-26.41595,519.7031 0.19893805555555555,0.19893799999999998 565,209,839,483 600,277,670,319 739,284,806,324
p01\face\1800.jpg p01\left\1800.jpg p01\right\1800.jpg p01\grid\1800.jpg day46/0011.jpg right 953.0,364.0 0.042726,-0.11024305 24.649906,-45.943012,411.14944 0.19893805555555555,0.19893799999999998 516,125,853,462 565,203,646,251 735,223,817,272
p01\face\1801.jpg p01\left\1801.jpg p01\right\1801.jpg p01\grid\1801.jpg day09/0033.jpg right 63.0,128.0 -0.07164858,-0.145172 -24.074017,-31.00911,501.1103 0.19893805555555555,0.19893799999999998 436,196,715,475 471,266,543,309 614,272,680,311
p01\face\1802.jpg p01\left\1802.jpg p01\right\1802.jpg p01\grid\1802.jpg day63/0380.jpg right 1148.0,827.0 -0.029195465,0.45396328 1.432566,35.014763,724.3799 0.19893805555555555,0.19893799999999998 532,339,727,534 557,389,606,418 655,393,703,421
p01\face\1803.jpg p01\left\1803.jpg p01\right\1803.jpg p01\grid\1803.jpg day45/0101.jpg right 957.0,238.0 0.0077022924,-0.07826379 -9.748624,19.120785,444.32544 0.19893805555555555,0.19893799999999998 443,294,759,610 488,374,564,419 643,379,725,428
p01\face\1804.jpg p01\left\1804.jpg p01\right\1804.jpg p01\grid\1804.jpg day66/0189.jpg right 863.0,653.0 -0.15586141,-0.41934517 -56.638725,-62.615265,463.51236 0.19893805555555555,0.19893799999999998 342,107,645,410 386,185,459,228 535,194,613,240
p01\face\1805.jpg p01\left\1805.jpg p01\right\1805.jpg p01\grid\1805.jpg day35/0089.jpg right 91.0,720.0 -0.19417724,-0.1305712 68.175514,-41.239037,401.66608 0.19893805555555555,0.19893799999999998 629,136,966,473 677,209,761,259 855,235,928,278
p01\face\1806.jpg p01\left\1806.jpg p01\right\1806.jpg p01\grid\1806.jpg day53/0455.jpg right 1282.0,38.0 -0.06596789,-0.15622865 -8.026036,-12.411257,455.65 0.19893805555555555,0.19893799999999998 453,224,759,530 495,300,570,345 648,306,724,351
p01\face\1807.jpg p01\left\1807.jpg p01\right\1807.jpg p01\grid\1807.jpg day33/0061.jpg right 1341.0,895.0 -0.03893611,0.36066803 -41.210102,18.592745,523.3886 0.19893805555555555,0.19893799999999998 406,301,679,574 444,372,508,410 577,372,649,415
p01\face\1808.jpg p01\left\1808.jpg p01\right\1808.jpg p01\grid\1808.jpg day51/0238.jpg right 341.0,689.0 -0.10818068,0.49961433 -10.029792,34.48511,517.5743 0.19893805555555555,0.19893799999999998 468,334,739,605 504,397,576,440 642,411,708,450
p01\face\1809.jpg p01\left\1809.jpg p01\right\1809.jpg p01\grid\1809.jpg day37/0217.jpg right 1413.0,339.0 -0.04387608,-0.18629289 -43.09635,-52.8493,557.2598 0.19893805555555555,0.19893799999999998 416,169,669,422 452,232,513,268 581,239,641,275
p01\face\1810.jpg p01\left\1810.jpg p01\right\1810.jpg p01\grid\1810.jpg day42/0172.jpg right 979.0,510.0 -0.004711085,-0.27645022 -6.247248,-41.937077,469.96106 0.19893805555555555,0.19893799999999998 463,160,760,457 504,236,576,279 650,241,726,286
p01\face\1811.jpg p01\left\1811.jpg p01\right\1811.jpg p01\grid\1811.jpg day21/0092.jpg right 646.0,623.0 -0.025037335,0.33308372 -2.575633,-13.832946,459.24286 0.19893805555555555,0.19893799999999998 461,218,773,530 505,293,584,340 661,306,739,352
p01\face\1812.jpg p01\left\1812.jpg p01\right\1812.jpg p01\grid\1812.jpg day64/0022.jpg right 557.0,470.0 0.009524667,-0.26175973 -2.508176,-7.37568,482.10547 0.19893805555555555,0.19893799999999998 475,241,763,529 514,312,587,355 659,323,729,365
p01\face\1813.jpg p01\left\1813.jpg p01\right\1813.jpg p01\grid\1813.jpg day63/0265.jpg right 565.0,201.0 0.08352983,-0.36162946 30.94167,-68.57814,422.03442 0.19893805555555555,0.19893799999999998 534,70,865,401 581,150,665,200 747,166,829,215
p01\face\1814.jpg p01\left\1814.jpg p01\right\1814.jpg p01\grid\1814.jpg day52/0784.jpg right 789.0,697.0 -0.05641391,0.3184458 -10.968351,-54.18075,570.8015 0.19893805555555555,0.19893799999999998 482,172,726,416 516,232,577,268 639,241,699,277
p01\face\1815.jpg p01\left\1815.jpg p01\right\1815.jpg p01\grid\1815.jpg day26/0023.jpg right 989.0,433.0 0.036300007,-0.3003388 16.48735,-50.48292,364.6867 0.19893805555555555,0.19893799999999998 479,80,860,461 535,173,626,227 724,188,820,245
p01\face\1816.jpg p01\left\1816.jpg p01\right\1816.jpg p01\grid\1816.jpg day22/0073.jpg right 36.0,673.0 0.18774785,-0.2846813 -26.618687,-62.77567,532.6313 0.19893805555555555,0.19893799999999998 443,140,708,405 473,203,549,248 607,213,674,253
p01\face\1817.jpg p01\left\1817.jpg p01\right\1817.jpg p01\grid\1817.jpg day22/0017.jpg right 974.0,567.0 -0.007987648,0.37576237 5.044682,-4.04658,518.3377 0.19893805555555555,0.19893799999999998 498,254,772,528 535,322,604,363 672,330,741,371
p01\face\1818.jpg p01\left\1818.jpg p01\right\1818.jpg p01\grid\1818.jpg day63/0315.jpg right 1352.0,326.0 -0.0652503,-0.25493503 -35.61259,-37.536774,460.61084 0.19893805555555555,0.19893799999999998 392,166,696,470 434,245,507,288 583,248,662,295
p01\face\1819.jpg p01\left\1819.jpg p01\right\1819.jpg p01\grid\1819.jpg day04/0045.jpg right 526.0,124.0 -0.02809532,-0.15097758 -12.762722,-11.752217,414.9694 0.19893805555555555,0.19893799999999998 423,212,760,549 467,293,554,345 638,306,720,355
p01\face\1820.jpg p01\left\1820.jpg p01\right\1820.jpg p01\grid\1820.jpg day20/0038.jpg right 96.0,847.0 0.011569935,0.6037059 25.991905,41.527386,532.3216 0.19893805555555555,0.19893799999999998 547,348,808,609 581,413,648,453 715,422,776,458
p01\face\1821.jpg p01\left\1821.jpg p01\right\1821.jpg p01\grid\1821.jpg day37/0389.jpg right 1264.0,346.0 0.03687726,0.26496598 -28.721172,-22.23457,483.52408 0.19893805555555555,0.19893799999999998 415,208,709,502 457,283,526,324 601,286,677,331
p01\face\1822.jpg p01\left\1822.jpg p01\right\1822.jpg p01\grid\1822.jpg day30/0041.jpg right 876.0,555.0 -0.023675617,0.46981898 -1.555994,16.163826,670.82544 0.19893805555555555,0.19893799999999998 518,308,729,519 546,362,600,394 652,366,704,397
p01\face\1823.jpg p01\left\1823.jpg p01\right\1823.jpg p01\grid\1823.jpg day45/0440.jpg right 875.0,13.0 0.010871254,0.3786919 -12.333511,-50.803387,440.94818 0.19893805555555555,0.19893799999999998 433,123,755,445 479,206,558,253 637,211,721,261
p01\face\1824.jpg p01\left\1824.jpg p01\right\1824.jpg p01\grid\1824.jpg day01/0005.jpg right 1148.0,290.0 0.0606028,0.3296436 -3.017727,-7.797238,510.734 0.19893805555555555,0.19893799999999998 481,246,758,523 520,318,586,357 655,318,728,361
p01\face\1825.jpg p01\left\1825.jpg p01\right\1825.jpg p01\grid\1825.jpg day41/0063.jpg right 771.0,870.0 -0.021961562,-0.20675413 -12.400307,7.753422,502.73068 0.19893805555555555,0.19893799999999998 460,278,736,554 498,346,567,387 636,355,705,396
p01\face\1826.jpg p01\left\1826.jpg p01\right\1826.jpg p01\grid\1826.jpg day37/0039.jpg right 538.0,441.0 -0.0376855,0.4729832 3.367626,36.694817,468.14166 0.19893805555555555,0.19893799999999998 480,335,786,641 520,410,598,456 676,420,749,463
p01\face\1827.jpg p01\left\1827.jpg p01\right\1827.jpg p01\grid\1827.jpg day01/0356.jpg right 1321.0,703.0 0.0593342,0.29343122 1.339295,-11.843771,596.1381 0.19893805555555555,0.19893799999999998 511,254,749,492 542,317,600,351 658,315,721,352
p01\face\1828.jpg p01\left\1828.jpg p01\right\1828.jpg p01\grid\1828.jpg day65/0101.jpg right 537.0,285.0 -0.12252562,0.32269287 -30.258465,-21.787666,380.01907 0.19893805555555555,0.19893799999999998 350,167,728,545 399,258,498,317 590,273,683,328
p01\face\1829.jpg p01\left\1829.jpg p01\right\1829.jpg p01\grid\1829.jpg day59/0042.jpg right 172.0,561.0 0.04313357,-0.10106205 36.89787,1.783276,484.9543 0.19893805555555555,0.19893799999999998 558,262,847,551 600,329,673,372 744,345,817,388
p01\face\1830.jpg p01\left\1830.jpg p01\right\1830.jpg p01\grid\1830.jpg day42/0530.jpg right 788.0,530.0 -0.028034182,0.43269953 -9.840751,-30.141096,589.06256 0.19893805555555555,0.19893799999999998 488,217,729,458 520,281,581,317 640,284,701,320
p01\face\1831.jpg p01\left\1831.jpg p01\right\1831.jpg p01\grid\1831.jpg day36/0155.jpg right 62.0,291.0 0.038012467,0.522832 66.569115,45.461918,539.1045 0.19893805555555555,0.19893799999999998 623,353,890,620 657,417,727,459 793,430,857,468
p01\face\1832.jpg p01\left\1832.jpg p01\right\1832.jpg p01\grid\1832.jpg day15/0334.jpg right 316.0,426.0 0.09614336,-0.2529823 51.810898,-42.806084,382.36508 0.19893805555555555,0.19893799999999998 581,113,945,477 633,199,726,254 819,222,906,274
p01\face\1833.jpg p01\left\1833.jpg p01\right\1833.jpg p01\grid\1833.jpg day31/0360.jpg right 210.0,153.0 -0.33622098,-0.0010619871 -3.585496,-16.372932,414.09964 0.19893805555555555,0.19893799999999998 450,207,777,534 488,279,578,333 666,299,732,338
p01\face\1834.jpg p01\left\1834.jpg p01\right\1834.jpg p01\grid\1834.jpg day04/0246.jpg right 937.0,306.0 -0.0003422968,0.42695764 -15.19663,-19.772055,557.07086 0.19893805555555555,0.19893799999999998 470,231,722,483 506,296,567,332 630,301,694,339
p01\face\1835.jpg p01\left\1835.jpg p01\right\1835.jpg p01\grid\1835.jpg day03/0417.jpg right 1414.0,652.0 0.09888145,0.37411568 13.578851,29.745136,546.5804 0.19893805555555555,0.19893799999999998 527,327,783,583 560,396,620,432 687,391,751,429
p01\face\1836.jpg p01\left\1836.jpg p01\right\1836.jpg p01\grid\1836.jpg day53/0104.jpg right 1328.0,796.0 -0.021664087,0.41679308 -19.437407,7.47775,519.1835 0.19893805555555555,0.19893799999999998 449,277,723,551 487,349,551,387 622,350,692,392
p01\face\1837.jpg p01\left\1837.jpg p01\right\1837.jpg p01\grid\1837.jpg day59/0427.jpg right 780.0,848.0 0.003113634,-0.18485488 0.005419,12.64884,416.2784 0.19893805555555555,0.19893799999999998 456,274,789,607 505,356,584,403 670,369,754,419
p01\face\1838.jpg p01\left\1838.jpg p01\right\1838.jpg p01\grid\1838.jpg day66/0322.jpg right 556.0,576.0 -0.04660668,-0.25741953 -25.909138,-27.902798,384.27014 0.19893805555555555,0.19893799999999998 369,154,733,518 420,244,511,298 602,258,693,312
p01\face\1839.jpg p01\left\1839.jpg p01\right\1839.jpg p01\grid\1839.jpg day31/0380.jpg right 1368.0,165.0 0.030272214,0.45017946 -16.685349,25.277666,551.656 0.19893805555555555,0.19893799999999998 464,316,722,574 500,382,563,419 628,385,694,424
p01\face\1840.jpg p01\left\1840.jpg p01\right\1840.jpg p01\grid\1840.jpg day27/0438.jpg right 977.0,158.0 -0.026253587,0.49489972 -25.601717,27.928326,573.1206 0.19893805555555555,0.19893799999999998 455,322,702,569 489,386,549,422 611,389,674,426
p01\face\1841.jpg p01\left\1841.jpg p01\right\1841.jpg p01\grid\1841.jpg day57/0070.jpg right 779.0,212.0 -0.023756154,0.43501207 -6.061983,4.184021,548.63025 0.19893805555555555,0.19893799999999998 484,274,743,533 519,340,583,378 649,347,713,385
p01\face\1842.jpg p01\left\1842.jpg p01\right\1842.jpg p01\grid\1842.jpg day37/0252.jpg right 855.0,235.0 0.03801853,0.34677482 -9.616492,-82.93078,624.4292 0.19893805555555555,0.19893799999999998 498,137,724,363 528,199,583,232 639,196,697,230
p01\face\1843.jpg p01\left\1843.jpg p01\right\1843.jpg p01\grid\1843.jpg day52/0284.jpg right 432.0,806.0 0.0021818804,0.34368744 34.178272,-21.777555,423.41208 0.19893805555555555,0.19893799999999998 538,186,877,525 585,265,672,317 757,286,839,335
p01\face\1844.jpg p01\left\1844.jpg p01\right\1844.jpg p01\grid\1844.jpg day07/0293.jpg right 1051.0,306.0 -0.0058352365,-0.11000178 -14.011594,-16.19292,379.322 0.19893805555555555,0.19893799999999998 401,187,770,556 452,279,542,333 635,286,728,341
p01\face\1845.jpg p01\left\1845.jpg p01\right\1845.jpg p01\grid\1845.jpg day04/0499.jpg right 1145.0,35.0 0.058739677,0.13410133 -10.640104,-87.606514,454.97617 0.19893805555555555,0.19893799999999998 447,48,756,357 490,128,562,171 642,129,721,176
p01\face\1846.jpg p01\left\1846.jpg p01\right\1846.jpg p01\grid\1846.jpg day56/0033.jpg right 397.0,151.0 0.0025960563,-0.06619024 23.53978,-58.269997,582.6966 0.19893805555555555,0.19893799999999998 546,169,787,410 580,226,641,262 701,236,761,272
p01\face\1847.jpg p01\left\1847.jpg p01\right\1847.jpg p01\grid\1847.jpg day37/0248.jpg right 1123.0,356.0 0.06990988,0.34106126 -20.952675,-79.36126,631.5355 0.19893805555555555,0.19893799999999998 484,146,706,368 511,210,565,242 619,200,677,234
p01\face\1848.jpg p01\left\1848.jpg p01\right\1848.jpg p01\grid\1848.jpg day15/0478.jpg right 396.0,654.0 -0.014173522,-0.12867309 -9.090911,-1.760195,476.78485 0.19893805555555555,0.19893799999999998 458,252,752,546 496,325,571,370 646,333,716,375
p01\face\1849.jpg p01\left\1849.jpg p01\right\1849.jpg p01\grid\1849.jpg day05/0021.jpg right 777.0,309.0 0.015491359,-0.12031749 1.890254,-18.831017,465.0209 0.19893805555555555,0.19893799999999998 478,211,779,512 521,285,594,328 669,294,747,340
p01\face\1850.jpg p01\left\1850.jpg p01\right\1850.jpg p01\grid\1850.jpg day20/0495.jpg right 443.0,499.0 0.067945436,-0.11728259 33.167717,20.35927,400.29004 0.19893805555555555,0.19893799999999998 537,291,888,642 583,375,673,429 761,389,846,440
p01\face\1851.jpg p01\left\1851.jpg p01\right\1851.jpg p01\grid\1851.jpg day12/0150.jpg right 987.0,15.0 -0.022608258,-0.16651821 -7.953234,-5.575722,443.47403 0.19893805555555555,0.19893799999999998 448,236,761,549 493,314,568,359 647,322,728,370
p01\face\1852.jpg p01\left\1852.jpg p01\right\1852.jpg p01\grid\1852.jpg day42/0001.jpg right 458.0,550.0 -0.081499495,0.38187617 -4.756263,-28.809868,453.43683 0.19893805555555555,0.19893799999999998 457,181,770,494 497,258,581,308 656,270,732,315
p01\face\1853.jpg p01\left\1853.jpg p01\right\1853.jpg p01\grid\1853.jpg day65/0031.jpg right 1059.0,94.0 -0.04451332,0.36845222 -13.368822,-2.374754,556.4625 0.19893805555555555,0.19893799999999998 472,263,728,519 506,328,572,367 634,334,698,372
p01\face\1854.jpg p01\left\1854.jpg p01\right\1854.jpg p01\grid\1854.jpg day13/0057.jpg right 575.0,455.0 -0.03139892,0.5685475 -2.961948,35.58208,504.418 0.19893805555555555,0.19893799999999998 479,334,759,614 516,404,588,447 657,411,726,452
p01\face\1855.jpg p01\left\1855.jpg p01\right\1855.jpg p01\grid\1855.jpg day06/0274.jpg right 645.0,603.0 0.0016380161,0.3067318 19.429346,-32.115585,561.9074 0.19893805555555555,0.19893799999999998 536,210,786,460 570,272,633,309 697,280,758,316
p01\face\1856.jpg p01\left\1856.jpg p01\right\1856.jpg p01\grid\1856.jpg day63/0403.jpg right 1008.0,393.0 -0.0042195194,-0.20917885 0.318163,-41.40284,441.72266 0.19893805555555555,0.19893799999999998 466,150,781,465 512,227,587,272 669,239,748,286
p01\face\1857.jpg p01\left\1857.jpg p01\right\1857.jpg p01\grid\1857.jpg day67/0269.jpg right 6.0,621.0 -0.048029363,0.59779966 11.615119,51.71292,461.85242 0.19893805555555555,0.19893799999999998 501,371,805,675 539,445,618,492 695,455,767,498
p01\face\1858.jpg p01\left\1858.jpg p01\right\1858.jpg p01\grid\1858.jpg day47/0152.jpg right 353.0,173.0 0.15957001,-0.17891057 22.736559,4.223997,602.2252 0.19893805555555555,0.19893799999999998 551,284,782,515 580,340,638,374 701,350,752,380
p01\face\1859.jpg p01\left\1859.jpg p01\right\1859.jpg p01\grid\1859.jpg day60/0131.jpg right 425.0,765.0 -0.19754659,-0.08287092 10.648352,13.275193,402.0078 0.19893805555555555,0.19893799999999998 477,276,820,619 523,355,610,407 702,372,780,418
p01\face\1860.jpg p01\left\1860.jpg p01\right\1860.jpg p01\grid\1860.jpg day16/0076.jpg right 613.0,544.0 0.046338715,-0.16292667 25.491007,30.205523,477.48343 0.19893805555555555,0.19893799999999998 535,323,826,614 575,394,648,437 722,406,792,448
p01\face\1861.jpg p01\left\1861.jpg p01\right\1861.jpg p01\grid\1861.jpg day12/0415.jpg right 316.0,340.0 -0.12927487,0.37123066 -24.957481,-22.496246,469.59073 0.19893805555555555,0.19893799999999998 417,202,718,503 457,274,535,320 611,289,683,332
p01\face\1862.jpg p01\left\1862.jpg p01\right\1862.jpg p01\grid\1862.jpg day43/0272.jpg right 479.0,80.0 -0.045282234,0.24718143 18.340158,-44.747234,530.8899 0.19893805555555555,0.19893799999999998 527,175,795,443 562,240,632,282 699,252,763,290
p01\face\1863.jpg p01\left\1863.jpg p01\right\1863.jpg p01\grid\1863.jpg day41/0465.jpg right 221.0,141.0 -0.054650776,0.33149135 18.59492,-23.745716,538.13214 0.19893805555555555,0.19893799999999998 529,218,794,483 563,281,635,324 697,294,763,333
p01\face\1864.jpg p01\left\1864.jpg p01\right\1864.jpg p01\grid\1864.jpg day56/0116.jpg right 1206.0,45.0 0.017453324,-0.10091737 0.833628,-18.160116,456.12878 0.19893805555555555,0.19893799999999998 474,210,781,517 517,289,590,332 669,291,747,337
p01\face\1865.jpg p01\left\1865.jpg p01\right\1865.jpg p01\grid\1865.jpg day01/0392.jpg right 1406.0,568.0 0.031203227,-0.041970454 -17.983831,20.51863,426.10315 0.19893805555555555,0.19893799999999998 416,297,743,624 463,377,539,422 625,386,707,435
p01\face\1866.jpg p01\left\1866.jpg p01\right\1866.jpg p01\grid\1866.jpg day17/0090.jpg right 1056.0,841.0 0.048938137,-0.05467756 -50.12799,-25.549734,377.87125 0.19893805555555555,0.19893799999999998 303,162,672,531 351,255,439,307 536,257,627,311
p01\face\1867.jpg p01\left\1867.jpg p01\right\1867.jpg p01\grid\1867.jpg day53/0704.jpg right 1010.0,666.0 -0.00268243,-0.26712877 -11.62649,-25.520786,423.7251 0.19893805555555555,0.19893799999999998 430,179,760,509 477,262,556,309 640,272,724,322
p01\face\1868.jpg p01\left\1868.jpg p01\right\1868.jpg p01\grid\1868.jpg day07/0006.jpg right 1263.0,683.0 -0.018025499,-0.15926772 -34.436523,-31.13015,445.06906 0.19893805555555555,0.19893799999999998 388,176,703,491 431,258,504,301 585,258,666,306
p01\face\1869.jpg p01\left\1869.jpg p01\right\1869.jpg p01\grid\1869.jpg day19/0130.jpg right 53.0,104.0 -0.12880926,0.27432138 11.848582,-46.84437,405.3661 0.19893805555555555,0.19893799999999998 481,118,824,461 527,195,618,249 703,219,784,267
p01\face\1870.jpg p01\left\1870.jpg p01\right\1870.jpg p01\grid\1870.jpg day17/0410.jpg right 1039.0,885.0 0.00970997,-0.31338194 -15.813027,-32.19439,365.2322 0.19893805555555555,0.19893799999999998 388,132,767,511 440,227,533,282 630,241,724,297
p01\face\1871.jpg p01\left\1871.jpg p01\right\1871.jpg p01\grid\1871.jpg day01/0341.jpg right 592.0,576.0 -0.009413808,0.2760246 22.789526,-14.506117,589.01544 0.19893805555555555,0.19893799999999998 546,248,787,489 577,307,640,344 699,314,759,350
p01\face\1872.jpg p01\left\1872.jpg p01\right\1872.jpg p01\grid\1872.jpg day55/0150.jpg right 957.0,705.0 0.069306,0.2719609 30.063784,-37.675198,454.7762 0.19893805555555555,0.19893799999999998 536,161,851,476 581,240,657,285 738,249,817,296
p01\face\1873.jpg p01\left\1873.jpg p01\right\1873.jpg p01\grid\1873.jpg day37/0316.jpg right 296.0,575.0 -0.07605229,-0.041547112 17.151516,-8.318442,390.3813 0.19893805555555555,0.19893799999999998 488,214,845,571 536,292,630,348 721,319,803,368
p01\face\1874.jpg p01\left\1874.jpg p01\right\1874.jpg p01\grid\1874.jpg day01/0134.jpg right 703.0,174.0 0.002101647,0.41813707 9.887747,2.64588,454.53757 0.19893805555555555,0.19893799999999998 491,255,804,568 534,333,612,379 690,342,769,389
p01\face\1875.jpg p01\left\1875.jpg p01\right\1875.jpg p01\grid\1875.jpg day43/0172.jpg right 671.0,349.0 -0.03067128,0.30560836 3.376004,-64.36164,496.53098 0.19893805555555555,0.19893799999999998 490,121,775,406 528,192,600,235 671,201,741,243
p01\face\1876.jpg p01\left\1876.jpg p01\right\1876.jpg p01\grid\1876.jpg day04/0123.jpg right 659.0,635.0 -0.031180296,0.5277673 -14.232829,-0.429187,529.6525 0.19893805555555555,0.19893799999999998 466,262,731,527 500,333,567,373 633,335,699,374
p01\face\1877.jpg p01\left\1877.jpg p01\right\1877.jpg p01\grid\1877.jpg day63/0260.jpg right 1370.0,703.0 0.0077910814,-0.32611048 13.749379,-64.240524,426.79794 0.19893805555555555,0.19893799999999998 495,86,820,411 542,168,618,213 703,176,785,225
p01\face\1878.jpg p01\left\1878.jpg p01\right\1878.jpg p01\grid\1878.jpg day45/0051.jpg right 1136.0,893.0 -0.011843668,-0.12528569 -28.4987,-24.55376,431.81122 0.19893805555555555,0.19893799999999998 393,186,718,511 438,268,516,314 599,274,681,323
p01\face\1879.jpg p01\left\1879.jpg p01\right\1879.jpg p01\grid\1879.jpg day57/0352.jpg right 358.0,257.0 -0.017094791,0.011200929 19.567968,14.161109,439.03857 0.19893805555555555,0.19893799999999998 511,283,830,602 554,359,635,407 716,371,794,417
p01\face\1880.jpg p01\left\1880.jpg p01\right\1880.jpg p01\grid\1880.jpg day42/0004.jpg right 1013.0,585.0 -0.029635295,-0.19658658 -13.703478,-27.39419,461.91608 0.19893805555555555,0.19893799999999998 440,189,744,493 484,265,554,307 638,275,711,318
p01\face\1881.jpg p01\left\1881.jpg p01\right\1881.jpg p01\grid\1881.jpg day62/0275.jpg right 727.0,752.0 -0.01852064,-0.2000574 -2.066438,-15.439392,363.25772 0.19893805555555555,0.19893799999999998 426,183,804,561 481,275,572,329 672,291,763,345
p01\face\1882.jpg p01\left\1882.jpg p01\right\1882.jpg p01\grid\1882.jpg day07/0140.jpg right 562.0,575.0 -0.012693461,0.27534518 3.806779,-40.223343,455.99533 0.19893805555555555,0.19893799999999998 478,156,791,469 519,235,598,282 677,242,753,287
p01\face\1883.jpg p01\left\1883.jpg p01\right\1883.jpg p01\grid\1883.jpg day34/0152.jpg right 928.0,853.0 -0.02438636,0.45910034 -36.398132,28.813448,613.1584 0.19893805555555555,0.19893799999999998 449,328,677,556 481,386,536,419 593,388,651,422
p01\face\1884.jpg p01\left\1884.jpg p01\right\1884.jpg p01\grid\1884.jpg day30/0081.jpg right 979.0,555.0 0.019802887,-0.22579445 -1.073565,3.596057,577.8138 0.19893805555555555,0.19893799999999998 503,279,744,520 536,339,596,375 656,347,717,383
p01\face\1885.jpg p01\left\1885.jpg p01\right\1885.jpg p01\grid\1885.jpg day49/0149.jpg right 657.0,533.0 -0.07332603,0.24178351 0.922999,-86.21326,485.1893 0.19893805555555555,0.19893799999999998 481,71,766,356 521,134,596,179 666,156,735,197
p01\face\1886.jpg p01\left\1886.jpg p01\right\1886.jpg p01\grid\1886.jpg day51/0377.jpg right 299.0,63.0 -0.11289261,0.2492888 -6.598547,-32.03605,498.00452 0.19893805555555555,0.19893799999999998 468,192,751,475 505,257,580,302 651,274,718,314
p01\face\1887.jpg p01\left\1887.jpg p01\right\1887.jpg p01\grid\1887.jpg day31/0058.jpg right 647.0,877.0 -0.03174823,0.48290908 5.746727,24.198069,449.34122 0.19893805555555555,0.19893799999999998 477,303,798,624 520,381,602,430 683,394,761,440
p01\face\1888.jpg p01\left\1888.jpg p01\right\1888.jpg p01\grid\1888.jpg day42/0612.jpg right 1294.0,638.0 -0.06884225,-0.27022862 -42.492702,-60.524387,572.8921 0.19893805555555555,0.19893799999999998 426,160,672,406 459,226,517,260 579,224,643,262
p01\face\1889.jpg p01\left\1889.jpg p01\right\1889.jpg p01\grid\1889.jpg day31/0138.jpg right 127.0,281.0 -0.0074852067,0.3837779 38.491104,-52.018814,458.56427 0.19893805555555555,0.19893799999999998 561,130,868,437 599,207,680,255 758,217,830,260
p01\face\1890.jpg p01\left\1890.jpg p01\right\1890.jpg p01\grid\1890.jpg day52/0040.jpg right 886.0,173.0 -0.06842961,0.33794162 -61.467537,-8.002658,627.169 0.19893805555555555,0.19893799999999998 409,264,637,492 440,323,495,356 552,325,610,359
p01\face\1891.jpg p01\left\1891.jpg p01\right\1891.jpg p01\grid\1891.jpg day42/0545.jpg right 853.0,647.0 0.0133387465,-0.23060857 5.745201,-41.01659,476.92313 0.19893805555555555,0.19893799999999998 491,166,783,458 531,238,604,281 678,247,750,290
p01\face\1892.jpg p01\left\1892.jpg p01\right\1892.jpg p01\grid\1892.jpg day63/0375.jpg right 145.0,124.0 -0.03586695,0.41322246 11.36144,28.501678,733.6191 0.19893805555555555,0.19893799999999998 547,331,739,523 572,379,621,408 669,384,715,411
p01\face\1893.jpg p01\left\1893.jpg p01\right\1893.jpg p01\grid\1893.jpg day44/0197.jpg right 656.0,15.0 0.04726812,-0.29725748 8.139483,-42.024185,354.01193 0.19893805555555555,0.19893799999999998 452,97,842,487 507,193,603,250 700,209,799,268
p01\face\1894.jpg p01\left\1894.jpg p01\right\1894.jpg p01\grid\1894.jpg day51/0250.jpg right 196.0,15.0 -0.052047066,0.33321348 29.14061,-39.14321,680.93164 0.19893805555555555,0.19893799999999998 567,225,771,429 596,272,648,303 698,285,749,315
p01\face\1895.jpg p01\left\1895.jpg p01\right\1895.jpg p01\grid\1895.jpg day58/0381.jpg right 222.0,122.0 0.022103995,-0.18947493 19.142658,-29.138147,440.48117 0.19893805555555555,0.19893799999999998 509,178,827,496 553,252,635,301 714,270,792,316
p01\face\1896.jpg p01\left\1896.jpg p01\right\1896.jpg p01\grid\1896.jpg day21/0085.jpg right 992.0,833.0 0.020685993,-0.15587352 -9.560991,-9.83998,452.89694 0.19893805555555555,0.19893799999999998 448,229,755,536 491,304,566,349 644,314,722,360
p01\face\1897.jpg p01\left\1897.jpg p01\right\1897.jpg p01\grid\1897.jpg day12/0257.jpg right 545.0,575.0 -0.033965994,0.3687782 10.111487,-17.240648,448.82837 0.19893805555555555,0.19893799999999998 488,207,806,525 531,283,613,332 693,299,769,344
p01\face\1898.jpg p01\left\1898.jpg p01\right\1898.jpg p01\grid\1898.jpg day38/0449.jpg right 866.0,867.0 -0.03592054,-0.13973215 -16.665384,26.46333,477.49365 0.19893805555555555,0.19893799999999998 441,316,730,605 483,386,553,428 628,397,700,440
p01\face\1899.jpg p01\left\1899.jpg p01\right\1899.jpg p01\grid\1899.jpg day15/0211.jpg right 597.0,486.0 0.042436544,-0.20946525 24.785774,-27.391731,475.052 0.19893805555555555,0.19893799999999998 532,195,826,489 573,267,646,310 721,278,793,321
p01\face\1900.jpg p01\left\1900.jpg p01\right\1900.jpg p01\grid\1900.jpg day41/0015.jpg right 452.0,599.0 -0.035877556,0.3065512 27.864252,-15.615998,529.0008 0.19893805555555555,0.19893799999999998 545,234,812,501 582,295,651,336 718,312,782,350
p01\face\1901.jpg p01\left\1901.jpg p01\right\1901.jpg p01\grid\1901.jpg day47/0249.jpg right 460.0,399.0 -0.021660475,0.37671366 28.63639,20.962906,539.6847 0.19893805555555555,0.19893799999999998 549,308,811,570 585,369,652,409 718,383,781,420
p01\face\1902.jpg p01\left\1902.jpg p01\right\1902.jpg p01\grid\1902.jpg day12/0288.jpg right 1050.0,274.0 0.00054363825,0.4051117 -24.572908,-11.740678,532.15216 0.19893805555555555,0.19893799999999998 443,241,710,508 480,311,544,349 613,313,680,353
p01\face\1903.jpg p01\left\1903.jpg p01\right\1903.jpg p01\grid\1903.jpg day61/0196.jpg right 1080.0,297.0 0.024931176,0.4132766 -13.477023,-17.29,691.4773 0.19893805555555555,0.19893799999999998 504,259,708,463 531,312,582,342 632,313,684,344
p01\face\1904.jpg p01\left\1904.jpg p01\right\1904.jpg p01\grid\1904.jpg day43/0372.jpg right 718.0,503.0 -0.085452706,0.45299506 7.300153,10.570196,541.7589 0.19893805555555555,0.19893799999999998 507,286,769,548 542,347,611,388 675,363,739,401
p01\face\1905.jpg p01\left\1905.jpg p01\right\1905.jpg p01\grid\1905.jpg day59/0005.jpg right 1326.0,602.0 0.012533891,0.3351191 4.774867,-23.216452,506.4964 0.19893805555555555,0.19893799999999998 495,212,774,491 535,281,602,321 672,290,744,333
p01\face\1906.jpg p01\left\1906.jpg p01\right\1906.jpg p01\grid\1906.jpg day45/0604.jpg right 74.0,872.0 -0.037927,0.30975205 20.68608,11.580225,486.8622 0.19893805555555555,0.19893799999999998 524,282,816,574 561,352,639,398 711,364,780,405
p01\face\1907.jpg p01\left\1907.jpg p01\right\1907.jpg p01\grid\1907.jpg day03/0284.jpg right 1054.0,80.0 -0.017124489,0.44631305 -24.507044,18.595526,481.8863 0.19893805555555555,0.19893799999999998 422,296,717,591 465,370,535,412 610,377,686,422
p01\face\1908.jpg p01\left\1908.jpg p01\right\1908.jpg p01\grid\1908.jpg day58/0718.jpg right 105.0,723.0 0.036949582,-0.20000805 32.469337,4.726139,465.1159 0.19893805555555555,0.19893799999999998 547,264,847,564 588,337,664,382 741,350,813,393
p01\face\1909.jpg p01\left\1909.jpg p01\right\1909.jpg p01\grid\1909.jpg day20/0485.jpg right 838.0,637.0 0.04153449,-0.09018562 21.330137,22.973328,407.4101 0.19893805555555555,0.19893799999999998 509,300,851,642 556,385,638,434 728,393,812,443
p01\face\1910.jpg p01\left\1910.jpg p01\right\1910.jpg p01\grid\1910.jpg day56/0118.jpg right 1245.0,79.0 -0.013578889,-0.140174 3.012945,-19.242176,458.46222 0.19893805555555555,0.19893799999999998 479,208,785,514 521,285,596,330 673,290,751,336
p01\face\1911.jpg p01\left\1911.jpg p01\right\1911.jpg p01\grid\1911.jpg day67/0059.jpg right 1102.0,748.0 -0.038984783,0.43491435 -2.211839,19.089178,565.67957 0.19893805555555555,0.19893799999999998 495,305,747,557 529,367,593,405 654,375,718,413
p01\face\1912.jpg p01\left\1912.jpg p01\right\1912.jpg p01\grid\1912.jpg day13/0090.jpg right 521.0,477.0 0.028362243,-0.25505754 13.804521,-36.491432,489.09393 0.19893805555555555,0.19893799999999998 512,180,797,465 550,249,623,292 694,261,763,302
p01\face\1913.jpg p01\left\1913.jpg p01\right\1913.jpg p01\grid\1913.jpg day31/0181.jpg right 1148.0,859.0 -0.1037529,0.5997859 -52.852337,25.363388,515.351 0.19893805555555555,0.19893799999999998 381,311,657,587 417,386,484,426 552,385,624,428
p01\face\1914.jpg p01\left\1914.jpg p01\right\1914.jpg p01\grid\1914.jpg day12/0174.jpg right 137.0,267.0 -0.07991153,0.548462 -7.065751,45.502056,524.7704 0.19893805555555555,0.19893799999999998 478,356,746,624 511,423,581,465 649,429,712,466
p01\face\1915.jpg p01\left\1915.jpg p01\right\1915.jpg p01\grid\1915.jpg day08/0043.jpg right 1200.0,201.0 -0.0125305215,0.39262223 -2.548226,-17.812475,415.821 0.19893805555555555,0.19893799999999998 446,195,786,535 495,279,577,328 663,290,750,342
p01\face\1916.jpg p01\left\1916.jpg p01\right\1916.jpg p01\grid\1916.jpg day37/0029.jpg right 165.0,512.0 -0.050761912,0.44179806 21.11626,35.67829,479.23172 0.19893805555555555,0.19893799999999998 522,335,817,630 562,402,640,448 713,420,783,462
p01\face\1917.jpg p01\left\1917.jpg p01\right\1917.jpg p01\grid\1917.jpg day28/0225.jpg right 664.0,78.0 -0.02454574,0.28433135 12.543118,-29.111532,383.44138 0.19893805555555555,0.19893799999999998 472,149,847,524 521,242,617,299 709,252,802,307
p01\face\1918.jpg p01\left\1918.jpg p01\right\1918.jpg p01\grid\1918.jpg day37/0270.jpg right 1274.0,223.0 -0.014754667,0.5943638 -21.448057,43.716717,592.4806 0.19893805555555555,0.19893799999999998 468,350,706,588 501,412,561,448 617,416,680,453
p01\face\1919.jpg p01\left\1919.jpg p01\right\1919.jpg p01\grid\1919.jpg day33/0033.jpg right 294.0,359.0 -0.07779476,0.18676315 24.70633,-14.163193,408.0423 0.19893805555555555,0.19893799999999998 514,204,859,549 559,282,652,337 735,302,819,352
p01\face\1920.jpg p01\left\1920.jpg p01\right\1920.jpg p01\grid\1920.jpg day64/0028.jpg right 1002.0,680.0 -0.027440863,-0.18857239 -24.261526,-1.986851,487.74246 0.19893805555555555,0.19893799999999998 430,254,716,540 469,327,538,368 611,332,684,375
p01\face\1921.jpg p01\left\1921.jpg p01\right\1921.jpg p01\grid\1921.jpg day15/0198.jpg right 1129.0,702.0 0.023211777,0.3371988 11.678497,-29.348639,489.76273 0.19893805555555555,0.19893799999999998 504,194,793,483 546,265,615,306 688,275,763,320
p01\face\1922.jpg p01\left\1922.jpg p01\right\1922.jpg p01\grid\1922.jpg day25/0184.jpg right 416.0,187.0 -0.021899832,0.4807428 39.819557,1.269811,389.4391 0.19893805555555555,0.19893799999999998 546,235,909,598 599,315,692,370 783,348,871,400
p01\face\1923.jpg p01\left\1923.jpg p01\right\1923.jpg p01\grid\1923.jpg day59/0347.jpg right 1285.0,432.0 0.0041938936,-0.14084694 8.855669,-6.640282,480.1867 0.19893805555555555,0.19893799999999998 498,242,790,534 540,316,609,357 683,320,759,365
p01\face\1924.jpg p01\left\1924.jpg p01\right\1924.jpg p01\grid\1924.jpg day43/0279.jpg right 927.0,518.0 0.014730674,-0.14375772 -6.196845,-38.79845,490.2304 0.19893805555555555,0.19893799999999998 468,175,754,461 508,245,578,287 650,255,723,298
p01\face\1925.jpg p01\left\1925.jpg p01\right\1925.jpg p01\grid\1925.jpg day17/0445.jpg right 18.0,871.0 0.014093608,0.3146755 49.62489,-23.65228,504.98315 0.19893805555555555,0.19893799999999998 586,210,868,492 624,276,699,321 769,292,836,332
p01\face\1926.jpg p01\left\1926.jpg p01\right\1926.jpg p01\grid\1926.jpg day53/0674.jpg right 1388.0,481.0 0.0069754114,-0.08645082 2.820033,20.276054,422.70032 0.19893805555555555,0.19893799999999998 465,295,795,625 514,376,592,422 676,385,761,436
p01\face\1927.jpg p01\left\1927.jpg p01\right\1927.jpg p01\grid\1927.jpg day31/0296.jpg right 1376.0,357.0 -0.09337328,-0.25397864 -5.958928,-63.837807,437.30685 0.19893805555555555,0.19893799999999998 449,93,770,414 494,173,573,220 653,179,734,227
p01\face\1928.jpg p01\left\1928.jpg p01\right\1928.jpg p01\grid\1928.jpg day42/0200.jpg right 472.0,850.0 -0.04024332,-0.17581922 -24.86921,0.073651,474.01846 0.19893805555555555,0.19893799999999998 422,255,719,552 460,329,535,374 611,336,683,379
p01\face\1929.jpg p01\left\1929.jpg p01\right\1929.jpg p01\grid\1929.jpg day65/0184.jpg right 637.0,426.0 0.025533052,0.4212371 35.50241,16.866428,638.2241 0.19893805555555555,0.19893799999999998 573,307,795,529 604,361,659,394 715,370,770,403
p01\face\1930.jpg p01\left\1930.jpg p01\right\1930.jpg p01\grid\1930.jpg day17/0236.jpg right 803.0,538.0 0.0334559,0.016969096 6.610131,-33.71125,473.082 0.19893805555555555,0.19893799999999998 493,182,788,477 533,254,605,297 679,260,754,305
p01\face\1931.jpg p01\left\1931.jpg p01\right\1931.jpg p01\grid\1931.jpg day58/0719.jpg right 1119.0,315.0 0.051919036,0.36006716 13.786545,-0.221638,474.5359 0.19893805555555555,0.19893799999999998 505,254,805,554 548,328,620,371 696,336,772,381
p01\face\1932.jpg p01\left\1932.jpg p01\right\1932.jpg p01\grid\1932.jpg day35/0155.jpg right 1332.0,330.0 0.07581119,0.2269218 -14.711522,-53.053467,438.55515 0.19893805555555555,0.19893799999999998 430,120,751,441 476,205,549,248 632,203,716,253
p01\face\1933.jpg p01\left\1933.jpg p01\right\1933.jpg p01\grid\1933.jpg day16/0134.jpg right 643.0,605.0 0.008988628,0.4151758 21.896553,9.21041,538.0421 0.19893805555555555,0.19893799999999998 536,284,800,548 572,349,639,389 704,357,770,396
p01\face\1934.jpg p01\left\1934.jpg p01\right\1934.jpg p01\grid\1934.jpg day17/0314.jpg right 653.0,54.0 -0.12949829,0.30929232 -34.56697,-40.383198,407.385 0.19893805555555555,0.19893799999999998 357,131,708,482 405,216,493,268 583,233,668,284
p01\face\1935.jpg p01\left\1935.jpg p01\right\1935.jpg p01\grid\1935.jpg day10/0129.jpg right 403.0,223.0 0.010322848,0.32884374 34.308926,-43.275146,433.90594 0.19893805555555555,0.19893799999999998 543,137,873,467 586,218,673,270 753,231,834,279
p01\face\1936.jpg p01\left\1936.jpg p01\right\1936.jpg p01\grid\1936.jpg day04/0608.jpg right 462.0,57.0 -0.06608401,0.30048412 -10.849346,-28.849049,484.16934 0.19893805555555555,0.19893799999999998 456,194,748,486 493,266,568,311 642,274,712,316
p01\face\1937.jpg p01\left\1937.jpg p01\right\1937.jpg p01\grid\1937.jpg day06/0357.jpg right 1022.0,805.0 -0.049144246,-0.23952118 -42.524292,-25.06418,469.26538 0.19893805555555555,0.19893799999999998 381,197,679,495 422,275,492,317 569,278,645,323
p01\face\1938.jpg p01\left\1938.jpg p01\right\1938.jpg p01\grid\1938.jpg day42/0037.jpg right 359.0,841.0 0.013780018,-0.14938737 5.710056,7.407957,452.35345 0.19893805555555555,0.19893799999999998 483,269,790,576 525,342,603,388 682,357,755,400
p01\face\1939.jpg p01\left\1939.jpg p01\right\1939.jpg p01\grid\1939.jpg day65/0011.jpg right 468.0,88.0 -0.08059111,0.38904098 2.431499,-0.031693,391.67487 0.19893805555555555,0.19893799999999998 449,233,812,596 496,319,593,377 679,334,769,388
p01\face\1940.jpg p01\left\1940.jpg p01\right\1940.jpg p01\grid\1940.jpg day17/0142.jpg right 427.0,597.0 0.063658945,-0.39094585 21.323288,-25.068396,463.24017 0.19893805555555555,0.19893799999999998 524,195,821,492 564,270,640,315 715,282,787,325
p01\face\1941.jpg p01\left\1941.jpg p01\right\1941.jpg p01\grid\1941.jpg day61/0302.jpg right 177.0,765.0 -0.01939355,0.36316448 16.24192,-49.384773,482.432 0.19893805555555555,0.19893799999999998 513,146,807,440 552,219,628,264 701,230,773,273
p01\face\1942.jpg p01\left\1942.jpg p01\right\1942.jpg p01\grid\1942.jpg day59/0345.jpg right 363.0,101.0 0.007573072,0.46714067 32.501972,1.527729,467.77087 0.19893805555555555,0.19893799999999998 545,254,851,560 586,329,665,376 740,341,815,386
p01\face\1943.jpg p01\left\1943.jpg p01\right\1943.jpg p01\grid\1943.jpg day14/0154.jpg right 250.0,454.0 -0.061372478,-0.014989127 27.740095,-9.470141,450.76352 0.19893805555555555,0.19893799999999998 532,230,842,540 575,300,654,347 732,318,807,363
p01\face\1944.jpg p01\left\1944.jpg p01\right\1944.jpg p01\grid\1944.jpg day52/0494.jpg right 142.0,273.0 -0.07679897,0.3382651 -2.675537,-7.686477,541.1481 0.19893805555555555,0.19893799999999998 489,252,750,513 524,314,591,354 656,326,719,363
p01\face\1945.jpg p01\left\1945.jpg p01\right\1945.jpg p01\grid\1945.jpg day49/0351.jpg right 810.0,435.0 -0.057070013,0.35364538 -11.057403,-5.541651,400.74237 0.19893805555555555,0.19893799999999998 416,221,771,576 465,308,553,360 644,321,731,373
p01\face\1946.jpg p01\left\1946.jpg p01\right\1946.jpg p01\grid\1946.jpg day63/0008.jpg right 1419.0,634.0 -0.015802186,-0.18238507 -20.026636,-10.534575,476.2304 0.19893805555555555,0.19893799999999998 434,232,728,526 475,307,545,349 619,312,695,357
p01\face\1947.jpg p01\left\1947.jpg p01\right\1947.jpg p01\grid\1947.jpg day61/0239.jpg right 342.0,711.0 0.019178513,0.32614 47.92468,-41.22162,442.89206 0.19893805555555555,0.19893799999999998 577,146,901,470 620,226,702,275 785,240,863,286
p01\face\1948.jpg p01\left\1948.jpg p01\right\1948.jpg p01\grid\1948.jpg day34/0263.jpg right 1231.0,532.0 0.1833531,0.078016765 -10.302098,-78.703926,530.7433 0.19893805555555555,0.19893799999999998 467,106,740,379 508,177,572,215 642,180,712,222
p01\face\1949.jpg p01\left\1949.jpg p01\right\1949.jpg p01\grid\1949.jpg day17/0467.jpg right 119.0,47.0 -0.02805646,0.32832158 38.047634,-45.522804,488.23343 0.19893805555555555,0.19893799999999998 560,158,849,447 600,225,675,270 748,244,817,285
p01\face\1950.jpg p01\left\1950.jpg p01\right\1950.jpg p01\grid\1950.jpg day42/0649.jpg right 1277.0,140.0 -0.0040467614,0.056306887 -49.48675,-40.49461,610.86816 0.19893805555555555,0.19893799999999998 424,208,655,439 456,264,513,298 571,271,629,305
p01\face\1951.jpg p01\left\1951.jpg p01\right\1951.jpg p01\grid\1951.jpg day07/0320.jpg right 517.0,114.0 0.021158205,0.2381384 50.95291,-48.424862,509.03558 0.19893805555555555,0.19893799999999998 591,160,871,440 628,229,700,272 769,238,838,279
p01\face\1952.jpg p01\left\1952.jpg p01\right\1952.jpg p01\grid\1952.jpg day51/0161.jpg right 1122.0,581.0 0.0010061142,-0.110489324 -0.945768,25.22504,503.28494 0.19893805555555555,0.19893799999999998 485,315,762,592 524,385,590,424 660,388,732,431
p01\face\1953.jpg p01\left\1953.jpg p01\right\1953.jpg p01\grid\1953.jpg day41/0046.jpg right 286.0,546.0 -0.060480442,0.37143612 4.907793,-12.475351,567.2118 0.19893805555555555,0.19893799999999998 510,248,757,495 543,307,607,345 669,319,729,355
p01\face\1954.jpg p01\left\1954.jpg p01\right\1954.jpg p01\grid\1954.jpg day37/0384.jpg right 224.0,820.0 -0.03986023,0.3304287 10.164584,-15.177406,479.4803 0.19893805555555555,0.19893799999999998 499,222,794,517 538,294,614,339 689,305,759,347
p01\face\1955.jpg p01\left\1955.jpg p01\right\1955.jpg p01\grid\1955.jpg day08/0014.jpg right 201.0,828.0 -0.06488066,0.2852662 4.932289,-9.808454,520.45465 0.19893805555555555,0.19893799999999998 498,243,771,516 534,307,606,350 673,321,739,360
p01\face\1956.jpg p01\left\1956.jpg p01\right\1956.jpg p01\grid\1956.jpg day16/0324.jpg right 723.0,36.0 -0.005497691,0.23971957 -2.660007,-29.590553,453.06143 0.19893805555555555,0.19893799999999998 461,180,776,495 504,259,582,305 662,267,740,313
p01\face\1957.jpg p01\left\1957.jpg p01\right\1957.jpg p01\grid\1957.jpg day31/0013.jpg right 998.0,426.0 -0.018684486,0.29079798 -21.679466,-33.23012,437.4201 0.19893805555555555,0.19893799999999998 407,164,735,492 454,247,533,294 616,254,700,304
p01\face\1958.jpg p01\left\1958.jpg p01\right\1958.jpg p01\grid\1958.jpg day59/0170.jpg right 1148.0,266.0 -0.0339158,-0.11634749 -24.832407,-1.985732,506.9602 0.19893805555555555,0.19893799999999998 435,258,712,535 474,327,541,367 610,332,682,375
p01\face\1959.jpg p01\left\1959.jpg p01\right\1959.jpg p01\grid\1959.jpg day08/0016.jpg right 744.0,798.0 -0.042230833,0.29991856 -5.958309,-9.026908,518.2226 0.19893805555555555,0.19893799999999998 475,244,749,518 512,310,582,352 651,321,718,361
p01\face\1960.jpg p01\left\1960.jpg p01\right\1960.jpg p01\grid\1960.jpg day49/0438.jpg right 351.0,254.0 -0.017729847,-0.08363744 11.101237,-6.006534,363.12393 0.19893805555555555,0.19893799999999998 462,210,846,594 513,299,612,358 711,319,801,373
p01\face\1961.jpg p01\left\1961.jpg p01\right\1961.jpg p01\grid\1961.jpg day56/0239.jpg right 269.0,115.0 -0.034498308,0.32536885 36.49526,-4.630516,427.52115 0.19893805555555555,0.19893799999999998 546,232,879,565 591,308,679,360 760,329,841,377
p01\face\1962.jpg p01\left\1962.jpg p01\right\1962.jpg p01\grid\1962.jpg day32/0049.jpg right 185.0,888.0 0.08125492,-0.21532561 -28.858,7.528864,548.3605 0.19893805555555555,0.19893799999999998 440,280,699,539 474,342,541,382 608,356,668,392
p01\face\1963.jpg p01\left\1963.jpg p01\right\1963.jpg p01\grid\1963.jpg day17/0563.jpg right 411.0,876.0 0.023768535,-0.15132137 12.148623,25.226152,425.79626 0.19893805555555555,0.19893799999999998 491,307,818,634 534,386,618,436 701,400,779,446
p01\face\1964.jpg p01\left\1964.jpg p01\right\1964.jpg p01\grid\1964.jpg day45/0201.jpg right 906.0,618.0 -0.03207677,0.34024176 -6.524945,-7.545358,527.90906 0.19893805555555555,0.19893799999999998 478,249,748,519 514,317,581,357 649,322,716,362
p01\face\1965.jpg p01\left\1965.jpg p01\right\1965.jpg p01\grid\1965.jpg day27/0101.jpg right 173.0,71.0 -0.048100833,0.0820086 30.24982,10.097911,393.18457 0.19893805555555555,0.19893799999999998 523,262,884,623 570,344,667,402 754,365,841,417
p01\face\1966.jpg p01\left\1966.jpg p01\right\1966.jpg p01\grid\1966.jpg day06/0113.jpg right 835.0,99.0 -0.045426503,0.4019421 -36.193474,-10.703243,501.0233 0.19893805555555555,0.19893799999999998 407,235,692,520 445,309,515,351 587,312,659,355
p01\face\1967.jpg p01\left\1967.jpg p01\right\1967.jpg p01\grid\1967.jpg day60/0001.jpg right 681.0,885.0 -0.04000865,-0.19207893 -14.838136,9.736633,393.0103 0.19893805555555555,0.19893799999999998 407,261,761,615 455,351,543,403 632,359,720,411
p01\face\1968.jpg p01\left\1968.jpg p01\right\1968.jpg p01\grid\1968.jpg day15/0239.jpg right 526.0,296.0 -0.018680198,-0.20118877 4.008261,-36.71157,415.69217 0.19893805555555555,0.19893799999999998 465,149,799,483 511,229,596,280 683,246,761,292
p01\face\1969.jpg p01\left\1969.jpg p01\right\1969.jpg p01\grid\1969.jpg day57/0360.jpg right 691.0,780.0 0.00575155,-0.033819873 14.809671,24.375732,432.3454 0.19893805555555555,0.19893799999999998 499,307,823,631 542,385,623,433 706,395,785,442
p01\face\1970.jpg p01\left\1970.jpg p01\right\1970.jpg p01\grid\1970.jpg day37/0283.jpg right 44.0,128.0 -0.108210996,0.5695743 -0.535428,8.558361,581.33875 0.19893805555555555,0.19893799999999998 505,287,745,527 535,347,598,384 658,357,715,391
p01\face\1971.jpg p01\left\1971.jpg p01\right\1971.jpg p01\grid\1971.jpg day53/0576.jpg right 398.0,241.0 0.011691492,0.2663734 33.02133,-22.686125,361.30624 0.19893805555555555,0.19893799999999998 520,155,919,554 574,251,674,311 778,270,872,326
p01\face\1972.jpg p01\left\1972.jpg p01\right\1972.jpg p01\grid\1972.jpg day60/0058.jpg right 1211.0,81.0 0.06233471,0.21852882 -8.571098,-71.6964,461.95355 0.19893805555555555,0.19893799999999998 452,88,758,394 496,167,568,210 647,170,725,216
p01\face\1973.jpg p01\left\1973.jpg p01\right\1973.jpg p01\grid\1973.jpg day06/0318.jpg right 1415.0,536.0 0.03555991,0.44537306 -2.996611,-14.036235,550.83594 0.19893805555555555,0.19893799999999998 495,242,748,495 529,310,589,346 653,307,719,346
p01\face\1974.jpg p01\left\1974.jpg p01\right\1974.jpg p01\grid\1974.jpg day49/0510.jpg right 369.0,35.0 -0.11873021,0.24805965 4.772902,-10.051138,421.3342 0.19893805555555555,0.19893799999999998 470,221,800,551 514,296,598,346 684,315,760,360
p01\face\1975.jpg p01\left\1975.jpg p01\right\1975.jpg p01\grid\1975.jpg day17/0005.jpg right 1306.0,20.0 0.09469698,0.28031537 -14.309364,-66.32812,553.76874 0.19893805555555555,0.19893799999999998 474,144,724,394 509,211,567,245 631,208,697,247
p01\face\1976.jpg p01\left\1976.jpg p01\right\1976.jpg p01\grid\1976.jpg day66/0252.jpg right 135.0,381.0 0.095296584,0.4218387 67.630844,-27.432865,529.0305 0.19893805555555555,0.19893799999999998 627,207,897,477 661,277,731,319 798,282,864,321
p01\face\1977.jpg p01\left\1977.jpg p01\right\1977.jpg p01\grid\1977.jpg day15/0440.jpg right 505.0,842.0 0.010253064,-0.1655805 -9.7552,-21.033466,459.60547 0.19893805555555555,0.19893799999999998 449,204,755,510 490,277,568,323 644,289,719,334
p01\face\1978.jpg p01\left\1978.jpg p01\right\1978.jpg p01\grid\1978.jpg day45/0149.jpg right 464.0,131.0 -0.06399085,0.30098617 -1.127436,-54.396233,497.67166 0.19893805555555555,0.19893799999999998 480,143,765,428 518,212,591,255 661,224,731,266
p01\face\1979.jpg p01\left\1979.jpg p01\right\1979.jpg p01\grid\1979.jpg day42/0211.jpg right 851.0,120.0 -0.0059071267,0.43688855 -11.522777,7.451395,622.4439 0.19893805555555555,0.19893799999999998 491,290,719,518 523,346,580,380 636,354,694,388
p01\face\1980.jpg p01\left\1980.jpg p01\right\1980.jpg p01\grid\1980.jpg day01/0179.jpg right 1430.0,213.0 0.07101972,0.33506617 10.62438,3.668204,574.0679 0.19893805555555555,0.19893799999999998 521,279,767,525 557,341,615,375 677,346,741,384
p01\face\1981.jpg p01\left\1981.jpg p01\right\1981.jpg p01\grid\1981.jpg day37/0016.jpg right 702.0,866.0 0.0026447936,-0.0097308485 -3.983735,-4.780264,441.64035 0.19893805555555555,0.19893799999999998 456,238,774,556 500,314,579,361 657,324,738,372
p01\face\1982.jpg p01\left\1982.jpg p01\right\1982.jpg p01\grid\1982.jpg day64/0177.jpg right 759.0,732.0 -0.039422136,0.29824424 -14.144948,11.579773,552.22485 0.19893805555555555,0.19893799999999998 472,292,727,547 505,356,568,393 633,360,696,397
p01\face\1983.jpg p01\left\1983.jpg p01\right\1983.jpg p01\grid\1983.jpg day41/0043.jpg right 73.0,505.0 -0.088271536,0.3987243 25.07924,-16.90886,572.6937 0.19893805555555555,0.19893799999999998 549,241,792,484 581,297,645,335 706,314,763,348
p01\face\1984.jpg p01\left\1984.jpg p01\right\1984.jpg p01\grid\1984.jpg day47/0323.jpg right 446.0,445.0 -0.023068583,-0.26178113 -4.343776,-37.694607,476.62726 0.19893805555555555,0.19893799999999998 470,172,762,464 507,246,582,291 656,253,726,295
p01\face\1985.jpg p01\left\1985.jpg p01\right\1985.jpg p01\grid\1985.jpg day54/0004.jpg right 1311.0,629.0 0.042810433,-0.24169452 10.983275,-41.21539,437.1656 0.19893805555555555,0.19893799999999998 493,148,812,467 537,230,612,275 694,233,776,282
p01\face\1986.jpg p01\left\1986.jpg p01\right\1986.jpg p01\grid\1986.jpg day42/0476.jpg right 841.0,621.0 0.030237773,-0.16095747 9.330329,0.858996,461.05518 0.19893805555555555,0.19893799999999998 494,255,795,556 536,327,611,372 687,341,762,386
p01\face\1987.jpg p01\left\1987.jpg p01\right\1987.jpg p01\grid\1987.jpg day07/0226.jpg right 298.0,626.0 -0.075531185,0.49105194 -7.481653,45.488995,595.5912 0.19893805555555555,0.19893799999999998 497,357,731,591 526,415,586,451 646,420,701,453
p01\face\1988.jpg p01\left\1988.jpg p01\right\1988.jpg p01\grid\1988.jpg day35/0190.jpg right 709.0,568.0 -0.048487853,0.2838966 9.234378,-10.494471,485.78595 0.19893805555555555,0.19893799999999998 496,233,791,528 536,303,612,348 685,317,758,360
p01\face\1989.jpg p01\left\1989.jpg p01\right\1989.jpg p01\grid\1989.jpg day21/0301.jpg right 642.0,75.0 -0.04576124,0.2740238 -29.566416,-46.512856,486.404 0.19893805555555555,0.19893799999999998 413,154,707,448 454,228,526,271 601,236,674,279
p01\face\1990.jpg p01\left\1990.jpg p01\right\1990.jpg p01\grid\1990.jpg day07/0236.jpg right 1334.0,356.0 0.01989363,0.43116206 -36.190826,42.77902,592.621 0.19893805555555555,0.19893799999999998 444,351,682,589 475,415,532,449 593,411,654,447
p01\face\1991.jpg p01\left\1991.jpg p01\right\1991.jpg p01\grid\1991.jpg day37/0198.jpg right 1436.0,104.0 -0.017380942,0.2327944 -52.044582,-50.0516,526.6193 0.19893805555555555,0.19893799999999998 383,163,654,434 423,230,489,269 556,238,626,280
p01\face\1992.jpg p01\left\1992.jpg p01\right\1992.jpg p01\grid\1992.jpg day32/0026.jpg right 64.0,368.0 -0.12113723,0.16944052 15.69287,-17.39957,461.23187 0.19893805555555555,0.19893799999999998 512,217,812,517 549,287,628,334 702,297,774,340
p01\face\1993.jpg p01\left\1993.jpg p01\right\1993.jpg p01\grid\1993.jpg day36/0123.jpg right 743.0,689.0 -0.24052846,-0.084992 -18.633823,30.341532,392.05194 0.19893805555555555,0.19893799999999998 393,318,748,673 442,405,529,457 624,413,708,463
p01\face\1994.jpg p01\left\1994.jpg p01\right\1994.jpg p01\grid\1994.jpg day49/0023.jpg right 529.0,455.0 -0.041630983,0.36741987 8.339307,-37.253883,574.9442 0.19893805555555555,0.19893799999999998 519,205,759,445 553,262,614,298 674,275,732,309
p01\face\1995.jpg p01\left\1995.jpg p01\right\1995.jpg p01\grid\1995.jpg day23/0085.jpg right 352.0,162.0 -0.017724272,0.29406318 30.182087,-14.758665,488.2639 0.19893805555555555,0.19893799999999998 547,228,833,514 584,296,659,341 730,306,799,347
p01\face\1996.jpg p01\left\1996.jpg p01\right\1996.jpg p01\grid\1996.jpg day42/0388.jpg right 57.0,661.0 -0.053318445,-0.026298022 20.403393,8.604406,484.7139 0.19893805555555555,0.19893799999999998 523,278,811,566 561,343,637,388 711,362,777,401
p01\face\1997.jpg p01\left\1997.jpg p01\right\1997.jpg p01\grid\1997.jpg day34/0137.jpg right 87.0,292.0 -0.07033367,0.581931 5.088344,37.169647,604.40234 0.19893805555555555,0.19893799999999998 518,339,750,571 549,397,610,433 665,406,723,440
p01\face\1998.jpg p01\left\1998.jpg p01\right\1998.jpg p01\grid\1998.jpg day56/0237.jpg right 888.0,79.0 0.039229415,0.3350499 11.793251,-4.849142,427.89166 0.19893805555555555,0.19893799999999998 485,231,819,565 533,312,614,360 699,324,784,375
p01\face\1999.jpg p01\left\1999.jpg p01\right\1999.jpg p01\grid\1999.jpg day52/0017.jpg right 527.0,101.0 0.06426632,-0.24678376 30.14684,-45.65446,517.1604 0.19893805555555555,0.19893799999999998 550,171,820,441 587,235,656,276 724,248,790,287
p01\face\2000.jpg p01\left\2000.jpg p01\right\2000.jpg p01\grid\2000.jpg day12/0275.jpg right 1265.0,20.0 0.019357147,0.4095058 -42.575405,-17.90373,533.44196 0.19893805555555555,0.19893799999999998 408,228,675,495 445,299,511,338 574,298,646,341
p01\face\2001.jpg p01\left\2001.jpg p01\right\2001.jpg p01\grid\2001.jpg day58/0613.jpg right 1387.0,2.0 0.09536552,0.24366938 -19.679482,-10.007483,444.239 0.19893805555555555,0.19893799999999998 420,226,738,544 466,309,539,352 620,307,704,357
p01\face\2002.jpg p01\left\2002.jpg p01\right\2002.jpg p01\grid\2002.jpg day12/0009.jpg right 1189.0,464.0 -0.007312254,0.40257654 -23.389627,10.363026,552.2329 0.19893805555555555,0.19893799999999998 452,287,710,545 487,354,550,391 615,356,681,395
p01\face\2003.jpg p01\left\2003.jpg p01\right\2003.jpg p01\grid\2003.jpg day14/0124.jpg right 90.0,412.0 -0.13522652,0.0041421056 -668.49347,-368.01462,1587.3025 0.19893805555555555,0.19893799999999998 133,76,226,169 145,99,170,114 191,102,215,116
p01\face\2004.jpg p01\left\2004.jpg p01\right\2004.jpg p01\grid\2004.jpg day11/0048.jpg right 1307.0,234.0 -0.0031245188,-0.26148042 -6.544883,-46.320107,535.46265 0.19893805555555555,0.19893799999999998 484,176,743,435 520,244,581,280 647,245,714,285
p01\face\2005.jpg p01\left\2005.jpg p01\right\2005.jpg p01\grid\2005.jpg day20/0255.jpg right 81.0,493.0 -0.11975763,0.21678142 -14.975198,-13.043772,477.7823 0.19893805555555555,0.19893799999999998 445,229,739,523 482,299,558,344 635,310,702,350
p01\face\2006.jpg p01\left\2006.jpg p01\right\2006.jpg p01\grid\2006.jpg day18/0007.jpg right 566.0,628.0 0.008569256,0.22617592 49.03292,-67.63749,484.68048 0.19893805555555555,0.19893799999999998 583,109,875,401 624,177,699,222 773,194,843,236
p01\face\2007.jpg p01\left\2007.jpg p01\right\2007.jpg p01\grid\2007.jpg day06/0211.jpg right 1359.0,428.0 -0.109663345,0.35584125 -88.25103,-13.381751,562.24567 0.19893805555555555,0.19893799999999998 332,244,585,497 368,309,428,345 493,313,557,351
p01\face\2008.jpg p01\left\2008.jpg p01\right\2008.jpg p01\grid\2008.jpg day63/0121.jpg right 165.0,270.0 -0.07953088,0.31123975 -10.376336,0.717352,489.43048 0.19893805555555555,0.19893799999999998 457,258,749,550 494,330,570,375 643,339,713,381
p01\face\2009.jpg p01\left\2009.jpg p01\right\2009.jpg p01\grid\2009.jpg day52/0332.jpg right 1281.0,543.0 -0.06636516,-0.12729819 -36.82908,9.708219,529.662 0.19893805555555555,0.19893799999999998 421,284,688,551 456,356,520,394 586,351,656,393
p01\face\2010.jpg p01\left\2010.jpg p01\right\2010.jpg p01\grid\2010.jpg day57/0323.jpg right 337.0,689.0 -0.038763653,0.42234114 24.685184,39.57716,550.63257 0.19893805555555555,0.19893799999999998 543,343,802,602 576,405,645,446 708,417,771,454
p01\face\2011.jpg p01\left\2011.jpg p01\right\2011.jpg p01\grid\2011.jpg day03/0421.jpg right 1046.0,30.0 0.040566836,0.3705636 -13.494033,-27.075333,557.4698 0.19893805555555555,0.19893799999999998 476,217,729,470 509,287,570,323 633,282,699,321
p01\face\2012.jpg p01\left\2012.jpg p01\right\2012.jpg p01\grid\2012.jpg day42/0407.jpg right 1065.0,602.0 -0.030952478,-0.0708119 -45.78095,11.830437,540.41235 0.19893805555555555,0.19893799999999998 407,291,668,552 441,358,505,396 571,358,637,397
p01\face\2013.jpg p01\left\2013.jpg p01\right\2013.jpg p01\grid\2013.jpg day35/0009.jpg right 437.0,70.0 -0.21296732,0.067828454 28.167162,13.916882,473.65063 0.19893805555555555,0.19893799999999998 541,293,827,579 580,354,656,399 726,372,795,413
p01\face\2014.jpg p01\left\2014.jpg p01\right\2014.jpg p01\grid\2014.jpg day52/0151.jpg right 1011.0,579.0 -0.036617205,-0.23519938 -39.351353,1.236026,448.7518 0.19893805555555555,0.19893799999999998 375,252,685,562 419,328,495,373 574,341,652,387
p01\face\2015.jpg p01\left\2015.jpg p01\right\2015.jpg p01\grid\2015.jpg day05/0047.jpg right 87.0,343.0 -0.018408066,0.3767146 22.18082,-20.98355,448.20987 0.19893805555555555,0.19893799999999998 519,198,835,514 560,275,642,324 721,288,797,333
p01\face\2016.jpg p01\left\2016.jpg p01\right\2016.jpg p01\grid\2016.jpg day37/0233.jpg right 79.0,820.0 -0.068625376,0.39535272 19.58897,-7.534101,608.79626 0.19893805555555555,0.19893799999999998 546,265,774,493 575,320,635,356 692,329,746,361
p01\face\2017.jpg p01\left\2017.jpg p01\right\2017.jpg p01\grid\2017.jpg day42/0716.jpg right 1005.0,719.0 -0.042918436,0.28468883 1.81117,-36.330494,433.7109 0.19893805555555555,0.19893799999999998 460,153,793,486 508,233,592,283 670,249,758,301
p01\face\2018.jpg p01\left\2018.jpg p01\right\2018.jpg p01\grid\2018.jpg day52/0213.jpg right 1101.0,850.0 -0.044431012,-0.17313777 -46.58475,5.867747,522.7585 0.19893805555555555,0.19893799999999998 397,276,665,544 434,344,498,382 568,349,635,389
p01\face\2019.jpg p01\left\2019.jpg p01\right\2019.jpg p01\grid\2019.jpg day31/0404.jpg right 785.0,184.0 -0.07565219,0.5338808 -19.4704,42.403664,533.7996 0.19893805555555555,0.19893799999999998 452,347,720,615 489,414,555,453 624,423,690,462
p01\face\2020.jpg p01\left\2020.jpg p01\right\2020.jpg p01\grid\2020.jpg day45/0505.jpg right 223.0,566.0 -0.010568293,0.27489042 43.26341,-3.869076,415.138 0.19893805555555555,0.19893799999999998 561,230,906,575 607,310,697,364 783,329,865,378
p01\face\2021.jpg p01\left\2021.jpg p01\right\2021.jpg p01\grid\2021.jpg day44/0155.jpg right 1004.0,584.0 0.0338218,-0.2736043 22.09999,-33.761463,496.9178 0.19893805555555555,0.19893799999999998 531,188,811,468 570,259,639,300 710,266,780,308
p01\face\2022.jpg p01\left\2022.jpg p01\right\2022.jpg p01\grid\2022.jpg day04/0103.jpg right 1075.0,45.0 -0.029879473,-0.31608185 -9.234842,-16.560968,487.89273 0.19893805555555555,0.19893799999999998 465,223,747,505 504,297,571,337 643,299,715,342
p01\face\2023.jpg p01\left\2023.jpg p01\right\2023.jpg p01\grid\2023.jpg day54/0500.jpg right 1009.0,618.0 0.022497298,-0.20800953 23.85715,9.584876,444.7262 0.19893805555555555,0.19893799999999998 524,271,837,584 568,350,644,395 724,358,803,405
p01\face\2024.jpg p01\left\2024.jpg p01\right\2024.jpg p01\grid\2024.jpg day41/0179.jpg right 35.0,547.0 -0.047923014,0.27036896 42.8597,-1.914658,526.34454 0.19893805555555555,0.19893799999999998 576,261,844,529 611,323,683,366 749,338,812,375
p01\face\2025.jpg p01\left\2025.jpg p01\right\2025.jpg p01\grid\2025.jpg day54/0025.jpg right 1340.0,371.0 0.021903275,-0.007092486 -21.027708,-20.785149,498.44214 0.19893805555555555,0.19893799999999998 439,216,724,501 478,288,547,329 619,291,692,334
p01\face\2026.jpg p01\left\2026.jpg p01\right\2026.jpg p01\grid\2026.jpg day35/0007.jpg right 1072.0,504.0 -0.03290311,-0.05571415 -9.285193,15.998864,478.68796 0.19893805555555555,0.19893799999999998 455,293,746,584 500,361,569,402 645,376,718,419
p01\face\2027.jpg p01\left\2027.jpg p01\right\2027.jpg p01\grid\2027.jpg day54/0102.jpg right 515.0,37.0 -0.035084687,0.31554243 20.86323,-12.034976,448.5302 0.19893805555555555,0.19893799999999998 513,220,829,536 557,293,638,341 718,313,794,358
p01\face\2028.jpg p01\left\2028.jpg p01\right\2028.jpg p01\grid\2028.jpg day62/0221.jpg right 1133.0,69.0 0.034409177,0.33912778 3.537,-30.922773,464.7202 0.19893805555555555,0.19893799999999998 479,181,785,487 522,258,597,303 674,265,752,311
p01\face\2029.jpg p01\left\2029.jpg p01\right\2029.jpg p01\grid\2029.jpg day01/0354.jpg right 65.0,373.0 -0.02411403,0.30836213 27.2004,-18.209724,602.93274 0.19893805555555555,0.19893799999999998 557,244,791,478 587,302,648,338 705,308,762,342
p01\face\2030.jpg p01\left\2030.jpg p01\right\2030.jpg p01\grid\2030.jpg day49/0165.jpg right 19.0,710.0 -0.21432142,-0.1716618 46.049072,-98.77641,447.05548 0.19893805555555555,0.19893799999999998 572,18,882,328 614,81,702,133 775,112,848,155
p01\face\2031.jpg p01\left\2031.jpg p01\right\2031.jpg p01\grid\2031.jpg day53/0106.jpg right 872.0,883.0 -0.024685198,0.46239722 -8.411312,8.464017,509.96698 0.19893805555555555,0.19893799999999998 467,276,749,558 505,348,575,390 645,354,717,397
p01\face\2032.jpg p01\left\2032.jpg p01\right\2032.jpg p01\grid\2032.jpg day45/0502.jpg right 878.0,716.0 0.027397385,-0.20953378 12.378323,-1.014402,399.71002 0.19893805555555555,0.19893799999999998 482,235,828,581 532,320,616,370 704,333,791,385
p01\face\2033.jpg p01\left\2033.jpg p01\right\2033.jpg p01\grid\2033.jpg day52/0570.jpg right 274.0,501.0 -0.059769377,0.41145167 4.486194,16.815508,545.2094 0.19893805555555555,0.19893799999999998 504,299,765,560 538,363,605,403 670,373,733,410
p01\face\2034.jpg p01\left\2034.jpg p01\right\2034.jpg p01\grid\2034.jpg day22/0216.jpg right 279.0,7.0 -0.073079355,0.39165318 -2.270792,-18.159782,590.2786 0.19893805555555555,0.19893799999999998 501,241,739,479 534,298,595,334 654,311,712,345
p01\face\2035.jpg p01\left\2035.jpg p01\right\2035.jpg p01\grid\2035.jpg day43/0022.jpg right 586.0,206.0 -0.021443577,0.22097215 33.46968,-47.45049,456.7188 0.19893805555555555,0.19893799999999998 544,139,857,452 586,213,668,262 745,230,821,275
p01\face\2036.jpg p01\left\2036.jpg p01\right\2036.jpg p01\grid\2036.jpg day08/0086.jpg right 947.0,385.0 0.019198032,-0.18169647 6.58302,-34.579536,448.08426 0.19893805555555555,0.19893799999999998 483,169,795,481 527,244,603,289 683,256,761,302
p01\face\2037.jpg p01\left\2037.jpg p01\right\2037.jpg p01\grid\2037.jpg day61/0129.jpg right 444.0,832.0 -0.050847962,0.32173392 -15.737271,-38.1097,447.78595 0.19893805555555555,0.19893799999999998 428,157,747,476 471,238,550,285 632,246,710,292
p01\face\2038.jpg p01\left\2038.jpg p01\right\2038.jpg p01\grid\2038.jpg day50/0308.jpg right 224.0,351.0 -0.1322461,0.34393567 -27.44529,-71.4655,511.403 0.19893805555555555,0.19893799999999998 430,114,703,387 467,177,539,220 606,195,672,234
p01\face\2039.jpg p01\left\2039.jpg p01\right\2039.jpg p01\grid\2039.jpg day06/0382.jpg right 163.0,67.0 -0.07125788,0.16399358 16.815496,-52.526684,560.9566 0.19893805555555555,0.19893799999999998 533,173,783,423 564,234,628,272 693,241,751,275
p01\face\2040.jpg p01\left\2040.jpg p01\right\2040.jpg p01\grid\2040.jpg day43/0160.jpg right 394.0,765.0 0.040616322,-0.25822496 28.195482,-14.037933,470.85645 0.19893805555555555,0.19893799999999998 539,223,834,518 579,295,655,340 729,308,801,351
p01\face\2041.jpg p01\left\2041.jpg p01\right\2041.jpg p01\grid\2041.jpg day02/0081.jpg right 1083.0,172.0 0.097263284,-0.033759363 -1.529004,-48.64413,543.6638 0.19893805555555555,0.19893799999999998 494,176,750,432 531,238,592,274 657,244,723,283
p01\face\2042.jpg p01\left\2042.jpg p01\right\2042.jpg p01\grid\2042.jpg day14/0100.jpg right 731.0,239.0 -0.039492305,-0.024855005 -712.24286,-359.68994,1621.9016 0.19893805555555555,0.19893799999999998 117,90,204,177 128,111,150,124 172,114,193,126
p01\face\2043.jpg p01\left\2043.jpg p01\right\2043.jpg p01\grid\2043.jpg day13/0076.jpg right 294.0,614.0 -0.109140486,0.3709289 -24.395164,-44.552895,529.97955 0.19893805555555555,0.19893799999999998 443,175,708,440 478,239,547,280 613,253,677,291
p01\face\2044.jpg p01\left\2044.jpg p01\right\2044.jpg p01\grid\2044.jpg day01/0448.jpg right 1256.0,733.0 0.039796107,0.4066579 -12.740775,32.405304,637.3337 0.19893805555555555,0.19893799999999998 494,334,716,556 525,391,577,422 634,392,691,426
p01\face\2045.jpg p01\left\2045.jpg p01\right\2045.jpg p01\grid\2045.jpg day34/0064.jpg right 817.0,817.0 -0.036523513,-0.23164381 -17.679646,-57.685013,463.55652 0.19893805555555555,0.19893799999999998 433,122,734,423 476,198,549,241 625,205,701,250
p01\face\2046.jpg p01\left\2046.jpg p01\right\2046.jpg p01\grid\2046.jpg day10/0171.jpg right 35.0,494.0 -0.073996276,0.29115668 11.667866,-24.954021,507.94992 0.19893805555555555,0.19893799999999998 510,211,786,487 547,274,619,317 689,291,753,329
p01\face\2047.jpg p01\left\2047.jpg p01\right\2047.jpg p01\grid\2047.jpg day53/0203.jpg right 1200.0,527.0 0.045293737,0.29909655 25.578129,-33.895462,534.1681 0.19893805555555555,0.19893799999999998 541,198,806,463 580,263,644,301 712,274,779,314
p01\face\2048.jpg p01\left\2048.jpg p01\right\2048.jpg p01\grid\2048.jpg day62/0038.jpg right 467.0,311.0 -0.02587593,0.24857986 23.653055,-25.709572,536.0056 0.19893805555555555,0.19893799999999998 538,216,802,480 574,277,643,318 708,291,772,329
p01\face\2049.jpg p01\left\2049.jpg p01\right\2049.jpg p01\grid\2049.jpg day66/0269.jpg right 1262.0,823.0 0.075725526,-0.3039152 44.457882,-1.77158,567.19635 0.19893805555555555,0.19893799999999998 586,267,832,513 619,331,680,367 742,336,803,372
p01\face\2050.jpg p01\left\2050.jpg p01\right\2050.jpg p01\grid\2050.jpg day52/0720.jpg right 248.0,158.0 -0.059935,0.29897875 5.389542,-1.828448,531.00195 0.19893805555555555,0.19893799999999998 501,262,768,529 537,324,606,365 673,339,737,377
p01\face\2051.jpg p01\left\2051.jpg p01\right\2051.jpg p01\grid\2051.jpg day20/0418.jpg right 934.0,303.0 -0.11197347,0.29821938 -60.585907,-58.610767,535.05786 0.19893805555555555,0.19893799999999998 371,148,638,415 408,214,474,253 542,224,608,263
p01\face\2052.jpg p01\left\2052.jpg p01\right\2052.jpg p01\grid\2052.jpg day08/0045.jpg right 8.0,662.0 -0.10820274,-0.17485325 46.86989,-9.301159,428.7238 0.19893805555555555,0.19893799999999998 574,222,899,547 615,299,703,351 791,318,858,358
p01\face\2053.jpg p01\left\2053.jpg p01\right\2053.jpg p01\grid\2053.jpg day65/0089.jpg right 504.0,635.0 -0.13300999,0.31085947 -24.286797,-19.002783,400.2881 0.19893805555555555,0.19893799999999998 378,183,739,544 424,267,524,327 607,285,697,339
p01\face\2054.jpg p01\left\2054.jpg p01\right\2054.jpg p01\grid\2054.jpg day03/0405.jpg right 238.0,10.0 -0.111473754,0.3645819 -8.857328,9.006351,492.4077 0.19893805555555555,0.19893799999999998 463,278,749,564 499,347,574,392 647,358,714,398
p01\face\2055.jpg p01\left\2055.jpg p01\right\2055.jpg p01\grid\2055.jpg day27/0491.jpg right 218.0,629.0 0.047732793,-0.35682443 45.929413,-47.56252,397.41452 0.19893805555555555,0.19893799999999998 569,109,918,458 618,195,705,247 797,211,879,260
p01\face\2056.jpg p01\left\2056.jpg p01\right\2056.jpg p01\grid\2056.jpg day62/0280.jpg right 1150.0,646.0 -0.01376159,-0.12604645 -30.087496,-19.637629,364.9961 0.19893805555555555,0.19893799999999998 346,170,730,554 400,268,491,322 586,272,688,333
p01\face\2057.jpg p01\left\2057.jpg p01\right\2057.jpg p01\grid\2057.jpg day42/0114.jpg right 927.0,483.0 -0.02593108,0.39833254 -46.3007,3.10438,553.75354 0.19893805555555555,0.19893799999999998 410,272,669,531 443,344,506,381 571,339,638,379
p01\face\2058.jpg p01\left\2058.jpg p01\right\2058.jpg p01\grid\2058.jpg day58/0342.jpg right 1398.0,859.0 -0.006767123,-0.21158469 -26.30562,-17.354788,521.96747 0.19893805555555555,0.19893799999999998 439,229,707,497 476,299,539,336 607,300,677,342
p01\face\2059.jpg p01\left\2059.jpg p01\right\2059.jpg p01\grid\2059.jpg day31/0165.jpg right 746.0,196.0 -0.12608732,0.5261389 -38.971752,16.355848,590.5631 0.19893805555555555,0.19893799999999998 435,301,675,541 468,361,529,397 588,370,648,406
p01\face\2060.jpg p01\left\2060.jpg p01\right\2060.jpg p01\grid\2060.jpg day52/0503.jpg right 1111.0,345.0 -0.05123737,0.38912982 -33.04454,-5.073394,534.4612 0.19893805555555555,0.19893799999999998 427,254,694,521 463,323,529,362 596,327,663,367
p01\face\2061.jpg p01\left\2061.jpg p01\right\2061.jpg p01\grid\2061.jpg day49/0487.jpg right 597.0,855.0 -0.032980215,0.45391837 5.432808,6.474398,468.3565 0.19893805555555555,0.19893799999999998 483,265,789,571 525,340,603,386 679,353,754,398
p01\face\2062.jpg p01\left\2062.jpg p01\right\2062.jpg p01\grid\2062.jpg day56/0297.jpg right 247.0,250.0 -0.029949822,0.2874161 51.69916,-10.913127,420.69662 0.19893805555555555,0.19893799999999998 583,215,920,552 629,289,720,343 800,314,882,363
p01\face\2063.jpg p01\left\2063.jpg p01\right\2063.jpg p01\grid\2063.jpg day28/0151.jpg right 212.0,369.0 -0.02249888,0.34567457 32.76471,-35.578785,506.68503 0.19893805555555555,0.19893799999999998 553,185,833,465 589,252,664,297 731,266,800,307
p01\face\2064.jpg p01\left\2064.jpg p01\right\2064.jpg p01\grid\2064.jpg day04/0260.jpg right 380.0,76.0 -0.024218487,0.43331802 21.897404,-31.43117,497.18246 0.19893805555555555,0.19893799999999998 530,192,812,474 568,261,641,304 710,273,779,314
p01\face\2065.jpg p01\left\2065.jpg p01\right\2065.jpg p01\grid\2065.jpg day17/0318.jpg right 45.0,672.0 -0.018538399,0.29322353 43.81362,-26.657663,509.79788 0.19893805555555555,0.19893799999999998 576,206,853,483 613,272,686,315 756,287,820,325
p01\face\2066.jpg p01\left\2066.jpg p01\right\2066.jpg p01\grid\2066.jpg day51/0411.jpg right 596.0,99.0 -0.028361617,0.365842 7.228506,-29.635483,560.3018 0.19893805555555555,0.19893799999999998 513,213,766,466 546,276,610,314 673,284,736,321
p01\face\2067.jpg p01\left\2067.jpg p01\right\2067.jpg p01\grid\2067.jpg day03/0409.jpg right 172.0,133.0 0.034233265,0.46013132 40.05946,12.362438,539.84735 0.19893805555555555,0.19893799999999998 575,291,836,552 608,356,675,396 740,362,803,399
p01\face\2068.jpg p01\left\2068.jpg p01\right\2068.jpg p01\grid\2068.jpg day52/0167.jpg right 253.0,23.0 -0.10406647,0.3491841 -2.787203,-39.61394,484.50122 0.19893805555555555,0.19893799999999998 471,169,763,461 510,237,589,284 658,254,730,297
p01\face\2069.jpg p01\left\2069.jpg p01\right\2069.jpg p01\grid\2069.jpg day24/0008.jpg right 657.0,8.0 -0.016266838,-0.08642412 -3.777724,5.05077,430.07947 0.19893805555555555,0.19893799999999998 451,259,776,584 496,338,577,386 662,349,740,395
p01\face\2070.jpg p01\left\2070.jpg p01\right\2070.jpg p01\grid\2070.jpg day22/0043.jpg right 252.0,502.0 -0.06872744,0.15212692 -0.376537,-22.076332,503.38 0.19893805555555555,0.19893799999999998 481,213,766,498 518,281,594,326 662,292,732,334
p01\face\2071.jpg p01\left\2071.jpg p01\right\2071.jpg p01\grid\2071.jpg day52/0033.jpg right 1350.0,138.0 -0.042820603,0.27368838 -65.27112,-6.274125,630.4704 0.19893805555555555,0.19893799999999998 404,268,630,494 435,327,489,359 546,328,604,362
p01\face\2072.jpg p01\left\2072.jpg p01\right\2072.jpg p01\grid\2072.jpg day15/0279.jpg right 744.0,230.0 0.02644793,-0.21709214 22.090271,-18.963982,454.73074 0.19893805555555555,0.19893799999999998 521,207,828,514 564,283,640,328 718,293,794,338
p01\face\2073.jpg p01\left\2073.jpg p01\right\2073.jpg p01\grid\2073.jpg day52/0438.jpg right 1118.0,826.0 -0.043725453,-0.25618473 -23.032858,-2.548558,551.30975 0.19893805555555555,0.19893799999999998 457,264,709,516 489,331,552,368 615,331,678,368
p01\face\2074.jpg p01\left\2074.jpg p01\right\2074.jpg p01\grid\2074.jpg day53/0639.jpg right 1.0,542.0 -0.108659506,0.37455386 -7.50423,-18.740448,523.3125 0.19893805555555555,0.19893799999999998 473,225,743,495 510,288,580,330 647,305,713,344
p01\face\2075.jpg p01\left\2075.jpg p01\right\2075.jpg p01\grid\2075.jpg day55/0006.jpg right 1305.0,797.0 -0.018188475,-0.13471921 -25.950327,31.307072,526.5067 0.19893805555555555,0.19893799999999998 442,329,706,593 478,397,541,434 609,399,676,439
p01\face\2076.jpg p01\left\2076.jpg p01\right\2076.jpg p01\grid\2076.jpg day12/0337.jpg right 746.0,438.0 0.0010825989,0.4345259 -8.932535,-8.905213,560.8342 0.19893805555555555,0.19893799999999998 482,251,735,504 516,317,579,354 643,322,706,359
p01\face\2077.jpg p01\left\2077.jpg p01\right\2077.jpg p01\grid\2077.jpg day07/0126.jpg right 570.0,145.0 -0.00090968073,-0.3125612 6.619001,-50.197525,446.1398 0.19893805555555555,0.19893799999999998 484,129,797,442 526,210,605,257 683,216,761,262
p01\face\2078.jpg p01\left\2078.jpg p01\right\2078.jpg p01\grid\2078.jpg day27/0184.jpg right 829.0,566.0 0.0016271124,0.41727957 -2.041385,23.54587,564.98737 0.19893805555555555,0.19893799999999998 498,316,745,563 532,377,592,413 657,383,717,419
p01\face\2079.jpg p01\left\2079.jpg p01\right\2079.jpg p01\grid\2079.jpg day64/0216.jpg right 1337.0,745.0 -0.0138381645,-0.033750705 -49.399265,26.132347,530.75977 0.19893805555555555,0.19893799999999998 396,318,661,583 433,388,494,424 562,386,631,427
p01\face\2080.jpg p01\left\2080.jpg p01\right\2080.jpg p01\grid\2080.jpg day49/0202.jpg right 507.0,626.0 0.04591851,-0.23288521 22.84393,-9.006417,420.2371 0.19893805555555555,0.19893799999999998 515,219,848,552 560,300,645,351 727,314,809,363
p01\face\2081.jpg p01\left\2081.jpg p01\right\2081.jpg p01\grid\2081.jpg day16/0127.jpg right 1002.0,545.0 -0.06401387,-0.14146627 -18.070276,9.802539,454.7894 0.19893805555555555,0.19893799999999998 427,271,740,584 467,350,548,398 625,355,703,401
p01\face\2082.jpg p01\left\2082.jpg p01\right\2082.jpg p01\grid\2082.jpg day04/0180.jpg right 157.0,107.0 -0.1819283,-0.21641357 -4.395274,-37.999626,391.88968 0.19893805555555555,0.19893799999999998 433,134,787,488 477,218,570,273 666,235,741,280
p01\face\2083.jpg p01\left\2083.jpg p01\right\2083.jpg p01\grid\2083.jpg day54/0159.jpg right 1059.0,83.0 0.03508102,0.37442514 0.767877,2.248805,464.4228 0.19893805555555555,0.19893799999999998 472,257,778,563 517,333,590,376 668,342,746,388
p01\face\2084.jpg p01\left\2084.jpg p01\right\2084.jpg p01\grid\2084.jpg day04/0132.jpg right 218.0,642.0 -0.034793615,0.45549303 -1.741673,0.688798,539.4049 0.19893805555555555,0.19893799999999998 493,267,754,528 526,334,593,374 658,339,721,376
p01\face\2085.jpg p01\left\2085.jpg p01\right\2085.jpg p01\grid\2085.jpg day38/0096.jpg right 716.0,32.0 0.019340783,0.42757836 12.810539,-29.833282,562.6936 0.19893805555555555,0.19893799999999998 525,211,778,464 557,279,621,317 682,280,748,319
p01\face\2086.jpg p01\left\2086.jpg p01\right\2086.jpg p01\grid\2086.jpg day12/0291.jpg right 700.0,370.0 -0.029233765,0.42147493 -12.893673,-10.328708,529.84973 0.19893805555555555,0.19893799999999998 465,243,733,511 502,311,568,350 637,318,703,357
p01\face\2087.jpg p01\left\2087.jpg p01\right\2087.jpg p01\grid\2087.jpg day52/0265.jpg right 852.0,253.0 -0.036729515,0.42309818 -16.064547,6.580304,544.21063 0.19893805555555555,0.19893799999999998 463,279,724,540 499,345,563,383 630,352,694,390
p01\face\2088.jpg p01\left\2088.jpg p01\right\2088.jpg p01\grid\2088.jpg day04/0599.jpg right 1411.0,77.0 -0.008152558,0.15214539 -85.86343,-19.227118,511.0583 0.19893805555555555,0.19893799999999998 311,224,587,500 348,296,414,335 485,293,554,334
p01\face\2089.jpg p01\left\2089.jpg p01\right\2089.jpg p01\grid\2089.jpg day43/0277.jpg right 68.0,267.0 -0.11166341,0.086394824 34.153713,-34.554474,521.503 0.19893805555555555,0.19893799999999998 560,196,828,464 594,258,664,300 731,271,795,309
p01\face\2090.jpg p01\left\2090.jpg p01\right\2090.jpg p01\grid\2090.jpg day15/0115.jpg right 1188.0,788.0 -0.0029816441,-0.2788373 -11.313002,-39.43669,555.5969 0.19893805555555555,0.19893799999999998 477,195,727,445 514,257,574,293 637,266,701,304
p01\face\2091.jpg p01\left\2091.jpg p01\right\2091.jpg p01\grid\2091.jpg day31/0449.jpg right 171.0,318.0 -0.04380548,0.46754098 17.807934,19.822,453.21326 0.19893805555555555,0.19893799999999998 510,297,820,607 551,369,633,418 709,385,784,430
p01\face\2092.jpg p01\left\2092.jpg p01\right\2092.jpg p01\grid\2092.jpg day01/0127.jpg right 9.0,390.0 -0.03867266,0.36895835 28.815699,2.863959,463.6542 0.19893805555555555,0.19893799999999998 538,259,842,563 578,331,657,378 734,346,806,389
p01\face\2093.jpg p01\left\2093.jpg p01\right\2093.jpg p01\grid\2093.jpg day65/0025.jpg right 356.0,568.0 -0.047673684,0.38427776 -4.739797,1.346535,558.8978 0.19893805555555555,0.19893799999999998 489,272,742,525 523,333,589,372 652,344,713,380
p01\face\2094.jpg p01\left\2094.jpg p01\right\2094.jpg p01\grid\2094.jpg day53/0540.jpg right 1247.0,5.0 -0.36289433,-0.0002295173 -19.847788,1.453338,356.61356 0.19893805555555555,0.19893799999999998 371,237,749,615 427,323,515,375 610,333,710,393
p01\face\2095.jpg p01\left\2095.jpg p01\right\2095.jpg p01\grid\2095.jpg day63/0067.jpg right 779.0,398.0 0.08802249,0.077047065 27.83448,-0.236728,502.6147 0.19893805555555555,0.19893799999999998 542,263,819,540 583,326,652,367 722,340,791,381
p01\face\2096.jpg p01\left\2096.jpg p01\right\2096.jpg p01\grid\2096.jpg day22/0059.jpg right 1332.0,798.0 -0.019517874,0.35832307 -23.068596,-11.265653,468.4296 0.19893805555555555,0.19893799999999998 421,226,727,532 462,305,537,350 611,307,692,355
p01\face\2097.jpg p01\left\2097.jpg p01\right\2097.jpg p01\grid\2097.jpg day51/0271.jpg right 64.0,700.0 -0.11442377,-0.028830322 0.702016,-30.538126,499.43784 0.19893805555555555,0.19893799999999998 486,199,763,476 524,262,594,304 665,276,732,316
p01\face\2098.jpg p01\left\2098.jpg p01\right\2098.jpg p01\grid\2098.jpg day01/0048.jpg right 891.0,265.0 0.05976435,0.012217324 -3.043781,-0.625757,532.3378 0.19893805555555555,0.19893799999999998 486,265,751,530 524,330,588,368 654,337,723,378
p01\face\2099.jpg p01\left\2099.jpg p01\right\2099.jpg p01\grid\2099.jpg day14/0301.jpg right 1274.0,896.0 0.1258951,-0.08483086 -21.148872,-16.841675,494.06326 0.19893805555555555,0.19893799999999998 440,225,722,507 480,295,546,334 620,300,690,342
p01\face\2100.jpg p01\left\2100.jpg p01\right\2100.jpg p01\grid\2100.jpg day43/0400.jpg right 209.0,136.0 -0.11849877,0.4516747 -14.033363,10.780433,576.9917 0.19893805555555555,0.19893799999999998 477,291,721,535 509,350,573,388 633,361,693,397
p01\face\2101.jpg p01\left\2101.jpg p01\right\2101.jpg p01\grid\2101.jpg day45/0095.jpg right 1360.0,164.0 0.06483809,-0.09198775 1.246712,-35.610428,385.43808 0.19893805555555555,0.19893799999999998 446,137,807,498 499,225,584,276 676,236,769,291
p01\face\2102.jpg p01\left\2102.jpg p01\right\2102.jpg p01\grid\2102.jpg day31/0216.jpg right 573.0,130.0 -0.055462122,0.38792247 18.8292,-38.745125,455.21255 0.19893805555555555,0.19893799999999998 512,159,822,469 553,233,635,282 711,249,786,294
p01\face\2103.jpg p01\left\2103.jpg p01\right\2103.jpg p01\grid\2103.jpg day56/0323.jpg right 590.0,487.0 -0.046260353,0.42501712 4.282994,-8.094755,526.04675 0.19893805555555555,0.19893799999999998 498,247,766,515 535,311,604,352 670,325,737,365
p01\face\2104.jpg p01\left\2104.jpg p01\right\2104.jpg p01\grid\2104.jpg day61/0105.jpg right 764.0,320.0 -0.002529537,0.33969507 8.49176,-33.993008,449.43292 0.19893805555555555,0.19893799999999998 485,167,803,485 529,247,608,294 689,257,767,303
p01\face\2105.jpg p01\left\2105.jpg p01\right\2105.jpg p01\grid\2105.jpg day59/0023.jpg right 955.0,644.0 -0.010542822,-0.19713151 -15.091795,-20.036533,377.01654 0.19893805555555555,0.19893799999999998 396,174,766,544 449,267,536,319 632,276,726,332
p01\face\2106.jpg p01\left\2106.jpg p01\right\2106.jpg p01\grid\2106.jpg day66/0160.jpg right 1407.0,839.0 -0.067307666,0.49457833 -30.801113,-17.245138,497.05597 0.19893805555555555,0.19893799999999998 417,220,702,505 456,293,528,336 595,299,670,344
p01\face\2107.jpg p01\left\2107.jpg p01\right\2107.jpg p01\grid\2107.jpg day50/0263.jpg right 787.0,599.0 -0.061495528,0.37926844 -35.822372,-40.530437,671.2165 0.19893805555555555,0.19893799999999998 465,218,676,429 492,274,546,306 598,276,650,307
p01\face\2108.jpg p01\left\2108.jpg p01\right\2108.jpg p01\grid\2108.jpg day49/0196.jpg right 1223.0,253.0 0.052624565,0.37016663 0.363649,-18.276049,442.86755 0.19893805555555555,0.19893799999999998 464,202,786,524 510,285,588,331 668,290,752,340
p01\face\2109.jpg p01\left\2109.jpg p01\right\2109.jpg p01\grid\2109.jpg day48/0164.jpg right 641.0,237.0 0.015646024,0.27293542 25.73507,-55.762627,566.31586 0.19893805555555555,0.19893799999999998 548,165,800,417 581,229,645,267 707,235,770,272
p01\face\2110.jpg p01\left\2110.jpg p01\right\2110.jpg p01\grid\2110.jpg day57/0141.jpg right 1112.0,559.0 -0.004600167,0.48029834 -3.100527,15.043411,548.5105 0.19893805555555555,0.19893799999999998 492,297,748,553 526,363,589,400 654,366,718,404
p01\face\2111.jpg p01\left\2111.jpg p01\right\2111.jpg p01\grid\2111.jpg day63/0501.jpg right 649.0,99.0 -0.0039480934,-0.3113013 2.144058,-63.802437,393.1128 0.19893805555555555,0.19893799999999998 451,63,806,418 500,151,588,203 679,163,766,215
p01\face\2112.jpg p01\left\2112.jpg p01\right\2112.jpg p01\grid\2112.jpg day52/0113.jpg right 594.0,686.0 -0.016294405,-0.19783168 -22.887735,0.442168,585.193 0.19893805555555555,0.19893799999999998 465,275,703,513 497,333,557,369 617,342,675,376
p01\face\2113.jpg p01\left\2113.jpg p01\right\2113.jpg p01\grid\2113.jpg day64/0188.jpg right 1242.0,669.0 -0.016931986,-0.2542728 -19.240591,-48.33205,461.69672 0.19893805555555555,0.19893799999999998 429,142,732,445 472,218,545,261 621,226,699,272
p01\face\2114.jpg p01\left\2114.jpg p01\right\2114.jpg p01\grid\2114.jpg day28/0223.jpg right 821.0,244.0 0.018620063,0.4019103 21.527752,-46.688263,575.7838 0.19893805555555555,0.19893799999999998 542,184,789,431 574,248,637,285 699,253,760,289
p01\face\2115.jpg p01\left\2115.jpg p01\right\2115.jpg p01\grid\2115.jpg day07/0289.jpg right 1024.0,749.0 0.030325113,-0.21260194 -16.374622,0.628903,369.305 0.19893805555555555,0.19893799999999998 392,230,765,603 443,325,530,377 629,334,722,389
p01\face\2116.jpg p01\left\2116.jpg p01\right\2116.jpg p01\grid\2116.jpg day53/0517.jpg right 285.0,750.0 0.045125466,-0.18770023 42.33821,-16.5153,514.5815 0.19893805555555555,0.19893799999999998 574,230,844,500 612,292,681,333 750,310,814,348
p01\face\2117.jpg p01\left\2117.jpg p01\right\2117.jpg p01\grid\2117.jpg day25/0027.jpg right 1219.0,375.0 -0.033545427,-0.16520095 -0.554319,13.40126,529.906 0.19893805555555555,0.19893799999999998 491,292,755,556 529,359,592,396 660,364,727,404
p01\face\2118.jpg p01\left\2118.jpg p01\right\2118.jpg p01\grid\2118.jpg day51/0264.jpg right 988.0,354.0 -0.004985942,-0.18265148 -15.45731,-32.8925,432.3434 0.19893805555555555,0.19893799999999998 424,166,748,490 470,245,549,292 630,255,712,304
p01\face\2119.jpg p01\left\2119.jpg p01\right\2119.jpg p01\grid\2119.jpg day38/0490.jpg right 1023.0,304.0 0.0013725528,0.48936486 -4.150808,5.213404,473.02 0.19893805555555555,0.19893799999999998 467,265,765,563 508,342,581,385 655,346,731,391
p01\face\2120.jpg p01\left\2120.jpg p01\right\2120.jpg p01\grid\2120.jpg day20/0350.jpg right 1334.0,23.0 -0.009140818,0.2976671 -31.14677,-71.33557,566.23517 0.19893805555555555,0.19893799999999998 443,136,693,386 477,203,538,239 600,203,664,241
p01\face\2121.jpg p01\left\2121.jpg p01\right\2121.jpg p01\grid\2121.jpg day10/0160.jpg right 1262.0,260.0 0.058528874,0.37240386 10.685319,-20.441488,541.81775 0.19893805555555555,0.19893799999999998 516,227,777,488 552,295,615,332 681,296,748,336
p01\face\2122.jpg p01\left\2122.jpg p01\right\2122.jpg p01\grid\2122.jpg day65/0336.jpg right 1071.0,209.0 -0.021192232,0.4970889 -8.168855,4.904672,596.9784 0.19893805555555555,0.19893799999999998 495,283,730,518 525,344,585,380 643,347,701,381
p01\face\2123.jpg p01\left\2123.jpg p01\right\2123.jpg p01\grid\2123.jpg day19/0049.jpg right 474.0,309.0 -0.06764009,0.38675684 -3.379748,-18.700363,559.7155 0.19893805555555555,0.19893799999999998 492,234,744,486 526,294,592,333 654,307,715,343
p01\face\2124.jpg p01\left\2124.jpg p01\right\2124.jpg p01\grid\2124.jpg day19/0177.jpg right 85.0,602.0 -0.05673016,0.33522376 28.602213,-34.307167,570.203 0.19893805555555555,0.19893799999999998 555,207,802,454 586,267,653,307 713,278,771,312
p01\face\2125.jpg p01\left\2125.jpg p01\right\2125.jpg p01\grid\2125.jpg day22/0219.jpg right 612.0,700.0 -0.0702888,0.41273704 -13.896103,-7.732333,585.00714 0.19893805555555555,0.19893799999999998 480,259,721,500 512,319,573,355 634,327,692,361
p01\face\2126.jpg p01\left\2126.jpg p01\right\2126.jpg p01\grid\2126.jpg day19/0165.jpg right 628.0,544.0 -0.031588607,0.3834259 7.852412,-28.604282,558.26306 0.19893805555555555,0.19893799999999998 514,214,767,467 547,278,611,316 676,286,737,322
p01\face\2127.jpg p01\left\2127.jpg p01\right\2127.jpg p01\grid\2127.jpg day50/0078.jpg right 1263.0,275.0 0.048098467,0.46123287 6.890749,3.202933,533.5801 0.19893805555555555,0.19893799999999998 508,271,772,535 544,341,607,378 673,342,742,383
p01\face\2128.jpg p01\left\2128.jpg p01\right\2128.jpg p01\grid\2128.jpg day62/0107.jpg right 656.0,658.0 -0.10217848,0.3586481 -33.884663,-19.41533,501.8226 0.19893805555555555,0.19893799999999998 411,217,696,502 449,288,522,331 592,297,662,339
p01\face\2129.jpg p01\left\2129.jpg p01\right\2129.jpg p01\grid\2129.jpg day06/0051.jpg right 158.0,491.0 -0.0072867414,0.2851915 34.55025,-10.472311,508.05777 0.19893805555555555,0.19893799999999998 556,238,838,520 592,305,667,350 735,318,804,359
p01\face\2130.jpg p01\left\2130.jpg p01\right\2130.jpg p01\grid\2130.jpg day52/0095.jpg right 487.0,729.0 -0.02391342,-0.19972254 -7.190967,-18.028946,487.30957 0.19893805555555555,0.19893799999999998 464,219,750,505 504,288,577,331 649,301,718,342
p01\face\2131.jpg p01\left\2131.jpg p01\right\2131.jpg p01\grid\2131.jpg day37/0537.jpg right 1217.0,315.0 -0.013204731,-0.028404806 18.100601,-30.70232,425.0662 0.19893805555555555,0.19893799999999998 500,170,828,498 549,241,631,290 713,266,795,315
p01\face\2132.jpg p01\left\2132.jpg p01\right\2132.jpg p01\grid\2132.jpg day67/0248.jpg right 433.0,333.0 -0.061665796,0.5020963 11.177068,16.12663,465.32077 0.19893805555555555,0.19893799999999998 497,288,801,592 537,360,618,408 691,375,766,420
p01\face\2133.jpg p01\left\2133.jpg p01\right\2133.jpg p01\grid\2133.jpg day34/0268.jpg right 237.0,838.0 -0.04406396,0.35204944 -4.134709,-33.99711,630.801 0.19893805555555555,0.19893799999999998 509,223,729,443 537,278,594,312 650,284,702,315
p01\face\2134.jpg p01\left\2134.jpg p01\right\2134.jpg p01\grid\2134.jpg day58/0677.jpg right 452.0,438.0 0.064117275,-0.34654012 36.314957,-57.00563,447.74042 0.19893805555555555,0.19893799999999998 555,113,868,426 596,195,675,242 754,199,830,244
p01\face\2135.jpg p01\left\2135.jpg p01\right\2135.jpg p01\grid\2135.jpg day53/0010.jpg right 900.0,342.0 -0.02521421,-0.2229551 -17.79707,-13.640207,416.8496 0.19893805555555555,0.19893799999999998 411,207,745,541 458,290,540,339 624,301,709,352
p01\face\2136.jpg p01\left\2136.jpg p01\right\2136.jpg p01\grid\2136.jpg day66/0244.jpg right 903.0,664.0 0.09251824,-0.25804994 29.783728,-27.299736,423.9806 0.19893805555555555,0.19893799999999998 532,175,860,503 579,254,660,302 744,271,825,319
p01\face\2137.jpg p01\left\2137.jpg p01\right\2137.jpg p01\grid\2137.jpg day63/0415.jpg right 309.0,443.0 -0.03450091,0.3737886 20.51537,-39.294712,422.5653 0.19893805555555555,0.19893799999999998 507,143,841,477 552,222,639,274 722,241,803,289
p01\face\2138.jpg p01\left\2138.jpg p01\right\2138.jpg p01\grid\2138.jpg day47/0184.jpg right 1276.0,775.0 0.080502845,-0.15880263 -56.501442,7.972284,379.57404 0.19893805555555555,0.19893799999999998 284,253,653,622 333,342,424,396 520,356,608,408
p01\face\2139.jpg p01\left\2139.jpg p01\right\2139.jpg p01\grid\2139.jpg day17/0206.jpg right 671.0,469.0 0.053769615,-0.24956334 23.821173,-11.752691,445.00095 0.19893805555555555,0.19893799999999998 525,220,838,533 567,300,645,346 725,308,801,353
p01\face\2140.jpg p01\left\2140.jpg p01\right\2140.jpg p01\grid\2140.jpg day15/0247.jpg right 1061.0,315.0 -0.018014476,-0.15804458 -24.972662,-31.078655,417.66895 0.19893805555555555,0.19893799999999998 394,164,730,500 440,248,521,296 607,254,692,305
p01\face\2141.jpg p01\left\2141.jpg p01\right\2141.jpg p01\grid\2141.jpg day08/0036.jpg right 1302.0,183.0 0.03172232,0.28603598 -16.61016,-4.179182,567.0726 0.19893805555555555,0.19893799999999998 471,264,720,513 505,327,565,363 628,330,691,367
p01\face\2142.jpg p01\left\2142.jpg p01\right\2142.jpg p01\grid\2142.jpg day12/0188.jpg right 286.0,113.0 -0.11189017,0.31490675 -5.79234,-51.67472,472.59174 0.19893805555555555,0.19893799999999998 463,140,758,435 502,208,580,254 653,226,723,268
p01\face\2143.jpg p01\left\2143.jpg p01\right\2143.jpg p01\grid\2143.jpg day12/0559.jpg right 1226.0,1.0 0.07122476,0.038784172 -1.915661,-23.352007,450.13937 0.19893805555555555,0.19893799999999998 465,199,772,506 511,272,581,314 663,283,741,329
p01\face\2144.jpg p01\left\2144.jpg p01\right\2144.jpg p01\grid\2144.jpg day01/0082.jpg right 62.0,894.0 -0.011694541,-0.15441862 12.386857,2.68423,446.73993 0.19893805555555555,0.19893799999999998 499,257,809,567 538,333,620,382 698,344,771,387
p01\face\2145.jpg p01\left\2145.jpg p01\right\2145.jpg p01\grid\2145.jpg day55/0017.jpg right 1328.0,469.0 -0.03176865,-0.1085384 -22.096708,27.819029,521.5348 0.19893805555555555,0.19893799999999998 448,322,715,589 484,390,548,428 617,393,684,433
p01\face\2146.jpg p01\left\2146.jpg p01\right\2146.jpg p01\grid\2146.jpg day27/0056.jpg right 218.0,847.0 -0.024836138,0.3524051 13.19331,-32.632397,471.741 0.19893805555555555,0.19893799999999998 504,179,805,480 543,254,621,300 698,265,768,307
p01\face\2147.jpg p01\left\2147.jpg p01\right\2147.jpg p01\grid\2147.jpg day53/0623.jpg right 384.0,740.0 -0.008462463,0.38427895 26.205742,-21.731207,461.59454 0.19893805555555555,0.19893799999999998 531,201,838,508 572,276,650,322 729,289,802,332
p01\face\2148.jpg p01\left\2148.jpg p01\right\2148.jpg p01\grid\2148.jpg day41/0411.jpg right 331.0,564.0 -0.07902333,0.32979047 2.955433,-18.874102,442.62128 0.19893805555555555,0.19893799999999998 470,202,789,521 513,276,597,326 677,296,752,341
p01\face\2149.jpg p01\left\2149.jpg p01\right\2149.jpg p01\grid\2149.jpg day58/0439.jpg right 414.0,589.0 0.008321341,-0.29040843 6.448695,-29.526077,410.44678 0.19893805555555555,0.19893799999999998 470,163,809,502 517,247,602,298 688,261,770,310
p01\face\2150.jpg p01\left\2150.jpg p01\right\2150.jpg p01\grid\2150.jpg day48/0027.jpg right 1322.0,186.0 -0.036790516,-0.064081006 -48.977898,6.236143,430.7639 0.19893805555555555,0.19893799999999998 339,260,667,588 387,342,465,388 548,350,633,401
p01\face\2151.jpg p01\left\2151.jpg p01\right\2151.jpg p01\grid\2151.jpg day64/0065.jpg right 208.0,882.0 -0.036656465,0.36929837 20.207838,-12.438591,448.7854 0.19893805555555555,0.19893799999999998 512,219,827,534 557,293,636,340 717,312,792,357
p01\face\2152.jpg p01\left\2152.jpg p01\right\2152.jpg p01\grid\2152.jpg day03/0015.jpg right 202.0,783.0 -0.051127844,0.4693891 -5.707167,27.00755,597.12177 0.19893805555555555,0.19893799999999998 499,323,734,558 529,382,589,418 648,387,705,421
p01\face\2153.jpg p01\left\2153.jpg p01\right\2153.jpg p01\grid\2153.jpg day20/0498.jpg right 1019.0,46.0 -0.008974634,0.47533777 -29.012749,-9.17696,505.13895 0.19893805555555555,0.19893799999999998 426,240,705,519 464,315,531,355 602,314,672,356
p01\face\2154.jpg p01\left\2154.jpg p01\right\2154.jpg p01\grid\2154.jpg day16/0353.jpg right 684.0,887.0 -0.0020759043,0.44136545 8.152402,-8.452739,465.9533 0.19893805555555555,0.19893799999999998 492,232,796,536 532,310,607,355 687,317,760,360
p01\face\2155.jpg p01\left\2155.jpg p01\right\2155.jpg p01\grid\2155.jpg day15/0521.jpg right 248.0,557.0 -0.13308318,0.36628324 13.074041,52.037334,558.1757 0.19893805555555555,0.19893799999999998 523,370,775,622 556,425,623,465 686,443,744,477
p01\face\2156.jpg p01\left\2156.jpg p01\right\2156.jpg p01\grid\2156.jpg day49/0100.jpg right 1083.0,703.0 0.034159895,-0.08380968 20.297613,32.343155,529.8142 0.19893805555555555,0.19893799999999998 532,331,796,595 571,394,634,431 700,404,769,445
p01\face\2157.jpg p01\left\2157.jpg p01\right\2157.jpg p01\grid\2157.jpg day49/0164.jpg right 82.0,172.0 0.048860487,-0.3611656 31.266357,-86.81071,461.90375 0.19893805555555555,0.19893799999999998 538,51,845,358 580,120,662,169 743,146,810,186
p01\face\2158.jpg p01\left\2158.jpg p01\right\2158.jpg p01\grid\2158.jpg day11/0087.jpg right 21.0,459.0 -0.0556271,0.1822407 37.438282,-34.15316,501.27655 0.19893805555555555,0.19893799999999998 563,190,843,470 600,255,673,298 744,270,810,309
p01\face\2159.jpg p01\left\2159.jpg p01\right\2159.jpg p01\grid\2159.jpg day25/0182.jpg right 775.0,367.0 0.107940316,-0.21966034 31.131268,4.591228,378.40027 0.19893805555555555,0.19893799999999998 525,244,888,607 579,327,669,381 762,356,850,408
p01\face\2160.jpg p01\left\2160.jpg p01\right\2160.jpg p01\grid\2160.jpg day23/0157.jpg right 1351.0,141.0 -0.026427709,0.35094655 -44.98459,4.343574,554.7795 0.19893805555555555,0.19893799999999998 411,277,667,533 448,343,509,379 573,345,640,385
p01\face\2161.jpg p01\left\2161.jpg p01\right\2161.jpg p01\grid\2161.jpg day06/0255.jpg right 1317.0,848.0 -0.01770583,0.19523789 -24.625444,-61.643433,530.0689 0.19893805555555555,0.19893799999999998 444,143,709,408 480,210,544,248 612,215,679,255
p01\face\2162.jpg p01\left\2162.jpg p01\right\2162.jpg p01\grid\2162.jpg day22/0201.jpg right 62.0,265.0 -0.096466064,0.37280023 -2.155401,-48.291893,582.57874 0.19893805555555555,0.19893799999999998 503,186,743,426 532,245,595,282 655,253,712,287
p01\face\2163.jpg p01\left\2163.jpg p01\right\2163.jpg p01\grid\2163.jpg day10/0037.jpg right 1159.0,702.0 -0.03588056,0.50247914 -14.92294,-1.186992,522.1122 0.19893805555555555,0.19893799999999998 460,260,730,530 497,329,564,369 632,335,699,375
p01\face\2164.jpg p01\left\2164.jpg p01\right\2164.jpg p01\grid\2164.jpg day58/0566.jpg right 362.0,327.0 0.012768801,0.40610397 29.439226,-7.883357,442.27338 0.19893805555555555,0.19893799999999998 533,226,857,550 576,306,658,355 741,319,819,365
p01\face\2165.jpg p01\left\2165.jpg p01\right\2165.jpg p01\grid\2165.jpg day43/0302.jpg right 658.0,862.0 0.00841017,-0.22994582 11.626446,-30.71298,410.03265 0.19893805555555555,0.19893799999999998 483,160,825,502 529,244,616,296 699,255,786,307
p01\face\2166.jpg p01\left\2166.jpg p01\right\2166.jpg p01\grid\2166.jpg day37/0243.jpg right 549.0,134.0 -0.016108211,0.41238025 2.62276,-84.59004,632.6005 0.19893805555555555,0.19893799999999998 519,136,742,359 548,195,605,229 659,198,716,232
p01\face\2167.jpg p01\left\2167.jpg p01\right\2167.jpg p01\grid\2167.jpg day52/0279.jpg right 547.0,399.0 0.0121903485,0.36853576 28.374254,-30.540468,419.25327 0.19893805555555555,0.19893799999999998 524,162,864,502 572,245,657,296 744,261,826,310
p01\face\2168.jpg p01\left\2168.jpg p01\right\2168.jpg p01\grid\2168.jpg day64/0253.jpg right 1372.0,228.0 -0.036063172,-0.040821567 -40.224144,85.019226,551.7479 0.19893805555555555,0.19893799999999998 409,422,685,698 457,494,518,530 582,503,646,541
p01\face\2169.jpg p01\left\2169.jpg p01\right\2169.jpg p01\grid\2169.jpg day55/0259.jpg right 966.0,565.0 0.0047774855,-0.2146685 2.916865,-1.166463,403.37778 0.19893805555555555,0.19893799999999998 458,235,803,580 508,320,590,369 678,332,766,384
p01\face\2170.jpg p01\left\2170.jpg p01\right\2170.jpg p01\grid\2170.jpg day47/0048.jpg right 1372.0,244.0 0.045683276,0.33496833 -2.672329,16.152317,491.7785 0.19893805555555555,0.19893799999999998 475,294,763,582 517,365,584,405 657,371,732,416
p01\face\2171.jpg p01\left\2171.jpg p01\right\2171.jpg p01\grid\2171.jpg day03/0534.jpg right 476.0,746.0 -0.051676687,-0.20589803 -36.033855,-11.26137,551.8547 0.19893805555555555,0.19893799999999998 430,248,683,501 463,312,527,350 592,317,653,353
p01\face\2172.jpg p01\left\2172.jpg p01\right\2172.jpg p01\grid\2172.jpg day31/0022.jpg right 586.0,437.0 -0.03655176,0.34529364 12.407972,-22.090155,436.86185 0.19893805555555555,0.19893799999999998 489,190,817,518 534,270,618,320 699,284,780,332
p01\face\2173.jpg p01\left\2173.jpg p01\right\2173.jpg p01\grid\2173.jpg day45/0262.jpg right 961.0,506.0 -0.052116115,-0.35297194 25.068747,-120.26024,483.49454 0.19893805555555555,0.19893799999999998 533,0,825,292 572,65,647,110 719,72,792,115
p01\face\2174.jpg p01\left\2174.jpg p01\right\2174.jpg p01\grid\2174.jpg day01/0034.jpg right 1300.0,382.0 0.07734126,0.039026175 -18.338705,9.217816,428.55313 0.19893805555555555,0.19893799999999998 414,271,738,595 464,345,540,390 623,361,707,411
p01\face\2175.jpg p01\left\2175.jpg p01\right\2175.jpg p01\grid\2175.jpg day18/0003.jpg right 1165.0,576.0 0.031112498,-0.22930697 23.395702,-69.14446,489.08017 0.19893805555555555,0.19893799999999998 533,110,818,395 574,183,641,223 715,187,787,230
p01\face\2176.jpg p01\left\2176.jpg p01\right\2176.jpg p01\grid\2176.jpg day61/0076.jpg right 126.0,472.0 0.015135244,0.25583333 56.892307,-22.184597,479.9423 0.19893805555555555,0.19893799999999998 601,208,893,500 644,275,716,318 791,293,863,336
p01\face\2177.jpg p01\left\2177.jpg p01\right\2177.jpg p01\grid\2177.jpg day43/0300.jpg right 973.0,586.0 0.011378966,-0.20079145 -2.547935,-34.708073,419.3607 0.19893805555555555,0.19893799999999998 453,155,787,489 497,241,579,290 663,244,748,295
p01\face\2178.jpg p01\left\2178.jpg p01\right\2178.jpg p01\grid\2178.jpg day47/0013.jpg right 518.0,875.0 -0.014033971,-0.24368227 0.798784,-44.342625,473.33682 0.19893805555555555,0.19893799999999998 479,156,774,451 517,229,593,274 668,239,738,281
p01\face\2179.jpg p01\left\2179.jpg p01\right\2179.jpg p01\grid\2179.jpg day17/0061.jpg right 947.0,26.0 -0.021745868,0.57497966 -22.453234,9.862946,489.8616 0.19893805555555555,0.19893799999999998 435,279,718,562 475,353,542,393 615,356,687,399
p01\face\2180.jpg p01\left\2180.jpg p01\right\2180.jpg p01\grid\2180.jpg day04/0186.jpg right 788.0,58.0 -0.046262894,-0.20773788 -25.115097,-33.798424,383.68976 0.19893805555555555,0.19893799999999998 372,139,736,503 423,231,511,283 605,240,696,294
p01\face\2181.jpg p01\left\2181.jpg p01\right\2181.jpg p01\grid\2181.jpg day31/0374.jpg right 292.0,830.0 -0.009540226,-0.09155229 24.834717,-9.883287,417.03394 0.19893805555555555,0.19893799999999998 518,218,852,552 563,297,651,349 733,313,814,361
p01\face\2182.jpg p01\left\2182.jpg p01\right\2182.jpg p01\grid\2182.jpg day07/0280.jpg right 1369.0,753.0 0.085203506,0.015025175 -3.522911,-17.84851,488.72305 0.19893805555555555,0.19893799999999998 475,222,761,508 516,293,583,333 655,297,730,342
p01\face\2183.jpg p01\left\2183.jpg p01\right\2183.jpg p01\grid\2183.jpg day42/0223.jpg right 869.0,162.0 -0.055553,0.4189031 -4.052051,11.008525,622.66754 0.19893805555555555,0.19893799999999998 505,296,733,524 535,352,593,386 649,360,706,394
p01\face\2184.jpg p01\left\2184.jpg p01\right\2184.jpg p01\grid\2184.jpg day23/0250.jpg right 558.0,630.0 0.0039532343,-0.24350455 -11.426704,7.143953,476.5429 0.19893805555555555,0.19893799999999998 455,272,744,561 494,345,566,388 640,354,710,396
p01\face\2185.jpg p01\left\2185.jpg p01\right\2185.jpg p01\grid\2185.jpg day58/0276.jpg right 92.0,95.0 -0.05967912,0.15776302 47.57849,-88.96408,449.9372 0.19893805555555555,0.19893799999999998 577,40,892,355 619,110,704,161 780,133,855,178
p01\face\2186.jpg p01\left\2186.jpg p01\right\2186.jpg p01\grid\2186.jpg day52/0088.jpg right 734.0,394.0 -0.00011049448,-0.22776034 -7.43769,-30.941015,492.62424 0.19893805555555555,0.19893799999999998 466,193,749,476 505,261,577,304 648,274,717,315
p01\face\2187.jpg p01\left\2187.jpg p01\right\2187.jpg p01\grid\2187.jpg day54/0073.jpg right 817.0,372.0 0.007599987,-0.064661734 -4.827724,26.59787,463.0059 0.19893805555555555,0.19893799999999998 462,315,763,616 505,388,578,431 655,398,730,443
p01\face\2188.jpg p01\left\2188.jpg p01\right\2188.jpg p01\grid\2188.jpg day43/0031.jpg right 484.0,29.0 -0.02184422,0.24343425 36.931465,-50.0497,449.6202 0.19893805555555555,0.19893799999999998 551,131,866,446 595,203,677,252 755,224,831,269
p01\face\2189.jpg p01\left\2189.jpg p01\right\2189.jpg p01\grid\2189.jpg day42/0444.jpg right 800.0,19.0 -0.03645491,-0.18083186 -10.329002,13.940678,490.83713 0.19893805555555555,0.19893799999999998 462,289,745,572 500,362,569,403 641,365,713,408
p01\face\2190.jpg p01\left\2190.jpg p01\right\2190.jpg p01\grid\2190.jpg day49/0511.jpg right 809.0,351.0 -0.05049573,-0.14221193 -30.501795,-1.668462,413.98618 0.19893805555555555,0.19893799999999998 375,236,715,576 423,319,507,369 593,331,678,382
p01\face\2191.jpg p01\left\2191.jpg p01\right\2191.jpg p01\grid\2191.jpg day42/0707.jpg right 1078.0,503.0 0.037887253,-0.28479126 1.119235,-41.626717,428.16315 0.19893805555555555,0.19893799999999998 464,142,789,467 510,223,589,270 671,233,753,282
p01\face\2192.jpg p01\left\2192.jpg p01\right\2192.jpg p01\grid\2192.jpg day17/0006.jpg right 1235.0,827.0 0.02443598,0.3330082 -5.410736,-52.050552,542.539 0.19893805555555555,0.19893799999999998 487,167,743,423 523,233,583,269 650,236,714,274
p01\face\2193.jpg p01\left\2193.jpg p01\right\2193.jpg p01\grid\2193.jpg day47/0020.jpg right 820.0,158.0 0.0006488701,-0.2417566 -1.68527,-53.83885,468.65884 0.19893805555555555,0.19893799999999998 470,132,770,432 511,206,587,251 661,216,736,261
p01\face\2194.jpg p01\left\2194.jpg p01\right\2194.jpg p01\grid\2194.jpg day33/0095.jpg right 1255.0,430.0 0.053251665,0.13756947 -24.785912,-59.92646,424.9814 0.19893805555555555,0.19893799999999998 397,94,731,428 444,182,522,228 607,181,694,233
p01\face\2195.jpg p01\left\2195.jpg p01\right\2195.jpg p01\grid\2195.jpg day17/0106.jpg right 244.0,112.0 -0.0575857,0.40558848 19.752314,-18.092781,519.62067 0.19893805555555555,0.19893799999999998 529,226,799,496 565,290,635,332 704,306,767,343
p01\face\2196.jpg p01\left\2196.jpg p01\right\2196.jpg p01\grid\2196.jpg day31/0411.jpg right 45.0,168.0 -0.10551397,0.49689037 -1.124941,45.79159,541.6469 0.19893805555555555,0.19893799999999998 492,355,754,617 525,418,595,460 659,430,722,467
p01\face\2197.jpg p01\left\2197.jpg p01\right\2197.jpg p01\grid\2197.jpg day41/0167.jpg right 1102.0,598.0 0.01997624,-0.1724904 4.952683,-12.918458,467.76016 0.19893805555555555,0.19893799999999998 487,226,784,523 529,299,601,342 676,308,751,353
p01\face\2198.jpg p01\left\2198.jpg p01\right\2198.jpg p01\grid\2198.jpg day58/0236.jpg right 737.0,363.0 -0.036664274,0.25378418 -19.850304,-67.08835,510.8556 0.19893805555555555,0.19893799999999998 444,122,723,401 482,191,551,232 622,200,691,241
p01\face\2199.jpg p01\left\2199.jpg p01\right\2199.jpg p01\grid\2199.jpg day12/0414.jpg right 846.0,727.0 -0.06803696,-0.24500443 -48.668465,-11.04119,453.90692 0.19893805555555555,0.19893799999999998 358,225,665,532 399,303,474,348 554,310,629,355
p01\face\2200.jpg p01\left\2200.jpg p01\right\2200.jpg p01\grid\2200.jpg day49/0307.jpg right 376.0,318.0 -0.04446458,0.3624608 29.908054,-27.204767,413.89417 0.19893805555555555,0.19893799999999998 526,169,869,512 574,247,664,301 748,272,832,322
p01\face\2201.jpg p01\left\2201.jpg p01\right\2201.jpg p01\grid\2201.jpg day22/0046.jpg right 1320.0,93.0 0.1278732,0.080865085 -18.835222,-18.271769,406.4761 0.19893805555555555,0.19893799999999998 408,195,751,538 453,284,537,334 622,278,710,330
p01\face\2202.jpg p01\left\2202.jpg p01\right\2202.jpg p01\grid\2202.jpg day12/0381.jpg right 245.0,635.0 -0.0021491183,0.31963247 32.585068,-24.791605,497.017 0.19893805555555555,0.19893799999999998 553,207,836,490 590,277,662,320 736,286,802,325
p01\face\2203.jpg p01\left\2203.jpg p01\right\2203.jpg p01\grid\2203.jpg day12/0387.jpg right 1096.0,37.0 0.04465093,0.33179775 9.903558,-29.99946,495.7144 0.19893805555555555,0.19893799999999998 506,195,791,480 543,270,612,311 685,270,757,313
p01\face\2204.jpg p01\left\2204.jpg p01\right\2204.jpg p01\grid\2204.jpg day12/0131.jpg right 913.0,705.0 -0.019124765,-0.16710545 -10.397019,1.699979,408.3669 0.19893805555555555,0.19893799999999998 425,245,765,585 475,329,556,377 643,339,730,391
p01\face\2205.jpg p01\left\2205.jpg p01\right\2205.jpg p01\grid\2205.jpg day31/0247.jpg right 179.0,57.0 -0.059026606,0.37768653 15.933216,0.910985,490.9558 0.19893805555555555,0.19893799999999998 514,259,805,550 551,329,629,375 699,340,769,382
p01\face\2206.jpg p01\left\2206.jpg p01\right\2206.jpg p01\grid\2206.jpg day42/0708.jpg right 36.0,402.0 0.013720327,-0.2274748 24.19233,-44.155914,434.2674 0.19893805555555555,0.19893799999999998 520,139,842,461 564,215,648,265 728,232,806,278
p01\face\2207.jpg p01\left\2207.jpg p01\right\2207.jpg p01\grid\2207.jpg day20/0203.jpg right 1281.0,746.0 0.027973913,-0.028077902 2.672932,-0.111109,470.5708 0.19893805555555555,0.19893799999999998 482,256,779,553 524,329,596,372 671,336,746,381
p01\face\2208.jpg p01\left\2208.jpg p01\right\2208.jpg p01\grid\2208.jpg day60/0137.jpg right 241.0,592.0 -0.2061281,-0.04894991 1.470359,14.536719,418.20676 0.19893805555555555,0.19893799999999998 459,280,795,616 501,361,589,413 675,371,753,417
p01\face\2209.jpg p01\left\2209.jpg p01\right\2209.jpg p01\grid\2209.jpg day48/0054.jpg right 348.0,328.0 0.0025019194,0.16300526 33.05165,-22.288248,414.23062 0.19893805555555555,0.19893799999999998 534,182,880,528 581,263,672,317 756,281,841,332
p01\face\2210.jpg p01\left\2210.jpg p01\right\2210.jpg p01\grid\2210.jpg day66/0019.jpg right 1264.0,45.0 0.10519314,0.47088632 85.925674,17.660769,536.72284 0.19893805555555555,0.19893799999999998 659,298,926,565 698,362,764,401 832,377,898,416
p01\face\2211.jpg p01\left\2211.jpg p01\right\2211.jpg p01\grid\2211.jpg day07/0210.jpg right 906.0,516.0 -0.06413983,-0.32308155 -25.27931,-59.088745,441.84064 0.19893805555555555,0.19893799999999998 408,107,723,422 450,188,526,233 607,193,686,240
p01\face\2212.jpg p01\left\2212.jpg p01\right\2212.jpg p01\grid\2212.jpg day04/0027.jpg right 120.0,270.0 -0.07125664,0.4029668 0.128419,-15.787589,525.85254 0.19893805555555555,0.19893799999999998 494,233,761,500 526,299,596,341 663,307,726,344
p01\face\2213.jpg p01\left\2213.jpg p01\right\2213.jpg p01\grid\2213.jpg day63/0068.jpg right 537.0,38.0 0.075893335,0.24079973 49.43838,-10.997226,507.95578 0.19893805555555555,0.19893799999999998 585,237,867,519 625,304,698,347 766,317,836,359
p01\face\2214.jpg p01\left\2214.jpg p01\right\2214.jpg p01\grid\2214.jpg day41/0005.jpg right 1135.0,182.0 0.029170357,0.34879094 -1.407476,-25.59815,529.39417 0.19893805555555555,0.19893799999999998 490,214,757,481 526,283,592,322 657,284,726,325
p01\face\2215.jpg p01\left\2215.jpg p01\right\2215.jpg p01\grid\2215.jpg day43/0548.jpg right 1223.0,678.0 0.056856725,0.38693747 25.432362,19.99171,536.92163 0.19893805555555555,0.19893799999999998 543,306,807,570 580,370,644,408 711,378,778,418
p01\face\2216.jpg p01\left\2216.jpg p01\right\2216.jpg p01\grid\2216.jpg day21/0118.jpg right 1044.0,566.0 -0.064211726,0.47736534 -29.615244,-10.097905,491.3222 0.19893805555555555,0.19893799999999998 417,234,705,522 457,308,527,350 598,314,673,359
p01\face\2217.jpg p01\left\2217.jpg p01\right\2217.jpg p01\grid\2217.jpg day53/0689.jpg right 1059.0,571.0 -0.0037437037,-0.036697544 -18.081652,17.257086,409.56042 0.19893805555555555,0.19893799999999998 406,286,748,628 455,370,536,418 624,378,711,430
p01\face\2218.jpg p01\left\2218.jpg p01\right\2218.jpg p01\grid\2218.jpg day54/0070.jpg right 511.0,312.0 -0.031428885,0.37225607 7.997351,23.157658,473.51364 0.19893805555555555,0.19893799999999998 491,306,792,607 532,378,608,423 685,391,758,434
p01\face\2219.jpg p01\left\2219.jpg p01\right\2219.jpg p01\grid\2219.jpg day62/0239.jpg right 794.0,368.0 -0.008087924,-0.17384458 -3.016216,-15.328854,358.50922 0.19893805555555555,0.19893799999999998 419,179,807,567 474,274,570,331 668,288,765,346
p01\face\2220.jpg p01\left\2220.jpg p01\right\2220.jpg p01\grid\2220.jpg day12/0016.jpg right 143.0,311.0 -0.09559261,0.48660418 -17.204885,5.821583,631.9773 0.19893805555555555,0.19893799999999998 487,288,710,511 514,345,572,379 628,350,682,382
p01\face\2221.jpg p01\left\2221.jpg p01\right\2221.jpg p01\grid\2221.jpg day04/0361.jpg right 914.0,636.0 0.0007380274,0.41450724 -8.379295,-1.729092,505.13992 0.19893805555555555,0.19893799999999998 467,256,749,538 505,328,574,369 646,332,716,374
p01\face\2222.jpg p01\left\2222.jpg p01\right\2222.jpg p01\grid\2222.jpg day52/0150.jpg right 359.0,155.0 -0.032185122,0.41315788 25.095083,-11.700098,478.83676 0.19893805555555555,0.19893799999999998 533,229,828,524 571,301,649,347 721,312,793,355
p01\face\2223.jpg p01\left\2223.jpg p01\right\2223.jpg p01\grid\2223.jpg day67/0281.jpg right 1170.0,225.0 -0.009075017,-0.10076906 -4.866971,45.323643,457.93347 0.19893805555555555,0.19893799999999998 461,357,765,661 503,433,578,478 654,440,732,486
p01\face\2224.jpg p01\left\2224.jpg p01\right\2224.jpg p01\grid\2224.jpg day49/0423.jpg right 644.0,165.0 -0.1910638,-0.17045191 -11.158493,-47.975845,487.15414 0.19893805555555555,0.19893799999999998 455,155,741,441 494,223,566,266 642,236,708,275
p01\face\2225.jpg p01\left\2225.jpg p01\right\2225.jpg p01\grid\2225.jpg day55/0141.jpg right 370.0,508.0 0.024431013,0.26538014 42.82362,-42.556393,456.35587 0.19893805555555555,0.19893799999999998 566,150,881,465 609,227,688,274 768,240,844,285
p01\face\2226.jpg p01\left\2226.jpg p01\right\2226.jpg p01\grid\2226.jpg day02/0129.jpg right 820.0,793.0 -0.027288808,0.35314694 -14.236855,-0.46586,534.2716 0.19893805555555555,0.19893799999999998 463,262,733,532 499,331,566,371 634,336,701,376
p01\face\2227.jpg p01\left\2227.jpg p01\right\2227.jpg p01\grid\2227.jpg day57/0042.jpg right 1333.0,369.0 0.035569433,-0.04624683 29.481,17.523384,408.33664 0.19893805555555555,0.19893799999999998 530,287,870,627 580,371,659,418 747,379,834,431
p01\face\2228.jpg p01\left\2228.jpg p01\right\2228.jpg p01\grid\2228.jpg day41/0002.jpg right 1158.0,885.0 0.022614235,-0.28152403 6.984897,-14.186683,517.9844 0.19893805555555555,0.19893799999999998 506,235,773,502 543,303,607,341 676,309,743,349
p01\face\2229.jpg p01\left\2229.jpg p01\right\2229.jpg p01\grid\2229.jpg day55/0326.jpg right 298.0,160.0 -0.044134043,0.44694236 16.901499,45.521397,552.62537 0.19893805555555555,0.19893799999999998 529,356,785,612 563,416,630,456 694,429,755,465
p01\face\2230.jpg p01\left\2230.jpg p01\right\2230.jpg p01\grid\2230.jpg day17/0525.jpg right 1248.0,277.0 0.022029813,-0.17418125 6.014925,-26.139746,431.03436 0.19893805555555555,0.19893799999999998 478,182,802,506 523,264,601,310 683,270,765,319
p01\face\2231.jpg p01\left\2231.jpg p01\right\2231.jpg p01\grid\2231.jpg day06/0201.jpg right 128.0,20.0 -0.15278324,0.44593894 -54.68121,-21.447239,557.789 0.19893805555555555,0.19893799999999998 394,227,647,480 428,289,494,328 557,301,618,337
p01\face\2232.jpg p01\left\2232.jpg p01\right\2232.jpg p01\grid\2232.jpg day57/0218.jpg right 97.0,833.0 0.025743578,0.19702591 52.434387,-35.15664,473.29065 0.19893805555555555,0.19893799999999998 589,175,890,476 631,246,709,292 785,263,857,306
p01\face\2233.jpg p01\left\2233.jpg p01\right\2233.jpg p01\grid\2233.jpg day12/0444.jpg right 122.0,847.0 -0.077549785,-0.071102336 0.541027,-17.300133,422.76096 0.19893805555555555,0.19893799999999998 457,203,785,531 502,274,589,326 672,300,748,345
p01\face\2234.jpg p01\left\2234.jpg p01\right\2234.jpg p01\grid\2234.jpg day41/0372.jpg right 395.0,66.0 -0.08667887,0.20566987 -1.926646,-49.001503,450.2921 0.19893805555555555,0.19893799999999998 462,133,780,451 502,211,584,260 664,222,740,267
p01\face\2235.jpg p01\left\2235.jpg p01\right\2235.jpg p01\grid\2235.jpg day08/0139.jpg right 152.0,822.0 -0.06350279,0.2731843 26.943508,-14.98891,554.5458 0.19893805555555555,0.19893799999999998 549,241,804,496 581,301,650,342 712,313,773,349
p01\face\2236.jpg p01\left\2236.jpg p01\right\2236.jpg p01\grid\2236.jpg day23/0159.jpg right 937.0,857.0 -0.00026339042,-0.16371094 -29.0214,16.907675,540.25507 0.19893805555555555,0.19893799999999998 439,301,697,559 475,365,538,402 603,372,669,411
p01\face\2237.jpg p01\left\2237.jpg p01\right\2237.jpg p01\grid\2237.jpg day42/0130.jpg right 372.0,501.0 -0.053021096,0.42943496 12.083623,0.725493,460.46796 0.19893805555555555,0.19893799999999998 498,251,808,561 537,327,619,376 695,339,770,384
p01\face\2238.jpg p01\left\2238.jpg p01\right\2238.jpg p01\grid\2238.jpg day43/0537.jpg right 471.0,434.0 0.0034437515,0.37942824 37.05666,1.20039,500.49158 0.19893805555555555,0.19893799999999998 561,263,843,545 600,329,672,372 742,343,811,384
p01\face\2239.jpg p01\left\2239.jpg p01\right\2239.jpg p01\grid\2239.jpg day15/0522.jpg right 952.0,511.0 -0.031387735,-0.12809399 -30.67996,45.610313,530.8824 0.19893805555555555,0.19893799999999998 431,357,695,621 468,421,534,460 600,430,666,469
p01\face\2240.jpg p01\left\2240.jpg p01\right\2240.jpg p01\grid\2240.jpg day20/0097.jpg right 1329.0,423.0 -0.012171458,-0.22937751 -19.829517,16.3556,440.74078 0.19893805555555555,0.19893799999999998 422,288,734,600 466,370,539,413 618,373,699,421
p01\face\2241.jpg p01\left\2241.jpg p01\right\2241.jpg p01\grid\2241.jpg day06/0287.jpg right 928.0,366.0 0.006382559,-0.18965113 3.638742,-17.207785,589.65735 0.19893805555555555,0.19893799999999998 514,244,751,481 546,304,604,338 664,309,724,345
p01\face\2242.jpg p01\left\2242.jpg p01\right\2242.jpg p01\grid\2242.jpg day58/0410.jpg right 1006.0,170.0 -0.13706641,-0.24743299 16.915197,-37.031467,516.07025 0.19893805555555555,0.19893799999999998 523,187,794,458 561,257,628,297 695,259,764,300
p01\face\2243.jpg p01\left\2243.jpg p01\right\2243.jpg p01\grid\2243.jpg day31/0143.jpg right 104.0,83.0 -0.007673048,-0.09616071 42.97461,-3.779685,486.1836 0.19893805555555555,0.19893799999999998 570,247,865,542 606,317,687,365 758,330,828,372
p01\face\2244.jpg p01\left\2244.jpg p01\right\2244.jpg p01\grid\2244.jpg day49/0040.jpg right 575.0,546.0 0.026808938,-0.24882215 -1.425679,-28.132364,569.76245 0.19893805555555555,0.19893799999999998 500,220,744,464 534,280,595,316 656,289,717,325
p01\face\2245.jpg p01\left\2245.jpg p01\right\2245.jpg p01\grid\2245.jpg day65/0029.jpg right 1373.0,92.0 -0.05015509,0.39027786 -18.19623,-4.336617,555.7233 0.19893805555555555,0.19893799999999998 463,259,719,515 497,324,561,362 625,330,689,368
p01\face\2246.jpg p01\left\2246.jpg p01\right\2246.jpg p01\grid\2246.jpg day53/0411.jpg right 1333.0,705.0 0.013413065,0.3996634 -6.970236,13.968068,504.72955 0.19893805555555555,0.19893799999999998 470,289,752,571 508,361,577,402 649,365,719,407
p01\face\2247.jpg p01\left\2247.jpg p01\right\2247.jpg p01\grid\2247.jpg day52/0769.jpg right 215.0,689.0 -0.13836265,0.20669805 3.044901,-48.29705,571.03314 0.19893805555555555,0.19893799999999998 508,183,754,429 539,241,605,280 665,253,723,287
p01\face\2248.jpg p01\left\2248.jpg p01\right\2248.jpg p01\grid\2248.jpg day03/0516.jpg right 655.0,332.0 -0.03133932,0.41341767 -31.071054,0.763887,733.6606 0.19893805555555555,0.19893799999999998 485,290,678,483 511,341,559,369 608,342,656,370
p01\face\2249.jpg p01\left\2249.jpg p01\right\2249.jpg p01\grid\2249.jpg day66/0016.jpg right 385.0,395.0 0.16285998,-0.18586756 94.76187,22.619238,526.9212 0.19893805555555555,0.19893799999999998 678,309,945,576 718,370,785,410 853,391,917,429
p01\face\2250.jpg p01\left\2250.jpg p01\right\2250.jpg p01\grid\2250.jpg day65/0079.jpg right 1404.0,380.0 -0.007887744,-0.13542287 0.823482,3.448649,457.27902 0.19893805555555555,0.19893799999999998 474,261,778,565 518,337,590,380 668,344,746,390
p01\face\2251.jpg p01\left\2251.jpg p01\right\2251.jpg p01\grid\2251.jpg day27/0010.jpg right 361.0,694.0 -0.06276841,0.3808472 6.949313,9.47171,507.264 0.19893805555555555,0.19893799999999998 499,280,779,560 536,347,609,390 679,360,746,400
p01\face\2252.jpg p01\left\2252.jpg p01\right\2252.jpg p01\grid\2252.jpg day03/0479.jpg right 1201.0,320.0 -0.028718,-0.19935048 -29.949492,-12.19983,492.91397 0.19893805555555555,0.19893799999999998 418,233,701,516 458,303,527,344 599,312,671,355
p01\face\2253.jpg p01\left\2253.jpg p01\right\2253.jpg p01\grid\2253.jpg day50/0027.jpg right 324.0,230.0 -0.050104935,0.3786519 18.812326,-4.284027,553.17725 0.19893805555555555,0.19893799999999998 534,261,789,516 567,322,634,362 697,333,758,369
p01\face\2254.jpg p01\left\2254.jpg p01\right\2254.jpg p01\grid\2254.jpg day12/0085.jpg right 995.0,754.0 -0.017623043,0.45269525 -14.232363,12.474134,470.43167 0.19893805555555555,0.19893799999999998 442,281,743,582 484,358,557,401 634,363,709,408
p01\face\2255.jpg p01\left\2255.jpg p01\right\2255.jpg p01\grid\2255.jpg day03/0016.jpg right 675.0,818.0 -0.019113116,0.47135028 -15.879174,27.734613,594.8201 0.19893805555555555,0.19893799999999998 480,324,717,561 511,386,569,420 630,387,688,421
p01\face\2256.jpg p01\left\2256.jpg p01\right\2256.jpg p01\grid\2256.jpg day53/0317.jpg right 259.0,642.0 -0.039010655,0.32358268 21.270596,-23.321388,441.3362 0.19893805555555555,0.19893799999999998 512,190,836,514 556,265,641,316 720,284,799,331
p01\face\2257.jpg p01\left\2257.jpg p01\right\2257.jpg p01\grid\2257.jpg day65/0364.jpg right 163.0,645.0 -0.021902107,0.38801494 33.29891,43.204823,668.6626 0.19893805555555555,0.19893799999999998 572,351,785,564 599,402,656,436 707,411,759,442
p01\face\2258.jpg p01\left\2258.jpg p01\right\2258.jpg p01\grid\2258.jpg day51/0017.jpg right 51.0,279.0 -0.1097983,0.41921893 4.855713,-3.107421,494.67328 0.19893805555555555,0.19893799999999998 492,254,771,533 531,314,606,359 675,340,741,379
p01\face\2259.jpg p01\left\2259.jpg p01\right\2259.jpg p01\grid\2259.jpg day12/0068.jpg right 748.0,301.0 -0.033746667,0.39445853 -8.946939,-3.224127,542.7055 0.19893805555555555,0.19893799999999998 477,259,739,521 512,326,578,365 644,332,708,370
p01\face\2260.jpg p01\left\2260.jpg p01\right\2260.jpg p01\grid\2260.jpg day66/0095.jpg right 857.0,694.0 -0.0146522615,-0.2619273 -3.633935,-33.89541,436.40442 0.19893805555555555,0.19893799999999998 455,166,771,482 501,243,577,288 660,257,738,303
p01\face\2261.jpg p01\left\2261.jpg p01\right\2261.jpg p01\grid\2261.jpg day63/0337.jpg right 960.0,899.0 0.20199269,-0.20743436 90.27238,-4.63984,477.6877 0.19893805555555555,0.19893799999999998 673,244,967,538 719,310,791,353 864,335,939,380
p01\face\2262.jpg p01\left\2262.jpg p01\right\2262.jpg p01\grid\2262.jpg day50/0237.jpg right 715.0,322.0 -0.004877913,-0.32565838 -8.992546,-62.27135,459.99335 0.19893805555555555,0.19893799999999998 451,109,754,412 493,182,569,227 645,196,720,241
p01\face\2263.jpg p01\left\2263.jpg p01\right\2263.jpg p01\grid\2263.jpg day15/0071.jpg right 840.0,488.0 0.024040535,0.33627245 18.340515,-37.256367,485.65762 0.19893805555555555,0.19893799999999998 518,175,810,467 559,248,631,291 705,257,778,300
p01\face\2264.jpg p01\left\2264.jpg p01\right\2264.jpg p01\grid\2264.jpg day48/0063.jpg right 974.0,226.0 0.009221525,-0.14353012 -11.933353,-24.2814,334.73578 0.19893805555555555,0.19893799999999998 377,139,794,556 436,243,535,302 643,253,748,316
p01\face\2265.jpg p01\left\2265.jpg p01\right\2265.jpg p01\grid\2265.jpg day34/0083.jpg right 512.0,479.0 -0.096213914,0.27669445 -22.611046,-74.00361,470.9763 0.19893805555555555,0.19893799999999998 422,87,722,387 463,158,541,204 616,175,688,218
p01\face\2266.jpg p01\left\2266.jpg p01\right\2266.jpg p01\grid\2266.jpg day23/0247.jpg right 356.0,113.0 -0.14002538,0.32024127 -30.141392,-5.972347,513.2846 0.19893805555555555,0.19893799999999998 424,249,703,528 460,316,532,359 600,326,669,367
p01\face\2267.jpg p01\left\2267.jpg p01\right\2267.jpg p01\grid\2267.jpg day04/0453.jpg right 1275.0,505.0 0.03033189,0.036624655 -34.729126,-5.403159,411.45224 0.19893805555555555,0.19893799999999998 364,229,704,569 415,314,491,359 582,320,669,372
p01\face\2268.jpg p01\left\2268.jpg p01\right\2268.jpg p01\grid\2268.jpg day27/0246.jpg right 901.0,386.0 -0.047833078,-0.3312199 -18.08444,-40.09057,533.2384 0.19893805555555555,0.19893799999999998 457,185,719,447 494,251,560,290 624,260,691,300
p01\face\2269.jpg p01\left\2269.jpg p01\right\2269.jpg p01\grid\2269.jpg day38/0487.jpg right 644.0,322.0 -0.045824017,0.5724294 8.129428,0.542098,467.7894 0.19893805555555555,0.19893799999999998 495,254,792,551 534,328,609,373 685,339,757,382
p01\face\2270.jpg p01\left\2270.jpg p01\right\2270.jpg p01\grid\2270.jpg day15/0096.jpg right 289.0,29.0 0.0920234,-0.26001438 36.188843,-48.544743,506.5271 0.19893805555555555,0.19893799999999998 561,160,837,436 599,226,669,268 739,240,806,280
p01\face\2271.jpg p01\left\2271.jpg p01\right\2271.jpg p01\grid\2271.jpg day52/0477.jpg right 667.0,449.0 -0.025979673,0.39587554 14.55807,16.241577,589.3014 0.19893805555555555,0.19893799999999998 531,303,771,543 564,360,624,396 685,372,743,406
p01\face\2272.jpg p01\left\2272.jpg p01\right\2272.jpg p01\grid\2272.jpg day58/0141.jpg right 629.0,800.0 -0.028998956,0.4537542 -2.32248,16.611044,529.95667 0.19893805555555555,0.19893799999999998 487,297,755,565 523,365,589,404 658,371,724,410
p01\face\2273.jpg p01\left\2273.jpg p01\right\2273.jpg p01\grid\2273.jpg day48/0219.jpg right 357.0,293.0 -0.06598648,0.38828328 -4.446344,-38.99337,500.06033 0.19893805555555555,0.19893799999999998 478,177,758,457 512,250,584,293 656,254,722,293
p01\face\2274.jpg p01\left\2274.jpg p01\right\2274.jpg p01\grid\2274.jpg day52/0074.jpg right 101.0,413.0 -0.07223679,0.2711187 18.51637,-26.20938,586.9424 0.19893805555555555,0.19893799999999998 536,226,777,467 569,282,632,319 692,297,750,331
p01\face\2275.jpg p01\left\2275.jpg p01\right\2275.jpg p01\grid\2275.jpg day23/0061.jpg right 1071.0,637.0 0.01101439,0.3515676 -13.414689,-5.966217,544.9361 0.19893805555555555,0.19893799999999998 469,255,730,516 505,323,568,360 634,325,701,365
p01\face\2276.jpg p01\left\2276.jpg p01\right\2276.jpg p01\grid\2276.jpg day41/0425.jpg right 105.0,541.0 -0.07584415,0.36876366 2.162358,-26.551744,578.0658 0.19893805555555555,0.19893799999999998 508,224,751,467 539,282,603,320 663,294,721,328
p01\face\2277.jpg p01\left\2277.jpg p01\right\2277.jpg p01\grid\2277.jpg day59/0037.jpg right 47.0,896.0 0.029448062,-0.15114558 40.814457,7.650386,476.5689 0.19893805555555555,0.19893799999999998 565,273,859,567 606,340,684,386 756,359,826,401
p01\face\2278.jpg p01\left\2278.jpg p01\right\2278.jpg p01\grid\2278.jpg day36/0020.jpg right 521.0,280.0 -0.014808069,-0.28799134 -6.812184,-59.410526,459.3099 0.19893805555555555,0.19893799999999998 456,116,759,419 498,190,574,235 650,202,725,247
p01\face\2279.jpg p01\left\2279.jpg p01\right\2279.jpg p01\grid\2279.jpg day48/0047.jpg right 848.0,705.0 -0.08205323,-0.21442927 -44.869316,-12.202716,422.20148 0.19893805555555555,0.19893799999999998 348,211,682,545 391,301,472,349 557,298,642,349
p01\face\2280.jpg p01\left\2280.jpg p01\right\2280.jpg p01\grid\2280.jpg day15/0267.jpg right 1038.0,772.0 0.025106532,-0.20174995 1.641313,-2.03019,449.58292 0.19893805555555555,0.19893799999999998 474,246,783,555 518,324,591,367 671,331,749,377
p01\face\2281.jpg p01\left\2281.jpg p01\right\2281.jpg p01\grid\2281.jpg day20/0349.jpg right 668.0,455.0 -0.072689615,0.31359386 -6.885735,-67.24424,571.01636 0.19893805555555555,0.19893799999999998 489,146,736,393 521,207,585,245 647,216,707,252
p01\face\2282.jpg p01\left\2282.jpg p01\right\2282.jpg p01\grid\2282.jpg day41/0239.jpg right 670.0,545.0 -0.06597085,0.46281266 -14.069089,21.593948,472.43576 0.19893805555555555,0.19893799999999998 442,301,745,604 482,377,558,422 636,385,709,428
p01\face\2283.jpg p01\left\2283.jpg p01\right\2283.jpg p01\grid\2283.jpg day07/0198.jpg right 840.0,733.0 0.0072506443,0.19874786 5.567929,-56.141846,555.7151 0.19893805555555555,0.19893799999999998 510,163,765,418 543,228,606,265 670,231,734,269
p01\face\2284.jpg p01\left\2284.jpg p01\right\2284.jpg p01\grid\2284.jpg day15/0252.jpg right 679.0,725.0 -0.09343414,-0.23724024 36.442932,-16.183619,575.81433 0.19893805555555555,0.19893799999999998 575,243,818,486 601,312,664,349 729,302,783,334
p01\face\2285.jpg p01\left\2285.jpg p01\right\2285.jpg p01\grid\2285.jpg day12/0500.jpg right 56.0,72.0 -0.18500009,0.056636214 46.792618,-43.86651,590.67 0.19893805555555555,0.19893799999999998 590,199,825,434 620,251,681,287 746,269,795,298
p01\face\2286.jpg p01\left\2286.jpg p01\right\2286.jpg p01\grid\2286.jpg day65/0363.jpg right 959.0,646.0 -0.012472301,0.47456557 18.217096,42.64982,649.8303 0.19893805555555555,0.19893799999999998 546,349,766,569 574,404,631,438 685,409,740,442
p01\face\2287.jpg p01\left\2287.jpg p01\right\2287.jpg p01\grid\2287.jpg day26/0020.jpg right 1103.0,450.0 0.051304717,-0.2622975 7.800603,-51.286213,371.9598 0.19893805555555555,0.19893799999999998 458,83,831,456 513,176,600,228 697,188,793,245
p01\face\2288.jpg p01\left\2288.jpg p01\right\2288.jpg p01\grid\2288.jpg day12/0544.jpg right 222.0,229.0 -0.1178774,0.03242456 20.47096,-23.68251,510.70013 0.19893805555555555,0.19893799999999998 530,216,803,489 566,280,635,321 705,291,771,330
p01\face\2289.jpg p01\left\2289.jpg p01\right\2289.jpg p01\grid\2289.jpg day48/0039.jpg right 39.0,279.0 -0.085813515,0.0978526 18.489103,-25.80874,432.59058 0.19893805555555555,0.19893799999999998 508,186,830,508 550,261,634,311 714,274,792,320
p01\face\2290.jpg p01\left\2290.jpg p01\right\2290.jpg p01\grid\2290.jpg day08/0001.jpg right 26.0,728.0 -0.085565165,0.18852225 7.896306,-14.29956,524.10785 0.19893805555555555,0.19893799999999998 506,237,774,505 541,299,613,342 678,312,742,350
p01\face\2291.jpg p01\left\2291.jpg p01\right\2291.jpg p01\grid\2291.jpg day01/0277.jpg right 1237.0,528.0 0.012508584,0.031867247 -33.420357,14.809298,397.39584 0.19893805555555555,0.19893799999999998 355,277,710,632 407,360,494,412 583,374,674,428
p01\face\2292.jpg p01\left\2292.jpg p01\right\2292.jpg p01\grid\2292.jpg day06/0032.jpg right 582.0,289.0 0.06369425,-0.17989318 24.991732,-2.876834,484.6656 0.19893805555555555,0.19893799999999998 534,251,822,539 574,320,647,363 719,334,789,376
p01\face\2293.jpg p01\left\2293.jpg p01\right\2293.jpg p01\grid\2293.jpg day53/0136.jpg right 32.0,640.0 -0.058712162,0.40032345 6.546958,18.838465,609.45776 0.19893805555555555,0.19893799999999998 520,309,752,541 551,364,612,400 670,375,725,408
p01\face\2294.jpg p01\left\2294.jpg p01\right\2294.jpg p01\grid\2294.jpg day42/0367.jpg right 485.0,408.0 -0.043711346,0.19122167 12.957297,-35.494576,482.6328 0.19893805555555555,0.19893799999999998 505,178,800,473 544,249,620,294 694,261,766,304
p01\face\2295.jpg p01\left\2295.jpg p01\right\2295.jpg p01\grid\2295.jpg day01/0358.jpg right 1185.0,96.0 -0.012053441,-0.2553539 5.624001,-25.400251,494.60736 0.19893805555555555,0.19893799999999998 498,206,778,486 537,280,603,319 675,280,747,323
p01\face\2296.jpg p01\left\2296.jpg p01\right\2296.jpg p01\grid\2296.jpg day61/0174.jpg right 1128.0,511.0 -0.04377749,-0.27715698 -2.940252,-25.233791,477.84024 0.19893805555555555,0.19893799999999998 474,201,763,490 514,276,583,317 658,280,731,323
p01\face\2297.jpg p01\left\2297.jpg p01\right\2297.jpg p01\grid\2297.jpg day38/0085.jpg right 684.0,782.0 0.027073538,0.39336857 4.87536,-11.049637,504.89807 0.19893805555555555,0.19893799999999998 496,236,778,518 533,308,606,351 669,310,745,355
p01\face\2298.jpg p01\left\2298.jpg p01\right\2298.jpg p01\grid\2298.jpg day61/0389.jpg right 82.0,239.0 -0.044182252,0.27425086 47.216747,-67.05919,542.6172 0.19893805555555555,0.19893799999999998 586,137,844,395 622,196,689,236 754,214,815,250
p01\face\2299.jpg p01\left\2299.jpg p01\right\2299.jpg p01\grid\2299.jpg day58/0561.jpg right 888.0,645.0 0.026051788,-0.21512905 15.415574,-3.200928,431.09595 0.19893805555555555,0.19893799999999998 500,237,824,561 544,318,625,366 706,328,787,376
p01\face\2300.jpg p01\left\2300.jpg p01\right\2300.jpg p01\grid\2300.jpg day28/0285.jpg right 738.0,407.0 0.05029575,-0.20775503 6.98531,-1.402651,444.92615 0.19893805555555555,0.19893799999999998 485,245,798,558 527,323,606,370 684,333,762,379
p01\face\2301.jpg p01\left\2301.jpg p01\right\2301.jpg p01\grid\2301.jpg day42/0243.jpg right 234.0,356.0 -0.022103036,0.44738755 31.72642,10.930613,521.4327 0.19893805555555555,0.19893799999999998 556,286,826,556 589,351,661,394 728,362,791,399
p01\face\2302.jpg p01\left\2302.jpg p01\right\2302.jpg p01\grid\2302.jpg day53/0202.jpg right 1387.0,438.0 0.039276194,0.29796463 23.489351,-35.44224,532.6921 0.19893805555555555,0.19893799999999998 537,195,802,460 576,259,640,297 708,271,775,311
p01\face\2303.jpg p01\left\2303.jpg p01\right\2303.jpg p01\grid\2303.jpg day41/0047.jpg right 793.0,207.0 -0.033068854,0.4052067 -8.568599,-17.124517,565.1464 0.19893805555555555,0.19893799999999998 483,238,732,487 518,299,581,336 644,310,705,346
p01\face\2304.jpg p01\left\2304.jpg p01\right\2304.jpg p01\grid\2304.jpg day66/0235.jpg right 1373.0,217.0 0.086182535,-0.20570958 28.331453,-31.724339,429.36075 0.19893805555555555,0.19893799999999998 529,168,851,490 578,243,656,289 738,263,819,311
p01\face\2305.jpg p01\left\2305.jpg p01\right\2305.jpg p01\grid\2305.jpg day32/0185.jpg right 148.0,745.0 0.030956145,-0.16073978 20.819553,40.354214,556.02277 0.19893805555555555,0.19893799999999998 540,347,790,597 572,408,638,447 700,417,760,453
p01\face\2306.jpg p01\left\2306.jpg p01\right\2306.jpg p01\grid\2306.jpg day63/0253.jpg right 643.0,70.0 0.042358886,0.33324173 43.343197,-27.345356,477.03546 0.19893805555555555,0.19893799999999998 570,193,870,493 611,266,687,311 763,278,836,321
p01\face\2307.jpg p01\left\2307.jpg p01\right\2307.jpg p01\grid\2307.jpg day52/0239.jpg right 1429.0,551.0 -0.019380622,-0.13697393 -39.57569,-18.31712,460.23947 0.19893805555555555,0.19893799999999998 383,210,689,516 425,291,497,334 575,290,654,337
p01\face\2308.jpg p01\left\2308.jpg p01\right\2308.jpg p01\grid\2308.jpg day62/0152.jpg right 768.0,480.0 0.022380587,0.18123342 -4.563491,-22.564844,436.7589 0.19893805555555555,0.19893799999999998 450,193,772,515 497,270,576,317 659,283,738,330
p01\face\2309.jpg p01\left\2309.jpg p01\right\2309.jpg p01\grid\2309.jpg day64/0037.jpg right 204.0,605.0 -0.074781105,0.35210234 -4.81469,-5.090776,495.1673 0.19893805555555555,0.19893799999999998 471,248,757,534 508,316,583,361 656,329,723,369
p01\face\2310.jpg p01\left\2310.jpg p01\right\2310.jpg p01\grid\2310.jpg day36/0069.jpg right 1112.0,755.0 0.1737138,0.034739077 -32.500095,3.381621,562.8131 0.19893805555555555,0.19893799999999998 444,281,688,525 477,341,537,377 597,343,660,380
p01\face\2311.jpg p01\left\2311.jpg p01\right\2311.jpg p01\grid\2311.jpg day32/0117.jpg right 234.0,662.0 -0.07018409,-0.1439433 27.296305,-24.678835,478.42676 0.19893805555555555,0.19893799999999998 536,202,828,494 576,270,649,313 729,288,793,326
p01\face\2312.jpg p01\left\2312.jpg p01\right\2312.jpg p01\grid\2312.jpg day01/0410.jpg right 1067.0,191.0 0.07507388,0.4196403 7.80252,17.904795,597.8199 0.19893805555555555,0.19893799999999998 521,306,758,543 554,367,611,401 671,370,732,406
p01\face\2313.jpg p01\left\2313.jpg p01\right\2313.jpg p01\grid\2313.jpg day37/0460.jpg right 1386.0,501.0 -0.45199418,-0.026643973 -19.137625,13.597784,447.56192 0.19893805555555555,0.19893799999999998 426,292,721,587 471,357,541,399 615,369,693,415
p01\face\2314.jpg p01\left\2314.jpg p01\right\2314.jpg p01\grid\2314.jpg day26/0005.jpg right 1410.0,295.0 0.0861188,0.2400328 -19.00738,-6.471941,457.5452 0.19893805555555555,0.19893799999999998 429,238,736,545 472,319,542,361 623,316,702,363
p01\face\2315.jpg p01\left\2315.jpg p01\right\2315.jpg p01\grid\2315.jpg day03/0507.jpg right 266.0,670.0 -0.036649242,0.40399876 -8.829268,7.834783,723.49005 0.19893805555555555,0.19893799999999998 517,300,712,495 542,351,591,380 640,352,688,380
p01\face\2316.jpg p01\left\2316.jpg p01\right\2316.jpg p01\grid\2316.jpg day41/0190.jpg right 710.0,649.0 0.042654615,-0.23181319 15.191819,-11.80603,502.46622 0.19893805555555555,0.19893799999999998 518,236,795,513 555,305,625,347 696,314,763,354
p01\face\2317.jpg p01\left\2317.jpg p01\right\2317.jpg p01\grid\2317.jpg day31/0096.jpg right 1050.0,59.0 -0.0029801072,0.45093113 1.508853,-24.896126,538.7465 0.19893805555555555,0.19893799999999998 496,216,758,478 533,282,597,320 664,291,730,330
p01\face\2318.jpg p01\left\2318.jpg p01\right\2318.jpg p01\grid\2318.jpg day52/0408.jpg right 132.0,477.0 0.009949951,0.322434 44.604454,-13.138145,588.77155 0.19893805555555555,0.19893799999999998 584,250,825,491 616,308,679,345 739,319,797,353
p01\face\2319.jpg p01\left\2319.jpg p01\right\2319.jpg p01\grid\2319.jpg day32/0158.jpg right 1049.0,341.0 0.1211053,0.42740178 39.93767,-0.980955,513.0209 0.19893805555555555,0.19893799999999998 569,258,846,535 608,330,675,370 745,334,815,376
p01\face\2320.jpg p01\left\2320.jpg p01\right\2320.jpg p01\grid\2320.jpg day20/0110.jpg right 1144.0,557.0 -0.010463045,0.26390138 -8.419372,-3.603685,463.442 0.19893805555555555,0.19893799999999998 454,247,755,548 497,320,569,363 647,329,722,374
p01\face\2321.jpg p01\left\2321.jpg p01\right\2321.jpg p01\grid\2321.jpg day04/0038.jpg right 1433.0,85.0 0.027043015,0.323308 -30.067469,-16.477535,525.78015 0.19893805555555555,0.19893799999999998 431,231,701,501 468,302,532,340 600,301,670,343
p01\face\2322.jpg p01\left\2322.jpg p01\right\2322.jpg p01\grid\2322.jpg day58/0263.jpg right 1154.0,440.0 0.029897617,-0.40758437 13.870017,-109.02523,516.33777 0.19893805555555555,0.19893799999999998 518,40,789,311 556,109,622,148 689,113,759,155
p01\face\2323.jpg p01\left\2323.jpg p01\right\2323.jpg p01\grid\2323.jpg day06/0105.jpg right 1247.0,447.0 -0.027209787,0.36231995 -53.153797,-4.387746,510.607 0.19893805555555555,0.19893799999999998 378,252,657,531 415,328,481,367 552,322,624,365
p01\face\2324.jpg p01\left\2324.jpg p01\right\2324.jpg p01\grid\2324.jpg day65/0020.jpg right 537.0,764.0 -0.015954606,-0.23425515 -8.071038,2.223729,549.0414 0.19893805555555555,0.19893799999999998 483,272,738,527 516,336,582,375 644,343,707,380
p01\face\2325.jpg p01\left\2325.jpg p01\right\2325.jpg p01\grid\2325.jpg day34/0046.jpg right 349.0,361.0 -0.05223809,0.32404163 13.64266,-24.046373,450.85028 0.19893805555555555,0.19893799999999998 500,194,812,506 541,267,623,316 699,283,775,328
p01\face\2326.jpg p01\left\2326.jpg p01\right\2326.jpg p01\grid\2326.jpg day43/0183.jpg right 1059.0,494.0 0.0056391573,-0.2843447 4.534289,-48.573463,469.7091 0.19893805555555555,0.19893799999999998 488,145,785,442 528,222,600,265 675,225,750,270
p01\face\2327.jpg p01\left\2327.jpg p01\right\2327.jpg p01\grid\2327.jpg day36/0052.jpg right 676.0,723.0 -0.26421952,-0.15992056 -168.98589,-8.651139,502.7444 0.19893805555555555,0.19893799999999998 36,152,498,614 157,311,233,356 306,317,381,362
p01\face\2328.jpg p01\left\2328.jpg p01\right\2328.jpg p01\grid\2328.jpg day51/0144.jpg right 1079.0,94.0 -0.01701638,-0.14645796 0.698924,-5.554277,417.14337 0.19893805555555555,0.19893799999999998 458,228,794,564 505,312,587,361 670,319,757,371
p01\face\2329.jpg p01\left\2329.jpg p01\right\2329.jpg p01\grid\2329.jpg day32/0139.jpg right 1426.0,534.0 -0.27515194,-0.14464904 -15.90303,-5.25079,454.31613 0.19893805555555555,0.19893799999999998 435,243,736,544 479,318,549,360 626,319,705,366
p01\face\2330.jpg p01\left\2330.jpg p01\right\2330.jpg p01\grid\2330.jpg day15/0362.jpg right 395.0,172.0 -0.012319908,0.3382043 38.972923,-6.861914,523.7857 0.19893805555555555,0.19893799999999998 568,250,838,520 604,314,673,355 742,328,806,366
p01\face\2331.jpg p01\left\2331.jpg p01\right\2331.jpg p01\grid\2331.jpg day54/0337.jpg right 525.0,822.0 0.013926688,0.32644725 39.993282,-25.74396,447.8592 0.19893805555555555,0.19893799999999998 557,185,878,506 601,262,683,311 764,279,842,325
p01\face\2332.jpg p01\left\2332.jpg p01\right\2332.jpg p01\grid\2332.jpg day47/0134.jpg right 1189.0,237.0 -0.010900352,0.48325112 -16.291574,-15.097081,555.7893 0.19893805555555555,0.19893799999999998 469,239,722,492 502,306,565,343 628,308,692,346
p01\face\2333.jpg p01\left\2333.jpg p01\right\2333.jpg p01\grid\2333.jpg day40/0034.jpg right 82.0,263.0 -0.091567904,0.30837813 0.788023,15.985547,548.66864 0.19893805555555555,0.19893799999999998 501,303,751,553 534,361,598,399 663,372,721,406
p01\face\2334.jpg p01\left\2334.jpg p01\right\2334.jpg p01\grid\2334.jpg day25/0063.jpg right 445.0,443.0 -0.066008575,0.43761787 -8.128002,4.270838,591.46484 0.19893805555555555,0.19893799999999998 492,281,732,521 523,342,584,378 644,347,702,381
p01\face\2335.jpg p01\left\2335.jpg p01\right\2335.jpg p01\grid\2335.jpg day67/0356.jpg right 242.0,85.0 -0.1224812,0.44136095 -10.250682,-5.792524,439.59756 0.19893805555555555,0.19893799999999998 439,232,760,553 481,308,565,358 644,325,722,371
p01\face\2336.jpg p01\left\2336.jpg p01\right\2336.jpg p01\grid\2336.jpg day34/0171.jpg right 118.0,754.0 0.02518889,-0.14005469 -14.622975,-16.889292,640.82495 0.19893805555555555,0.19893799999999998 489,252,711,474 521,304,576,337 633,316,687,348
p01\face\2337.jpg p01\left\2337.jpg p01\right\2337.jpg p01\grid\2337.jpg day42/0593.jpg right 164.0,248.0 0.0235976,0.26810753 62.848377,-45.720364,520.15735 0.19893805555555555,0.19893799999999998 616,170,889,443 652,236,724,279 791,247,857,286
p01\face\2338.jpg p01\left\2338.jpg p01\right\2338.jpg p01\grid\2338.jpg day32/0225.jpg right 1191.0,154.0 -0.03575946,0.030423133 -58.02125,-4.471319,415.66034 0.19893805555555555,0.19893799999999998 305,229,650,574 353,317,435,366 523,320,611,372
p01\face\2339.jpg p01\left\2339.jpg p01\right\2339.jpg p01\grid\2339.jpg day57/0043.jpg right 796.0,48.0 0.057800792,-0.10425097 43.113766,11.144101,400.0759 0.19893805555555555,0.19893799999999998 561,267,912,618 610,350,698,402 786,366,873,418
p01\face\2340.jpg p01\left\2340.jpg p01\right\2340.jpg p01\grid\2340.jpg day48/0147.jpg right 89.0,711.0 0.012420046,0.2750631 33.78131,-51.30459,539.54486 0.19893805555555555,0.19893799999999998 560,166,822,428 594,230,663,271 728,239,791,276
p01\face\2341.jpg p01\left\2341.jpg p01\right\2341.jpg p01\grid\2341.jpg day49/0029.jpg right 1243.0,57.0 -0.008620399,0.36088213 -11.04036,-35.323265,575.7406 0.19893805555555555,0.19893799999999998 482,207,726,451 517,268,577,304 637,275,700,312
p01\face\2342.jpg p01\left\2342.jpg p01\right\2342.jpg p01\grid\2342.jpg day28/0032.jpg right 263.0,330.0 -0.012600741,0.39659008 8.574687,-34.507843,525.53705 0.19893805555555555,0.19893799999999998 509,195,776,462 545,261,612,301 680,270,744,308
p01\face\2343.jpg p01\left\2343.jpg p01\right\2343.jpg p01\grid\2343.jpg day50/0152.jpg right 606.0,628.0 -0.06835738,0.4428874 12.93185,25.81591,583.9391 0.19893805555555555,0.19893799999999998 527,320,768,561 559,377,622,414 683,390,740,424
p01\face\2344.jpg p01\left\2344.jpg p01\right\2344.jpg p01\grid\2344.jpg day31/0365.jpg right 734.0,638.0 -0.18831964,-0.18837987 -18.814749,6.863372,367.12073 0.19893805555555555,0.19893799999999998 375,247,753,625 427,335,523,392 629,359,708,406
p01\face\2345.jpg p01\left\2345.jpg p01\right\2345.jpg p01\grid\2345.jpg day20/0426.jpg right 1265.0,239.0 0.03374097,0.2223257 -50.066128,-47.983353,558.2795 0.19893805555555555,0.19893799999999998 410,180,660,430 441,251,499,285 564,240,628,278
p01\face\2346.jpg p01\left\2346.jpg p01\right\2346.jpg p01\grid\2346.jpg day56/0258.jpg right 1014.0,593.0 0.04952397,0.3814726 23.048792,0.388557,480.661 0.19893805555555555,0.19893799999999998 526,256,821,551 569,328,641,371 717,340,790,383
p01\face\2347.jpg p01\left\2347.jpg p01\right\2347.jpg p01\grid\2347.jpg day19/0179.jpg right 404.0,416.0 -0.026667228,0.365456 17.405779,-36.090824,567.7274 0.19893805555555555,0.19893799999999998 534,203,783,452 566,265,629,302 693,273,753,309
p01\face\2348.jpg p01\left\2348.jpg p01\right\2348.jpg p01\grid\2348.jpg day42/0428.jpg right 248.0,799.0 -0.05859533,0.36530536 -2.646281,8.404128,501.04428 0.19893805555555555,0.19893799999999998 478,277,761,560 515,347,588,390 660,356,727,396
p01\face\2349.jpg p01\left\2349.jpg p01\right\2349.jpg p01\grid\2349.jpg day54/0298.jpg right 849.0,594.0 0.051529318,0.31113952 16.879837,-26.29215,499.17734 0.19893805555555555,0.19893799999999998 516,202,802,488 557,273,627,315 700,283,772,326
p01\face\2350.jpg p01\left\2350.jpg p01\right\2350.jpg p01\grid\2350.jpg day47/0269.jpg right 894.0,867.0 0.0019892845,-0.15706308 -14.033293,27.71572,512.3988 0.19893805555555555,0.19893799999999998 461,320,732,591 498,389,564,428 634,395,701,435
p01\face\2351.jpg p01\left\2351.jpg p01\right\2351.jpg p01\grid\2351.jpg day27/0328.jpg right 418.0,673.0 -0.0740338,0.44029832 -3.283351,31.164381,497.58917 0.19893805555555555,0.19893799999999998 476,326,761,611 513,395,586,438 659,404,726,444
p01\face\2352.jpg p01\left\2352.jpg p01\right\2352.jpg p01\grid\2352.jpg day61/0393.jpg right 285.0,679.0 -0.028997945,0.24092579 34.35564,-57.699883,540.50543 0.19893805555555555,0.19893799999999998 560,153,822,415 595,215,664,256 728,230,792,268
p01\face\2353.jpg p01\left\2353.jpg p01\right\2353.jpg p01\grid\2353.jpg day64/0173.jpg right 1203.0,141.0 0.006845511,0.25485784 -34.012592,0.74655,546.9856 0.19893805555555555,0.19893799999999998 432,271,688,527 468,337,529,373 593,337,660,377
p01\face\2354.jpg p01\left\2354.jpg p01\right\2354.jpg p01\grid\2354.jpg day44/0022.jpg right 1085.0,831.0 -0.041456684,-0.33117658 -25.583694,-78.92586,474.4052 0.19893805555555555,0.19893799999999998 421,79,716,374 461,154,533,197 607,159,682,204
p01\face\2355.jpg p01\left\2355.jpg p01\right\2355.jpg p01\grid\2355.jpg day64/0044.jpg right 657.0,12.0 -0.04207153,0.5399618 -21.024021,14.511502,631.3538 0.19893805555555555,0.19893799999999998 480,302,702,524 510,360,565,393 621,364,676,397
p01\face\2356.jpg p01\left\2356.jpg p01\right\2356.jpg p01\grid\2356.jpg day20/0319.jpg right 470.0,530.0 -0.03176735,0.39235842 14.641519,13.255481,492.09015 0.19893805555555555,0.19893799999999998 511,285,802,576 549,356,624,401 696,366,768,409
p01\face\2357.jpg p01\left\2357.jpg p01\right\2357.jpg p01\grid\2357.jpg day61/0459.jpg right 1247.0,791.0 -0.13377923,-0.19005485 -99.83862,-19.868439,553.3931 0.19893805555555555,0.19893799999999998 304,228,563,487 340,295,403,332 469,300,535,339
p01\face\2358.jpg p01\left\2358.jpg p01\right\2358.jpg p01\grid\2358.jpg day08/0088.jpg right 684.0,270.0 0.008675396,-0.1730703 9.148962,-35.26797,444.9046 0.19893805555555555,0.19893799999999998 487,165,803,481 530,241,611,289 689,253,768,300
p01\face\2359.jpg p01\left\2359.jpg p01\right\2359.jpg p01\grid\2359.jpg day38/0483.jpg right 786.0,69.0 -0.037365116,0.47949836 -11.187902,-0.184705,492.5421 0.19893805555555555,0.19893799999999998 460,256,748,544 496,332,568,375 640,333,712,376
p01\face\2360.jpg p01\left\2360.jpg p01\right\2360.jpg p01\grid\2360.jpg day20/0393.jpg right 1334.0,247.0 0.047310688,0.15545224 -2.962645,-51.82029,482.84375 0.19893805555555555,0.19893799999999998 471,143,765,437 513,217,583,259 657,223,733,268
p01\face\2361.jpg p01\left\2361.jpg p01\right\2361.jpg p01\grid\2361.jpg day38/0285.jpg right 663.0,264.0 -0.0058138813,0.40803036 28.46448,-34.809845,405.9802 0.19893805555555555,0.19893799999999998 521,144,872,495 570,230,658,282 748,247,833,298
p01\face\2362.jpg p01\left\2362.jpg p01\right\2362.jpg p01\grid\2362.jpg day48/0184.jpg right 488.0,207.0 -0.09768667,0.50694525 -13.110226,-20.389875,448.19547 0.19893805555555555,0.19893799999999998 436,198,751,513 477,276,559,325 637,290,713,335
p01\face\2363.jpg p01\left\2363.jpg p01\right\2363.jpg p01\grid\2363.jpg day64/0049.jpg right 162.0,773.0 -0.111388676,0.37439862 -18.310837,-37.183296,638.99164 0.19893805555555555,0.19893799999999998 485,219,704,438 514,271,571,305 626,283,678,314
p01\face\2364.jpg p01\left\2364.jpg p01\right\2364.jpg p01\grid\2364.jpg day60/0092.jpg right 283.0,899.0 -0.025423639,0.2996395 16.343733,-45.517887,465.38232 0.19893805555555555,0.19893799999999998 509,149,813,453 550,222,628,268 705,236,778,279
p01\face\2365.jpg p01\left\2365.jpg p01\right\2365.jpg p01\grid\2365.jpg day43/0145.jpg right 517.0,188.0 -0.019803125,0.27978134 32.379826,-23.916456,476.42264 0.19893805555555555,0.19893799999999998 546,202,843,499 587,271,665,317 738,288,810,331
p01\face\2366.jpg p01\left\2366.jpg p01\right\2366.jpg p01\grid\2366.jpg day49/0257.jpg right 545.0,456.0 -0.057195686,0.3491591 -14.167366,-33.201206,528.12683 0.19893805555555555,0.19893799999999998 462,197,732,467 497,264,567,306 634,272,700,311
p01\face\2367.jpg p01\left\2367.jpg p01\right\2367.jpg p01\grid\2367.jpg day67/0347.jpg right 17.0,610.0 -0.1671877,0.32678676 -48.26939,-40.58575,569.7996 0.19893805555555555,0.19893799999999998 410,195,659,444 443,254,509,293 571,268,629,302
p01\face\2368.jpg p01\left\2368.jpg p01\right\2368.jpg p01\grid\2368.jpg day59/0315.jpg right 446.0,94.0 0.0021802927,0.2948449 27.552124,-5.491847,440.8436 0.19893805555555555,0.19893799999999998 527,233,852,558 571,311,655,361 736,324,815,371
p01\face\2369.jpg p01\left\2369.jpg p01\right\2369.jpg p01\grid\2369.jpg day32/0173.jpg right 438.0,482.0 0.044214066,0.35844162 51.61895,-2.858375,484.72354 0.19893805555555555,0.19893799999999998 589,249,884,544 629,320,704,365 779,333,851,376
p01\face\2370.jpg p01\left\2370.jpg p01\right\2370.jpg p01\grid\2370.jpg day01/0011.jpg right 236.0,385.0 -0.011554744,0.3536405 19.287348,-6.209869,511.08563 0.19893805555555555,0.19893799999999998 527,249,804,526 563,318,633,360 704,325,771,365
p01\face\2371.jpg p01\left\2371.jpg p01\right\2371.jpg p01\grid\2371.jpg day65/0167.jpg right 1281.0,331.0 0.012052916,-0.061393857 2.491953,9.840845,428.17117 0.19893805555555555,0.19893799999999998 466,271,791,596 514,349,592,395 675,361,757,410
p01\face\2372.jpg p01\left\2372.jpg p01\right\2372.jpg p01\grid\2372.jpg day41/0175.jpg right 226.0,586.0 0.019904602,0.3013133 75.83885,-1.98707,538.3808 0.19893805555555555,0.19893799999999998 641,262,906,527 675,323,747,366 813,339,874,375
p01\face\2373.jpg p01\left\2373.jpg p01\right\2373.jpg p01\grid\2373.jpg day64/0141.jpg right 1168.0,439.0 -0.012289138,-0.17250744 -10.037991,-8.759469,387.13907 0.19893805555555555,0.19893799999999998 416,210,776,570 468,300,553,351 646,309,737,363
p01\face\2374.jpg p01\left\2374.jpg p01\right\2374.jpg p01\grid\2374.jpg day41/0386.jpg right 355.0,825.0 -0.06671259,0.3395962 -15.237789,-5.337256,600.31976 0.19893805555555555,0.19893799999999998 483,266,718,501 512,326,573,362 631,329,688,363
p01\face\2375.jpg p01\left\2375.jpg p01\right\2375.jpg p01\grid\2375.jpg day37/0412.jpg right 783.0,498.0 0.018228302,0.4388377 19.953327,25.699663,474.68115 0.19893805555555555,0.19893799999999998 516,311,816,611 560,380,635,425 710,398,785,443
p01\face\2376.jpg p01\left\2376.jpg p01\right\2376.jpg p01\grid\2376.jpg day10/0102.jpg right 732.0,769.0 -0.04208845,0.4292035 1.395899,1.628572,524.70557 0.19893805555555555,0.19893799999999998 493,267,761,535 530,332,597,372 666,344,730,382
p01\face\2377.jpg p01\left\2377.jpg p01\right\2377.jpg p01\grid\2377.jpg day34/0128.jpg right 774.0,407.0 -0.016999433,0.536079 -11.220253,37.878952,616.4496 0.19893805555555555,0.19893799999999998 493,342,719,568 525,399,580,432 636,405,694,439
p01\face\2378.jpg p01\left\2378.jpg p01\right\2378.jpg p01\grid\2378.jpg day51/0214.jpg right 309.0,448.0 -0.22355969,-0.09734152 -16.119411,29.804836,477.75302 0.19893805555555555,0.19893799999999998 435,320,733,618 476,387,558,436 628,406,701,449
p01\face\2379.jpg p01\left\2379.jpg p01\right\2379.jpg p01\grid\2379.jpg day12/0512.jpg right 379.0,381.0 -0.0042316187,0.41835928 8.14769,-11.319013,564.1953 0.19893805555555555,0.19893799999999998 517,249,766,498 549,313,612,350 676,317,736,353
p01\face\2380.jpg p01\left\2380.jpg p01\right\2380.jpg p01\grid\2380.jpg day41/0449.jpg right 507.0,468.0 -0.07690313,0.38192287 -14.129582,-2.316993,584.9989 0.19893805555555555,0.19893799999999998 479,268,722,511 510,329,573,366 633,335,693,371
p01\face\2381.jpg p01\left\2381.jpg p01\right\2381.jpg p01\grid\2381.jpg day01/0096.jpg right 50.0,566.0 -0.01658551,0.42183915 15.022373,1.7379,451.75488 0.19893805555555555,0.19893799999999998 505,254,817,566 544,330,628,380 703,340,778,385
p01\face\2382.jpg p01\left\2382.jpg p01\right\2382.jpg p01\grid\2382.jpg day16/0064.jpg right 1085.0,32.0 0.056433182,0.47694588 -4.626777,20.039724,504.2156 0.19893805555555555,0.19893799999999998 478,303,755,580 516,377,582,416 653,375,723,417
p01\face\2383.jpg p01\left\2383.jpg p01\right\2383.jpg p01\grid\2383.jpg day58/0524.jpg right 1084.0,475.0 -0.02880918,0.2565676 -19.526608,-51.754307,552.32904 0.19893805555555555,0.19893799999999998 459,169,717,427 494,234,558,272 622,239,688,278
p01\face\2384.jpg p01\left\2384.jpg p01\right\2384.jpg p01\grid\2384.jpg day59/0555.jpg right 1364.0,3.0 0.04366845,0.16947827 -11.625628,-34.38057,360.44104 0.19893805555555555,0.19893799999999998 392,124,783,515 451,220,541,274 643,232,743,292
p01\face\2385.jpg p01\left\2385.jpg p01\right\2385.jpg p01\grid\2385.jpg day67/0139.jpg right 657.0,284.0 0.036206737,-0.23076096 15.14098,-18.043232,506.8219 0.19893805555555555,0.19893799999999998 517,224,793,500 555,288,627,331 693,304,762,345
p01\face\2386.jpg p01\left\2386.jpg p01\right\2386.jpg p01\grid\2386.jpg day54/0047.jpg right 550.0,488.0 -0.023326311,0.3298027 18.957712,-20.385525,525.83936 0.19893805555555555,0.19893799999999998 526,223,796,493 564,286,633,327 700,301,767,341
p01\face\2387.jpg p01\left\2387.jpg p01\right\2387.jpg p01\grid\2387.jpg day12/0260.jpg right 65.0,355.0 -0.061952665,0.29135832 26.987219,-23.830927,461.8079 0.19893805555555555,0.19893799999999998 532,198,838,504 572,267,654,316 730,287,802,330
p01\face\2388.jpg p01\left\2388.jpg p01\right\2388.jpg p01\grid\2388.jpg day62/0042.jpg right 1124.0,232.0 -0.016180992,0.39123228 -3.393122,-47.75094,462.51938 0.19893805555555555,0.19893799999999998 465,143,766,444 508,218,581,261 660,230,733,273
p01\face\2389.jpg p01\left\2389.jpg p01\right\2389.jpg p01\grid\2389.jpg day27/0399.jpg right 933.0,90.0 0.19883534,0.35469553 55.155884,11.136679,561.43524 0.19893805555555555,0.19893799999999998 607,290,860,543 639,362,700,398 762,351,829,391
p01\face\2390.jpg p01\left\2390.jpg p01\right\2390.jpg p01\grid\2390.jpg day25/0210.jpg right 135.0,430.0 -0.053916976,0.47759345 8.966814,7.951055,536.62646 0.19893805555555555,0.19893799999999998 512,282,773,543 547,346,613,385 681,357,742,393
p01\face\2391.jpg p01\left\2391.jpg p01\right\2391.jpg p01\grid\2391.jpg day52/0544.jpg right 726.0,20.0 0.053386193,0.4940264 43.78403,-10.976104,697.70386 0.19893805555555555,0.19893799999999998 592,268,794,470 618,321,669,351 719,324,770,354
p01\face\2392.jpg p01\left\2392.jpg p01\right\2392.jpg p01\grid\2392.jpg day15/0309.jpg right 786.0,98.0 0.009254087,0.01693685 -15.342274,-34.662666,530.67847 0.19893805555555555,0.19893799999999998 462,199,726,463 499,262,563,300 631,270,697,309
p01\face\2393.jpg p01\left\2393.jpg p01\right\2393.jpg p01\grid\2393.jpg day49/0004.jpg right 406.0,49.0 -0.18187232,-0.19696373 25.943825,-54.197414,370.6243 0.19893805555555555,0.19893799999999998 507,77,879,449 557,161,654,219 752,184,834,233
p01\face\2394.jpg p01\left\2394.jpg p01\right\2394.jpg p01\grid\2394.jpg day16/0260.jpg right 844.0,97.0 0.028426778,0.4122629 10.113077,-4.82328,477.23868 0.19893805555555555,0.19893799999999998 498,243,796,541 540,319,612,362 687,325,763,370
p01\face\2395.jpg p01\left\2395.jpg p01\right\2395.jpg p01\grid\2395.jpg day45/0039.jpg right 992.0,381.0 -0.20591949,-0.18284047 -18.914297,-31.84449,426.48322 0.19893805555555555,0.19893799999999998 413,167,740,494 458,248,537,295 623,254,702,301
p01\face\2396.jpg p01\left\2396.jpg p01\right\2396.jpg p01\grid\2396.jpg day56/0053.jpg right 897.0,112.0 0.011866146,-0.2046509 0.733694,-56.76241,490.9465 0.19893805555555555,0.19893799999999998 484,137,769,422 523,207,593,249 665,216,737,259
p01\face\2397.jpg p01\left\2397.jpg p01\right\2397.jpg p01\grid\2397.jpg day52/0186.jpg right 1273.0,455.0 -0.04395721,-0.09329326 -55.830215,3.315294,550.5637 0.19893805555555555,0.19893799999999998 388,274,646,532 425,338,488,375 552,345,619,385
p01\face\2398.jpg p01\left\2398.jpg p01\right\2398.jpg p01\grid\2398.jpg day53/0034.jpg right 3.0,745.0 -0.16874617,-0.089034855 46.470833,-2.423435,405.00684 0.19893805555555555,0.19893799999999998 572,236,912,576 616,315,704,367 798,332,870,375
p01\face\2399.jpg p01\left\2399.jpg p01\right\2399.jpg p01\grid\2399.jpg day10/0065.jpg right 795.0,788.0 0.010236613,-0.279536 -2.371733,9.406528,470.75412 0.19893805555555555,0.19893799999999998 473,276,765,568 513,349,586,392 660,359,732,402
p01\face\2400.jpg p01\left\2400.jpg p01\right\2400.jpg p01\grid\2400.jpg day37/0508.jpg right 1399.0,759.0 0.04762675,-0.030635951 -29.85873,2.409082,425.14743 0.19893805555555555,0.19893799999999998 385,251,716,582 431,331,512,379 595,339,680,390
p01\face\2401.jpg p01\left\2401.jpg p01\right\2401.jpg p01\grid\2401.jpg day47/0256.jpg right 789.0,845.0 0.015990118,-0.13760598 17.872248,29.390495,524.80536 0.19893805555555555,0.19893799999999998 528,325,793,590 564,389,631,429 698,399,762,437
p01\face\2402.jpg p01\left\2402.jpg p01\right\2402.jpg p01\grid\2402.jpg day12/0409.jpg right 1161.0,763.0 0.0067720534,-0.21047136 -7.995982,-30.994741,460.40097 0.19893805555555555,0.19893799999999998 457,183,758,484 499,261,568,302 648,264,724,309
p01\face\2403.jpg p01\left\2403.jpg p01\right\2403.jpg p01\grid\2403.jpg day31/0149.jpg right 386.0,381.0 -0.02366635,0.47620615 39.288574,-1.904441,475.52032 0.19893805555555555,0.19893799999999998 562,248,860,546 602,320,680,366 754,336,826,379
p01\face\2404.jpg p01\left\2404.jpg p01\right\2404.jpg p01\grid\2404.jpg day56/0201.jpg right 385.0,463.0 -0.03174122,0.3817709 21.626858,3.856077,469.75156 0.19893805555555555,0.19893799999999998 521,262,824,565 562,334,640,380 716,348,789,391
p01\face\2405.jpg p01\left\2405.jpg p01\right\2405.jpg p01\grid\2405.jpg day17/0271.jpg right 81.0,472.0 -0.032381643,-0.12043263 23.988567,-16.026352,429.79074 0.19893805555555555,0.19893799999999998 519,207,843,531 563,282,648,333 729,301,805,346
p01\face\2406.jpg p01\left\2406.jpg p01\right\2406.jpg p01\grid\2406.jpg day50/0085.jpg right 31.0,130.0 -0.01810632,0.36077535 36.84279,8.618382,561.04346 0.19893805555555555,0.19893799999999998 568,286,821,539 601,347,667,386 731,357,791,393
p01\face\2407.jpg p01\left\2407.jpg p01\right\2407.jpg p01\grid\2407.jpg day53/0690.jpg right 9.0,715.0 -0.05740973,0.020428 19.113926,19.107891,416.13882 0.19893805555555555,0.19893799999999998 502,293,838,629 547,368,635,420 721,389,799,435
p01\face\2408.jpg p01\left\2408.jpg p01\right\2408.jpg p01\grid\2408.jpg day01/0322.jpg right 503.0,543.0 -0.05400697,0.29934436 2.54035,-17.793076,460.605 0.19893805555555555,0.19893799999999998 476,210,785,519 517,285,596,332 673,297,748,342
p01\face\2409.jpg p01\left\2409.jpg p01\right\2409.jpg p01\grid\2409.jpg day53/0311.jpg right 1097.0,93.0 0.02540905,-0.14509436 3.55541,-26.95457,432.62112 0.19893805555555555,0.19893799999999998 467,180,792,505 517,257,596,304 676,272,761,323
p01\face\2410.jpg p01\left\2410.jpg p01\right\2410.jpg p01\grid\2410.jpg day66/0134.jpg right 294.0,748.0 -0.052604277,0.36778384 -3.406821,-23.24921,493.72647 0.19893805555555555,0.19893799999999998 474,207,762,495 512,279,585,322 658,289,727,330
p01\face\2411.jpg p01\left\2411.jpg p01\right\2411.jpg p01\grid\2411.jpg day59/0285.jpg right 870.0,120.0 0.04054388,0.30046418 4.820841,-45.40212,491.31903 0.19893805555555555,0.19893799999999998 492,161,778,447 532,233,602,275 672,237,747,282
p01\face\2412.jpg p01\left\2412.jpg p01\right\2412.jpg p01\grid\2412.jpg day18/0017.jpg right 1157.0,683.0 0.075754374,0.13547549 27.582216,-66.94844,488.1708 0.19893805555555555,0.19893799999999998 540,114,828,402 581,185,650,226 724,192,797,235
p01\face\2413.jpg p01\left\2413.jpg p01\right\2413.jpg p01\grid\2413.jpg day45/0513.jpg right 960.0,492.0 0.05984062,-0.19823018 23.164616,-0.715021,393.2513 0.19893805555555555,0.19893799999999998 507,234,859,586 558,316,645,368 735,337,822,389
p01\face\2414.jpg p01\left\2414.jpg p01\right\2414.jpg p01\grid\2414.jpg day61/0143.jpg right 1416.0,885.0 0.0021347923,0.23784135 -30.371878,-40.106594,453.88477 0.19893805555555555,0.19893799999999998 398,156,711,469 442,238,515,281 597,240,676,287
p01\face\2415.jpg p01\left\2415.jpg p01\right\2415.jpg p01\grid\2415.jpg day49/0299.jpg right 787.0,882.0 0.0062114224,-0.21343713 -9.142386,4.267149,411.04562 0.19893805555555555,0.19893799999999998 430,251,767,588 478,333,562,383 647,348,731,398
p01\face\2416.jpg p01\left\2416.jpg p01\right\2416.jpg p01\grid\2416.jpg day54/0525.jpg right 920.0,544.0 -0.0037454276,0.32769728 8.856941,-24.47321,468.70932 0.19893805555555555,0.19893799999999998 491,196,797,502 533,272,609,317 687,283,762,328
p01\face\2417.jpg p01\left\2417.jpg p01\right\2417.jpg p01\grid\2417.jpg day03/0524.jpg right 802.0,558.0 -0.0365783,-0.16422404 -29.825556,-8.728319,523.49524 0.19893805555555555,0.19893799999999998 433,248,700,515 468,316,534,355 602,319,668,358
p01\face\2418.jpg p01\left\2418.jpg p01\right\2418.jpg p01\grid\2418.jpg day63/0192.jpg right 420.0,471.0 0.0018623237,0.40272486 2.535662,-4.18303,494.00262 0.19893805555555555,0.19893799999999998 486,248,775,537 525,321,597,364 671,328,741,370
p01\face\2419.jpg p01\left\2419.jpg p01\right\2419.jpg p01\grid\2419.jpg day20/0190.jpg right 693.0,547.0 0.010015,-0.16204418 13.051756,-3.756096,451.47238 0.19893805555555555,0.19893799999999998 501,243,808,550 543,320,619,365 698,327,773,372
p01\face\2420.jpg p01\left\2420.jpg p01\right\2420.jpg p01\grid\2420.jpg day58/0506.jpg right 316.0,418.0 -0.10679792,0.24535507 -17.482195,-62.211277,530.3661 0.19893805555555555,0.19893799999999998 455,141,722,408 491,202,561,244 627,219,691,257
p01\face\2421.jpg p01\left\2421.jpg p01\right\2421.jpg p01\grid\2421.jpg day48/0030.jpg right 975.0,370.0 -0.054582596,-0.101714276 -37.034775,7.426923,431.03403 0.19893805555555555,0.19893799999999998 370,264,695,589 416,344,495,391 578,354,659,402
p01\face\2422.jpg p01\left\2422.jpg p01\right\2422.jpg p01\grid\2422.jpg day27/0253.jpg right 234.0,451.0 -0.06845839,0.342383 -15.642192,-40.318367,532.84515 0.19893805555555555,0.19893799999999998 461,184,728,451 495,251,565,293 631,259,695,297
p01\face\2423.jpg p01\left\2423.jpg p01\right\2423.jpg p01\grid\2423.jpg day63/0004.jpg right 854.0,418.0 -0.03457773,0.3192429 2.456535,-16.49535,480.40692 0.19893805555555555,0.19893799999999998 482,219,779,516 521,291,597,336 671,302,744,345
p01\face\2424.jpg p01\left\2424.jpg p01\right\2424.jpg p01\grid\2424.jpg day45/0017.jpg right 0.0,411.0 -0.41664666,-0.115899086 -25.26648,-60.291653,496.33365 0.19893805555555555,0.19893799999999998 434,140,702,408 468,197,537,238 614,218,668,250
p01\face\2425.jpg p01\left\2425.jpg p01\right\2425.jpg p01\grid\2425.jpg day36/0068.jpg right 1334.0,690.0 -0.007511668,0.40075117 -37.754253,2.383362,584.3259 0.19893805555555555,0.19893799999999998 436,277,679,520 470,340,528,374 588,341,652,379
p01\face\2426.jpg p01\left\2426.jpg p01\right\2426.jpg p01\grid\2426.jpg day52/0363.jpg right 1426.0,550.0 0.037832893,-0.30766144 9.005937,-72.26686,562.62775 0.19893805555555555,0.19893799999999998 519,135,768,384 553,199,613,235 675,202,739,240
p01\face\2427.jpg p01\left\2427.jpg p01\right\2427.jpg p01\grid\2427.jpg day42/0191.jpg right 280.0,496.0 -0.021357758,-0.23680817 -14.877689,-6.246894,466.979 0.19893805555555555,0.19893799999999998 442,239,740,537 481,314,557,359 633,323,705,366
p01\face\2428.jpg p01\left\2428.jpg p01\right\2428.jpg p01\grid\2428.jpg day56/0162.jpg right 1043.0,2.0 0.04070477,0.40610394 2.29311,-10.522419,509.6396 0.19893805555555555,0.19893799999999998 491,239,768,516 530,310,597,350 668,315,737,356
p01\face\2429.jpg p01\left\2429.jpg p01\right\2429.jpg p01\grid\2429.jpg day38/0444.jpg right 290.0,377.0 -0.09441909,0.14771752 15.209526,14.837537,407.29852 0.19893805555555555,0.19893799999999998 492,283,831,622 539,359,623,409 711,377,792,425
p01\face\2430.jpg p01\left\2430.jpg p01\right\2430.jpg p01\grid\2430.jpg day41/0403.jpg right 980.0,261.0 -0.059644092,0.37859473 -31.892405,-13.509545,512.42346 0.19893805555555555,0.19893799999999998 421,233,698,510 459,304,526,344 597,309,666,350
p01\face\2431.jpg p01\left\2431.jpg p01\right\2431.jpg p01\grid\2431.jpg day37/0395.jpg right 179.0,460.0 -0.080678955,0.3248736 9.165984,-22.626537,481.3349 0.19893805555555555,0.19893799999999998 498,207,790,499 536,276,612,321 688,291,755,331
p01\face\2432.jpg p01\left\2432.jpg p01\right\2432.jpg p01\grid\2432.jpg day16/0019.jpg right 556.0,133.0 -0.043224487,0.32557055 12.372114,-39.100082,508.4709 0.19893805555555555,0.19893799999999998 511,179,790,458 548,247,620,290 690,259,757,299
p01\face\2433.jpg p01\left\2433.jpg p01\right\2433.jpg p01\grid\2433.jpg day37/0440.jpg right 1371.0,13.0 0.032222982,0.5287136 -25.79277,52.53986,599.131 0.19893805555555555,0.19893799999999998 464,368,699,603 495,431,552,465 611,427,672,463
p01\face\2434.jpg p01\left\2434.jpg p01\right\2434.jpg p01\grid\2434.jpg day21/0287.jpg right 864.0,684.0 -0.0292346,-0.15239935 4.944958,-16.705584,500.96997 0.19893805555555555,0.19893799999999998 498,226,777,505 535,299,602,339 674,299,743,340
p01\face\2435.jpg p01\left\2435.jpg p01\right\2435.jpg p01\grid\2435.jpg day16/0096.jpg right 1250.0,392.0 0.03023645,-0.11372766 -10.067864,1.99357,397.1931 0.19893805555555555,0.19893799999999998 423,244,771,592 473,330,554,378 645,340,733,392
p01\face\2436.jpg p01\left\2436.jpg p01\right\2436.jpg p01\grid\2436.jpg day04/0073.jpg right 1043.0,572.0 0.013785518,-0.21212633 -3.884763,-15.092498,465.95486 0.19893805555555555,0.19893799999999998 468,221,765,518 509,296,579,338 658,303,731,346
p01\face\2437.jpg p01\left\2437.jpg p01\right\2437.jpg p01\grid\2437.jpg day01/0438.jpg right 1222.0,881.0 -0.04260887,-0.095419936 -28.14496,28.731962,616.29626 0.19893805555555555,0.19893799999999998 464,328,692,556 496,386,550,418 608,388,666,422
p01\face\2438.jpg p01\left\2438.jpg p01\right\2438.jpg p01\grid\2438.jpg day01/0106.jpg right 503.0,334.0 0.00886607,0.487248 34.406525,10.948728,510.63794 0.19893805555555555,0.19893799999999998 558,284,834,560 595,351,665,393 735,362,802,402
p01\face\2439.jpg p01\left\2439.jpg p01\right\2439.jpg p01\grid\2439.jpg day63/0036.jpg right 809.0,835.0 -0.020392762,-0.22812515 3.141826,-14.359239,446.83487 0.19893805555555555,0.19893799999999998 476,216,786,526 519,293,595,338 675,303,751,348
p01\face\2440.jpg p01\left\2440.jpg p01\right\2440.jpg p01\grid\2440.jpg day17/0127.jpg right 540.0,305.0 -0.0814182,0.30334422 -2.768685,-29.679405,494.97858 0.19893805555555555,0.19893799999999998 474,194,762,482 512,263,587,308 659,277,728,318
p01\face\2441.jpg p01\left\2441.jpg p01\right\2441.jpg p01\grid\2441.jpg day27/0004.jpg right 1242.0,94.0 -0.32383293,-0.1860037 -25.337353,-6.808144,511.60233 0.19893805555555555,0.19893799999999998 439,252,706,519 475,322,539,360 609,318,675,357
p01\face\2442.jpg p01\left\2442.jpg p01\right\2442.jpg p01\grid\2442.jpg day42/0244.jpg right 802.0,458.0 -0.011733263,0.502057 6.61265,17.510445,498.1705 0.19893805555555555,0.19893799999999998 497,295,782,580 535,367,607,410 678,374,748,416
p01\face\2443.jpg p01\left\2443.jpg p01\right\2443.jpg p01\grid\2443.jpg day31/0117.jpg right 1062.0,659.0 -0.0012289175,0.37793553 -7.191823,-16.799559,531.5466 0.19893805555555555,0.19893799999999998 478,231,745,498 514,299,580,338 648,304,714,343
p01\face\2444.jpg p01\left\2444.jpg p01\right\2444.jpg p01\grid\2444.jpg day51/0390.jpg right 1364.0,446.0 -0.06959748,0.24623488 -95.45132,-17.16481,538.6902 0.19893805555555555,0.19893799999999998 306,231,574,499 341,305,404,342 472,298,542,340
p01\face\2445.jpg p01\left\2445.jpg p01\right\2445.jpg p01\grid\2445.jpg day42/0134.jpg right 410.0,330.0 -0.056687683,0.4156897 3.049737,-2.222079,456.24277 0.19893805555555555,0.19893799999999998 477,244,789,556 517,322,596,369 677,332,750,375
p01\face\2446.jpg p01\left\2446.jpg p01\right\2446.jpg p01\grid\2446.jpg day21/0091.jpg right 422.0,540.0 -0.063732505,0.371314 5.387765,-14.148804,453.0458 0.19893805555555555,0.19893799999999998 478,214,794,530 520,290,604,340 680,306,758,352
p01\face\2447.jpg p01\left\2447.jpg p01\right\2447.jpg p01\grid\2447.jpg day07/0012.jpg right 240.0,605.0 -0.023384595,-0.23732764 3.240181,-34.941376,441.75977 0.19893805555555555,0.19893799999999998 474,164,790,480 515,242,597,291 676,253,752,298
p01\face\2448.jpg p01\left\2448.jpg p01\right\2448.jpg p01\grid\2448.jpg day40/0018.jpg right 1308.0,739.0 0.034959767,0.3018059 1.93008,-20.182142,522.7105 0.19893805555555555,0.19893799999999998 496,225,763,492 533,292,596,329 666,297,733,337
p01\face\2449.jpg p01\left\2449.jpg p01\right\2449.jpg p01\grid\2449.jpg day12/0071.jpg right 787.0,798.0 -0.01988454,0.38232478 -11.878371,1.547642,545.702 0.19893805555555555,0.19893799999999998 472,270,733,531 507,336,573,375 638,341,702,379
p01\face\2450.jpg p01\left\2450.jpg p01\right\2450.jpg p01\grid\2450.jpg day33/0049.jpg right 1342.0,493.0 -0.0006369014,0.3050953 -51.192997,-11.251141,495.4956 0.19893805555555555,0.19893799999999998 373,233,662,522 412,311,481,352 552,307,630,353
p01\face\2451.jpg p01\left\2451.jpg p01\right\2451.jpg p01\grid\2451.jpg day55/0410.jpg right 1110.0,254.0 0.000980457,0.4569073 -12.971025,-7.198309,475.885 0.19893805555555555,0.19893799999999998 448,238,743,533 490,314,560,356 635,320,711,365
p01\face\2452.jpg p01\left\2452.jpg p01\right\2452.jpg p01\grid\2452.jpg day41/0380.jpg right 1287.0,188.0 0.01020753,0.30144688 -29.159664,-13.559615,603.42554 0.19893805555555555,0.19893799999999998 459,253,693,487 491,314,546,347 606,313,666,349
p01\face\2453.jpg p01\left\2453.jpg p01\right\2453.jpg p01\grid\2453.jpg day47/0228.jpg right 1117.0,534.0 0.0247356,0.40647992 6.681654,20.022137,537.9963 0.19893805555555555,0.19893799999999998 505,305,769,569 543,370,607,408 674,378,741,418
p01\face\2454.jpg p01\left\2454.jpg p01\right\2454.jpg p01\grid\2454.jpg day15/0027.jpg right 802.0,204.0 0.03025169,-0.21351284 15.789912,-61.97957,515.0333 0.19893805555555555,0.19893799999999998 522,137,793,408 559,204,626,244 695,211,762,251
p01\face\2455.jpg p01\left\2455.jpg p01\right\2455.jpg p01\grid\2455.jpg day27/0087.jpg right 41.0,395.0 -0.055777676,0.29214343 32.063152,12.283783,417.12915 0.19893805555555555,0.19893799999999998 533,273,875,615 578,350,669,404 755,371,834,418
p01\face\2456.jpg p01\left\2456.jpg p01\right\2456.jpg p01\grid\2456.jpg day06/0072.jpg right 469.0,257.0 -0.051911574,0.22140534 8.839561,-16.900778,450.13654 0.19893805555555555,0.19893799999999998 487,212,799,524 530,282,611,330 688,301,764,346
p01\face\2457.jpg p01\left\2457.jpg p01\right\2457.jpg p01\grid\2457.jpg day42/0015.jpg right 279.0,776.0 -0.17628327,-0.105870545 15.946796,-14.2166,402.20996 0.19893805555555555,0.19893799999999998 488,202,834,548 535,279,626,333 715,304,794,351
p01\face\2458.jpg p01\left\2458.jpg p01\right\2458.jpg p01\grid\2458.jpg day62/0003.jpg right 576.0,43.0 0.028199447,-0.29380113 9.39504,-57.61669,395.5479 0.19893805555555555,0.19893799999999998 471,82,823,434 520,166,610,220 697,183,784,235
p01\face\2459.jpg p01\left\2459.jpg p01\right\2459.jpg p01\grid\2459.jpg day20/0377.jpg right 1170.0,742.0 0.09561009,0.3087237 22.788618,-37.668198,611.41724 0.19893805555555555,0.19893799999999998 551,211,783,443 581,274,638,308 695,270,756,306
p01\face\2460.jpg p01\left\2460.jpg p01\right\2460.jpg p01\grid\2460.jpg day07/0220.jpg right 460.0,255.0 -0.057600714,0.3335867 -6.539092,-65.666,447.8122 0.19893805555555555,0.19893799999999998 451,92,767,408 492,171,573,219 654,182,729,227
p01\face\2461.jpg p01\left\2461.jpg p01\right\2461.jpg p01\grid\2461.jpg day43/0535.jpg right 746.0,594.0 0.011532926,0.35250896 26.87109,3.19353,500.66763 0.19893805555555555,0.19893799999999998 540,266,823,549 578,335,650,378 721,345,790,386
p01\face\2462.jpg p01\left\2462.jpg p01\right\2462.jpg p01\grid\2462.jpg day61/0297.jpg right 1223.0,361.0 -0.045498163,-0.23226994 -27.627235,-39.645958,459.99268 0.19893805555555555,0.19893799999999998 409,161,713,465 452,239,525,282 602,244,680,290
p01\face\2463.jpg p01\left\2463.jpg p01\right\2463.jpg p01\grid\2463.jpg day07/0235.jpg right 451.0,273.0 -0.08685477,0.48732308 -10.251575,40.74527,592.6691 0.19893805555555555,0.19893799999999998 489,347,726,584 520,406,581,442 640,413,697,447
p01\face\2464.jpg p01\left\2464.jpg p01\right\2464.jpg p01\grid\2464.jpg day17/0200.jpg right 532.0,151.0 0.01467691,0.49991152 18.79736,-9.592529,533.7729 0.19893805555555555,0.19893799999999998 532,245,796,509 566,314,633,354 699,318,763,356
p01\face\2465.jpg p01\left\2465.jpg p01\right\2465.jpg p01\grid\2465.jpg day63/0053.jpg right 755.0,805.0 -0.0204764,0.4634087 -10.634252,6.093274,488.16733 0.19893805555555555,0.19893799999999998 455,268,747,560 496,342,568,385 642,351,715,394
p01\face\2466.jpg p01\left\2466.jpg p01\right\2466.jpg p01\grid\2466.jpg day49/0370.jpg right 374.0,543.0 -0.008638163,0.43736523 31.306162,3.324274,490.03238 0.19893805555555555,0.19893799999999998 547,263,838,554 585,333,660,378 733,347,803,389
p01\face\2467.jpg p01\left\2467.jpg p01\right\2467.jpg p01\grid\2467.jpg day53/0327.jpg right 555.0,542.0 0.0040101176,0.40734705 16.83715,-12.737212,439.85184 0.19893805555555555,0.19893799999999998 502,214,827,539 546,295,627,343 711,306,790,353
p01\face\2468.jpg p01\left\2468.jpg p01\right\2468.jpg p01\grid\2468.jpg day67/0221.jpg right 1008.0,753.0 0.026402714,-0.25692263 4.369825,-4.222945,435.73264 0.19893805555555555,0.19893799999999998 475,236,793,554 520,314,599,361 677,327,758,375
p01\face\2469.jpg p01\left\2469.jpg p01\right\2469.jpg p01\grid\2469.jpg day41/0432.jpg right 715.0,841.0 -0.013351056,-0.27445742 -18.345259,-19.69965,564.4118 0.19893805555555555,0.19893799999999998 468,234,715,481 500,296,563,333 625,303,686,339
p01\face\2470.jpg p01\left\2470.jpg p01\right\2470.jpg p01\grid\2470.jpg day07/0138.jpg right 657.0,39.0 0.0061654737,0.31359896 1.505206,-51.25444,456.62088 0.19893805555555555,0.19893799999999998 473,130,786,443 514,211,593,258 671,215,749,261
p01\face\2471.jpg p01\left\2471.jpg p01\right\2471.jpg p01\grid\2471.jpg day13/0082.jpg right 462.0,651.0 0.027953839,-0.26851833 14.053072,-35.225803,489.39258 0.19893805555555555,0.19893799999999998 513,183,796,466 551,252,623,295 696,264,763,304
p01\face\2472.jpg p01\left\2472.jpg p01\right\2472.jpg p01\grid\2472.jpg day58/0648.jpg right 385.0,202.0 0.005338769,0.4512362 28.624535,-15.680257,452.06238 0.19893805555555555,0.19893799999999998 535,211,848,524 577,290,656,337 736,300,811,345
p01\face\2473.jpg p01\left\2473.jpg p01\right\2473.jpg p01\grid\2473.jpg day27/0524.jpg right 507.0,886.0 0.029170755,-0.17350481 12.206554,0.402171,497.63373 0.19893805555555555,0.19893799999999998 509,262,788,541 548,326,618,368 691,344,757,383
p01\face\2474.jpg p01\left\2474.jpg p01\right\2474.jpg p01\grid\2474.jpg day27/0323.jpg right 708.0,618.0 -0.059942972,0.44188493 -8.056374,30.790009,494.11572 0.19893805555555555,0.19893799999999998 463,323,752,612 502,395,575,438 647,403,719,446
p01\face\2475.jpg p01\left\2475.jpg p01\right\2475.jpg p01\grid\2475.jpg day41/0226.jpg right 1130.0,543.0 0.011844499,-0.045149587 -32.224125,15.574614,359.64056 0.19893805555555555,0.19893799999999998 334,270,725,661 388,367,484,424 581,375,681,435
p01\face\2476.jpg p01\left\2476.jpg p01\right\2476.jpg p01\grid\2476.jpg day15/0430.jpg right 221.0,560.0 -0.17206821,0.015876254 -15.217464,-28.715092,487.94833 0.19893805555555555,0.19893799999999998 447,197,736,486 483,264,561,310 631,277,700,318
p01\face\2477.jpg p01\left\2477.jpg p01\right\2477.jpg p01\grid\2477.jpg day41/0481.jpg right 421.0,723.0 0.023882031,-0.23746939 13.679321,-9.56863,566.6936 0.19893805555555555,0.19893799999999998 528,254,774,500 560,315,623,352 685,322,745,358
p01\face\2478.jpg p01\left\2478.jpg p01\right\2478.jpg p01\grid\2478.jpg day59/0098.jpg right 1032.0,803.0 0.03824104,-0.17532738 10.10023,-8.471433,428.4217 0.19893805555555555,0.19893799999999998 485,224,810,549 533,304,611,350 693,316,777,366
p01\face\2479.jpg p01\left\2479.jpg p01\right\2479.jpg p01\grid\2479.jpg day53/0457.jpg right 1259.0,197.0 0.043754444,0.36610004 -7.815192,-11.219325,456.25012 0.19893805555555555,0.19893799999999998 451,224,761,534 496,304,569,347 649,309,728,356
p01\face\2480.jpg p01\left\2480.jpg p01\right\2480.jpg p01\grid\2480.jpg day53/0583.jpg right 132.0,417.0 -0.009309534,0.4744428 38.85311,26.093102,489.07465 0.19893805555555555,0.19893799999999998 564,313,855,604 601,383,677,428 750,396,819,437
p01\face\2481.jpg p01\left\2481.jpg p01\right\2481.jpg p01\grid\2481.jpg day04/0031.jpg right 410.0,68.0 -0.043604232,0.38462475 -6.346695,-15.817246,521.94135 0.19893805555555555,0.19893799999999998 478,231,749,502 512,300,582,342 650,305,716,344
p01\face\2482.jpg p01\left\2482.jpg p01\right\2482.jpg p01\grid\2482.jpg day41/0450.jpg right 932.0,401.0 -0.03661607,0.38348895 -31.510937,-2.611689,585.09045 0.19893805555555555,0.19893799999999998 447,267,691,511 480,331,541,367 600,332,663,369
p01\face\2483.jpg p01\left\2483.jpg p01\right\2483.jpg p01\grid\2483.jpg day03/0535.jpg right 1242.0,341.0 -0.04324508,0.27335945 -55.043354,-17.693659,560.32227 0.19893805555555555,0.19893799999999998 395,236,650,491 430,302,491,338 555,303,621,342
p01\face\2484.jpg p01\left\2484.jpg p01\right\2484.jpg p01\grid\2484.jpg day43/0104.jpg right 208.0,434.0 -0.053242918,0.2113021 27.675882,-38.464607,501.4806 0.19893805555555555,0.19893799999999998 541,180,823,462 578,245,653,290 723,260,790,300
p01\face\2485.jpg p01\left\2485.jpg p01\right\2485.jpg p01\grid\2485.jpg day66/0029.jpg right 1348.0,738.0 0.11195329,0.4451031 32.248184,11.19623,439.4405 0.19893805555555555,0.19893799999999998 543,271,870,598 583,359,665,408 749,356,828,403
p01\face\2486.jpg p01\left\2486.jpg p01\right\2486.jpg p01\grid\2486.jpg day59/0097.jpg right 918.0,425.0 0.03345199,0.31242958 10.994737,-14.732158,435.714 0.19893805555555555,0.19893799999999998 485,209,812,536 534,288,613,335 695,302,779,352
p01\face\2487.jpg p01\left\2487.jpg p01\right\2487.jpg p01\grid\2487.jpg day12/0564.jpg right 1103.0,168.0 0.038855426,-0.08613719 6.591634,-25.751076,449.21884 0.19893805555555555,0.19893799999999998 484,192,793,501 530,265,602,308 683,279,761,325
p01\face\2488.jpg p01\left\2488.jpg p01\right\2488.jpg p01\grid\2488.jpg day49/0002.jpg right 135.0,260.0 -0.24229722,-0.12990464 41.260612,-50.01241,377.04617 0.19893805555555555,0.19893799999999998 554,97,912,455 602,173,698,230 793,203,869,248
p01\face\2489.jpg p01\left\2489.jpg p01\right\2489.jpg p01\grid\2489.jpg day49/0384.jpg right 213.0,460.0 -0.0283781,0.35488763 35.374798,-21.594707,486.2415 0.19893805555555555,0.19893799999999998 555,210,846,501 594,278,669,323 743,294,812,335
p01\face\2490.jpg p01\left\2490.jpg p01\right\2490.jpg p01\grid\2490.jpg day52/0324.jpg right 551.0,27.0 0.0026890987,0.36035517 21.86836,-1.804529,492.15253 0.19893805555555555,0.19893799999999998 527,253,816,542 565,324,640,369 712,334,782,376
p01\face\2491.jpg p01\left\2491.jpg p01\right\2491.jpg p01\grid\2491.jpg day22/0160.jpg right 621.0,172.0 -0.06397396,0.4785532 2.647902,23.33503,481.5811 0.19893805555555555,0.19893799999999998 483,305,780,602 521,379,599,425 671,388,744,431
p01\face\2492.jpg p01\left\2492.jpg p01\right\2492.jpg p01\grid\2492.jpg day44/0084.jpg right 543.0,647.0 -0.034049172,0.3177364 25.002443,-16.909206,511.82553 0.19893805555555555,0.19893799999999998 536,227,812,503 575,290,647,333 715,308,782,348
p01\face\2493.jpg p01\left\2493.jpg p01\right\2493.jpg p01\grid\2493.jpg day03/0538.jpg right 469.0,31.0 -0.04590227,0.40086442 3.29214,-33.250168,450.90192 0.19893805555555555,0.19893799999999998 477,171,789,483 518,249,597,296 676,259,751,304
p01\face\2494.jpg p01\left\2494.jpg p01\right\2494.jpg p01\grid\2494.jpg day03/0309.jpg right 250.0,822.0 0.0028520676,-0.046523076 17.149876,35.352882,483.2237 0.19893805555555555,0.19893799999999998 518,337,806,625 555,404,630,449 704,417,771,457
p01\face\2495.jpg p01\left\2495.jpg p01\right\2495.jpg p01\grid\2495.jpg day45/0484.jpg right 1010.0,320.0 0.01661255,-0.11486069 3.875779,23.673273,482.4262 0.19893805555555555,0.19893799999999998 489,309,780,600 528,382,600,425 673,388,746,431
p01\face\2496.jpg p01\left\2496.jpg p01\right\2496.jpg p01\grid\2496.jpg day45/0645.jpg right 172.0,505.0 -0.035897065,-0.11732781 15.803719,12.606656,557.2541 0.19893805555555555,0.19893799999999998 526,292,782,548 558,352,627,393 692,365,750,399
p01\face\2497.jpg p01\left\2497.jpg p01\right\2497.jpg p01\grid\2497.jpg day31/0305.jpg right 1034.0,699.0 0.019291693,-0.1763941 -1.969371,6.024347,429.51068 0.19893805555555555,0.19893799999999998 458,260,782,584 503,341,581,387 664,350,745,398
p01\face\2498.jpg p01\left\2498.jpg p01\right\2498.jpg p01\grid\2498.jpg day09/0011.jpg right 511.0,692.0 -0.0071861357,-0.3109836 -15.581656,-28.26137,408.7303 0.19893805555555555,0.19893799999999998 412,166,751,505 458,246,546,298 631,267,712,315
p01\face\2499.jpg p01\left\2499.jpg p01\right\2499.jpg p01\grid\2499.jpg day38/0398.jpg right 984.0,165.0 -0.00250352,0.53552306 -30.101341,43.575935,599.48645 0.19893805555555555,0.19893799999999998 453,351,690,588 487,412,544,446 604,415,665,451
p01\face\2500.jpg p01\left\2500.jpg p01\right\2500.jpg p01\grid\2500.jpg day57/0116.jpg right 103.0,392.0 0.024107043,-0.10053159 42.628895,-12.700875,388.6732 0.19893805555555555,0.19893799999999998 557,201,915,559 608,282,698,336 792,307,876,357
p01\face\2501.jpg p01\left\2501.jpg p01\right\2501.jpg p01\grid\2501.jpg day44/0187.jpg right 16.0,654.0 0.16082539,-0.1649165 13.830215,8.875609,481.36887 0.19893805555555555,0.19893799999999998 512,276,803,567 547,344,623,389 699,359,765,398
p01\face\2502.jpg p01\left\2502.jpg p01\right\2502.jpg p01\grid\2502.jpg day63/0573.jpg right 1059.0,650.0 -0.012938152,0.46276575 -15.392991,26.989244,659.0463 0.19893805555555555,0.19893799999999998 496,325,710,539 523,382,577,414 630,381,684,413
p01\face\2503.jpg p01\left\2503.jpg p01\right\2503.jpg p01\grid\2503.jpg day38/0289.jpg right 1369.0,638.0 0.022947198,-0.3045094 -5.077207,-29.792236,389.058 0.19893805555555555,0.19893799999999998 436,154,788,506 485,248,566,296 658,250,749,304
p01\face\2504.jpg p01\left\2504.jpg p01\right\2504.jpg p01\grid\2504.jpg day42/0576.jpg right 1085.0,480.0 0.027507855,-0.2512568 1.034007,-50.66596,470.69482 0.19893805555555555,0.19893799999999998 480,140,778,438 520,218,593,261 666,219,744,265
p01\face\2505.jpg p01\left\2505.jpg p01\right\2505.jpg p01\grid\2505.jpg day38/0116.jpg right 444.0,859.0 -0.027877457,0.39854386 35.951115,8.262299,552.5119 0.19893805555555555,0.19893799999999998 564,284,819,539 600,342,667,382 730,361,791,397
p01\face\2506.jpg p01\left\2506.jpg p01\right\2506.jpg p01\grid\2506.jpg day23/0206.jpg right 186.0,743.0 -0.011120987,0.42317736 25.158735,18.399284,556.22424 0.19893805555555555,0.19893799999999998 546,304,799,557 580,366,644,404 709,376,770,412
p01\face\2507.jpg p01\left\2507.jpg p01\right\2507.jpg p01\grid\2507.jpg day42/0449.jpg right 168.0,897.0 -0.011872971,-0.19176395 11.38661,24.930716,491.9337 0.19893805555555555,0.19893799999999998 508,313,790,595 545,383,618,426 690,392,756,431
p01\face\2508.jpg p01\left\2508.jpg p01\right\2508.jpg p01\grid\2508.jpg day61/0432.jpg right 168.0,797.0 -0.0071017873,0.3532779 29.646393,-31.74575,498.71902 0.19893805555555555,0.19893799999999998 543,190,829,476 583,260,656,303 727,273,797,315
p01\face\2509.jpg p01\left\2509.jpg p01\right\2509.jpg p01\grid\2509.jpg day38/0007.jpg right 609.0,49.0 -0.03327366,0.47809184 7.380227,1.046705,446.037 0.19893805555555555,0.19893799999999998 485,252,797,564 528,327,607,374 686,340,761,385
p01\face\2510.jpg p01\left\2510.jpg p01\right\2510.jpg p01\grid\2510.jpg day17/0100.jpg right 671.0,514.0 -0.055460714,0.1609885 -17.034185,-43.256268,415.32745 0.19893805555555555,0.19893799999999998 406,129,751,474 454,210,541,262 629,229,713,279
p01\face\2511.jpg p01\left\2511.jpg p01\right\2511.jpg p01\grid\2511.jpg day15/0291.jpg right 553.0,263.0 0.048202302,-0.19753812 21.66468,-39.158615,439.3798 0.19893805555555555,0.19893799999999998 516,153,835,472 559,230,640,278 721,244,799,290
p01\face\2512.jpg p01\left\2512.jpg p01\right\2512.jpg p01\grid\2512.jpg day38/0110.jpg right 348.0,593.0 -0.03742933,0.36106527 15.408408,5.951076,568.4969 0.19893805555555555,0.19893799999999998 529,282,778,531 562,342,626,380 689,352,749,388
p01\face\2513.jpg p01\left\2513.jpg p01\right\2513.jpg p01\grid\2513.jpg day66/0031.jpg right 132.0,458.0 0.06023863,0.4563281 54.26902,8.256193,436.02493 0.19893805555555555,0.19893799999999998 596,265,921,590 637,347,718,395 804,356,880,401
p01\face\2514.jpg p01\left\2514.jpg p01\right\2514.jpg p01\grid\2514.jpg day07/0049.jpg right 732.0,418.0 -0.028672872,0.34550864 -9.681391,-37.29036,508.75055 0.19893805555555555,0.19893799999999998 466,183,745,462 503,254,573,296 642,259,712,301
p01\face\2515.jpg p01\left\2515.jpg p01\right\2515.jpg p01\grid\2515.jpg day49/0124.jpg right 983.0,888.0 -0.048827667,0.40029952 7.341831,-35.12338,511.45584 0.19893805555555555,0.19893799999999998 503,189,776,462 540,255,609,296 678,268,745,308
p01\face\2516.jpg p01\left\2516.jpg p01\right\2516.jpg p01\grid\2516.jpg day58/0393.jpg right 690.0,879.0 0.056598976,-0.27324647 20.006384,-31.047628,435.73236 0.19893805555555555,0.19893799999999998 512,172,830,490 557,247,636,294 718,266,794,311
p01\face\2517.jpg p01\left\2517.jpg p01\right\2517.jpg p01\grid\2517.jpg day62/0265.jpg right 726.0,728.0 -0.0076762713,-0.30900937 -5.948674,-16.327614,365.31094 0.19893805555555555,0.19893799999999998 418,180,793,555 471,274,562,328 658,287,751,342
p01\face\2518.jpg p01\left\2518.jpg p01\right\2518.jpg p01\grid\2518.jpg day21/0131.jpg right 282.0,113.0 -0.07572646,0.3341469 5.534056,-20.198471,576.11707 0.19893805555555555,0.19893799999999998 512,235,758,481 545,294,608,331 667,304,730,341
p01\face\2519.jpg p01\left\2519.jpg p01\right\2519.jpg p01\grid\2519.jpg day54/0165.jpg right 752.0,692.0 0.0053653033,-0.15323175 10.048184,13.782663,446.60352 0.19893805555555555,0.19893799999999998 491,282,803,594 535,359,611,404 692,370,768,415
p01\face\2520.jpg p01\left\2520.jpg p01\right\2520.jpg p01\grid\2520.jpg day52/0219.jpg right 1360.0,31.0 -0.031630512,0.25996765 -60.1615,-7.743988,531.4527 0.19893805555555555,0.19893799999999998 370,248,641,519 408,318,474,357 540,319,612,362
p01\face\2521.jpg p01\left\2521.jpg p01\right\2521.jpg p01\grid\2521.jpg day63/0359.jpg right 225.0,24.0 -0.012343645,0.32985294 36.400204,-52.365047,455.19693 0.19893805555555555,0.19893799999999998 552,127,864,439 595,203,674,250 753,218,828,263
p01\face\2522.jpg p01\left\2522.jpg p01\right\2522.jpg p01\grid\2522.jpg day42/0189.jpg right 376.0,859.0 -0.08581263,0.46227425 -33.429485,3.434744,533.4151 0.19893805555555555,0.19893799999999998 427,270,694,537 460,340,529,381 596,343,660,381
p01\face\2523.jpg p01\left\2523.jpg p01\right\2523.jpg p01\grid\2523.jpg day52/0322.jpg right 672.0,27.0 0.0029825983,0.33445626 28.856499,-3.000617,493.71448 0.19893805555555555,0.19893799999999998 541,251,830,540 580,320,655,365 726,332,798,375
p01\face\2524.jpg p01\left\2524.jpg p01\right\2524.jpg p01\grid\2524.jpg day42/0274.jpg right 850.0,899.0 -0.05744531,-0.27120227 -21.779686,-35.381115,446.83463 0.19893805555555555,0.19893799999999998 420,166,730,476 460,248,536,293 616,250,692,295
p01\face\2525.jpg p01\left\2525.jpg p01\right\2525.jpg p01\grid\2525.jpg day11/0163.jpg right 976.0,421.0 -0.041978184,-0.15826988 -25.674488,13.909802,389.70978 0.19893805555555555,0.19893799999999998 377,273,732,628 427,363,511,413 603,370,693,424
p01\face\2526.jpg p01\left\2526.jpg p01\right\2526.jpg p01\grid\2526.jpg day55/0087.jpg right 672.0,436.0 -0.05250962,0.36659712 -15.562107,27.632895,532.30536 0.19893805555555555,0.19893799999999998 459,320,726,587 497,384,564,424 631,395,697,434
p01\face\2527.jpg p01\left\2527.jpg p01\right\2527.jpg p01\grid\2527.jpg day67/0067.jpg right 897.0,171.0 -0.011984654,0.41386756 -1.207081,12.485078,565.12524 0.19893805555555555,0.19893799999999998 497,293,749,545 531,356,594,393 657,363,720,400
p01\face\2528.jpg p01\left\2528.jpg p01\right\2528.jpg p01\grid\2528.jpg day23/0205.jpg right 1136.0,460.0 0.0060229804,-0.18429865 1.914967,14.179293,548.85596 0.19893805555555555,0.19893799999999998 502,296,755,549 538,361,599,397 663,366,727,404
p01\face\2529.jpg p01\left\2529.jpg p01\right\2529.jpg p01\grid\2529.jpg day67/0086.jpg right 746.0,81.0 -0.23651916,-0.08532611 35.74834,-32.572376,485.73383 0.19893805555555555,0.19893799999999998 559,191,841,473 595,255,670,300 743,271,806,308
p01\face\2530.jpg p01\left\2530.jpg p01\right\2530.jpg p01\grid\2530.jpg day54/0459.jpg right 1035.0,101.0 0.0055708084,0.41358262 24.324911,-9.12809,440.01785 0.19893805555555555,0.19893799999999998 521,224,843,546 565,303,646,351 728,315,807,362
p01\face\2531.jpg p01\left\2531.jpg p01\right\2531.jpg p01\grid\2531.jpg day51/0200.jpg right 80.0,577.0 -0.007495706,0.34475353 49.89265,35.039787,511.0868 0.19893805555555555,0.19893799999999998 588,334,867,613 624,397,699,442 768,415,834,454
p01\face\2532.jpg p01\left\2532.jpg p01\right\2532.jpg p01\grid\2532.jpg day45/0606.jpg right 1142.0,721.0 0.0036927152,-0.09421968 -19.290047,13.945332,482.36798 0.19893805555555555,0.19893799999999998 440,288,731,579 480,366,547,406 621,362,697,407
p01\face\2533.jpg p01\left\2533.jpg p01\right\2533.jpg p01\grid\2533.jpg day67/0123.jpg right 1288.0,870.0 0.036603115,-0.24712133 -1.947557,-2.575394,497.3004 0.19893805555555555,0.19893799999999998 480,254,759,533 519,321,589,363 658,335,728,377
p01\face\2534.jpg p01\left\2534.jpg p01\right\2534.jpg p01\grid\2534.jpg day58/0299.jpg right 1034.0,330.0 0.02264621,-0.38227275 7.730886,-99.93598,512.5509 0.19893805555555555,0.19893799999999998 504,56,777,329 543,125,609,164 677,132,747,174
p01\face\2535.jpg p01\left\2535.jpg p01\right\2535.jpg p01\grid\2535.jpg day65/0090.jpg right 1212.0,217.0 -0.020048622,-0.011900932 -54.464684,-28.410929,386.79984 0.19893805555555555,0.19893799999999998 288,152,661,525 342,246,432,300 522,252,622,312
p01\face\2536.jpg p01\left\2536.jpg p01\right\2536.jpg p01\grid\2536.jpg day12/0321.jpg right 669.0,359.0 -0.04331954,0.46221638 0.681459,4.99938,536.8017 0.19893805555555555,0.19893799999999998 494,275,758,539 530,340,597,380 663,350,727,388
p01\face\2537.jpg p01\left\2537.jpg p01\right\2537.jpg p01\grid\2537.jpg day01/0445.jpg right 341.0,431.0 -0.027622262,0.3821485 4.441123,27.478294,638.0507 0.19893805555555555,0.19893799999999998 523,326,745,548 551,381,608,415 664,386,718,418
p01\face\2538.jpg p01\left\2538.jpg p01\right\2538.jpg p01\grid\2538.jpg day41/0256.jpg right 775.0,644.0 -0.029473903,-0.13241921 -18.782906,27.634195,459.99323 0.19893805555555555,0.19893799999999998 429,315,735,621 470,393,546,438 623,398,699,443
p01\face\2539.jpg p01\left\2539.jpg p01\right\2539.jpg p01\grid\2539.jpg day20/0572.jpg right 582.0,268.0 -0.06474797,0.40199754 -9.513518,-12.957496,502.2288 0.19893805555555555,0.19893799999999998 465,233,745,513 502,302,572,344 645,312,712,352
p01\face\2540.jpg p01\left\2540.jpg p01\right\2540.jpg p01\grid\2540.jpg day27/0469.jpg right 1341.0,645.0 0.00041943137,-0.1146266 16.872662,40.637554,589.47076 0.19893805555555555,0.19893799999999998 539,348,776,585 572,411,627,444 686,408,749,445
p01\face\2541.jpg p01\left\2541.jpg p01\right\2541.jpg p01\grid\2541.jpg day03/0413.jpg right 62.0,307.0 0.038342662,0.3827445 49.61387,21.775162,549.4495 0.19893805555555555,0.19893799999999998 593,310,851,568 626,374,692,413 758,381,819,417
p01\face\2542.jpg p01\left\2542.jpg p01\right\2542.jpg p01\grid\2542.jpg day36/0091.jpg right 59.0,707.0 -0.10976337,0.13587113 19.045357,20.776674,405.69263 0.19893805555555555,0.19893799999999998 503,299,842,638 548,374,638,428 720,391,802,440
p01\face\2543.jpg p01\left\2543.jpg p01\right\2543.jpg p01\grid\2543.jpg day45/0127.jpg right 716.0,687.0 -0.030289764,-0.30161324 -27.010956,-38.666637,515.5571 0.19893805555555555,0.19893799999999998 433,184,703,454 470,249,539,290 607,262,673,301
p01\face\2544.jpg p01\left\2544.jpg p01\right\2544.jpg p01\grid\2544.jpg day67/0129.jpg right 404.0,425.0 0.048655637,-0.20760727 17.768553,-14.943918,507.07187 0.19893805555555555,0.19893799999999998 522,231,796,505 561,295,631,337 700,311,767,351
p01\face\2545.jpg p01\left\2545.jpg p01\right\2545.jpg p01\grid\2545.jpg day32/0198.jpg right 454.0,806.0 0.029970853,-0.09728834 5.239277,8.917271,469.68842 0.19893805555555555,0.19893799999999998 486,276,781,571 529,344,602,387 678,362,750,405
p01\face\2546.jpg p01\left\2546.jpg p01\right\2546.jpg p01\grid\2546.jpg day16/0261.jpg right 952.0,366.0 0.034043044,-0.24161965 8.947945,-1.830391,467.8553 0.19893805555555555,0.19893799999999998 497,250,794,547 538,325,610,368 685,332,760,377
p01\face\2547.jpg p01\left\2547.jpg p01\right\2547.jpg p01\grid\2547.jpg day52/0206.jpg right 1040.0,470.0 -0.1003874,-0.15674974 -74.81172,2.33138,533.5872 0.19893805555555555,0.19893799999999998 343,269,610,536 380,336,446,375 513,343,580,383
p01\face\2548.jpg p01\left\2548.jpg p01\right\2548.jpg p01\grid\2548.jpg day23/0105.jpg right 645.0,5.0 -0.047868643,-0.109597236 -20.726015,-42.361237,384.07645 0.19893805555555555,0.19893799999999998 384,116,751,483 431,206,527,263 616,216,707,270
p01\face\2549.jpg p01\left\2549.jpg p01\right\2549.jpg p01\grid\2549.jpg day57/0217.jpg right 744.0,551.0 0.048564013,-0.23303491 29.814955,-38.028286,458.9944 0.19893805555555555,0.19893799999999998 540,165,844,469 582,239,658,284 735,251,810,296
p01\face\2550.jpg p01\left\2550.jpg p01\right\2550.jpg p01\grid\2550.jpg day48/0156.jpg right 790.0,367.0 0.006567227,-0.29041204 16.078045,-50.79166,550.35095 0.19893805555555555,0.19893799999999998 530,171,785,426 563,237,627,275 690,239,754,277
p01\face\2551.jpg p01\left\2551.jpg p01\right\2551.jpg p01\grid\2551.jpg day13/0117.jpg right 420.0,644.0 0.02328817,-0.2573971 14.412223,-31.98197,509.69324 0.19893805555555555,0.19893799999999998 518,196,791,469 554,262,624,304 693,274,759,313
p01\face\2552.jpg p01\left\2552.jpg p01\right\2552.jpg p01\grid\2552.jpg day67/0029.jpg right 1352.0,385.0 0.025242535,-0.09672236 -7.146795,-5.221839,420.20618 0.19893805555555555,0.19893799999999998 439,232,769,562 488,308,567,355 651,326,735,376
p01\face\2553.jpg p01\left\2553.jpg p01\right\2553.jpg p01\grid\2553.jpg day10/0163.jpg right 656.0,218.0 0.038550753,0.3903947 24.768723,-21.305244,540.46326 0.19893805555555555,0.19893799999999998 542,223,806,487 578,290,644,329 709,296,776,336
p01\face\2554.jpg p01\left\2554.jpg p01\right\2554.jpg p01\grid\2554.jpg day17/0162.jpg right 40.0,225.0 -0.13627647,-0.104670145 51.884193,-28.005419,429.80655 0.19893805555555555,0.19893799999999998 587,177,914,504 626,254,717,308 801,269,870,310
p01\face\2555.jpg p01\left\2555.jpg p01\right\2555.jpg p01\grid\2555.jpg day20/0042.jpg right 585.0,65.0 -0.023114543,0.5784936 14.879463,31.26053,547.24884 0.19893805555555555,0.19893799999999998 525,327,781,583 560,390,626,429 689,401,752,438
p01\face\2556.jpg p01\left\2556.jpg p01\right\2556.jpg p01\grid\2556.jpg day27/0078.jpg right 596.0,480.0 -0.062038396,0.3419222 -10.161248,11.839916,455.07913 0.19893805555555555,0.19893799999999998 444,277,759,592 486,355,564,401 645,364,721,409
p01\face\2557.jpg p01\left\2557.jpg p01\right\2557.jpg p01\grid\2557.jpg day44/0046.jpg right 1142.0,284.0 0.0038423336,-0.225329 -4.019092,-17.384632,445.89056 0.19893805555555555,0.19893799999999998 459,209,769,519 503,286,578,331 657,295,736,342
p01\face\2558.jpg p01\left\2558.jpg p01\right\2558.jpg p01\grid\2558.jpg day17/0512.jpg right 1072.0,328.0 -0.010140186,0.37148252 -5.587261,-22.464624,439.92535 0.19893805555555555,0.19893799999999998 451,193,772,514 495,275,573,321 656,280,735,327
p01\face\2559.jpg p01\left\2559.jpg p01\right\2559.jpg p01\grid\2559.jpg day03/0367.jpg right 442.0,451.0 -0.021670904,-0.1319123 -6.855803,0.56029,465.25452 0.19893805555555555,0.19893799999999998 461,255,762,556 498,332,576,378 651,335,724,378
p01\face\2560.jpg p01\left\2560.jpg p01\right\2560.jpg p01\grid\2560.jpg day22/0100.jpg right 1439.0,105.0 -0.17162436,-0.17220749 -8.917017,23.171106,560.26416 0.19893805555555555,0.19893799999999998 480,314,729,563 519,376,576,410 644,383,705,419
p01\face\2561.jpg p01\left\2561.jpg p01\right\2561.jpg p01\grid\2561.jpg day44/0174.jpg right 138.0,117.0 -0.13890643,0.34468696 -11.321731,-44.151695,511.6161 0.19893805555555555,0.19893799999999998 465,171,738,444 500,236,573,279 639,249,705,288
p01\face\2562.jpg p01\left\2562.jpg p01\right\2562.jpg p01\grid\2562.jpg day42/0559.jpg right 77.0,866.0 -0.008637462,0.25537443 29.699827,-52.40047,488.23218 0.19893805555555555,0.19893799999999998 543,143,835,435 581,214,657,259 730,225,800,267
p01\face\2563.jpg p01\left\2563.jpg p01\right\2563.jpg p01\grid\2563.jpg day65/0272.jpg right 413.0,51.0 0.010661714,-0.18463181 -8.901425,2.698151,447.8503 0.19893805555555555,0.19893799999999998 447,255,760,568 488,331,569,379 646,343,724,389
p01\face\2564.jpg p01\left\2564.jpg p01\right\2564.jpg p01\grid\2564.jpg day53/0162.jpg right 690.0,352.0 -0.11295097,-0.19220012 11.121457,-8.061634,563.5844 0.19893805555555555,0.19893799999999998 520,256,769,505 553,317,616,354 684,325,739,358
p01\face\2565.jpg p01\left\2565.jpg p01\right\2565.jpg p01\grid\2565.jpg day12/0168.jpg right 318.0,699.0 -0.07017744,0.5714015 -8.691528,50.865253,516.3987 0.19893805555555555,0.19893799999999998 471,366,745,640 506,434,576,476 646,442,712,481
p01\face\2566.jpg p01\left\2566.jpg p01\right\2566.jpg p01\grid\2566.jpg day59/0611.jpg right 1070.0,374.0 -0.002298905,-0.15592457 -14.244674,20.665834,462.24573 0.19893805555555555,0.19893799999999998 442,300,743,601 484,377,557,420 632,382,710,428
p01\face\2567.jpg p01\left\2567.jpg p01\right\2567.jpg p01\grid\2567.jpg day48/0236.jpg right 598.0,812.0 -0.013350828,0.5017039 3.146847,16.85369,489.4702 0.19893805555555555,0.19893799999999998 489,293,778,582 526,368,599,411 672,371,742,413
p01\face\2568.jpg p01\left\2568.jpg p01\right\2568.jpg p01\grid\2568.jpg day55/0027.jpg right 196.0,495.0 -0.006967462,0.32573268 42.29345,-27.397524,463.63898 0.19893805555555555,0.19893799999999998 564,188,871,495 607,257,691,307 762,280,838,325
p01\face\2569.jpg p01\left\2569.jpg p01\right\2569.jpg p01\grid\2569.jpg day52/0516.jpg right 432.0,218.0 -0.082467325,0.373614 -7.583451,0.840442,518.0872 0.19893805555555555,0.19893799999999998 473,264,747,538 508,331,580,374 648,341,714,380
p01\face\2570.jpg p01\left\2570.jpg p01\right\2570.jpg p01\grid\2570.jpg day52/0678.jpg right 1347.0,817.0 0.039748304,0.35235876 8.773513,-16.489965,467.22324 0.19893805555555555,0.19893799999999998 491,215,795,519 536,291,608,334 685,299,764,346
p01\face\2571.jpg p01\left\2571.jpg p01\right\2571.jpg p01\grid\2571.jpg day10/0035.jpg right 1420.0,512.0 -0.014387124,0.46738398 -20.938646,-2.197004,527.45294 0.19893805555555555,0.19893799999999998 450,259,717,526 487,329,551,367 618,331,687,372
p01\face\2572.jpg p01\left\2572.jpg p01\right\2572.jpg p01\grid\2572.jpg day50/0186.jpg right 1051.0,33.0 -0.03676616,0.2930266 -34.524174,-30.811064,510.9695 0.19893805555555555,0.19893799999999998 413,196,695,478 451,267,521,309 591,273,663,316
p01\face\2573.jpg p01\left\2573.jpg p01\right\2573.jpg p01\grid\2573.jpg day23/0182.jpg right 352.0,386.0 -0.037139054,0.40018722 20.146154,-17.694012,511.01993 0.19893805555555555,0.19893799999999998 529,225,805,501 565,291,637,334 705,303,772,343
p01\face\2574.jpg p01\left\2574.jpg p01\right\2574.jpg p01\grid\2574.jpg day49/0142.jpg right 174.0,733.0 -0.19469112,-0.13484941 10.148201,-88.320305,500.4839 0.19893805555555555,0.19893799999999998 501,74,783,356 538,134,616,180 686,160,749,197
p01\face\2575.jpg p01\left\2575.jpg p01\right\2575.jpg p01\grid\2575.jpg day61/0127.jpg right 1101.0,754.0 0.030611763,-0.14911115 3.91331,-26.597343,406.64114 0.19893805555555555,0.19893799999999998 463,171,806,514 511,256,593,305 681,265,768,317
p01\face\2576.jpg p01\left\2576.jpg p01\right\2576.jpg p01\grid\2576.jpg day44/0008.jpg right 740.0,403.0 -0.034666568,0.19778764 8.545931,-21.36428,499.39407 0.19893805555555555,0.19893799999999998 499,214,785,500 538,283,611,326 682,294,752,336
p01\face\2577.jpg p01\left\2577.jpg p01\right\2577.jpg p01\grid\2577.jpg day53/0507.jpg right 875.0,655.0 -0.0026472851,-0.27034578 3.558394,-38.349243,529.8095 0.19893805555555555,0.19893799999999998 501,190,763,452 537,255,601,293 668,263,734,302
p01\face\2578.jpg p01\left\2578.jpg p01\right\2578.jpg p01\grid\2578.jpg day34/0287.jpg right 13.0,640.0 -0.06898858,0.1885982 40.14743,-28.609415,481.22128 0.19893805555555555,0.19893799999999998 565,196,854,485 605,259,683,305 753,281,822,322
p01\face\2579.jpg p01\left\2579.jpg p01\right\2579.jpg p01\grid\2579.jpg day60/0147.jpg right 1329.0,37.0 0.04167587,0.3127438 -38.623325,6.90442,490.49283 0.19893805555555555,0.19893799999999998 400,275,686,561 440,349,507,389 579,347,654,392
p01\face\2580.jpg p01\left\2580.jpg p01\right\2580.jpg p01\grid\2580.jpg day53/0459.jpg right 767.0,593.0 0.0033005488,0.43363485 5.842336,-5.828264,443.45282 0.19893805555555555,0.19893799999999998 479,233,798,552 523,313,601,359 683,322,762,369
p01\face\2581.jpg p01\left\2581.jpg p01\right\2581.jpg p01\grid\2581.jpg day52/0034.jpg right 611.0,356.0 -0.08929154,0.3210156 -49.277237,-5.335427,627.0976 0.19893805555555555,0.19893799999999998 429,269,657,497 459,326,516,360 573,331,630,365
p01\face\2582.jpg p01\left\2582.jpg p01\right\2582.jpg p01\grid\2582.jpg day13/0055.jpg right 445.0,673.0 -0.023127075,-0.1951869 -8.156291,38.067883,491.8711 0.19893805555555555,0.19893799999999998 470,341,752,623 504,416,576,459 646,415,715,456
p01\face\2583.jpg p01\left\2583.jpg p01\right\2583.jpg p01\grid\2583.jpg day37/0255.jpg right 3.0,99.0 -0.13667537,0.28877974 22.6293,-89.24827,641.296 0.19893805555555555,0.19893799999999998 557,134,774,351 581,188,641,224 693,194,744,224
p01\face\2584.jpg p01\left\2584.jpg p01\right\2584.jpg p01\grid\2584.jpg day10/0079.jpg right 882.0,690.0 -0.031366408,0.47631922 15.265656,9.124014,488.0434 0.19893805555555555,0.19893799999999998 511,275,802,566 552,346,625,389 698,360,770,403
p01\face\2585.jpg p01\left\2585.jpg p01\right\2585.jpg p01\grid\2585.jpg day15/0015.jpg right 156.0,873.0 0.051119316,-0.27502355 41.17665,-53.55571,504.0801 0.19893805555555555,0.19893799999999998 571,149,848,426 609,215,681,258 750,228,817,268
p01\face\2586.jpg p01\left\2586.jpg p01\right\2586.jpg p01\grid\2586.jpg day66/0319.jpg right 930.0,133.0 -0.079329416,-0.29086 -32.336388,-39.099373,386.05353 0.19893805555555555,0.19893799999999998 352,124,715,487 404,214,492,266 583,228,676,283
p01\face\2587.jpg p01\left\2587.jpg p01\right\2587.jpg p01\grid\2587.jpg day17/0306.jpg right 1381.0,311.0 -0.0421299,0.24606323 -73.706184,-21.038954,468.7307 0.19893805555555555,0.19893799999999998 307,205,613,511 349,286,421,329 497,283,578,331
p01\face\2588.jpg p01\left\2588.jpg p01\right\2588.jpg p01\grid\2588.jpg day52/0759.jpg right 1191.0,29.0 0.027595371,0.34446374 -10.182158,-83.58977,513.07404 0.19893805555555555,0.19893799999999998 469,89,742,362 506,162,573,202 639,161,711,204
p01\face\2589.jpg p01\left\2589.jpg p01\right\2589.jpg p01\grid\2589.jpg day59/0484.jpg right 1373.0,510.0 0.02012834,-0.1466286 -7.972596,-29.008348,375.929 0.19893805555555555,0.19893799999999998 416,149,788,521 469,243,556,295 652,250,748,307
p01\face\2590.jpg p01\left\2590.jpg p01\right\2590.jpg p01\grid\2590.jpg day33/0047.jpg right 384.0,353.0 -0.117953,0.38464448 -11.944631,-14.055703,494.8949 0.19893805555555555,0.19893799999999998 457,229,742,514 493,297,569,342 638,309,707,350
p01\face\2591.jpg p01\left\2591.jpg p01\right\2591.jpg p01\grid\2591.jpg day20/0414.jpg right 560.0,742.0 -0.12203485,0.28761664 -49.96969,-53.447395,541.39026 0.19893805555555555,0.19893799999999998 395,161,657,423 431,225,498,265 564,237,627,274
p01\face\2592.jpg p01\left\2592.jpg p01\right\2592.jpg p01\grid\2592.jpg day12/0209.jpg right 983.0,147.0 0.12563944,0.4366617 64.96666,-30.65121,583.3049 0.19893805555555555,0.19893799999999998 622,215,866,459 655,280,715,316 777,282,838,318
p01\face\2593.jpg p01\left\2593.jpg p01\right\2593.jpg p01\grid\2593.jpg day51/0295.jpg right 497.0,494.0 -0.14413552,-0.0948478 25.034735,-19.106016,640.80005 0.19893805555555555,0.19893799999999998 557,251,774,468 586,303,640,335 700,312,748,340
p01\face\2594.jpg p01\left\2594.jpg p01\right\2594.jpg p01\grid\2594.jpg day16/0107.jpg right 252.0,153.0 -0.012640606,0.28766185 54.357773,-17.02272,415.08243 0.19893805555555555,0.19893799999999998 589,197,931,539 636,274,727,328 811,298,892,346
p01\face\2595.jpg p01\left\2595.jpg p01\right\2595.jpg p01\grid\2595.jpg day57/0177.jpg right 913.0,545.0 0.006558838,0.5099838 3.849586,15.410627,539.557 0.19893805555555555,0.19893799999999998 502,294,766,558 537,364,603,403 668,366,735,406
p01\face\2596.jpg p01\left\2596.jpg p01\right\2596.jpg p01\grid\2596.jpg day13/0003.jpg right 253.0,596.0 -0.079328224,0.2650488 -8.198086,-20.3031,436.31937 0.19893805555555555,0.19893799999999998 439,195,767,523 482,273,570,325 650,289,729,336
p01\face\2597.jpg p01\left\2597.jpg p01\right\2597.jpg p01\grid\2597.jpg day11/0132.jpg right 1025.0,684.0 0.010800614,-0.22252345 2.302617,-9.515948,511.80844 0.19893805555555555,0.19893799999999998 495,243,766,514 533,315,596,352 666,316,736,358
p01\face\2598.jpg p01\left\2598.jpg p01\right\2598.jpg p01\grid\2598.jpg day03/0102.jpg right 169.0,175.0 -0.25450307,0.06912043 -4.241195,-4.24346,471.0707 0.19893805555555555,0.19893799999999998 471,252,759,540 507,318,582,363 656,328,723,368
p01\face\2599.jpg p01\left\2599.jpg p01\right\2599.jpg p01\grid\2599.jpg day58/0694.jpg right 1362.0,547.0 0.05303365,0.4143802 -5.760789,7.693305,474.3257 0.19893805555555555,0.19893799999999998 462,271,762,571 505,348,575,390 652,352,730,398
p01\face\2600.jpg p01\left\2600.jpg p01\right\2600.jpg p01\grid\2600.jpg day45/0385.jpg right 348.0,771.0 0.05515276,-0.14015633 34.446987,28.491362,494.5492 0.19893805555555555,0.19893799999999998 556,320,839,603 593,387,668,432 737,401,806,442
p01\face\2601.jpg p01\left\2601.jpg p01\right\2601.jpg p01\grid\2601.jpg day52/0059.jpg right 709.0,729.0 -0.008646805,-0.2581086 -16.904736,-21.174538,494.943 0.19893805555555555,0.19893799999999998 449,214,731,496 486,285,556,327 627,292,697,334
p01\face\2602.jpg p01\left\2602.jpg p01\right\2602.jpg p01\grid\2602.jpg day27/0511.jpg right 13.0,59.0 -0.062544726,-0.05064045 42.018555,-81.8562,434.62296 0.19893805555555555,0.19893799999999998 562,48,887,373 606,123,688,172 772,141,850,187
p01\face\2603.jpg p01\left\2603.jpg p01\right\2603.jpg p01\grid\2603.jpg day37/0450.jpg right 331.0,174.0 -0.023284225,0.44835386 19.00002,56.22833,573.7234 0.19893805555555555,0.19893799999999998 536,375,783,622 569,434,633,472 695,445,755,481
p01\face\2604.jpg p01\left\2604.jpg p01\right\2604.jpg p01\grid\2604.jpg day20/0277.jpg right 1411.0,104.0 0.034601416,0.15588383 -21.61391,-10.373723,401.45834 0.19893805555555555,0.19893799999999998 392,213,740,561 443,297,524,345 615,308,703,360
p01\face\2605.jpg p01\left\2605.jpg p01\right\2605.jpg p01\grid\2605.jpg day58/0379.jpg right 447.0,419.0 0.043263577,-0.22565274 17.399721,-24.367716,439.05548 0.19893805555555555,0.19893799999999998 505,189,823,507 549,262,631,311 710,282,788,328
p01\face\2606.jpg p01\left\2606.jpg p01\right\2606.jpg p01\grid\2606.jpg day37/0362.jpg right 366.0,72.0 -0.060806125,0.43421608 5.374817,-9.019303,473.84628 0.19893805555555555,0.19893799999999998 487,233,787,533 526,306,604,352 679,318,751,361
p01\face\2607.jpg p01\left\2607.jpg p01\right\2607.jpg p01\grid\2607.jpg day58/0367.jpg right 1296.0,888.0 -0.0015615138,-0.19948958 -6.385783,-9.660476,549.4256 0.19893805555555555,0.19893799999999998 486,251,739,504 522,315,583,351 647,320,711,358
p01\face\2608.jpg p01\left\2608.jpg p01\right\2608.jpg p01\grid\2608.jpg day43/0177.jpg right 1317.0,811.0 -0.0042886753,-0.3018623 -10.221957,-55.387608,487.30878 0.19893805555555555,0.19893799999999998 460,138,746,424 499,210,569,252 641,217,714,260
p01\face\2609.jpg p01\left\2609.jpg p01\right\2609.jpg p01\grid\2609.jpg day49/0371.jpg right 682.0,112.0 0.0062132007,0.46331477 27.06393,-3.161858,489.8185 0.19893805555555555,0.19893799999999998 537,248,828,539 576,320,651,365 724,332,794,374
p01\face\2610.jpg p01\left\2610.jpg p01\right\2610.jpg p01\grid\2610.jpg day15/0110.jpg right 6.0,665.0 0.02986515,-0.11989163 46.451138,-32.82098,525.58075 0.19893805555555555,0.19893799999999998 583,200,850,467 621,263,688,303 755,275,821,314
p01\face\2611.jpg p01\left\2611.jpg p01\right\2611.jpg p01\grid\2611.jpg day19/0012.jpg right 882.0,61.0 -0.015535944,0.39292076 -8.643607,-34.09738,515.6138 0.19893805555555555,0.19893799999999998 471,191,745,465 507,262,576,303 644,267,713,308
p01\face\2612.jpg p01\left\2612.jpg p01\right\2612.jpg p01\grid\2612.jpg day03/0441.jpg right 724.0,759.0 0.07732332,-0.18734352 38.393723,2.258467,426.3536 0.19893805555555555,0.19893799999999998 556,251,881,576 601,330,682,378 764,343,845,391
p01\face\2613.jpg p01\left\2613.jpg p01\right\2613.jpg p01\grid\2613.jpg day23/0203.jpg right 547.0,807.0 -0.023294635,0.4728356 18.354897,19.702078,549.4515 0.19893805555555555,0.19893799999999998 531,305,789,563 566,368,632,407 696,379,759,416
p01\face\2614.jpg p01\left\2614.jpg p01\right\2614.jpg p01\grid\2614.jpg day20/0176.jpg right 612.0,113.0 0.0034112837,0.3585645 10.954494,-13.035896,502.52045 0.19893805555555555,0.19893799999999998 507,231,792,516 544,303,616,346 687,309,757,351
p01\face\2615.jpg p01\left\2615.jpg p01\right\2615.jpg p01\grid\2615.jpg day63/0391.jpg right 1150.0,561.0 -0.02258649,-0.25839913 -8.021763,-42.599518,442.92062 0.19893805555555555,0.19893799999999998 447,147,762,462 492,226,568,271 647,234,728,282
p01\face\2616.jpg p01\left\2616.jpg p01\right\2616.jpg p01\grid\2616.jpg day02/0219.jpg right 667.0,208.0 -0.0007813298,-0.18317984 3.072652,-21.416714,482.19437 0.19893805555555555,0.19893799999999998 486,211,775,500 526,281,599,324 671,292,743,335
p01\face\2617.jpg p01\left\2617.jpg p01\right\2617.jpg p01\grid\2617.jpg day58/0207.jpg right 1314.0,398.0 0.0119594345,0.4446243 -1.028489,33.99121,547.00555 0.19893805555555555,0.19893799999999998 493,332,754,593 529,399,592,436 658,403,725,443
p01\face\2618.jpg p01\left\2618.jpg p01\right\2618.jpg p01\grid\2618.jpg day12/0308.jpg right 674.0,660.0 -0.007225422,0.46740577 6.270113,-13.568037,551.15216 0.19893805555555555,0.19893799999999998 509,240,767,498 543,306,609,345 672,312,736,350
p01\face\2619.jpg p01\left\2619.jpg p01\right\2619.jpg p01\grid\2619.jpg day57/0206.jpg right 462.0,188.0 -0.011179101,0.34700656 19.592333,-15.441512,378.5894 0.19893805555555555,0.19893799999999998 489,185,867,563 540,275,637,333 732,293,823,347
p01\face\2620.jpg p01\left\2620.jpg p01\right\2620.jpg p01\grid\2620.jpg day11/0100.jpg right 1214.0,10.0 0.04351865,0.2969505 -9.968926,-39.86563,485.4318 0.19893805555555555,0.19893799999999998 458,170,749,461 499,245,568,286 641,248,717,293
p01\face\2621.jpg p01\left\2621.jpg p01\right\2621.jpg p01\grid\2621.jpg day58/0560.jpg right 107.0,165.0 -0.008042371,0.3714608 33.306374,-12.04666,445.63324 0.19893805555555555,0.19893799999999998 543,218,864,539 585,295,669,345 749,310,825,355
p01\face\2622.jpg p01\left\2622.jpg p01\right\2622.jpg p01\grid\2622.jpg day27/0240.jpg right 1216.0,851.0 -0.032222785,0.43041587 7.805798,-14.267828,712.328 0.19893805555555555,0.19893799999999998 539,266,735,462 566,315,615,344 665,323,713,351
p01\face\2623.jpg p01\left\2623.jpg p01\right\2623.jpg p01\grid\2623.jpg day50/0194.jpg right 1270.0,269.0 -0.045922726,-0.15455577 -37.71933,-24.26295,506.14093 0.19893805555555555,0.19893799999999998 406,210,686,490 445,281,514,322 583,285,656,328
p01\face\2624.jpg p01\left\2624.jpg p01\right\2624.jpg p01\grid\2624.jpg day43/0170.jpg right 525.0,683.0 0.06111404,-0.35296407 11.916265,-59.56001,490.26004 0.19893805555555555,0.19893799999999998 508,130,791,413 547,199,619,242 689,212,759,254
p01\face\2625.jpg p01\left\2625.jpg p01\right\2625.jpg p01\grid\2625.jpg day04/0077.jpg right 890.0,114.0 -0.0115162665,-0.2175905 0.974744,-20.5003,458.74423 0.19893805555555555,0.19893799999999998 475,206,778,509 518,282,591,325 668,289,744,334
p01\face\2626.jpg p01\left\2626.jpg p01\right\2626.jpg p01\grid\2626.jpg day15/0460.jpg right 755.0,722.0 0.04047605,-0.1927952 4.014758,-39.35148,439.7304 0.19893805555555555,0.19893799999999998 476,154,792,470 520,233,596,278 678,242,757,289
p01\face\2627.jpg p01\left\2627.jpg p01\right\2627.jpg p01\grid\2627.jpg day28/0060.jpg right 1259.0,834.0 0.18330953,0.053322025 -40.00841,46.95479,479.03748 0.19893805555555555,0.19893799999999998 397,365,683,651 436,440,499,477 580,436,649,477
p01\face\2628.jpg p01\left\2628.jpg p01\right\2628.jpg p01\grid\2628.jpg day27/0222.jpg right 284.0,357.0 -0.0574412,0.40132725 33.294216,-35.002647,700.8977 0.19893805555555555,0.19893799999999998 575,234,774,433 602,281,654,312 704,293,752,321
p01\face\2629.jpg p01\left\2629.jpg p01\right\2629.jpg p01\grid\2629.jpg day60/0018.jpg right 1273.0,529.0 -0.021445157,-0.21324068 -2.537951,-38.34568,450.4988 0.19893805555555555,0.19893799999999998 463,161,772,470 509,238,581,281 661,246,740,293
p01\face\2630.jpg p01\left\2630.jpg p01\right\2630.jpg p01\grid\2630.jpg day16/0241.jpg right 439.0,42.0 -0.020903919,0.29519176 28.85465,-19.073689,494.19458 0.19893805555555555,0.19893799999999998 542,217,830,505 581,286,654,329 727,300,796,341
p01\face\2631.jpg p01\left\2631.jpg p01\right\2631.jpg p01\grid\2631.jpg day60/0072.jpg right 803.0,542.0 -0.015853956,0.40337393 -2.509369,2.006229,507.1367 0.19893805555555555,0.19893799999999998 479,263,761,545 517,334,587,376 658,342,728,384
p01\face\2632.jpg p01\left\2632.jpg p01\right\2632.jpg p01\grid\2632.jpg day37/0495.jpg right 106.0,147.0 -0.4297366,0.054296203 -50.2796,15.643817,507.1282 0.19893805555555555,0.19893799999999998 380,297,654,571 412,357,493,405 559,374,619,410
p01\face\2633.jpg p01\left\2633.jpg p01\right\2633.jpg p01\grid\2633.jpg day31/0243.jpg right 1122.0,354.0 0.014967961,0.40416005 -8.664599,3.472192,492.47852 0.19893805555555555,0.19893799999999998 462,264,751,553 502,338,572,380 644,342,719,387
p01\face\2634.jpg p01\left\2634.jpg p01\right\2634.jpg p01\grid\2634.jpg day66/0325.jpg right 1268.0,444.0 -0.075171284,-0.16840924 -45.626133,-30.70069,391.7596 0.19893805555555555,0.19893799999999998 321,152,678,509 373,242,455,291 551,252,639,304
p01\face\2635.jpg p01\left\2635.jpg p01\right\2635.jpg p01\grid\2635.jpg day54/0261.jpg right 995.0,66.0 0.016091792,-0.18137453 -2.672886,-30.37482,449.83356 0.19893805555555555,0.19893799999999998 464,179,774,489 506,257,582,302 660,264,739,311
p01\face\2636.jpg p01\left\2636.jpg p01\right\2636.jpg p01\grid\2636.jpg day43/0103.jpg right 1119.0,445.0 0.0068239947,0.2712021 -4.576919,-37.367683,494.32318 0.19893805555555555,0.19893799999999998 471,178,759,466 511,250,581,292 654,257,727,300
p01\face\2637.jpg p01\left\2637.jpg p01\right\2637.jpg p01\grid\2637.jpg day08/0107.jpg right 805.0,443.0 0.0107738525,0.4007812 5.501564,23.048624,630.17 0.19893805555555555,0.19893799999999998 522,317,748,543 552,373,609,407 665,379,722,413
p01\face\2638.jpg p01\left\2638.jpg p01\right\2638.jpg p01\grid\2638.jpg day47/0007.jpg right 228.0,383.0 0.009214664,-0.21024074 13.8759,-50.976376,475.34464 0.19893805555555555,0.19893799999999998 507,142,802,437 546,212,624,258 696,226,768,269
p01\face\2639.jpg p01\left\2639.jpg p01\right\2639.jpg p01\grid\2639.jpg day55/0245.jpg right 1293.0,525.0 -0.016737143,0.40869632 -13.067221,-5.852389,511.8181 0.19893805555555555,0.19893799999999998 458,247,738,527 496,319,566,361 635,324,707,367
p01\face\2640.jpg p01\left\2640.jpg p01\right\2640.jpg p01\grid\2640.jpg day45/0153.jpg right 296.0,616.0 -0.13587932,0.597509 -10.23892,46.685665,487.69083 0.19893805555555555,0.19893799999999998 458,360,743,645 498,425,570,468 644,444,711,484
p01\face\2641.jpg p01\left\2641.jpg p01\right\2641.jpg p01\grid\2641.jpg day66/0033.jpg right 552.0,792.0 0.08500516,0.5015445 45.10862,12.540979,428.13953 0.19893805555555555,0.19893799999999998 571,272,905,606 614,358,698,408 785,364,864,411
p01\face\2642.jpg p01\left\2642.jpg p01\right\2642.jpg p01\grid\2642.jpg day65/0330.jpg right 1075.0,346.0 -0.067267455,0.4338274 -19.854532,31.532549,558.64703 0.19893805555555555,0.19893799999999998 459,328,715,584 494,391,558,429 622,399,686,437
p01\face\2643.jpg p01\left\2643.jpg p01\right\2643.jpg p01\grid\2643.jpg day28/0156.jpg right 519.0,782.0 0.054402016,-0.2843496 28.79593,-29.042456,496.8032 0.19893805555555555,0.19893799999999998 545,198,825,478 583,266,655,309 726,278,793,318
p01\face\2644.jpg p01\left\2644.jpg p01\right\2644.jpg p01\grid\2644.jpg day43/0178.jpg right 1301.0,729.0 0.0008890677,-0.29014093 -9.365044,-56.982197,490.98206 0.19893805555555555,0.19893799999999998 464,137,747,420 502,208,571,249 643,214,715,257
p01\face\2645.jpg p01\left\2645.jpg p01\right\2645.jpg p01\grid\2645.jpg day45/0553.jpg right 143.0,335.0 -0.01781226,0.40734875 23.907175,20.90045,510.29193 0.19893805555555555,0.19893799999999998 534,304,813,583 572,370,644,413 714,384,781,424
p01\face\2646.jpg p01\left\2646.jpg p01\right\2646.jpg p01\grid\2646.jpg day51/0410.jpg right 569.0,500.0 -0.028481513,0.36897165 9.444441,-24.959597,559.33844 0.19893805555555555,0.19893799999999998 516,221,769,474 550,284,614,322 679,294,740,330
p01\face\2647.jpg p01\left\2647.jpg p01\right\2647.jpg p01\grid\2647.jpg day20/0091.jpg right 777.0,21.0 0.014840735,0.42726168 12.581928,-17.647268,464.5397 0.19893805555555555,0.19893799999999998 502,211,806,515 542,289,618,334 697,296,770,339
p01\face\2648.jpg p01\left\2648.jpg p01\right\2648.jpg p01\grid\2648.jpg day13/0080.jpg right 488.0,353.0 0.019694613,-0.297864 8.573149,-39.870968,484.71735 0.19893805555555555,0.19893799999999998 501,171,787,457 539,243,611,286 683,251,753,293
p01\face\2649.jpg p01\left\2649.jpg p01\right\2649.jpg p01\grid\2649.jpg day45/0657.jpg right 78.0,493.0 -0.050288837,0.46633935 21.579182,29.011255,578.13544 0.19893805555555555,0.19893799999999998 543,325,787,569 574,385,638,423 699,394,757,428
p01\face\2650.jpg p01\left\2650.jpg p01\right\2650.jpg p01\grid\2650.jpg day59/0421.jpg right 1309.0,473.0 0.019152336,-0.13060547 -21.06064,5.235107,419.52097 0.19893805555555555,0.19893799999999998 405,256,739,590 453,341,531,387 615,346,703,398
p01\face\2651.jpg p01\left\2651.jpg p01\right\2651.jpg p01\grid\2651.jpg day47/0073.jpg right 823.0,718.0 0.04013649,0.5143514 34.002396,72.70442,653.3336 0.19893805555555555,0.19893799999999998 573,398,792,617 601,454,656,487 711,457,765,489
p01\face\2652.jpg p01\left\2652.jpg p01\right\2652.jpg p01\grid\2652.jpg day42/0520.jpg right 170.0,828.0 -0.045046616,0.39879924 4.687808,-26.388388,592.35516 0.19893805555555555,0.19893799999999998 515,226,753,464 545,286,608,323 667,293,724,327
p01\face\2653.jpg p01\left\2653.jpg p01\right\2653.jpg p01\grid\2653.jpg day07/0153.jpg right 362.0,95.0 -0.042517338,0.38105765 -0.626965,-35.62112,489.456 0.19893805555555555,0.19893799999999998 480,180,768,468 518,252,591,295 664,261,733,302
p01\face\2654.jpg p01\left\2654.jpg p01\right\2654.jpg p01\grid\2654.jpg day65/0114.jpg right 1345.0,326.0 -0.02302726,-0.22169156 0.999592,-5.127586,439.23123 0.19893805555555555,0.19893799999999998 468,235,784,551 512,315,590,361 671,324,749,370
p01\face\2655.jpg p01\left\2655.jpg p01\right\2655.jpg p01\grid\2655.jpg day45/0507.jpg right 1252.0,450.0 0.0058425777,0.38740075 8.905243,-5.046034,406.94818 0.19893805555555555,0.19893799999999998 471,224,820,573 522,309,606,359 694,323,784,377
p01\face\2656.jpg p01\left\2656.jpg p01\right\2656.jpg p01\grid\2656.jpg day66/0146.jpg right 470.0,144.0 -0.09885077,0.39466384 -5.116079,-39.56939,544.4541 0.19893805555555555,0.19893799999999998 486,190,744,448 519,252,588,293 650,265,713,302
p01\face\2657.jpg p01\left\2657.jpg p01\right\2657.jpg p01\grid\2657.jpg day43/0594.jpg right 1285.0,264.0 -0.027633976,0.37105086 -24.240734,4.022924,515.12836 0.19893805555555555,0.19893799999999998 436,269,713,546 474,339,543,380 613,345,682,386
p01\face\2658.jpg p01\left\2658.jpg p01\right\2658.jpg p01\grid\2658.jpg day59/0052.jpg right 760.0,792.0 0.026154362,-0.167956 15.89969,5.990427,470.49606 0.19893805555555555,0.19893799999999998 512,269,807,564 553,341,626,384 702,352,774,395
p01\face\2659.jpg p01\left\2659.jpg p01\right\2659.jpg p01\grid\2659.jpg day41/0074.jpg right 1038.0,875.0 0.060584288,-0.21137872 8.460941,1.797196,534.68463 0.19893805555555555,0.19893799999999998 514,272,770,528 550,336,611,372 677,343,741,381
p01\face\2660.jpg p01\left\2660.jpg p01\right\2660.jpg p01\grid\2660.jpg day38/0311.jpg right 1317.0,180.0 0.030586893,-0.23639947 -5.155378,-55.88962,514.8461 0.19893805555555555,0.19893799999999998 479,147,755,423 516,220,582,259 652,218,722,260
p01\face\2661.jpg p01\left\2661.jpg p01\right\2661.jpg p01\grid\2661.jpg day01/0114.jpg right 295.0,368.0 -0.0042445012,0.44619206 40.00417,12.393128,515.64197 0.19893805555555555,0.19893799999999998 571,288,844,561 606,354,678,397 746,365,810,403
p01\face\2662.jpg p01\left\2662.jpg p01\right\2662.jpg p01\grid\2662.jpg day66/0234.jpg right 223.0,521.0 0.066383965,-0.22320668 48.956223,-28.054499,432.62924 0.19893805555555555,0.19893799999999998 578,177,900,499 625,250,709,300 789,275,867,321
p01\face\2663.jpg p01\left\2663.jpg p01\right\2663.jpg p01\grid\2663.jpg day10/0086.jpg right 186.0,164.0 -0.07399994,0.4131652 13.238236,-12.358048,528.0468 0.19893805555555555,0.19893799999999998 517,240,782,505 553,302,622,343 689,318,752,355
p01\face\2664.jpg p01\left\2664.jpg p01\right\2664.jpg p01\grid\2664.jpg day20/0388.jpg right 1394.0,272.0 0.070651636,0.2645802 -1.16654,-50.10405,472.3872 0.19893805555555555,0.19893799999999998 473,143,771,441 516,218,589,261 658,221,740,270
p01\face\2665.jpg p01\left\2665.jpg p01\right\2665.jpg p01\grid\2665.jpg day16/0159.jpg right 1230.0,631.0 -0.012896976,-0.18861263 -15.028091,14.501771,532.87445 0.19893805555555555,0.19893799999999998 466,295,727,556 501,363,564,400 631,366,697,405
p01\face\2666.jpg p01\left\2666.jpg p01\right\2666.jpg p01\grid\2666.jpg day11/0027.jpg right 150.0,811.0 -0.0023953698,0.37368974 38.634167,-61.750217,520.3487 0.19893805555555555,0.19893799999999998 568,137,838,407 604,203,673,244 742,216,806,254
p01\face\2667.jpg p01\left\2667.jpg p01\right\2667.jpg p01\grid\2667.jpg day12/0483.jpg right 66.0,240.0 -0.1359947,0.16541381 -10.873867,-30.560875,569.4854 0.19893805555555555,0.19893799999999998 482,217,726,461 514,274,577,311 640,286,697,320
p01\face\2668.jpg p01\left\2668.jpg p01\right\2668.jpg p01\grid\2668.jpg day51/0110.jpg right 1318.0,338.0 0.06465988,0.434348 3.967522,31.744728,543.77795 0.19893805555555555,0.19893799999999998 502,329,763,590 539,395,602,432 668,399,735,439
p01\face\2669.jpg p01\left\2669.jpg p01\right\2669.jpg p01\grid\2669.jpg day15/0419.jpg right 623.0,406.0 -0.0027203222,-0.22219491 -10.336325,-27.234884,442.69336 0.19893805555555555,0.19893799999999998 441,184,756,499 485,259,564,306 643,274,721,320
p01\face\2670.jpg p01\left\2670.jpg p01\right\2670.jpg p01\grid\2670.jpg day38/0250.jpg right 1332.0,351.0 0.038409133,0.0009313562 -10.983205,-15.845709,417.56894 0.19893805555555555,0.19893799999999998 429,204,765,540 477,287,556,334 641,293,728,345
p01\face\2671.jpg p01\left\2671.jpg p01\right\2671.jpg p01\grid\2671.jpg day27/0273.jpg right 83.0,372.0 -0.1951875,-0.06935331 36.462444,-21.811821,399.9338 0.19893805555555555,0.19893799999999998 544,185,886,527 590,258,681,312 772,286,845,329
p01\face\2672.jpg p01\left\2672.jpg p01\right\2672.jpg p01\grid\2672.jpg day45/0345.jpg right 1414.0,160.0 -0.00035769682,0.4282347 -30.358528,12.668417,567.2577 0.19893805555555555,0.19893799999999998 444,293,694,543 479,359,539,395 602,360,666,398
p01\face\2673.jpg p01\left\2673.jpg p01\right\2673.jpg p01\grid\2673.jpg day49/0262.jpg right 591.0,345.0 -0.07469587,0.32151175 -9.619365,-36.279892,529.34015 0.19893805555555555,0.19893799999999998 473,192,740,459 507,258,576,299 643,267,707,305
p01\face\2674.jpg p01\left\2674.jpg p01\right\2674.jpg p01\grid\2674.jpg day52/0595.jpg right 636.0,146.0 -0.01778286,0.45925525 4.681307,1.952921,546.1656 0.19893805555555555,0.19893799999999998 504,269,765,530 539,336,605,375 670,342,734,380
p01\face\2675.jpg p01\left\2675.jpg p01\right\2675.jpg p01\grid\2675.jpg day61/0351.jpg right 378.0,231.0 -0.034498237,-0.10958308 -6.016065,-30.69712,427.6586 0.19893805555555555,0.19893799999999998 445,170,772,497 489,248,573,298 655,262,734,309
p01\face\2676.jpg p01\left\2676.jpg p01\right\2676.jpg p01\grid\2676.jpg day56/0010.jpg right 452.0,32.0 -0.0031220864,-0.26771197 -2.740949,-67.48077,495.2127 0.19893805555555555,0.19893799999999998 478,115,761,398 515,185,588,228 657,194,727,236
p01\face\2677.jpg p01\left\2677.jpg p01\right\2677.jpg p01\grid\2677.jpg day04/0368.jpg right 793.0,522.0 -0.0073294956,0.3967271 -13.482719,-3.957989,499.12933 0.19893805555555555,0.19893799999999998 454,250,739,535 493,323,562,364 636,328,706,370
p01\face\2678.jpg p01\left\2678.jpg p01\right\2678.jpg p01\grid\2678.jpg day34/0012.jpg right 893.0,287.0 -0.053489782,0.39464375 -22.995893,2.478377,541.4594 0.19893805555555555,0.19893799999999998 448,271,710,533 485,335,551,374 615,344,682,384
p01\face\2679.jpg p01\left\2679.jpg p01\right\2679.jpg p01\grid\2679.jpg day37/0038.jpg right 598.0,401.0 -0.045840558,0.48346537 3.385889,36.151062,468.39862 0.19893805555555555,0.19893799999999998 480,333,786,639 520,408,598,454 676,419,749,462
p01\face\2680.jpg p01\left\2680.jpg p01\right\2680.jpg p01\grid\2680.jpg day28/0058.jpg right 946.0,413.0 -0.12105269,-0.2170695 -0.178948,-37.293446,394.7194 0.19893805555555555,0.19893799999999998 445,136,799,490 493,223,580,275 674,233,758,283
p01\face\2681.jpg p01\left\2681.jpg p01\right\2681.jpg p01\grid\2681.jpg day66/0075.jpg right 701.0,752.0 0.06655075,-0.29825377 21.31769,-25.711037,444.7745 0.19893805555555555,0.19893799999999998 518,188,828,498 562,263,638,308 719,280,794,325
p01\face\2682.jpg p01\left\2682.jpg p01\right\2682.jpg p01\grid\2682.jpg day41/0146.jpg right 1269.0,546.0 -0.0019934452,-0.23184231 -11.460524,-16.36229,431.8318 0.19893805555555555,0.19893799999999998 436,206,757,527 481,288,557,333 640,295,721,343
p01\face\2683.jpg p01\left\2683.jpg p01\right\2683.jpg p01\grid\2683.jpg day38/0317.jpg right 347.0,894.0 -0.010271972,0.5001492 19.847155,17.371042,502.21075 0.19893805555555555,0.19893799999999998 526,295,809,578 563,366,633,408 708,375,775,415
p01\face\2684.jpg p01\left\2684.jpg p01\right\2684.jpg p01\grid\2684.jpg day57/0076.jpg right 573.0,22.0 -0.009723806,0.423781 -4.500721,5.899454,542.41705 0.19893805555555555,0.19893799999999998 485,277,747,539 521,344,585,382 653,350,717,388
p01\face\2685.jpg p01\left\2685.jpg p01\right\2685.jpg p01\grid\2685.jpg day16/0083.jpg right 619.0,661.0 -0.12365184,0.3688048 -30.482714,-9.393543,612.8457 0.19893805555555555,0.19893799999999998 461,264,684,487 490,316,547,350 606,328,657,358
p01\face\2686.jpg p01\left\2686.jpg p01\right\2686.jpg p01\grid\2686.jpg day58/0779.jpg right 1047.0,166.0 0.0039012136,-0.23725893 -2.548311,-21.227476,369.882 0.19893805555555555,0.19893799999999998 427,167,803,543 482,261,572,315 667,272,764,330
p01\face\2687.jpg p01\left\2687.jpg p01\right\2687.jpg p01\grid\2687.jpg day44/0164.jpg right 1429.0,747.0 -0.0129005425,-0.25299773 -7.107563,-31.56296,499.41177 0.19893805555555555,0.19893799999999998 470,194,749,473 510,264,577,304 647,271,719,314
p01\face\2688.jpg p01\left\2688.jpg p01\right\2688.jpg p01\grid\2688.jpg day12/0341.jpg right 825.0,215.0 -0.003376839,0.42675567 -7.331045,-11.89792,553.3895 0.19893805555555555,0.19893799999999998 482,243,741,502 517,309,584,349 643,314,712,355
p01\face\2689.jpg p01\left\2689.jpg p01\right\2689.jpg p01\grid\2689.jpg day04/0112.jpg right 26.0,277.0 -0.030123044,0.417876 9.587908,-16.222666,503.45145 0.19893805555555555,0.19893799999999998 508,226,787,505 542,298,614,341 686,303,750,341
p01\face\2690.jpg p01\left\2690.jpg p01\right\2690.jpg p01\grid\2690.jpg day02/0077.jpg right 979.0,866.0 0.06906683,-0.059539333 0.018364,-39.932137,546.92773 0.19893805555555555,0.19893799999999998 498,193,754,449 534,257,595,293 660,261,726,300
p01\face\2691.jpg p01\left\2691.jpg p01\right\2691.jpg p01\grid\2691.jpg day41/0429.jpg right 693.0,283.0 -0.04617474,0.4010079 -16.467985,-29.442688,572.6921 0.19893805555555555,0.19893799999999998 471,216,718,463 504,279,567,316 629,285,690,321
p01\face\2692.jpg p01\left\2692.jpg p01\right\2692.jpg p01\grid\2692.jpg day01/0301.jpg right 624.0,330.0 0.013869611,-0.20167881 20.666143,-26.432121,564.68005 0.19893805555555555,0.19893799999999998 539,221,789,471 572,284,636,322 697,289,760,326
p01\face\2693.jpg p01\left\2693.jpg p01\right\2693.jpg p01\grid\2693.jpg day28/0246.jpg right 350.0,847.0 0.022331972,-0.14409415 3.751911,8.182,416.85205 0.19893805555555555,0.19893799999999998 470,264,803,597 512,348,594,397 682,354,761,401
p01\face\2694.jpg p01\left\2694.jpg p01\right\2694.jpg p01\grid\2694.jpg day03/0209.jpg right 961.0,286.0 -0.06408309,-0.12238292 -40.552708,16.585175,480.43768 0.19893805555555555,0.19893799999999998 389,293,681,585 430,366,502,409 574,372,649,417
p01\face\2695.jpg p01\left\2695.jpg p01\right\2695.jpg p01\grid\2695.jpg day50/0151.jpg right 1086.0,761.0 -0.012571484,0.48210654 -0.809568,28.348303,576.3436 0.19893805555555555,0.19893799999999998 500,323,746,569 535,384,595,420 658,392,719,428
p01\face\2696.jpg p01\left\2696.jpg p01\right\2696.jpg p01\grid\2696.jpg day58/0302.jpg right 1049.0,465.0 0.030050633,-0.38668594 4.822426,-97.81418,512.23035 0.19893805555555555,0.19893799999999998 498,61,771,334 537,129,603,168 671,136,741,178
p01\face\2697.jpg p01\left\2697.jpg p01\right\2697.jpg p01\grid\2697.jpg day06/0257.jpg right 619.0,16.0 0.032449387,0.3638496 22.674133,-50.176918,578.3145 0.19893805555555555,0.19893799999999998 545,180,789,424 578,243,639,279 701,247,761,283
p01\face\2698.jpg p01\left\2698.jpg p01\right\2698.jpg p01\grid\2698.jpg day43/0316.jpg right 822.0,647.0 0.0123359915,-0.13259183 -1.83003,8.293971,448.5095 0.19893805555555555,0.19893799999999998 463,270,773,580 507,343,585,389 663,360,739,405
p01\face\2699.jpg p01\left\2699.jpg p01\right\2699.jpg p01\grid\2699.jpg day58/0261.jpg right 42.0,490.0 0.0030618696,0.18792859 36.259304,-111.56253,521.9547 0.19893805555555555,0.19893799999999998 562,36,835,309 598,103,668,145 737,114,803,153
p01\face\2700.jpg p01\left\2700.jpg p01\right\2700.jpg p01\grid\2700.jpg day47/0090.jpg right 1088.0,291.0 0.0217214,0.42861906 6.868728,-8.470029,431.2027 0.19893805555555555,0.19893799999999998 476,222,806,552 523,306,602,353 686,314,770,364
p01\face\2701.jpg p01\left\2701.jpg p01\right\2701.jpg p01\grid\2701.jpg day06/0372.jpg right 1359.0,587.0 0.0072239907,0.20552066 -49.292526,-33.027653,513.1855 0.19893805555555555,0.19893799999999998 379,189,665,475 422,263,489,303 560,269,636,314
p01\face\2702.jpg p01\left\2702.jpg p01\right\2702.jpg p01\grid\2702.jpg day52/0160.jpg right 3.0,485.0 -0.039063144,0.14649902 51.00555,-18.737358,474.80237 0.19893805555555555,0.19893799999999998 588,214,886,512 627,282,706,329 781,300,850,341
p01\face\2703.jpg p01\left\2703.jpg p01\right\2703.jpg p01\grid\2703.jpg day34/0068.jpg right 842.0,279.0 -0.0040903087,-0.20769148 -17.808523,-67.324905,461.85175 0.19893805555555555,0.19893799999999998 432,99,736,403 475,176,548,219 625,181,703,227
p01\face\2704.jpg p01\left\2704.jpg p01\right\2704.jpg p01\grid\2704.jpg day43/0040.jpg right 1171.0,28.0 0.0022400406,0.16430442 18.640451,-43.717564,445.95438 0.19893805555555555,0.19893799999999998 507,144,826,463 553,220,632,267 711,235,792,283
p01\face\2705.jpg p01\left\2705.jpg p01\right\2705.jpg p01\grid\2705.jpg day54/0295.jpg right 817.0,651.0 0.018466515,-0.21432798 15.575804,-25.441029,489.8548 0.19893805555555555,0.19893799999999998 514,203,800,489 555,274,625,316 697,283,770,326
p01\face\2706.jpg p01\left\2706.jpg p01\right\2706.jpg p01\grid\2706.jpg day54/0408.jpg right 999.0,647.0 -0.009928903,-0.2531684 -6.731452,-19.381327,449.7877 0.19893805555555555,0.19893799999999998 453,205,760,512 497,279,572,324 651,294,727,339
p01\face\2707.jpg p01\left\2707.jpg p01\right\2707.jpg p01\grid\2707.jpg day25/0095.jpg right 1045.0,706.0 -0.0055742906,-0.1712877 -8.647578,-32.602566,553.2607 0.19893805555555555,0.19893799999999998 484,208,736,460 518,273,579,309 643,275,706,312
p01\face\2708.jpg p01\left\2708.jpg p01\right\2708.jpg p01\grid\2708.jpg day52/0506.jpg right 1118.0,147.0 -0.05188472,0.49795538 -22.626167,-6.909808,515.9298 0.19893805555555555,0.19893799999999998 443,247,716,520 480,317,547,357 615,323,684,364
p01\face\2709.jpg p01\left\2709.jpg p01\right\2709.jpg p01\grid\2709.jpg day14/0138.jpg right 1166.0,186.0 -0.013672419,-0.096498504 -8.865124,-1.036857,421.55032 0.19893805555555555,0.19893799999999998 435,242,766,573 484,323,562,369 648,332,732,382
p01\face\2710.jpg p01\left\2710.jpg p01\right\2710.jpg p01\grid\2710.jpg day49/0435.jpg right 625.0,2.0 0.0018501783,-0.099345 -6.655187,-7.781355,358.60257 0.19893805555555555,0.19893799999999998 409,203,797,591 462,295,559,353 658,311,752,367
p01\face\2711.jpg p01\left\2711.jpg p01\right\2711.jpg p01\grid\2711.jpg day13/0130.jpg right 66.0,883.0 0.018792694,-0.261294 18.200972,-36.961903,486.68378 0.19893805555555555,0.19893799999999998 520,178,805,463 559,246,632,289 706,262,772,301
p01\face\2712.jpg p01\left\2712.jpg p01\right\2712.jpg p01\grid\2712.jpg day57/0292.jpg right 1121.0,184.0 0.055202223,0.39127767 7.104972,-13.923432,495.4054 0.19893805555555555,0.19893799999999998 495,228,781,514 537,300,606,341 679,308,752,351
p01\face\2713.jpg p01\left\2713.jpg p01\right\2713.jpg p01\grid\2713.jpg day37/0458.jpg right 674.0,182.0 -0.019234372,0.5365464 18.923368,56.369743,567.8647 0.19893805555555555,0.19893799999999998 535,375,784,624 569,435,633,473 695,446,756,482
p01\face\2714.jpg p01\left\2714.jpg p01\right\2714.jpg p01\grid\2714.jpg day65/0262.jpg right 1164.0,312.0 -0.0038597519,-0.15723082 -20.211708,5.001273,455.5104 0.19893805555555555,0.19893799999999998 424,263,731,570 466,339,542,384 619,348,697,394
p01\face\2715.jpg p01\left\2715.jpg p01\right\2715.jpg p01\grid\2715.jpg day49/0394.jpg right 984.0,360.0 0.00850782,0.39434385 12.463821,-22.23619,479.4955 0.19893805555555555,0.19893799999999998 504,205,801,502 545,280,618,323 692,288,767,333
p01\face\2716.jpg p01\left\2716.jpg p01\right\2716.jpg p01\grid\2716.jpg day06/0406.jpg right 680.0,176.0 0.075280644,-0.043429166 37.01026,-48.054405,494.8983 0.19893805555555555,0.19893799999999998 563,158,848,443 601,230,670,271 743,231,815,274
p01\face\2717.jpg p01\left\2717.jpg p01\right\2717.jpg p01\grid\2717.jpg day62/0207.jpg right 1298.0,276.0 0.046905328,0.24658556 -4.741649,-41.94756,463.062 0.19893805555555555,0.19893799999999998 461,159,762,460 506,232,578,275 655,242,731,287
p01\face\2718.jpg p01\left\2718.jpg p01\right\2718.jpg p01\grid\2718.jpg day64/0214.jpg right 875.0,865.0 -0.014750869,-0.131944 -25.362999,26.098392,523.0877 0.19893805555555555,0.19893799999999998 439,318,704,583 478,381,542,419 610,394,677,434
p01\face\2719.jpg p01\left\2719.jpg p01\right\2719.jpg p01\grid\2719.jpg day57/0335.jpg right 101.0,83.0 -0.0657252,0.47916022 26.683609,33.19949,558.6398 0.19893805555555555,0.19893799999999998 549,332,802,585 582,391,649,431 711,405,772,441
p01\face\2720.jpg p01\left\2720.jpg p01\right\2720.jpg p01\grid\2720.jpg day52/0018.jpg right 1039.0,744.0 -0.020404577,-0.22811185 -9.191001,-32.9697,520.5958 0.19893805555555555,0.19893799999999998 474,197,742,465 510,268,574,306 642,268,711,309
p01\face\2721.jpg p01\left\2721.jpg p01\right\2721.jpg p01\grid\2721.jpg day41/0521.jpg right 288.0,786.0 -0.06979705,0.30685607 15.250485,-16.385468,535.7032 0.19893805555555555,0.19893799999999998 523,233,788,498 556,297,628,340 692,308,755,345
p01\face\2722.jpg p01\left\2722.jpg p01\right\2722.jpg p01\grid\2722.jpg day58/0029.jpg right 1037.0,129.0 0.012071498,-0.22236767 2.089625,-54.31941,463.95035 0.19893805555555555,0.19893799999999998 479,129,782,432 521,206,594,249 670,211,748,257
p01\face\2723.jpg p01\left\2723.jpg p01\right\2723.jpg p01\grid\2723.jpg day45/0600.jpg right 560.0,651.0 -0.021566276,0.4275648 10.966495,9.547122,476.23407 0.19893805555555555,0.19893799999999998 499,275,799,575 539,349,615,394 691,359,764,402
p01\face\2724.jpg p01\left\2724.jpg p01\right\2724.jpg p01\grid\2724.jpg day45/0120.jpg right 517.0,71.0 0.008637923,-0.1704799 26.60152,-47.24948,522.6087 0.19893805555555555,0.19893799999999998 544,170,811,437 582,234,645,271 717,245,781,283
p01\face\2725.jpg p01\left\2725.jpg p01\right\2725.jpg p01\grid\2725.jpg day02/0184.jpg right 223.0,251.0 -0.020535631,0.4121544 21.424456,-28.566252,519.9064 0.19893805555555555,0.19893799999999998 533,205,803,475 569,270,639,312 706,282,772,321
p01\face\2726.jpg p01\left\2726.jpg p01\right\2726.jpg p01\grid\2726.jpg day42/0024.jpg right 603.0,122.0 0.008334726,-0.13998024 -4.127765,-12.461222,428.5083 0.19893805555555555,0.19893799999999998 451,215,778,542 495,296,576,344 659,304,740,352
p01\face\2727.jpg p01\left\2727.jpg p01\right\2727.jpg p01\grid\2727.jpg day37/0219.jpg right 108.0,710.0 -0.106870204,0.23931672 -3.550688,-49.765327,561.2733 0.19893805555555555,0.19893799999999998 492,178,741,427 526,233,592,272 654,252,712,286
p01\face\2728.jpg p01\left\2728.jpg p01\right\2728.jpg p01\grid\2728.jpg day14/0088.jpg right 1362.0,387.0 -0.01744951,-0.009108845 -710.44385,-407.07492,1612.102 0.19893805555555555,0.19893799999999998 116,57,203,144 127,80,148,92 170,80,192,93
p01\face\2729.jpg p01\left\2729.jpg p01\right\2729.jpg p01\grid\2729.jpg day37/0099.jpg right 830.0,705.0 -0.06067911,0.43481776 -19.769444,-22.492767,552.60254 0.19893805555555555,0.19893799999999998 461,225,716,480 494,290,558,328 622,295,685,332
p01\face\2730.jpg p01\left\2730.jpg p01\right\2730.jpg p01\grid\2730.jpg day06/0329.jpg right 900.0,116.0 0.07540927,0.28858858 9.560034,-36.630867,546.90045 0.19893805555555555,0.19893799999999998 516,197,775,456 550,266,613,303 679,264,745,303
p01\face\2731.jpg p01\left\2731.jpg p01\right\2731.jpg p01\grid\2731.jpg day20/0105.jpg right 1099.0,714.0 0.01632262,-0.03376398 -9.70948,1.434639,452.434 0.19893805555555555,0.19893799999999998 449,256,758,565 490,333,565,378 644,337,722,383
p01\face\2732.jpg p01\left\2732.jpg p01\right\2732.jpg p01\grid\2732.jpg day16/0270.jpg right 1041.0,379.0 0.0013987982,0.42225552 -15.40289,5.796456,550.7817 0.19893805555555555,0.19893799999999998 467,278,725,536 502,345,566,383 630,348,696,387
p01\face\2733.jpg p01\left\2733.jpg p01\right\2733.jpg p01\grid\2733.jpg day17/0007.jpg right 508.0,517.0 0.010734242,0.2553994 12.173447,-55.195793,536.2525 0.19893805555555555,0.19893799999999998 518,157,782,421 553,224,619,263 686,230,750,268
p01\face\2734.jpg p01\left\2734.jpg p01\right\2734.jpg p01\grid\2734.jpg day38/0060.jpg right 891.0,810.0 -0.041350342,0.3836167 -4.328941,-11.620343,514.80566 0.19893805555555555,0.19893799999999998 477,237,753,513 515,305,585,347 653,315,722,356
p01\face\2735.jpg p01\left\2735.jpg p01\right\2735.jpg p01\grid\2735.jpg day21/0070.jpg right 913.0,452.0 -0.04949259,0.34462154 -19.877647,-21.69329,544.24426 0.19893805555555555,0.19893799999999998 456,224,718,486 491,290,557,329 622,296,688,335
p01\face\2736.jpg p01\left\2736.jpg p01\right\2736.jpg p01\grid\2736.jpg day38/0350.jpg right 915.0,841.0 -0.041755512,0.5398725 -24.200533,40.814514,576.6799 0.19893805555555555,0.19893799999999998 459,346,705,592 492,410,552,446 615,412,676,448
p01\face\2737.jpg p01\left\2737.jpg p01\right\2737.jpg p01\grid\2737.jpg day17/0511.jpg right 1095.0,267.0 -0.014967337,-0.18256934 -14.522089,-25.408146,437.5043 0.19893805555555555,0.19893799999999998 432,186,751,505 475,270,551,315 632,270,714,319
p01\face\2738.jpg p01\left\2738.jpg p01\right\2738.jpg p01\grid\2738.jpg day59/0082.jpg right 1243.0,818.0 0.025248904,-0.17038125 9.728592,-23.93424,413.0696 0.19893805555555555,0.19893799999999998 481,181,818,518 529,266,608,313 696,272,781,323
p01\face\2739.jpg p01\left\2739.jpg p01\right\2739.jpg p01\grid\2739.jpg day10/0138.jpg right 734.0,734.0 0.06150407,-0.27222827 28.338041,-31.743134,428.2225 0.19893805555555555,0.19893799999999998 530,166,855,491 575,245,657,294 740,260,819,307
p01\face\2740.jpg p01\left\2740.jpg p01\right\2740.jpg p01\grid\2740.jpg day58/0713.jpg right 1384.0,163.0 -0.0104287425,-0.17599474 4.905784,-5.025404,472.02274 0.19893805555555555,0.19893799999999998 488,244,783,539 530,319,600,361 675,324,751,369
p01\face\2741.jpg p01\left\2741.jpg p01\right\2741.jpg p01\grid\2741.jpg day59/0425.jpg right 1113.0,503.0 0.008335102,-0.18315037 -10.333452,7.238634,411.63983 0.19893805555555555,0.19893799999999998 427,258,767,598 476,343,557,391 642,352,732,406
p01\face\2742.jpg p01\left\2742.jpg p01\right\2742.jpg p01\grid\2742.jpg day50/0090.jpg right 210.0,641.0 -0.027667917,0.3599302 43.01021,16.549526,567.4403 0.19893805555555555,0.19893799999999998 580,302,829,551 613,359,679,398 741,375,799,409
p01\face\2743.jpg p01\left\2743.jpg p01\right\2743.jpg p01\grid\2743.jpg day53/0148.jpg right 502.0,510.0 0.029413493,0.451903 -7.661269,18.698845,572.5968 0.19893805555555555,0.19893799999999998 487,305,736,554 522,369,583,405 643,371,709,410
p01\face\2744.jpg p01\left\2744.jpg p01\right\2744.jpg p01\grid\2744.jpg day07/0313.jpg right 819.0,222.0 0.049876798,-0.24096614 36.918915,-44.631084,501.809 0.19893805555555555,0.19893799999999998 564,167,843,446 601,238,670,279 741,243,810,284
p01\face\2745.jpg p01\left\2745.jpg p01\right\2745.jpg p01\grid\2745.jpg day54/0031.jpg right 1123.0,422.0 -0.0047405655,-0.115232795 -18.17577,-20.33145,494.50858 0.19893805555555555,0.19893799999999998 444,215,730,501 483,288,553,330 623,291,698,336
p01\face\2746.jpg p01\left\2746.jpg p01\right\2746.jpg p01\grid\2746.jpg day52/0055.jpg right 545.0,440.0 0.08192577,-0.20330577 48.957333,-29.504503,507.61526 0.19893805555555555,0.19893799999999998 586,200,862,476 625,263,697,306 765,282,832,322
p01\face\2747.jpg p01\left\2747.jpg p01\right\2747.jpg p01\grid\2747.jpg day52/0400.jpg right 49.0,735.0 -0.07457891,0.22224653 -5.220135,-94.36531,628.8159 0.19893805555555555,0.19893799999999998 504,121,727,344 534,173,592,207 648,186,702,218
p01\face\2748.jpg p01\left\2748.jpg p01\right\2748.jpg p01\grid\2748.jpg day62/0172.jpg right 623.0,226.0 -0.16327588,0.25093707 -63.62461,14.580662,485.5355 0.19893805555555555,0.19893799999999998 337,288,634,585 376,359,452,404 527,369,599,412
p01\face\2749.jpg p01\left\2749.jpg p01\right\2749.jpg p01\grid\2749.jpg day34/0209.jpg right 917.0,700.0 -0.012981407,0.44495016 -26.30209,-0.922057,620.3391 0.19893805555555555,0.19893799999999998 468,277,693,502 500,334,554,366 611,338,668,372
p01\face\2750.jpg p01\left\2750.jpg p01\right\2750.jpg p01\grid\2750.jpg day41/0246.jpg right 120.0,77.0 -0.08963492,0.358159 0.234599,16.633326,474.2473 0.19893805555555555,0.19893799999999998 479,293,777,591 514,367,593,414 668,372,737,413
p01\face\2751.jpg p01\left\2751.jpg p01\right\2751.jpg p01\grid\2751.jpg day12/0445.jpg right 1309.0,531.0 -0.012808352,-0.11010952 -45.756454,-22.305113,410.60596 0.19893805555555555,0.19893799999999998 335,183,677,525 385,267,464,314 552,278,640,330
p01\face\2752.jpg p01\left\2752.jpg p01\right\2752.jpg p01\grid\2752.jpg day42/0415.jpg right 297.0,488.0 -0.119978495,0.38413703 -16.614813,10.167901,543.13293 0.19893805555555555,0.19893799999999998 462,286,724,548 495,350,564,391 629,360,692,397
p01\face\2753.jpg p01\left\2753.jpg p01\right\2753.jpg p01\grid\2753.jpg day19/0030.jpg right 1179.0,152.0 -0.012573757,-0.13346769 -17.721985,-4.90639,412.89203 0.19893805555555555,0.19893799999999998 412,230,748,566 459,316,538,363 625,320,710,371
p01\face\2754.jpg p01\left\2754.jpg p01\right\2754.jpg p01\grid\2754.jpg day45/0584.jpg right 1192.0,146.0 -0.0034454481,-0.06622451 -22.917767,13.654698,522.9845 0.19893805555555555,0.19893799999999998 444,292,714,562 482,359,548,398 614,364,684,406
p01\face\2755.jpg p01\left\2755.jpg p01\right\2755.jpg p01\grid\2755.jpg day61/0430.jpg right 1259.0,647.0 0.0853131,0.34787318 11.409167,-38.49752,505.49664 0.19893805555555555,0.19893799999999998 508,179,788,459 549,251,616,291 686,256,759,299
p01\face\2756.jpg p01\left\2756.jpg p01\right\2756.jpg p01\grid\2756.jpg day07/0217.jpg right 532.0,206.0 -0.07698936,0.33962622 -8.174133,-68.007744,448.78036 0.19893805555555555,0.19893799999999998 448,86,764,402 488,166,570,215 649,176,725,221
p01\face\2757.jpg p01\left\2757.jpg p01\right\2757.jpg p01\grid\2757.jpg day27/0514.jpg right 142.0,594.0 -0.08490811,0.20843767 -9.139049,-12.172077,497.3101 0.19893805555555555,0.19893799999999998 462,233,748,519 500,303,572,346 647,314,714,354
p01\face\2758.jpg p01\left\2758.jpg p01\right\2758.jpg p01\grid\2758.jpg day62/0223.jpg right 1336.0,563.0 0.060280904,0.31151238 -13.973806,-27.306093,467.07983 0.19893805555555555,0.19893799999999998 444,191,747,494 485,272,557,315 634,269,712,315
p01\face\2759.jpg p01\left\2759.jpg p01\right\2759.jpg p01\grid\2759.jpg day56/0056.jpg right 525.0,541.0 0.02214622,-0.26107225 5.508124,-52.084213,490.21317 0.19893805555555555,0.19893799999999998 494,147,779,432 533,217,603,259 676,226,746,268
p01\face\2760.jpg p01\left\2760.jpg p01\right\2760.jpg p01\grid\2760.jpg day54/0194.jpg right 766.0,513.0 0.0035075548,-0.23752089 -8.724764,3.981477,477.98413 0.19893805555555555,0.19893799999999998 461,265,750,554 500,337,573,380 645,347,717,390
p01\face\2761.jpg p01\left\2761.jpg p01\right\2761.jpg p01\grid\2761.jpg day43/0190.jpg right 759.0,503.0 0.053722665,-0.30552354 22.275232,-51.70617,447.7941 0.19893805555555555,0.19893799999999998 521,126,834,439 563,205,642,252 720,214,798,260
p01\face\2762.jpg p01\left\2762.jpg p01\right\2762.jpg p01\grid\2762.jpg day27/0521.jpg right 24.0,402.0 -0.08346663,-0.014760037 -3.65826,-12.924501,491.41098 0.19893805555555555,0.19893799999999998 474,233,759,518 511,300,583,343 659,313,723,351
p01\face\2763.jpg p01\left\2763.jpg p01\right\2763.jpg p01\grid\2763.jpg day25/0236.jpg right 1156.0,284.0 0.005400973,-0.01621503 -3.606716,39.69257,407.70862 0.19893805555555555,0.19893799999999998 444,344,787,687 493,431,572,478 666,433,748,482
p01\face\2764.jpg p01\left\2764.jpg p01\right\2764.jpg p01\grid\2764.jpg day10/0023.jpg right 238.0,781.0 -0.051818945,0.3539134 5.639531,-9.804901,501.9469 0.19893805555555555,0.19893799999999998 495,239,777,521 533,307,606,350 677,320,744,360
p01\face\2765.jpg p01\left\2765.jpg p01\right\2765.jpg p01\grid\2765.jpg day60/0023.jpg right 775.0,226.0 0.037768003,0.33807102 17.371225,-52.513428,474.0336 0.19893805555555555,0.19893799999999998 513,136,813,436 554,211,629,256 706,220,779,263
p01\face\2766.jpg p01\left\2766.jpg p01\right\2766.jpg p01\grid\2766.jpg day51/0406.jpg right 711.0,364.0 -0.012784009,0.33835745 6.699327,-26.961554,562.1234 0.19893805555555555,0.19893799999999998 512,218,765,471 545,282,609,320 672,288,735,325
p01\face\2767.jpg p01\left\2767.jpg p01\right\2767.jpg p01\grid\2767.jpg day31/0274.jpg right 1364.0,56.0 0.14791144,0.25227103 -2.382248,-50.61439,464.95212 0.19893805555555555,0.19893799999999998 470,138,773,441 512,221,582,263 661,214,739,260
p01\face\2768.jpg p01\left\2768.jpg p01\right\2768.jpg p01\grid\2768.jpg day38/0476.jpg right 1368.0,226.0 -0.26231313,-0.055812128 -65.158806,38.218616,474.0822 0.19893805555555555,0.19893799999999998 323,330,642,649 371,425,441,467 522,411,592,453
p01\face\2769.jpg p01\left\2769.jpg p01\right\2769.jpg p01\grid\2769.jpg day19/0086.jpg right 751.0,75.0 -0.0800575,0.2715596 -32.603264,-40.44723,578.4373 0.19893805555555555,0.19893799999999998 443,198,689,444 475,258,538,295 600,267,660,303
p01\face\2770.jpg p01\left\2770.jpg p01\right\2770.jpg p01\grid\2770.jpg day03/0240.jpg right 714.0,810.0 -0.04651284,-0.09922294 -22.848015,58.47757,466.21564 0.19893805555555555,0.19893799999999998 425,388,723,686 465,465,538,508 613,465,688,510
p01\face\2771.jpg p01\left\2771.jpg p01\right\2771.jpg p01\grid\2771.jpg day42/0455.jpg right 74.0,661.0 0.010430103,0.42605636 21.044409,4.985756,477.9795 0.19893805555555555,0.19893799999999998 524,266,819,561 562,339,640,385 714,348,783,389
p01\face\2772.jpg p01\left\2772.jpg p01\right\2772.jpg p01\grid\2772.jpg day28/0055.jpg right 307.0,41.0 -0.017228827,-0.031316333 -12.523128,19.494946,476.366 0.19893805555555555,0.19893799999999998 452,301,744,593 490,374,563,417 638,379,708,421
p01\face\2773.jpg p01\left\2773.jpg p01\right\2773.jpg p01\grid\2773.jpg day12/0542.jpg right 16.0,205.0 -0.11165881,0.16384847 20.363901,-23.1465,501.96658 0.19893805555555555,0.19893799999999998 528,214,807,493 564,279,636,322 708,293,772,331
p01\face\2774.jpg p01\left\2774.jpg p01\right\2774.jpg p01\grid\2774.jpg day03/0127.jpg right 271.0,207.0 -0.05146554,0.43515727 1.762817,24.869102,545.10095 0.19893805555555555,0.19893799999999998 500,316,759,575 533,380,600,420 666,387,727,423
p01\face\2775.jpg p01\left\2775.jpg p01\right\2775.jpg p01\grid\2775.jpg day04/0568.jpg right 899.0,801.0 -0.008845137,-0.1316938 0.467423,25.015486,477.5395 0.19893805555555555,0.19893799999999998 481,313,770,602 521,385,590,426 667,393,737,435
p01\face\2776.jpg p01\left\2776.jpg p01\right\2776.jpg p01\grid\2776.jpg day51/0103.jpg right 1065.0,253.0 -0.0028342488,-0.09351117 -6.985192,19.749186,444.9043 0.19893805555555555,0.19893799999999998 450,297,763,610 494,371,572,417 651,385,729,431
p01\face\2777.jpg p01\left\2777.jpg p01\right\2777.jpg p01\grid\2777.jpg day31/0444.jpg right 787.0,282.0 0.030491099,0.582952 32.071514,45.56121,527.4471 0.19893805555555555,0.19893799999999998 555,354,823,622 592,420,659,460 727,431,793,470
p01\face\2778.jpg p01\left\2778.jpg p01\right\2778.jpg p01\grid\2778.jpg day67/0019.jpg right 1393.0,861.0 0.026973851,-0.19165474 -15.049519,3.926005,418.73514 0.19893805555555555,0.19893799999999998 420,253,750,583 468,332,547,379 631,348,715,398
p01\face\2779.jpg p01\left\2779.jpg p01\right\2779.jpg p01\grid\2779.jpg day50/0001.jpg right 436.0,764.0 0.06262197,-0.17019744 39.94382,7.606383,443.80667 0.19893805555555555,0.19893799999999998 560,266,875,581 603,339,685,388 763,359,839,404
p01\face\2780.jpg p01\left\2780.jpg p01\right\2780.jpg p01\grid\2780.jpg day58/0121.jpg right 62.0,809.0 -0.029397415,0.34114015 7.480396,-21.73218,473.33545 0.19893805555555555,0.19893799999999998 493,205,793,505 531,281,606,326 685,288,755,330
p01\face\2781.jpg p01\left\2781.jpg p01\right\2781.jpg p01\grid\2781.jpg day17/0336.jpg right 1229.0,180.0 0.047847204,0.39643273 -15.994417,-39.539017,543.8748 0.19893805555555555,0.19893799999999998 468,191,724,447 503,261,563,297 628,256,695,296
p01\face\2782.jpg p01\left\2782.jpg p01\right\2782.jpg p01\grid\2782.jpg day55/0319.jpg right 528.0,326.0 -0.03299638,0.5153506 15.782083,48.168877,542.4721 0.19893805555555555,0.19893799999999998 525,361,784,620 561,422,627,461 692,436,755,473
p01\face\2783.jpg p01\left\2783.jpg p01\right\2783.jpg p01\grid\2783.jpg day63/0296.jpg right 57.0,83.0 -0.120995104,0.45315105 -52.26711,-28.647648,622.2226 0.19893805555555555,0.19893799999999998 424,228,650,454 453,285,513,321 568,292,623,325
p01\face\2784.jpg p01\left\2784.jpg p01\right\2784.jpg p01\grid\2784.jpg day47/0138.jpg right 609.0,709.0 -0.04302145,0.46380332 -3.093252,-4.303295,553.2191 0.19893805555555555,0.19893799999999998 492,259,748,515 525,324,592,364 654,330,717,367
p01\face\2785.jpg p01\left\2785.jpg p01\right\2785.jpg p01\grid\2785.jpg day67/0249.jpg right 928.0,353.0 -0.017367342,-0.14621581 -11.512984,31.464304,464.2318 0.19893805555555555,0.19893799999999998 448,325,749,626 489,400,564,445 638,407,716,453
p01\face\2786.jpg p01\left\2786.jpg p01\right\2786.jpg p01\grid\2786.jpg day15/0151.jpg right 1150.0,658.0 -0.072425246,-0.2591133 -48.692017,-39.6799,448.7789 0.19893805555555555,0.19893799999999998 356,155,669,468 398,240,471,283 553,237,632,284
p01\face\2787.jpg p01\left\2787.jpg p01\right\2787.jpg p01\grid\2787.jpg day04/0613.jpg right 1145.0,526.0 0.2103328,0.027556209 -9.45134,-11.539648,516.02106 0.19893805555555555,0.19893799999999998 479,244,744,509 513,317,574,353 641,305,711,347
p01\face\2788.jpg p01\left\2788.jpg p01\right\2788.jpg p01\grid\2788.jpg day60/0074.jpg right 306.0,607.0 -0.04709794,0.3588775 4.115763,0.312779,511.72485 0.19893805555555555,0.19893799999999998 494,261,773,540 531,330,601,372 673,340,740,380
p01\face\2789.jpg p01\left\2789.jpg p01\right\2789.jpg p01\grid\2789.jpg day08/0048.jpg right 32.0,69.0 -0.025552692,0.29846513 32.359932,-17.338573,420.15967 0.19893805555555555,0.19893799999999998 536,198,875,537 580,277,670,331 753,294,834,342
p01\face\2790.jpg p01\left\2790.jpg p01\right\2790.jpg p01\grid\2790.jpg day43/0115.jpg right 354.0,393.0 -0.03044642,0.21853729 22.664389,-33.07632,484.73065 0.19893805555555555,0.19893799999999998 527,185,819,477 566,254,642,299 715,268,785,310
p01\face\2791.jpg p01\left\2791.jpg p01\right\2791.jpg p01\grid\2791.jpg day42/0487.jpg right 1390.0,96.0 0.038593974,0.09715555 -44.274185,14.726682,544.3104 0.19893805555555555,0.19893799999999998 412,298,671,557 446,365,509,402 574,362,641,402
p01\face\2792.jpg p01\left\2792.jpg p01\right\2792.jpg p01\grid\2792.jpg day37/0070.jpg right 797.0,141.0 -0.048719976,0.4466392 -9.842905,-17.926172,454.5424 0.19893805555555555,0.19893799999999998 445,206,758,519 486,284,567,332 645,295,721,340
p01\face\2793.jpg p01\left\2793.jpg p01\right\2793.jpg p01\grid\2793.jpg day31/0103.jpg right 39.0,717.0 -0.049167883,0.38722476 26.146406,-16.114853,540.1374 0.19893805555555555,0.19893799999999998 545,235,806,496 579,296,649,338 712,311,775,348
p01\face\2794.jpg p01\left\2794.jpg p01\right\2794.jpg p01\grid\2794.jpg day53/0153.jpg right 585.0,383.0 -0.043291092,0.42495352 -1.523131,-12.921104,557.5677 0.19893805555555555,0.19893799999999998 496,245,748,497 530,307,593,344 658,316,719,352
p01\face\2795.jpg p01\left\2795.jpg p01\right\2795.jpg p01\grid\2795.jpg day38/0137.jpg right 333.0,30.0 -0.07940603,0.33374 20.027645,6.42044,521.17645 0.19893805555555555,0.19893799999999998 528,277,799,548 565,338,637,381 703,356,769,395
p01\face\2796.jpg p01\left\2796.jpg p01\right\2796.jpg p01\grid\2796.jpg day21/0205.jpg right 442.0,450.0 -0.05634174,0.27278343 4.725066,-21.361933,454.15103 0.19893805555555555,0.19893799999999998 481,200,796,515 520,280,599,327 680,284,755,329
p01\face\2797.jpg p01\left\2797.jpg p01\right\2797.jpg p01\grid\2797.jpg day15/0098.jpg right 723.0,131.0 0.03459368,0.2762483 21.045662,-46.59666,515.07526 0.19893805555555555,0.19893799999999998 529,166,805,442 569,234,636,274 705,243,775,285
p01\face\2798.jpg p01\left\2798.jpg p01\right\2798.jpg p01\grid\2798.jpg day64/0210.jpg right 1095.0,374.0 -0.023919458,-0.08412651 -29.401266,20.749023,526.9819 0.19893805555555555,0.19893799999999998 436,307,703,574 471,380,534,417 601,373,671,415
p01\face\2799.jpg p01\left\2799.jpg p01\right\2799.jpg p01\grid\2799.jpg day06/0218.jpg right 209.0,400.0 -0.106997035,0.5171608 -20.350084,23.3601,524.28186 0.19893805555555555,0.19893799999999998 450,311,717,578 485,375,555,417 621,387,685,425
p01\face\2800.jpg p01\left\2800.jpg p01\right\2800.jpg p01\grid\2800.jpg day07/0169.jpg right 147.0,599.0 -0.036245875,0.33292574 40.764317,-50.272575,447.45175 0.19893805555555555,0.19893799999999998 561,129,876,444 604,201,688,251 765,223,840,268
p01\face\2801.jpg p01\left\2801.jpg p01\right\2801.jpg p01\grid\2801.jpg day45/0305.jpg right 764.0,878.0 0.044525106,0.289688 6.205955,-51.737186,513.9019 0.19893805555555555,0.19893799999999998 489,144,787,442 529,224,605,269 676,229,754,275
p01\face\2802.jpg p01\left\2802.jpg p01\right\2802.jpg p01\grid\2802.jpg day49/0372.jpg right 1058.0,365.0 0.031846263,0.44931555 20.111654,0.649478,487.83606 0.19893805555555555,0.19893799999999998 521,256,813,548 563,329,635,372 707,339,782,384
p01\face\2803.jpg p01\left\2803.jpg p01\right\2803.jpg p01\grid\2803.jpg day17/0491.jpg right 185.0,352.0 0.03156541,0.327127 22.371399,-11.981883,498.6884 0.19893805555555555,0.19893799999999998 534,234,819,519 568,309,641,352 712,308,781,349
p01\face\2804.jpg p01\left\2804.jpg p01\right\2804.jpg p01\grid\2804.jpg day43/0255.jpg right 907.0,602.0 0.018306326,0.2957227 8.544991,-36.754337,531.3551 0.19893805555555555,0.19893799999999998 508,191,776,459 545,259,611,298 679,265,746,305
p01\face\2805.jpg p01\left\2805.jpg p01\right\2805.jpg p01\grid\2805.jpg day25/0081.jpg right 586.0,302.0 -0.032392662,0.4011953 -18.615358,52.371395,550.20593 0.19893805555555555,0.19893799999999998 464,370,722,628 495,437,559,475 625,435,688,472
p01\face\2806.jpg p01\left\2806.jpg p01\right\2806.jpg p01\grid\2806.jpg day17/0284.jpg right 646.0,65.0 -0.04357085,0.3243957 -2.882112,-34.47287,407.19788 0.19893805555555555,0.19893799999999998 441,147,792,498 488,232,578,286 664,246,751,298
p01\face\2807.jpg p01\left\2807.jpg p01\right\2807.jpg p01\grid\2807.jpg day28/0293.jpg right 583.0,875.0 0.010339154,-0.20526122 3.366233,14.784749,436.29227 0.19893805555555555,0.19893799999999998 476,283,794,601 517,365,596,412 677,369,755,415
p01\face\2808.jpg p01\left\2808.jpg p01\right\2808.jpg p01\grid\2808.jpg day42/0252.jpg right 152.0,525.0 0.0050621624,0.30638373 48.43652,-23.085775,525.85156 0.19893805555555555,0.19893799999999998 588,217,859,488 622,283,694,326 760,292,826,331
p01\face\2809.jpg p01\left\2809.jpg p01\right\2809.jpg p01\grid\2809.jpg day58/0721.jpg right 277.0,148.0 0.0022142627,0.36770672 30.647339,-3.791305,474.77597 0.19893805555555555,0.19893799999999998 542,245,842,545 583,317,659,362 735,332,808,375
p01\face\2810.jpg p01\left\2810.jpg p01\right\2810.jpg p01\grid\2810.jpg day49/0077.jpg right 1380.0,318.0 0.010421038,0.015052387 -29.119427,5.006216,426.8887 0.19893805555555555,0.19893799999999998 388,258,718,588 435,341,513,387 597,345,682,396
p01\face\2811.jpg p01\left\2811.jpg p01\right\2811.jpg p01\grid\2811.jpg day03/0497.jpg right 852.0,170.0 0.07611062,-0.24863994 26.981901,-8.338782,477.30453 0.19893805555555555,0.19893799999999998 537,238,826,527 580,306,650,348 724,324,797,367
p01\face\2812.jpg p01\left\2812.jpg p01\right\2812.jpg p01\grid\2812.jpg day54/0302.jpg right 715.0,154.0 0.047994915,0.28252298 19.23812,-30.860529,498.59247 0.19893805555555555,0.19893799999999998 521,193,807,479 562,263,632,305 705,273,777,316
p01\face\2813.jpg p01\left\2813.jpg p01\right\2813.jpg p01\grid\2813.jpg day40/0023.jpg right 1073.0,602.0 -0.06514754,0.36349326 -41.385536,-6.131891,534.8151 0.19893805555555555,0.19893799999999998 412,255,674,517 448,321,512,359 579,325,645,364
p01\face\2814.jpg p01\left\2814.jpg p01\right\2814.jpg p01\grid\2814.jpg day45/0085.jpg right 934.0,723.0 -0.06381016,-0.212581 -15.769924,-36.88459,529.2366 0.19893805555555555,0.19893799999999998 463,193,727,457 498,261,562,299 630,262,696,301
p01\face\2815.jpg p01\left\2815.jpg p01\right\2815.jpg p01\grid\2815.jpg day58/0605.jpg right 1033.0,711.0 0.030218974,-0.14786588 -0.182465,11.254654,406.32605 0.19893805555555555,0.19893799999999998 452,269,794,611 501,354,582,402 670,364,757,416
p01\face\2816.jpg p01\left\2816.jpg p01\right\2816.jpg p01\grid\2816.jpg day38/0352.jpg right 949.0,42.0 -0.12916882,-0.21001624 -22.146376,30.903639,597.4471 0.19893805555555555,0.19893799999999998 468,329,703,564 502,391,557,424 619,392,677,426
p01\face\2817.jpg p01\left\2817.jpg p01\right\2817.jpg p01\grid\2817.jpg day31/0084.jpg right 788.0,303.0 -0.11064966,0.57213145 -24.934332,71.92412,612.3987 0.19893805555555555,0.19893799999999998 465,400,697,632 497,456,557,492 614,466,671,500
p01\face\2818.jpg p01\left\2818.jpg p01\right\2818.jpg p01\grid\2818.jpg day41/0286.jpg right 1203.0,494.0 0.0020525435,0.2223437 -15.948296,-71.75121,500.2017 0.19893805555555555,0.19893799999999998 449,107,734,392 488,178,560,221 627,184,702,229
p01\face\2819.jpg p01\left\2819.jpg p01\right\2819.jpg p01\grid\2819.jpg day65/0004.jpg right 807.0,864.0 0.028536065,-0.1906263 -7.842277,-7.021376,322.87613 0.19893805555555555,0.19893799999999998 378,182,817,621 442,294,544,355 657,302,771,370
p01\face\2820.jpg p01\left\2820.jpg p01\right\2820.jpg p01\grid\2820.jpg day27/0160.jpg right 1304.0,634.0 -0.10125064,0.3321397 -92.59785,25.810251,546.18134 0.19893805555555555,0.19893799999999998 315,316,579,580 351,387,412,423 482,384,548,423
p01\face\2821.jpg p01\left\2821.jpg p01\right\2821.jpg p01\grid\2821.jpg day51/0066.jpg right 1193.0,691.0 -0.0146659585,-0.14486416 -16.258537,23.12445,489.89252 0.19893805555555555,0.19893799999999998 447,309,732,594 487,380,556,421 628,386,701,429
p01\face\2822.jpg p01\left\2822.jpg p01\right\2822.jpg p01\grid\2822.jpg day63/0357.jpg right 1400.0,456.0 0.0556262,0.32251692 9.584245,-43.25679,455.29532 0.19893805555555555,0.19893799999999998 491,149,803,461 536,230,609,273 688,233,769,281
p01\face\2823.jpg p01\left\2823.jpg p01\right\2823.jpg p01\grid\2823.jpg day53/0599.jpg right 763.0,172.0 0.039007403,0.3409482 53.327972,-23.67513,464.91998 0.19893805555555555,0.19893799999999998 589,197,896,504 634,269,712,315 788,288,864,333
p01\face\2824.jpg p01\left\2824.jpg p01\right\2824.jpg p01\grid\2824.jpg day67/0012.jpg right 546.0,122.0 -0.015931398,0.22859111 32.039608,-42.582573,441.77722 0.19893805555555555,0.19893799999999998 537,144,861,468 582,219,666,269 746,239,825,286
p01\face\2825.jpg p01\left\2825.jpg p01\right\2825.jpg p01\grid\2825.jpg day51/0058.jpg right 1437.0,271.0 0.012596481,0.44049478 -23.353409,10.459851,510.67645 0.19893805555555555,0.19893799999999998 439,283,715,559 478,355,544,394 613,356,685,399
p01\face\2826.jpg p01\left\2826.jpg p01\right\2826.jpg p01\grid\2826.jpg day02/0147.jpg right 1205.0,62.0 -0.022534888,-0.13541059 -14.300459,-6.25461,550.47266 0.19893805555555555,0.19893799999999998 469,256,725,512 505,321,568,358 632,326,698,365
p01\face\2827.jpg p01\left\2827.jpg p01\right\2827.jpg p01\grid\2827.jpg day54/0293.jpg right 1127.0,815.0 -0.008386205,-0.23333062 9.223745,-26.127617,492.0228 0.19893805555555555,0.19893799999999998 501,202,786,487 542,274,611,315 683,281,756,324
p01\face\2828.jpg p01\left\2828.jpg p01\right\2828.jpg p01\grid\2828.jpg day47/0103.jpg right 112.0,638.0 -0.021632649,0.4026457 12.474239,-4.716447,467.26807 0.19893805555555555,0.19893799999999998 500,241,804,545 541,315,620,362 696,328,769,371
p01\face\2829.jpg p01\left\2829.jpg p01\right\2829.jpg p01\grid\2829.jpg day42/0306.jpg right 448.0,154.0 -0.030246904,0.23391664 20.00411,-47.288944,484.3433 0.19893805555555555,0.19893799999999998 520,153,814,447 560,222,636,267 709,238,781,281
p01\face\2830.jpg p01\left\2830.jpg p01\right\2830.jpg p01\grid\2830.jpg day19/0195.jpg right 46.0,668.0 -0.0035049822,0.30693415 34.26855,-19.841742,434.99512 0.19893805555555555,0.19893799999999998 544,199,866,521 589,272,673,322 754,293,830,338
p01\face\2831.jpg p01\left\2831.jpg p01\right\2831.jpg p01\grid\2831.jpg day65/0193.jpg right 272.0,713.0 0.008452693,-0.16711171 12.291281,22.590836,481.3742 0.19893805555555555,0.19893799999999998 507,307,796,596 546,379,619,422 692,387,762,429
p01\face\2832.jpg p01\left\2832.jpg p01\right\2832.jpg p01\grid\2832.jpg day50/0166.jpg right 501.0,871.0 -0.068863295,0.34644786 -1.223146,-40.673573,473.4648 0.19893805555555555,0.19893799999999998 472,163,770,461 512,235,588,280 664,249,736,292
p01\face\2833.jpg p01\left\2833.jpg p01\right\2833.jpg p01\grid\2833.jpg day14/0061.jpg right 1414.0,722.0 -0.015150723,-0.12423934 -37.379467,9.348583,413.42593 0.19893805555555555,0.19893799999999998 361,265,700,604 409,354,487,400 573,354,663,408
p01\face\2834.jpg p01\left\2834.jpg p01\right\2834.jpg p01\grid\2834.jpg day64/0126.jpg right 262.0,861.0 0.05911055,-0.27662084 43.259953,-24.723482,433.37448 0.19893805555555555,0.19893799999999998 568,185,890,507 611,264,693,313 776,278,852,323
p01\face\2835.jpg p01\left\2835.jpg p01\right\2835.jpg p01\grid\2835.jpg day52/0237.jpg right 918.0,187.0 -0.039192628,0.32017538 -13.145999,-29.133419,466.2146 0.19893805555555555,0.19893799999999998 441,186,745,490 484,260,559,305 636,272,712,317
p01\face\2836.jpg p01\left\2836.jpg p01\right\2836.jpg p01\grid\2836.jpg day61/0065.jpg right 157.0,738.0 -0.019138597,0.42465153 24.94496,-4.669128,464.5673 0.19893805555555555,0.19893799999999998 528,240,834,546 569,314,648,361 725,329,798,372
p01\face\2837.jpg p01\left\2837.jpg p01\right\2837.jpg p01\grid\2837.jpg day52/0382.jpg right 381.0,222.0 -0.08780715,0.12049368 -17.283897,-71.01268,521.5832 0.19893805555555555,0.19893799999999998 452,120,725,393 489,183,559,225 628,198,694,237
p01\face\2838.jpg p01\left\2838.jpg p01\right\2838.jpg p01\grid\2838.jpg day17/0479.jpg right 1412.0,67.0 0.080934346,0.1938906 -15.232361,-48.72895,469.92026 0.19893805555555555,0.19893799999999998 441,145,741,445 484,222,554,264 630,224,709,271
p01\face\2839.jpg p01\left\2839.jpg p01\right\2839.jpg p01\grid\2839.jpg day63/0025.jpg right 1273.0,525.0 0.029212605,0.39024022 -7.896258,-17.277803,459.1769 0.19893805555555555,0.19893799999999998 453,211,762,520 496,292,569,335 649,294,727,340
p01\face\2840.jpg p01\left\2840.jpg p01\right\2840.jpg p01\grid\2840.jpg day23/0225.jpg right 199.0,112.0 -0.02583194,0.3546048 35.436104,-8.69596,482.27686 0.19893805555555555,0.19893799999999998 557,238,849,530 594,308,670,353 744,320,813,361
p01\face\2841.jpg p01\left\2841.jpg p01\right\2841.jpg p01\grid\2841.jpg day35/0121.jpg right 690.0,401.0 0.0068551945,0.31677893 20.035383,-40.377678,498.92197 0.19893805555555555,0.19893799999999998 524,173,807,456 564,242,634,284 707,255,776,296
p01\face\2842.jpg p01\left\2842.jpg p01\right\2842.jpg p01\grid\2842.jpg day20/0517.jpg right 778.0,849.0 -0.031682458,-0.17934275 -22.435432,15.568483,490.92142 0.19893805555555555,0.19893799999999998 436,293,719,576 473,365,543,407 616,370,685,411
p01\face\2843.jpg p01\left\2843.jpg p01\right\2843.jpg p01\grid\2843.jpg day55/0275.jpg right 1129.0,765.0 0.0030299388,-0.1583085 -2.052179,-5.558876,452.98065 0.19893805555555555,0.19893799999999998 467,237,777,547 510,320,582,363 661,318,742,366
p01\face\2844.jpg p01\left\2844.jpg p01\right\2844.jpg p01\grid\2844.jpg day16/0008.jpg right 510.0,269.0 -0.030641044,0.3008593 8.209519,-34.139812,514.1187 0.19893805555555555,0.19893799999999998 504,192,778,466 541,258,611,300 680,270,747,310
p01\face\2845.jpg p01\left\2845.jpg p01\right\2845.jpg p01\grid\2845.jpg day15/0263.jpg right 754.0,858.0 -0.015244215,-0.23506105 -20.472383,-27.753628,359.7464 0.19893805555555555,0.19893799999999998 368,142,755,529 423,236,517,292 617,254,713,311
p01\face\2846.jpg p01\left\2846.jpg p01\right\2846.jpg p01\grid\2846.jpg day29/0029.jpg right 1342.0,375.0 -0.016007233,0.39239022 -18.965055,-16.145168,511.78766 0.19893805555555555,0.19893799999999998 448,227,725,504 486,300,553,340 623,302,693,344
p01\face\2847.jpg p01\left\2847.jpg p01\right\2847.jpg p01\grid\2847.jpg day43/0185.jpg right 687.0,487.0 -0.016197523,0.30888224 20.648342,-49.540985,475.31866 0.19893805555555555,0.19893799999999998 520,142,821,443 560,217,638,263 711,227,786,272
p01\face\2848.jpg p01\left\2848.jpg p01\right\2848.jpg p01\grid\2848.jpg day62/0130.jpg right 522.0,500.0 -0.040224187,0.4079323 17.357162,-18.113764,474.5901 0.19893805555555555,0.19893799999999998 514,214,811,511 554,285,630,330 705,299,777,342
p01\face\2849.jpg p01\left\2849.jpg p01\right\2849.jpg p01\grid\2849.jpg day58/0453.jpg right 306.0,277.0 -0.06579764,0.33768794 9.615621,-14.650876,495.6724 0.19893805555555555,0.19893799999999998 501,227,787,513 539,294,614,339 685,310,754,351
p01\face\2850.jpg p01\left\2850.jpg p01\right\2850.jpg p01\grid\2850.jpg day45/0369.jpg right 900.0,229.0 -0.04215651,0.4598995 -15.558815,23.404041,535.88715 0.19893805555555555,0.19893799999999998 461,311,726,576 498,377,564,416 631,385,697,424
p01\face\2851.jpg p01\left\2851.jpg p01\right\2851.jpg p01\grid\2851.jpg day52/0357.jpg right 582.0,90.0 0.0069129504,0.2038133 26.134083,-80.35518,565.17474 0.19893805555555555,0.19893799999999998 548,120,800,372 582,182,645,219 708,190,771,227
p01\face\2852.jpg p01\left\2852.jpg p01\right\2852.jpg p01\grid\2852.jpg day04/0276.jpg right 474.0,333.0 -0.06445723,0.43227482 -33.181156,0.036235,581.2576 0.19893805555555555,0.19893799999999998 444,271,688,515 476,336,537,372 599,337,659,373
p01\face\2853.jpg p01\left\2853.jpg p01\right\2853.jpg p01\grid\2853.jpg day15/0385.jpg right 92.0,29.0 -0.07134227,0.2952301 32.637634,-15.129993,433.40564 0.19893805555555555,0.19893799999999998 542,210,866,534 584,285,668,335 750,303,826,348
p01\face\2854.jpg p01\left\2854.jpg p01\right\2854.jpg p01\grid\2854.jpg day07/0015.jpg right 100.0,333.0 -0.04875398,0.20512562 4.631714,-40.815784,453.07028 0.19893805555555555,0.19893799999999998 479,155,792,468 519,231,601,280 679,241,754,286
p01\face\2855.jpg p01\left\2855.jpg p01\right\2855.jpg p01\grid\2855.jpg day17/0129.jpg right 1303.0,109.0 0.032448124,0.20368338 -34.49576,-32.96384,500.95624 0.19893805555555555,0.19893799999999998 410,191,692,473 452,262,518,301 590,268,663,311
p01\face\2856.jpg p01\left\2856.jpg p01\right\2856.jpg p01\grid\2856.jpg day10/0105.jpg right 650.0,612.0 0.04795774,-0.2620806 14.835578,8.979074,466.35504 0.19893805555555555,0.19893799999999998 510,274,805,569 551,348,624,391 700,359,772,402
p01\face\2857.jpg p01\left\2857.jpg p01\right\2857.jpg p01\grid\2857.jpg day19/0185.jpg right 445.0,180.0 -0.040258892,0.39109242 15.238613,-34.034348,421.94562 0.19893805555555555,0.19893799999999998 495,156,829,490 540,237,625,288 709,252,790,300
p01\face\2858.jpg p01\left\2858.jpg p01\right\2858.jpg p01\grid\2858.jpg day28/0018.jpg right 117.0,69.0 -0.062669165,0.30161506 17.093681,14.140746,398.05533 0.19893805555555555,0.19893799999999998 491,275,846,630 537,356,631,412 720,375,804,425
p01\face\2859.jpg p01\left\2859.jpg p01\right\2859.jpg p01\grid\2859.jpg day49/0497.jpg right 1110.0,287.0 -0.0002041337,-0.19964297 -9.290371,-16.861574,418.32004 0.19893805555555555,0.19893799999999998 434,200,767,533 482,283,561,330 646,292,731,343
p01\face\2860.jpg p01\left\2860.jpg p01\right\2860.jpg p01\grid\2860.jpg day19/0062.jpg right 438.0,166.0 -0.11058595,0.43748832 -17.945475,-10.160314,566.94653 0.19893805555555555,0.19893799999999998 467,251,716,500 500,311,564,349 626,323,687,359
p01\face\2861.jpg p01\left\2861.jpg p01\right\2861.jpg p01\grid\2861.jpg day64/0097.jpg right 96.0,230.0 -0.08642315,-0.32748923 -19.897663,-15.842103,697.76575 0.19893805555555555,0.19893799999999998 494,263,692,461 522,310,573,340 624,322,670,349
p01\face\2862.jpg p01\left\2862.jpg p01\right\2862.jpg p01\grid\2862.jpg day62/0242.jpg right 1303.0,334.0 0.032940555,0.030897029 -25.133408,-15.760849,366.82297 0.19893805555555555,0.19893799999999998 362,184,743,565 416,280,504,332 605,284,701,341
p01\face\2863.jpg p01\left\2863.jpg p01\right\2863.jpg p01\grid\2863.jpg day23/0160.jpg right 1388.0,617.0 -0.0052417405,-0.09094364 -46.043495,16.323612,544.1403 0.19893805555555555,0.19893799999999998 408,300,666,558 444,366,505,402 570,368,637,408
p01\face\2864.jpg p01\left\2864.jpg p01\right\2864.jpg p01\grid\2864.jpg day10/0009.jpg right 151.0,399.0 -0.0724987,0.36055708 10.193585,-18.250387,506.01065 0.19893805555555555,0.19893799999999998 507,223,786,502 543,290,616,333 686,302,752,341
p01\face\2865.jpg p01\left\2865.jpg p01\right\2865.jpg p01\grid\2865.jpg day31/0253.jpg right 814.0,367.0 0.009603488,0.5094363 23.278633,18.692102,475.9894 0.19893805555555555,0.19893799999999998 525,292,829,596 565,369,644,416 717,377,793,422
p01\face\2866.jpg p01\left\2866.jpg p01\right\2866.jpg p01\grid\2866.jpg day20/0355.jpg right 98.0,406.0 -0.13247955,0.26814505 7.501954,-65.52027,565.1582 0.19893805555555555,0.19893799999999998 515,149,762,396 547,206,614,246 673,220,733,256
p01\face\2867.jpg p01\left\2867.jpg p01\right\2867.jpg p01\grid\2867.jpg day57/0025.jpg right 977.0,525.0 0.04005305,0.30973044 -26.501469,-19.339266,501.53586 0.19893805555555555,0.19893799999999998 433,222,710,499 470,297,534,335 607,291,677,333
p01\face\2868.jpg p01\left\2868.jpg p01\right\2868.jpg p01\grid\2868.jpg day17/0439.jpg right 987.0,63.0 0.019336715,-0.24133919 20.66189,-34.90126,496.40955 0.19893805555555555,0.19893799999999998 527,186,807,466 567,255,636,296 707,264,777,306
p01\face\2869.jpg p01\left\2869.jpg p01\right\2869.jpg p01\grid\2869.jpg day59/0479.jpg right 413.0,764.0 -0.015356642,-0.15908258 -1.04394,4.557917,405.53198 0.19893805555555555,0.19893799999999998 448,250,793,595 494,334,582,386 670,348,752,397
p01\face\2870.jpg p01\left\2870.jpg p01\right\2870.jpg p01\grid\2870.jpg day32/0068.jpg right 9.0,741.0 -0.056148723,0.3196407 38.863808,-16.999483,527.9682 0.19893805555555555,0.19893799999999998 569,232,834,497 604,293,674,335 740,309,803,346
p01\face\2871.jpg p01\left\2871.jpg p01\right\2871.jpg p01\grid\2871.jpg day57/0257.jpg right 922.0,803.0 -0.0021426012,-0.15652934 2.21587,15.901297,515.562 0.19893805555555555,0.19893799999999998 495,297,765,567 532,364,598,403 667,370,734,410
p01\face\2872.jpg p01\left\2872.jpg p01\right\2872.jpg p01\grid\2872.jpg day49/0181.jpg right 146.0,386.0 -0.052527465,0.14316025 38.08205,-100.61154,480.3057 0.19893805555555555,0.19893799999999998 560,37,849,326 603,101,676,144 748,122,820,165
p01\face\2873.jpg p01\left\2873.jpg p01\right\2873.jpg p01\grid\2873.jpg day61/0281.jpg right 536.0,825.0 -0.008125982,0.39881662 5.236461,-11.985656,478.92828 0.19893805555555555,0.19893799999999998 488,227,786,525 527,303,602,348 678,310,751,353
p01\face\2874.jpg p01\left\2874.jpg p01\right\2874.jpg p01\grid\2874.jpg day61/0095.jpg right 209.0,255.0 -0.06932501,0.27803403 29.003202,-37.404804,470.157 0.19893805555555555,0.19893799999999998 538,169,839,470 578,239,657,286 733,258,803,300
p01\face\2875.jpg p01\left\2875.jpg p01\right\2875.jpg p01\grid\2875.jpg day56/0115.jpg right 129.0,707.0 -0.005423784,0.3443383 26.15081,-10.280892,456.86658 0.19893805555555555,0.19893799999999998 529,226,841,538 571,301,650,348 729,315,804,360
p01\face\2876.jpg p01\left\2876.jpg p01\right\2876.jpg p01\grid\2876.jpg day45/0145.jpg right 1397.0,44.0 -0.136654,-0.24627088 -16.263273,-40.58913,501.5925 0.19893805555555555,0.19893799999999998 450,174,730,454 489,246,556,286 631,251,698,291
p01\face\2877.jpg p01\left\2877.jpg p01\right\2877.jpg p01\grid\2877.jpg day17/0404.jpg right 1002.0,418.0 0.029865911,-0.30685946 -16.609116,-33.655273,341.8176 0.19893805555555555,0.19893799999999998 368,112,774,518 425,212,524,271 627,230,730,291
p01\face\2878.jpg p01\left\2878.jpg p01\right\2878.jpg p01\grid\2878.jpg day62/0047.jpg right 1001.0,70.0 -0.009461782,0.3485845 -7.250664,-43.04061,445.96255 0.19893805555555555,0.19893799999999998 448,146,764,462 493,225,569,270 651,234,730,281
p01\face\2879.jpg p01\left\2879.jpg p01\right\2879.jpg p01\grid\2879.jpg day48/0096.jpg right 417.0,356.0 0.03926209,-0.1830419 55.045628,-39.830948,465.03696 0.19893805555555555,0.19893799999999998 597,162,901,466 641,238,713,281 791,244,869,290
p01\face\2880.jpg p01\left\2880.jpg p01\right\2880.jpg p01\grid\2880.jpg day02/0104.jpg right 1086.0,825.0 -0.036014486,0.3343192 -22.263746,-4.871825,558.04407 0.19893805555555555,0.19893799999999998 457,260,712,515 490,325,554,363 617,328,681,366
p01\face\2881.jpg p01\left\2881.jpg p01\right\2881.jpg p01\grid\2881.jpg day55/0080.jpg right 339.0,374.0 -0.017437322,-0.07905504 4.635899,9.662289,494.13666 0.19893805555555555,0.19893799999999998 492,282,774,564 531,348,604,391 673,361,742,402
p01\face\2882.jpg p01\left\2882.jpg p01\right\2882.jpg p01\grid\2882.jpg day50/0213.jpg right 156.0,229.0 -0.036194768,0.4841664 36.158978,33.062256,718.72217 0.19893805555555555,0.19893799999999998 581,336,777,532 606,384,658,415 706,392,754,420
p01\face\2883.jpg p01\left\2883.jpg p01\right\2883.jpg p01\grid\2883.jpg day12/0577.jpg right 917.0,839.0 0.024462467,0.2973359 20.319595,-33.397976,530.8069 0.19893805555555555,0.19893799999999998 532,198,799,465 569,265,635,304 702,272,769,312
p01\face\2884.jpg p01\left\2884.jpg p01\right\2884.jpg p01\grid\2884.jpg day14/0087.jpg right 1202.0,161.0 -0.017875664,-0.01407129 -703.0789,-406.89468,1603.931 0.19893805555555555,0.19893799999999998 117,55,205,143 129,78,151,91 172,78,196,92
p01\face\2885.jpg p01\left\2885.jpg p01\right\2885.jpg p01\grid\2885.jpg day32/0151.jpg right 1238.0,67.0 0.1347125,0.40686592 46.80983,-7.041461,536.40485 0.19893805555555555,0.19893799999999998 586,251,850,515 622,319,689,359 753,322,820,362
p01\face\2886.jpg p01\left\2886.jpg p01\right\2886.jpg p01\grid\2886.jpg day17/0253.jpg right 723.0,548.0 -0.04984038,0.3090136 -2.864024,-27.587551,431.7276 0.19893805555555555,0.19893799999999998 450,175,781,506 496,255,580,305 663,271,744,319
p01\face\2887.jpg p01\left\2887.jpg p01\right\2887.jpg p01\grid\2887.jpg day17/0025.jpg right 1403.0,764.0 0.0066622873,-0.25631934 -36.013847,-37.484295,403.26865 0.19893805555555555,0.19893799999999998 360,140,705,485 406,230,487,278 576,234,664,286
p01\face\2888.jpg p01\left\2888.jpg p01\right\2888.jpg p01\grid\2888.jpg day38/0118.jpg right 76.0,466.0 -0.08049814,0.39793554 32.586483,5.450265,568.7255 0.19893805555555555,0.19893799999999998 561,281,810,530 592,338,661,379 720,353,780,389
p01\face\2889.jpg p01\left\2889.jpg p01\right\2889.jpg p01\grid\2889.jpg day20/0589.jpg right 784.0,789.0 -0.011460264,-0.25430527 -2.25426,-36.437366,481.41083 0.19893805555555555,0.19893799999999998 475,177,764,466 515,250,585,292 660,257,732,300
p01\face\2890.jpg p01\left\2890.jpg p01\right\2890.jpg p01\grid\2890.jpg day61/0344.jpg right 146.0,448.0 -0.10326824,0.31025463 8.29055,-10.377581,524.0262 0.19893805555555555,0.19893799999999998 509,245,776,512 542,308,614,351 679,319,742,356
p01\face\2891.jpg p01\left\2891.jpg p01\right\2891.jpg p01\grid\2891.jpg day28/0157.jpg right 1378.0,380.0 0.07037844,0.28971896 7.029588,-35.138416,511.9841 0.19893805555555555,0.19893799999999998 501,190,775,464 542,260,605,297 676,265,748,308
p01\face\2892.jpg p01\left\2892.jpg p01\right\2892.jpg p01\grid\2892.jpg day61/0181.jpg right 739.0,573.0 0.0096517345,0.4311223 6.743559,-24.739506,486.8783 0.19893805555555555,0.19893799999999998 494,202,785,493 534,275,606,318 680,284,752,327
p01\face\2893.jpg p01\left\2893.jpg p01\right\2893.jpg p01\grid\2893.jpg day13/0157.jpg right 308.0,783.0 0.0334793,-0.27578923 29.87654,-49.28822,466.5855 0.19893805555555555,0.19893799999999998 542,142,840,440 582,215,658,260 735,228,805,270
p01\face\2894.jpg p01\left\2894.jpg p01\right\2894.jpg p01\grid\2894.jpg day56/0109.jpg right 483.0,703.0 -0.001584143,0.31873614 15.186773,-9.282895,458.32675 0.19893805555555555,0.19893799999999998 504,228,817,541 544,306,625,354 703,314,779,359
p01\face\2895.jpg p01\left\2895.jpg p01\right\2895.jpg p01\grid\2895.jpg day20/0523.jpg right 1031.0,882.0 -0.029793456,-0.21983802 -39.38684,20.089361,447.63913 0.19893805555555555,0.19893799999999998 375,296,685,606 419,374,494,419 574,385,652,431
p01\face\2896.jpg p01\left\2896.jpg p01\right\2896.jpg p01\grid\2896.jpg day45/0607.jpg right 964.0,322.0 0.018125242,0.3719723 -9.431134,5.89137,485.37726 0.19893805555555555,0.19893799999999998 459,268,754,563 498,346,570,389 643,345,719,390
p01\face\2897.jpg p01\left\2897.jpg p01\right\2897.jpg p01\grid\2897.jpg day54/0452.jpg right 438.0,773.0 0.08786967,-0.2823198 29.227928,0.376712,435.9375 0.19893805555555555,0.19893799999999998 535,247,851,563 579,323,660,371 739,341,817,387
p01\face\2898.jpg p01\left\2898.jpg p01\right\2898.jpg p01\grid\2898.jpg day54/0170.jpg right 939.0,890.0 -0.0032279638,0.41020167 11.433014,15.786891,460.47903 0.19893805555555555,0.19893799999999998 496,288,803,595 539,362,614,407 694,374,769,419
p01\face\2899.jpg p01\left\2899.jpg p01\right\2899.jpg p01\grid\2899.jpg day02/0143.jpg right 1038.0,681.0 0.014662294,-0.035009857 -12.478156,2.183597,550.7085 0.19893805555555555,0.19893799999999998 473,273,731,531 508,337,572,375 635,342,702,382
p01\face\2900.jpg p01\left\2900.jpg p01\right\2900.jpg p01\grid\2900.jpg day25/0198.jpg right 1289.0,751.0 0.070859864,-0.17168774 22.53236,13.903133,402.11765 0.19893805555555555,0.19893799999999998 510,276,853,619 560,359,641,407 732,374,817,425
p01\face\2901.jpg p01\left\2901.jpg p01\right\2901.jpg p01\grid\2901.jpg day06/0264.jpg right 569.0,865.0 0.03522293,-0.25933063 20.080797,-27.628454,555.81537 0.19893805555555555,0.19893799999999998 539,218,788,467 573,280,634,316 699,288,759,324
p01\face\2902.jpg p01\left\2902.jpg p01\right\2902.jpg p01\grid\2902.jpg day12/0460.jpg right 499.0,83.0 -0.078794375,0.39212763 -7.578865,-15.536706,536.1875 0.19893805555555555,0.19893799999999998 478,234,743,499 513,300,580,340 647,309,711,347
p01\face\2903.jpg p01\left\2903.jpg p01\right\2903.jpg p01\grid\2903.jpg day65/0098.jpg right 554.0,465.0 -0.06244382,-0.11953326 -30.096478,-18.257538,381.53885 0.19893805555555555,0.19893799999999998 355,181,724,550 405,269,499,325 589,284,682,339
p01\face\2904.jpg p01\left\2904.jpg p01\right\2904.jpg p01\grid\2904.jpg day16/0308.jpg right 649.0,763.0 -0.17484337,-0.22956474 -12.342662,-24.84736,422.70642 0.19893805555555555,0.19893799999999998 424,180,755,511 470,258,555,309 640,276,718,322
p01\face\2905.jpg p01\left\2905.jpg p01\right\2905.jpg p01\grid\2905.jpg day47/0197.jpg right 165.0,284.0 -0.04788278,0.2524385 24.218206,-26.735233,484.9349 0.19893805555555555,0.19893799999999998 530,199,822,491 569,267,647,313 718,282,788,324
p01\face\2906.jpg p01\left\2906.jpg p01\right\2906.jpg p01\grid\2906.jpg day22/0020.jpg right 909.0,268.0 -0.020462489,0.35295078 -17.529453,-44.387867,505.86838 0.19893805555555555,0.19893799999999998 448,166,730,448 486,238,556,280 625,243,698,286
p01\face\2907.jpg p01\left\2907.jpg p01\right\2907.jpg p01\grid\2907.jpg day51/0120.jpg right 843.0,21.0 -0.025103176,0.38135546 16.06215,10.231517,509.67624 0.19893805555555555,0.19893799999999998 516,283,793,560 557,346,626,387 696,364,765,405
p01\face\2908.jpg p01\left\2908.jpg p01\right\2908.jpg p01\grid\2908.jpg day61/0169.jpg right 610.0,350.0 -0.032066703,0.4391826 12.021447,-28.17577,483.2058 0.19893805555555555,0.19893799999999998 504,194,795,485 545,265,618,308 692,279,762,321
p01\face\2909.jpg p01\left\2909.jpg p01\right\2909.jpg p01\grid\2909.jpg day42/0528.jpg right 1033.0,171.0 -0.013583402,0.40478987 -12.894927,-34.844578,593.00006 0.19893805555555555,0.19893799999999998 483,211,721,449 516,273,574,307 635,277,695,313
p01\face\2910.jpg p01\left\2910.jpg p01\right\2910.jpg p01\grid\2910.jpg day41/0197.jpg right 490.0,585.0 0.0012752792,0.34102827 25.177961,-17.323702,523.7988 0.19893805555555555,0.19893799999999998 540,228,811,499 576,295,645,336 714,305,780,344
p01\face\2911.jpg p01\left\2911.jpg p01\right\2911.jpg p01\grid\2911.jpg day45/0581.jpg right 451.0,802.0 -0.08527772,0.31208926 -3.42354,20.900898,531.8895 0.19893805555555555,0.19893799999999998 484,307,752,575 519,371,588,412 655,381,721,420
p01\face\2912.jpg p01\left\2912.jpg p01\right\2912.jpg p01\grid\2912.jpg day56/0122.jpg right 898.0,242.0 0.056987304,0.25858542 9.021763,-17.100657,462.00668 0.19893805555555555,0.19893799999999998 489,211,801,523 533,290,609,335 686,296,767,344
p01\face\2913.jpg p01\left\2913.jpg p01\right\2913.jpg p01\grid\2913.jpg day53/0260.jpg right 1315.0,193.0 -0.15843172,-0.20797954 3.699485,-36.234962,445.16364 0.19893805555555555,0.19893799999999998 476,165,786,475 520,242,595,287 676,248,752,293
p01\face\2914.jpg p01\left\2914.jpg p01\right\2914.jpg p01\grid\2914.jpg day01/0037.jpg right 92.0,3.0 -0.15730953,0.12790552 9.289216,2.609041,431.74707 0.19893805555555555,0.19893799999999998 486,256,807,577 527,329,611,379 692,345,767,390
p01\face\2915.jpg p01\left\2915.jpg p01\right\2915.jpg p01\grid\2915.jpg day45/0184.jpg right 575.0,130.0 0.0323895,-0.30676928 10.658286,-63.647648,456.00446 0.19893805555555555,0.19893799999999998 496,103,803,410 537,180,615,226 691,189,767,234
p01\face\2916.jpg p01\left\2916.jpg p01\right\2916.jpg p01\grid\2916.jpg day17/0192.jpg right 939.0,747.0 -0.08815486,-0.15686828 -72.48852,-7.393041,394.3008 0.19893805555555555,0.19893799999999998 251,213,612,574 298,307,385,359 479,310,569,364
p01\face\2917.jpg p01\left\2917.jpg p01\right\2917.jpg p01\grid\2917.jpg day31/0021.jpg right 1271.0,463.0 -0.016965285,-0.17294592 -11.216832,-21.124647,438.6749 0.19893805555555555,0.19893799999999998 438,196,759,517 483,279,559,324 640,281,724,331
p01\face\2918.jpg p01\left\2918.jpg p01\right\2918.jpg p01\grid\2918.jpg day61/0139.jpg right 497.0,607.0 -0.038750395,0.31261072 -17.770124,-43.358673,447.26453 0.19893805555555555,0.19893799999999998 422,143,743,464 466,225,545,272 627,233,706,280
p01\face\2919.jpg p01\left\2919.jpg p01\right\2919.jpg p01\grid\2919.jpg day57/0354.jpg right 842.0,261.0 0.003948911,-0.005659412 11.669112,14.590242,436.20062 0.19893805555555555,0.19893799999999998 493,284,814,605 536,362,615,409 698,371,776,417
p01\face\2920.jpg p01\left\2920.jpg p01\right\2920.jpg p01\grid\2920.jpg day17/0215.jpg right 323.0,691.0 0.017723575,0.3824354 38.225594,-10.185646,462.54825 0.19893805555555555,0.19893799999999998 557,227,866,536 599,302,678,349 755,315,830,360
p01\face\2921.jpg p01\left\2921.jpg p01\right\2921.jpg p01\grid\2921.jpg day58/0378.jpg right 128.0,11.0 -0.11142378,-0.19494756 22.7521,-31.02151,449.03357 0.19893805555555555,0.19893799999999998 519,178,829,488 563,250,642,297 722,266,795,309
p01\face\2922.jpg p01\left\2922.jpg p01\right\2922.jpg p01\grid\2922.jpg day43/0339.jpg right 830.0,568.0 -0.028925102,0.4908245 3.103632,11.619172,484.3789 0.19893805555555555,0.19893799999999998 485,281,777,573 524,353,599,398 672,363,744,406
p01\face\2923.jpg p01\left\2923.jpg p01\right\2923.jpg p01\grid\2923.jpg day16/0375.jpg right 630.0,428.0 -0.0926095,-0.2659319 -16.95666,-45.964893,404.84567 0.19893805555555555,0.19893799999999998 403,115,754,466 450,201,540,255 629,215,713,265
p01\face\2924.jpg p01\left\2924.jpg p01\right\2924.jpg p01\grid\2924.jpg day49/0191.jpg right 693.0,821.0 0.2191337,-0.2824573 47.4151,-90.78425,468.8007 0.19893805555555555,0.19893799999999998 575,49,873,347 624,111,699,156 771,142,849,188
p01\face\2925.jpg p01\left\2925.jpg p01\right\2925.jpg p01\grid\2925.jpg day03/0559.jpg right 1123.0,17.0 0.09055941,0.30690795 6.642426,-27.538794,482.80618 0.19893805555555555,0.19893799999999998 494,196,786,488 535,272,604,313 678,274,754,319
p01\face\2926.jpg p01\left\2926.jpg p01\right\2926.jpg p01\grid\2926.jpg day12/0499.jpg right 1435.0,565.0 0.0251191,0.29604527 7.173296,-33.471413,558.1061 0.19893805555555555,0.19893799999999998 514,206,767,459 548,272,609,308 672,273,738,312
p01\face\2927.jpg p01\left\2927.jpg p01\right\2927.jpg p01\grid\2927.jpg day43/0570.jpg right 320.0,586.0 -0.04830696,0.37916794 29.215252,22.58216,521.32074 0.19893805555555555,0.19893799999999998 548,309,821,582 583,373,655,416 723,387,787,425
p01\face\2928.jpg p01\left\2928.jpg p01\right\2928.jpg p01\grid\2928.jpg day07/0253.jpg right 340.0,410.0 -0.049670167,0.33934924 10.787242,-31.90035,490.35062 0.19893805555555555,0.19893799999999998 505,189,793,477 541,260,616,305 690,270,757,310
p01\face\2929.jpg p01\left\2929.jpg p01\right\2929.jpg p01\grid\2929.jpg day57/0113.jpg right 439.0,410.0 0.041965287,-0.16337885 31.784689,-11.140306,383.18002 0.19893805555555555,0.19893799999999998 526,201,890,565 577,287,670,342 763,308,850,360
p01\face\2930.jpg p01\left\2930.jpg p01\right\2930.jpg p01\grid\2930.jpg day19/0142.jpg right 1247.0,540.0 -0.0021188268,-0.09070461 -44.09795,-24.86115,388.78976 0.19893805555555555,0.19893799999999998 323,165,689,531 375,260,460,311 552,260,649,318
p01\face\2931.jpg p01\left\2931.jpg p01\right\2931.jpg p01\grid\2931.jpg day41/0065.jpg right 1092.0,476.0 -0.069024995,-0.22419521 -49.38397,-10.405229,548.22656 0.19893805555555555,0.19893799999999998 402,248,658,504 437,313,500,350 564,318,630,357
p01\face\2932.jpg p01\left\2932.jpg p01\right\2932.jpg p01\grid\2932.jpg day11/0112.jpg right 140.0,757.0 -0.009004774,0.3229196 43.180965,-20.028675,475.83377 0.19893805555555555,0.19893799999999998 570,210,868,508 609,279,690,327 763,296,833,338
p01\face\2933.jpg p01\left\2933.jpg p01\right\2933.jpg p01\grid\2933.jpg day27/0230.jpg right 6.0,210.0 -0.060984984,0.41461194 14.281675,-23.446913,730.234 0.19893805555555555,0.19893799999999998 551,255,743,447 575,302,626,332 673,310,719,337
p01\face\2934.jpg p01\left\2934.jpg p01\right\2934.jpg p01\grid\2934.jpg day41/0119.jpg right 370.0,537.0 0.0240213,0.29941484 52.54065,11.267137,593.62177 0.19893805555555555,0.19893799999999998 599,294,839,534 630,352,693,389 752,361,810,395
p01\face\2935.jpg p01\left\2935.jpg p01\right\2935.jpg p01\grid\2935.jpg day15/0335.jpg right 819.0,433.0 0.09392871,-0.26880002 31.547476,-40.862625,385.44803 0.19893805555555555,0.19893799999999998 527,120,890,483 579,208,667,260 762,224,850,276
p01\face\2936.jpg p01\left\2936.jpg p01\right\2936.jpg p01\grid\2936.jpg day48/0057.jpg right 179.0,147.0 0.014225112,0.2671144 64.368645,-36.119007,393.75296 0.19893805555555555,0.19893799999999998 613,136,976,499 663,218,759,275 848,243,935,295
p01\face\2937.jpg p01\left\2937.jpg p01\right\2937.jpg p01\grid\2937.jpg day62/0293.jpg right 990.0,787.0 -0.013646382,-0.033523533 -42.6002,30.257599,438.87817 0.19893805555555555,0.19893799999999998 366,323,684,641 406,403,484,449 567,405,643,450
p01\face\2938.jpg p01\left\2938.jpg p01\right\2938.jpg p01\grid\2938.jpg day47/0033.jpg right 1297.0,155.0 -0.04834289,0.58952606 -45.93077,33.84363,615.50055 0.19893805555555555,0.19893799999999998 434,333,663,562 463,396,520,430 577,395,635,429
p01\face\2939.jpg p01\left\2939.jpg p01\right\2939.jpg p01\grid\2939.jpg day12/0327.jpg right 923.0,523.0 -0.007865342,-0.24373284 -4.533139,8.600817,526.55 0.19893805555555555,0.19893799999999998 483,282,747,546 520,348,586,387 652,357,718,396
p01\face\2940.jpg p01\left\2940.jpg p01\right\2940.jpg p01\grid\2940.jpg day41/0466.jpg right 890.0,175.0 -0.021759681,0.32095394 -2.847289,-21.026423,532.48126 0.19893805555555555,0.19893799999999998 486,222,754,490 522,290,589,330 656,296,723,336
p01\face\2941.jpg p01\left\2941.jpg p01\right\2941.jpg p01\grid\2941.jpg day65/0130.jpg right 777.0,86.0 0.0044805394,-0.22749653 1.09207,-32.037983,383.4332 0.19893805555555555,0.19893799999999998 444,144,807,507 495,232,585,286 677,247,767,301
p01\face\2942.jpg p01\left\2942.jpg p01\right\2942.jpg p01\grid\2942.jpg day17/0328.jpg right 171.0,821.0 0.0027293537,0.29575044 35.748493,-22.393564,505.46548 0.19893805555555555,0.19893799999999998 558,213,840,495 596,281,669,324 740,293,807,333
p01\face\2943.jpg p01\left\2943.jpg p01\right\2943.jpg p01\grid\2943.jpg day01/0069.jpg right 1196.0,122.0 -0.004677987,-0.33054513 0.539525,-15.094805,456.05954 0.19893805555555555,0.19893799999999998 474,216,775,517 518,294,591,337 665,301,744,348
p01\face\2944.jpg p01\left\2944.jpg p01\right\2944.jpg p01\grid\2944.jpg day34/0172.jpg right 668.0,726.0 -0.12208642,-0.2794519 -29.9357,-17.474619,618.65784 0.19893805555555555,0.19893799999999998 459,245,690,476 490,306,547,340 606,308,663,342
p01\face\2945.jpg p01\left\2945.jpg p01\right\2945.jpg p01\grid\2945.jpg day43/0342.jpg right 45.0,798.0 -0.023206534,0.4216278 30.299784,15.57429,493.1029 0.19893805555555555,0.19893799999999998 546,293,831,578 584,358,659,403 731,375,798,415
p01\face\2946.jpg p01\left\2946.jpg p01\right\2946.jpg p01\grid\2946.jpg day50/0020.jpg right 610.0,674.0 -0.03125307,0.4947392 8.61508,0.968169,541.2048 0.19893805555555555,0.19893799999999998 512,268,771,527 547,332,614,372 677,341,741,379
p01\face\2947.jpg p01\left\2947.jpg p01\right\2947.jpg p01\grid\2947.jpg day67/0126.jpg right 345.0,463.0 0.023471296,-0.1904816 17.636248,-9.763066,502.17126 0.19893805555555555,0.19893799999999998 521,241,798,518 560,305,632,348 699,321,768,362
p01\face\2948.jpg p01\left\2948.jpg p01\right\2948.jpg p01\grid\2948.jpg day10/0005.jpg right 886.0,381.0 -0.02416779,0.4136177 2.554673,-20.177683,506.93243 0.19893805555555555,0.19893799999999998 491,218,768,495 529,288,598,329 668,296,737,337
p01\face\2949.jpg p01\left\2949.jpg p01\right\2949.jpg p01\grid\2949.jpg day42/0138.jpg right 699.0,128.0 -0.030934585,0.42885786 -2.765632,-6.05265,456.75317 0.19893805555555555,0.19893799999999998 461,234,774,547 504,313,582,359 662,323,738,368
p01\face\2950.jpg p01\left\2950.jpg p01\right\2950.jpg p01\grid\2950.jpg day49/0059.jpg right 607.0,31.0 -0.014162971,0.29807815 26.227161,-22.342758,382.37637 0.19893805555555555,0.19893799999999998 505,167,880,542 559,253,656,311 747,278,840,333
p01\face\2951.jpg p01\left\2951.jpg p01\right\2951.jpg p01\grid\2951.jpg day58/0272.jpg right 1436.0,755.0 0.009577925,-0.3360261 -4.135075,-90.25797,510.48 0.19893805555555555,0.19893799999999998 481,75,755,349 518,146,584,185 653,149,723,191
p01\face\2952.jpg p01\left\2952.jpg p01\right\2952.jpg p01\grid\2952.jpg day58/0623.jpg right 256.0,772.0 0.022534976,0.3413717 58.66098,-24.067768,438.78403 0.19893805555555555,0.19893799999999998 600,186,925,511 646,261,731,312 813,285,889,330
p01\face\2953.jpg p01\left\2953.jpg p01\right\2953.jpg p01\grid\2953.jpg day68/0001.jpg right 220.0,102.0 -0.050194282,0.29757193 35.446922,-14.158832,451.16183 0.19893805555555555,0.19893799999999998 549,217,861,529 592,286,674,335 750,310,826,355
p01\face\2954.jpg p01\left\2954.jpg p01\right\2954.jpg p01\grid\2954.jpg day54/0272.jpg right 841.0,284.0 -0.054857202,0.2805008 -11.269064,-27.948448,485.2435 0.19893805555555555,0.19893799999999998 453,195,747,489 492,266,567,311 641,278,713,321
p01\face\2955.jpg p01\left\2955.jpg p01\right\2955.jpg p01\grid\2955.jpg day59/0274.jpg right 137.0,211.0 -0.05347999,0.3979996 26.428782,-44.27287,522.4737 0.19893805555555555,0.19893799999999998 546,175,811,440 580,239,649,280 716,252,779,289
p01\face\2956.jpg p01\left\2956.jpg p01\right\2956.jpg p01\grid\2956.jpg day04/0122.jpg right 258.0,127.0 -0.059803516,0.5350752 -0.042986,-13.085086,540.5747 0.19893805555555555,0.19893799999999998 499,241,754,496 531,307,597,346 662,313,722,349
p01\face\2957.jpg p01\left\2957.jpg p01\right\2957.jpg p01\grid\2957.jpg day27/0366.jpg right 516.0,411.0 -0.048323374,0.5425156 20.956945,-9.154026,463.7252 0.19893805555555555,0.19893799999999998 523,232,820,529 563,304,639,349 715,320,785,362
p01\face\2958.jpg p01\left\2958.jpg p01\right\2958.jpg p01\grid\2958.jpg day01/0269.jpg right 183.0,124.0 -0.017155873,0.43096885 23.298746,-4.077869,357.3096 0.19893805555555555,0.19893799999999998 498,212,889,603 548,305,651,366 750,322,841,376
p01\face\2959.jpg p01\left\2959.jpg p01\right\2959.jpg p01\grid\2959.jpg day56/0096.jpg right 7.0,168.0 -0.020460507,0.36286914 25.076555,-3.935227,534.1501 0.19893805555555555,0.19893799999999998 541,257,808,524 576,321,646,363 711,332,777,371
p01\face\2960.jpg p01\left\2960.jpg p01\right\2960.jpg p01\grid\2960.jpg day43/0450.jpg right 1086.0,659.0 0.07006078,-0.24398108 24.999376,-58.784023,492.7615 0.19893805555555555,0.19893799999999998 536,134,819,417 576,203,645,244 717,212,789,255
p01\face\2961.jpg p01\left\2961.jpg p01\right\2961.jpg p01\grid\2961.jpg day49/0081.jpg right 975.0,470.0 -0.025066534,0.4730367 -10.699447,37.40938,504.36148 0.19893805555555555,0.19893799999999998 460,338,743,621 500,408,569,449 640,416,713,459
p01\face\2962.jpg p01\left\2962.jpg p01\right\2962.jpg p01\grid\2962.jpg day56/0145.jpg right 141.0,533.0 0.0062447577,0.16339359 61.621006,-5.988914,439.90137 0.19893805555555555,0.19893799999999998 608,233,930,555 654,304,736,353 817,329,896,376
p01\face\2963.jpg p01\left\2963.jpg p01\right\2963.jpg p01\grid\2963.jpg day14/0086.jpg right 573.0,188.0 -0.046326492,-0.0060289954 -664.07434,-401.5164,1578.9912 0.19893805555555555,0.19893799999999998 135,54,225,144 147,77,169,90 192,78,214,91
p01\face\2964.jpg p01\left\2964.jpg p01\right\2964.jpg p01\grid\2964.jpg day10/0021.jpg right 31.0,870.0 -0.046818625,0.3328084 7.649591,-8.748194,502.15945 0.19893805555555555,0.19893799999999998 499,242,781,524 537,309,610,352 682,322,748,361
p01\face\2965.jpg p01\left\2965.jpg p01\right\2965.jpg p01\grid\2965.jpg day67/0226.jpg right 799.0,381.0 0.020381175,-0.20991951 5.638279,-11.290842,431.13858 0.19893805555555555,0.19893799999999998 476,220,795,539 523,296,601,342 681,311,762,359
p01\face\2966.jpg p01\left\2966.jpg p01\right\2966.jpg p01\grid\2966.jpg day21/0068.jpg right 187.0,782.0 -0.06998151,0.33410883 -8.77532,-20.247822,551.64453 0.19893805555555555,0.19893799999999998 480,229,736,485 514,292,580,331 645,302,706,338
p01\face\2967.jpg p01\left\2967.jpg p01\right\2967.jpg p01\grid\2967.jpg day35/0056.jpg right 1275.0,505.0 -0.008995857,0.44428888 -32.17262,26.256535,548.8331 0.19893805555555555,0.19893799999999998 435,319,691,575 472,384,533,420 595,387,664,428
p01\face\2968.jpg p01\left\2968.jpg p01\right\2968.jpg p01\grid\2968.jpg day52/0578.jpg right 342.0,726.0 -0.049755704,0.40995497 2.534983,22.140783,542.36597 0.19893805555555555,0.19893799999999998 499,309,761,571 534,374,601,414 666,382,730,420
p01\face\2969.jpg p01\left\2969.jpg p01\right\2969.jpg p01\grid\2969.jpg day06/0375.jpg right 851.0,827.0 -0.04143536,-0.21169579 -31.527475,-25.997028,479.2077 0.19893805555555555,0.19893799999999998 409,199,701,491 449,271,521,314 596,280,668,323
p01\face\2970.jpg p01\left\2970.jpg p01\right\2970.jpg p01\grid\2970.jpg day59/0059.jpg right 1060.0,664.0 -0.0006324513,-0.32256883 4.248184,-54.046623,466.1322 0.19893805555555555,0.19893799999999998 485,130,785,430 527,208,599,251 674,212,752,258
p01\face\2971.jpg p01\left\2971.jpg p01\right\2971.jpg p01\grid\2971.jpg day63/0572.jpg right 1162.0,827.0 -0.020933755,0.45395416 -14.979368,27.725101,661.4902 0.19893805555555555,0.19893799999999998 498,327,711,540 524,383,578,415 631,382,683,413
p01\face\2972.jpg p01\left\2972.jpg p01\right\2972.jpg p01\grid\2972.jpg day63/0120.jpg right 1143.0,656.0 -0.05272855,-0.16163714 -34.073063,8.408017,477.13953 0.19893805555555555,0.19893799999999998 401,273,696,568 443,348,515,391 588,354,664,399
p01\face\2973.jpg p01\left\2973.jpg p01\right\2973.jpg p01\grid\2973.jpg day54/0273.jpg right 925.0,527.0 0.027989293,-0.1970154 0.285712,-19.194128,398.46472 0.19893805555555555,0.19893799999999998 449,186,800,537 499,272,584,323 672,283,762,337
p01\face\2974.jpg p01\left\2974.jpg p01\right\2974.jpg p01\grid\2974.jpg day42/0277.jpg right 723.0,114.0 -0.018487914,-0.27851802 -8.769717,-48.095997,444.17288 0.19893805555555555,0.19893799999999998 448,135,761,448 489,213,568,260 647,222,723,267
p01\face\2975.jpg p01\left\2975.jpg p01\right\2975.jpg p01\grid\2975.jpg day57/0013.jpg right 1412.0,508.0 0.034308262,0.23527335 -15.996391,-22.530178,501.5033 0.19893805555555555,0.19893799999999998 452,216,729,493 492,284,558,323 629,289,699,331
p01\face\2976.jpg p01\left\2976.jpg p01\right\2976.jpg p01\grid\2976.jpg day41/0245.jpg right 224.0,668.0 -0.06519031,0.40431958 -1.111329,26.66826,474.7082 0.19893805555555555,0.19893799999999998 474,314,774,614 511,388,590,435 665,395,735,437
p01\face\2977.jpg p01\left\2977.jpg p01\right\2977.jpg p01\grid\2977.jpg day12/0503.jpg right 1388.0,582.0 0.05032167,-0.16436349 9.117628,-28.79317,548.9122 0.19893805555555555,0.19893799999999998 517,214,772,469 552,279,612,315 677,282,743,321
p01\face\2978.jpg p01\left\2978.jpg p01\right\2978.jpg p01\grid\2978.jpg day58/0333.jpg right 946.0,190.0 -0.019643173,0.32006106 -9.063615,-27.797398,527.24115 0.19893805555555555,0.19893799999999998 473,208,743,478 509,276,576,316 644,282,711,322
p01\face\2979.jpg p01\left\2979.jpg p01\right\2979.jpg p01\grid\2979.jpg day38/0121.jpg right 1286.0,48.0 0.027050905,0.45483944 27.715601,-3.68755,561.514 0.19893805555555555,0.19893799999999998 549,261,802,514 585,323,649,361 711,334,775,372
p01\face\2980.jpg p01\left\2980.jpg p01\right\2980.jpg p01\grid\2980.jpg day03/0036.jpg right 1373.0,606.0 -0.012251768,0.02954702 -100.54703,30.664146,519.3504 0.19893805555555555,0.19893799999999998 255,295,592,632 324,401,385,437 456,393,528,436
p01\face\2981.jpg p01\left\2981.jpg p01\right\2981.jpg p01\grid\2981.jpg day50/0050.jpg right 1237.0,13.0 0.024555765,-0.18942665 15.891185,-24.898851,513.8528 0.19893805555555555,0.19893799999999998 521,212,792,483 560,280,626,319 694,287,763,328
p01\face\2982.jpg p01\left\2982.jpg p01\right\2982.jpg p01\grid\2982.jpg day36/0100.jpg right 555.0,388.0 -0.0626001,0.45200482 -0.335165,-0.238098,433.593 0.19893805555555555,0.19893799999999998 460,244,787,571 503,323,588,374 670,337,748,383
p01\face\2983.jpg p01\left\2983.jpg p01\right\2983.jpg p01\grid\2983.jpg day38/0147.jpg right 942.0,347.0 -0.044643875,0.38807258 4.532522,11.798601,513.7655 0.19893805555555555,0.19893799999999998 495,286,771,562 533,351,603,393 673,365,740,405
p01\face\2984.jpg p01\left\2984.jpg p01\right\2984.jpg p01\grid\2984.jpg day20/0565.jpg right 67.0,571.0 -0.06651199,0.36702767 8.369689,-4.037953,496.832 0.19893805555555555,0.19893799999999998 499,248,788,537 535,318,614,365 681,329,753,372
p01\face\2985.jpg p01\left\2985.jpg p01\right\2985.jpg p01\grid\2985.jpg day42/0583.jpg right 165.0,139.0 0.103699625,-0.26493165 52.204445,-44.71539,509.27945 0.19893805555555555,0.19893799999999998 596,169,872,445 632,237,702,279 772,246,839,286
p01\face\2986.jpg p01\left\2986.jpg p01\right\2986.jpg p01\grid\2986.jpg day15/0234.jpg right 1211.0,311.0 0.010375441,0.094881535 -50.82828,-38.25479,422.81366 0.19893805555555555,0.19893799999999998 332,148,666,482 378,235,456,281 543,235,628,286
p01\face\2987.jpg p01\left\2987.jpg p01\right\2987.jpg p01\grid\2987.jpg day45/0015.jpg right 1172.0,882.0 -0.104327895,-0.25634718 -67.99401,-49.401783,478.40344 0.19893805555555555,0.19893799999999998 326,145,623,442 367,220,439,263 514,227,589,272
p01\face\2988.jpg p01\left\2988.jpg p01\right\2988.jpg p01\grid\2988.jpg day49/0119.jpg right 617.0,600.0 -0.018744236,0.42572796 -0.658184,-40.238792,492.2134 0.19893805555555555,0.19893799999999998 481,170,767,456 519,244,592,287 662,249,734,292
p01\face\2989.jpg p01\left\2989.jpg p01\right\2989.jpg p01\grid\2989.jpg day59/0379.jpg right 785.0,534.0 -0.009260561,0.42697346 4.832968,-0.2,466.39273 0.19893805555555555,0.19893799999999998 480,249,789,558 523,326,601,372 678,337,754,382
p01\face\2990.jpg p01\left\2990.jpg p01\right\2990.jpg p01\grid\2990.jpg day42/0096.jpg right 1278.0,624.0 -0.18666682,-0.09903696 -58.49059,-0.855125,617.3656 0.19893805555555555,0.19893799999999998 411,276,640,505 441,335,498,369 558,335,613,368
p01\face\2991.jpg p01\left\2991.jpg p01\right\2991.jpg p01\grid\2991.jpg day49/0313.jpg right 2.0,826.0 -0.018509418,-0.020053755 40.830894,-16.96148,435.69357 0.19893805555555555,0.19893799999999998 561,208,880,527 605,280,687,329 769,300,844,345
p01\face\2992.jpg p01\left\2992.jpg p01\right\2992.jpg p01\grid\2992.jpg day51/0199.jpg right 887.0,50.0 -0.01317943,-0.115144834 -2.137603,29.387623,492.8707 0.19893805555555555,0.19893799999999998 478,323,761,606 518,392,587,433 658,400,731,443
p01\face\2993.jpg p01\left\2993.jpg p01\right\2993.jpg p01\grid\2993.jpg day12/0181.jpg right 911.0,364.0 -0.039470397,0.39077157 -33.69768,-22.893421,481.08292 0.19893805555555555,0.19893799999999998 405,206,697,498 445,281,515,323 591,285,664,328
p01\face\2994.jpg p01\left\2994.jpg p01\right\2994.jpg p01\grid\2994.jpg day48/0112.jpg right 955.0,320.0 -0.025132757,0.41931635 -17.612894,-18.03198,518.4342 0.19893805555555555,0.19893799999999998 455,226,726,497 491,296,558,336 625,299,694,340
p01\face\2995.jpg p01\left\2995.jpg p01\right\2995.jpg p01\grid\2995.jpg day53/0475.jpg right 999.0,338.0 0.0145555325,0.31397223 10.038529,-44.066345,510.88275 0.19893805555555555,0.19893799999999998 506,168,786,448 544,240,613,281 683,246,755,289
p01\face\2996.jpg p01\left\2996.jpg p01\right\2996.jpg p01\grid\2996.jpg day65/0135.jpg right 434.0,778.0 0.047970433,-0.23822287 35.53633,-20.17069,396.94577 0.19893805555555555,0.19893799999999998 541,181,893,533 590,268,678,320 767,282,854,334
p01\face\2997.jpg p01\left\2997.jpg p01\right\2997.jpg p01\grid\2997.jpg day31/0153.jpg right 1362.0,460.0 0.051594652,0.17993586 -34.991966,-65.21351,517.0628 0.19893805555555555,0.19893799999999998 418,129,694,405 455,203,521,242 590,199,662,242
p01\face\2998.jpg p01\left\2998.jpg p01\right\2998.jpg p01\grid\2998.jpg day25/0116.jpg right 897.0,669.0 -0.044419844,-0.1036731 -24.778818,41.75151,584.18774 0.19893805555555555,0.19893799999999998 461,350,701,590 494,411,552,445 613,413,674,449
p01\face\2999.jpg p01\left\2999.jpg p01\right\2999.jpg p01\grid\2999.jpg day47/0202.jpg right 11.0,50.0 -0.05956756,0.28330034 23.269926,-32.345703,488.75412 0.19893805555555555,0.19893799999999998 530,188,818,476 568,256,644,301 715,271,784,312
p01\face\3000.jpg p01\left\3000.jpg p01\right\3000.jpg p01\grid\3000.jpg day29/0047.jpg right 243.0,556.0 -0.04292246,0.39562967 3.66205,-10.203619,582.58435 0.19893805555555555,0.19893799999999998 511,254,754,497 542,315,605,352 666,322,724,356
